partida,turno,divisao,vermelhas,pretas,damas,vez,vez_peoes,vez_damas,vez_avanco,vez_centro,vez_bordas,vez_retaguarda,vez_protegidas,vez_ameacadas,rival_peoes,rival_damas,rival_avanco,rival_centro,rival_bordas,rival_retaguarda,rival_protegidas,rival_ameacadas,nota_professor
0,60,teste,7,4 21 28 29 31,7 28 29 31,V,0.0,1.0,0.0,0.0,0.0,0.0,0.0,0.0,2.0,3.0,6.0,1.0,2.0,0.0,0.0,0.0,-591.0
0,37,teste,13 19 24 26 30,3 4 5 10 18 21,,P,6.0,0.0,13.0,3.0,2.0,1.0,0.0,1.0,5.0,0.0,9.0,1.0,1.0,1.0,2.0,1.0,267.0
0,22,teste,18 19 20 24 25 26 29 30,0 1 3 4 10 11 12 13,,V,8.0,0.0,11.0,1.0,2.0,2.0,6.0,0.0,8.0,0.0,11.0,2.0,4.0,3.0,2.0,0.0,3.0
0,73,teste,18,13 24 26 28 30,18 24 26 28 30,P,1.0,4.0,3.0,1.0,1.0,0.0,4.0,0.0,0.0,1.0,0.0,1.0,0.0,0.0,0.0,0.0,1600.0
0,84,teste,5,17 21 24 30 31,5 21 24 30 31,V,0.0,1.0,0.0,0.0,0.0,0.0,0.0,0.0,1.0,4.0,4.0,2.0,0.0,0.0,3.0,0.0,-673.0
0,38,teste,13 19 26 30,3 4 5 10 18 28,28,V,4.0,0.0,8.0,1.0,1.0,1.0,2.0,0.0,5.0,1.0,8.0,2.0,3.0,1.0,0.0,0.0,-267.0
0,33,teste,13 19 21 26 29 30,0 3 4 10 12 18,,P,6.0,0.0,10.0,2.0,3.0,2.0,2.0,0.0,6.0,0.0,10.0,2.0,1.0,2.0,2.0,0.0,-8.0
0,46,teste,13 19,4 5 7 21 27 28,28,V,2.0,0.0,7.0,1.0,1.0,0.0,0.0,0.0,5.0,1.0,14.0,1.0,3.0,0.0,0.0,0.0,-564.0
0,101,teste,25,20 24,20 24 25,P,0.0,2.0,0.0,0.0,1.0,0.0,2.0,0.0,0.0,1.0,0.0,0.0,0.0,0.0,0.0,0.0,1600.0
0,75,teste,14,13 26 28 29 30,14 26 28 29 30,P,1.0,4.0,3.0,1.0,1.0,0.0,2.0,0.0,0.0,1.0,0.0,1.0,0.0,0.0,0.0,0.0,654.0
0,19,teste,18 19 20 24 25 26 27 29 30,0 1 3 4 7 11 12 13 14,,P,9.0,0.0,13.0,2.0,4.0,3.0,5.0,1.0,9.0,0.0,12.0,1.0,3.0,2.0,6.0,1.0,2.0
0,98,teste,26,20 28,20 26 28,V,0.0,1.0,0.0,0.0,0.0,0.0,0.0,0.0,0.0,2.0,0.0,0.0,2.0,0.0,0.0,0.0,-182.0
0,41,teste,13 19 21 26,4 5 7 10 18 28,28,P,5.0,1.0,9.0,2.0,2.0,0.0,2.0,0.0,4.0,0.0,10.0,2.0,1.0,0.0,0.0,0.0,285.0
0,77,teste,10,13 25 26 28 30,10 25 26 28 30,P,1.0,4.0,3.0,1.0,1.0,0.0,3.0,0.0,0.0,1.0,0.0,1.0,0.0,0.0,0.0,0.0,666.0
0,62,teste,3,4 21 24 28 31,3 24 28 31,V,0.0,1.0,0.0,0.0,1.0,0.0,0.0,0.0,2.0,3.0,6.0,1.0,2.0,0.0,3.0,0.0,-599.0
0,85,teste,8,17 21 24 30 31,8 21 24 30 31,P,1.0,4.0,4.0,2.0,0.0,0.0,3.0,0.0,0.0,1.0,0.0,0.0,0.0,0.0,0.0,0.0,667.0
0,55,teste,7,4 16 21 28 31,7 28 31,P,3.0,2.0,10.0,1.0,2.0,0.0,2.0,0.0,0.0,1.0,0.0,0.0,0.0,0.0,0.0,0.0,522.0
0,87,teste,13,17 21 29 30 31,13 21 29 30 31,P,1.0,4.0,4.0,2.0,0.0,0.0,2.0,1.0,0.0,1.0,0.0,1.0,0.0,0.0,0.0,0.0,1600.0
0,6,teste,13 22 23 24 25 26 27 28 29 30 31,0 1 2 3 4 5 7 9 10 11 12,,V,11.0,0.0,12.0,2.0,2.0,4.0,10.0,1.0,11.0,0.0,12.0,2.0,4.0,4.0,10.0,1.0,-15.0
0,74,teste,18,13 26 28 29 30,18 26 28 29 30,V,0.0,1.0,0.0,1.0,0.0,0.0,0.0,0.0,1.0,4.0,3.0,1.0,1.0,0.0,2.0,0.0,-663.0
0,96,teste,22,20 24,20 22 24,V,0.0,1.0,0.0,1.0,0.0,0.0,0.0,0.0,0.0,2.0,0.0,0.0,1.0,0.0,2.0,0.0,-182.0
0,56,teste,7,4 20 21 28 31,7 28 31,V,0.0,1.0,0.0,0.0,0.0,0.0,0.0,0.0,3.0,2.0,11.0,1.0,3.0,0.0,0.0,0.0,-529.0
0,47,teste,8 19,4 5 7 21 27 28,28,P,5.0,1.0,14.0,1.0,3.0,0.0,0.0,1.0,2.0,0.0,8.0,0.0,1.0,0.0,0.0,1.0,632.0
0,16,teste,19 20 22 24 25 27 29 30 31,0 1 3 4 7 8 11 12 14,,V,9.0,0.0,10.0,1.0,3.0,3.0,8.0,0.0,9.0,0.0,12.0,1.0,4.0,3.0,7.0,0.0,-1.0
0,67,teste,7,13 21 24 28 31,7 24 28 31,P,2.0,3.0,8.0,2.0,1.0,0.0,3.0,0.0,0.0,1.0,0.0,0.0,0.0,0.0,0.0,0.0,607.0
0,100,teste,30,20 24,20 24 30,V,0.0,1.0,0.0,0.0,0.0,1.0,0.0,0.0,0.0,2.0,0.0,0.0,1.0,0.0,2.0,0.0,-188.0
0,70,teste,10,13 24 25 26 28,10 24 26 28,V,0.0,1.0,0.0,1.0,0.0,0.0,0.0,0.0,2.0,3.0,9.0,1.0,1.0,0.0,2.0,0.0,-663.0
0,30,teste,19 20 24 26 29 30,0 3 4 10 12 13 18,,V,6.0,0.0,7.0,0.0,2.0,2.0,5.0,0.0,7.0,0.0,13.0,3.0,3.0,2.0,2.0,0.0,-109.0
0,58,teste,3,4 21 24 28 31,3 28 31,V,0.0,1.0,0.0,0.0,1.0,0.0,0.0,0.0,3.0,2.0,12.0,1.0,2.0,0.0,3.0,0.0,-588.0
0,49,teste,15,4 7 12 21 27 28,28,P,5.0,1.0,16.0,1.0,4.0,0.0,0.0,0.0,1.0,0.0,4.0,0.0,0.0,0.0,0.0,0.0,669.0
0,83,teste,5,17 21 24 26 30,5 21 24 26 30,P,1.0,4.0,4.0,2.0,0.0,0.0,5.0,0.0,0.0,1.0,0.0,0.0,0.0,0.0,0.0,0.0,676.0
0,11,teste,20 22 23 24 25 26 27 29 30 31,0 1 3 4 5 7 9 11 12 14,,P,10.0,0.0,13.0,2.0,4.0,3.0,9.0,0.0,10.0,0.0,10.0,1.0,2.0,3.0,10.0,0.0,14.0
1,11,treino,12 18 23 24 25 27 28 29 30 31,0 1 2 3 5 6 7 8 11 16,,P,10.0,0.0,11.0,0.0,2.0,4.0,9.0,0.0,10.0,0.0,12.0,1.0,3.0,4.0,9.0,0.0,-1.0
1,40,treino,8 13 23,0 1 3 7 9 11 30,30,V,3.0,0.0,11.0,1.0,0.0,0.0,2.0,1.0,6.0,1.0,5.0,1.0,2.0,3.0,3.0,1.0,-504.0
1,27,treino,12 14 24 25 27 30,0 1 2 3 6 10 11 16 19,19,P,8.0,1.0,9.0,1.0,3.0,4.0,4.0,1.0,6.0,0.0,11.0,1.0,2.0,1.0,2.0,1.0,380.0
1,17,treino,12 18 23 24 26 27 28 29 30,0 1 2 3 6 7 9 11 16 22,,P,10.0,0.0,15.0,2.0,2.0,4.0,7.0,1.0,9.0,0.0,12.0,1.0,3.0,3.0,8.0,1.0,270.0
1,41,treino,6 8 23,0 1 3 7 11 30,30,P,5.0,1.0,3.0,0.0,2.0,3.0,3.0,0.0,3.0,0.0,13.0,0.0,0.0,0.0,0.0,1.0,495.0
1,8,treino,12 23 24 25 26 27 28 29 30 31,0 1 2 3 4 5 6 7 11 16,,V,10.0,0.0,10.0,0.0,3.0,4.0,9.0,0.0,10.0,0.0,10.0,0.0,3.0,4.0,9.0,0.0,14.0
1,39,treino,8 13 23,0 1 3 6 7 11 30,30,P,6.0,1.0,4.0,0.0,2.0,3.0,5.0,0.0,3.0,0.0,11.0,1.0,0.0,0.0,2.0,0.0,504.0
1,14,treino,12 18 22 23 24 27 28 29 30 31,0 1 2 3 6 7 9 11 13 16,,V,10.0,0.0,13.0,2.0,3.0,4.0,8.0,0.0,10.0,0.0,13.0,2.0,2.0,4.0,9.0,0.0,10.0
1,33,treino,12 17 23 25,0 1 2 3 6 11 16,,P,7.0,0.0,7.0,0.0,2.0,4.0,3.0,0.0,4.0,0.0,10.0,1.0,1.0,0.0,0.0,0.0,302.0
1,29,treino,12 23 24 25 30,0 1 2 3 6 11 16 17 19,19,P,8.0,1.0,11.0,1.0,3.0,4.0,3.0,0.0,5.0,0.0,8.0,0.0,1.0,1.0,2.0,1.0,442.0
1,45,treino,5 19,0 3 7 10 15 30,30,P,5.0,1.0,6.0,1.0,1.0,2.0,4.0,0.0,2.0,0.0,9.0,0.0,1.0,0.0,0.0,1.0,1600.0
1,36,treino,12 17 23,0 1 3 6 7 11 25,,V,3.0,0.0,9.0,1.0,1.0,0.0,0.0,0.0,7.0,0.0,10.0,0.0,2.0,3.0,5.0,0.0,-479.0
1,7,treino,12 13 23 24 25 26 27 28 29 30 31,0 1 2 3 4 5 6 7 9 11,,P,10.0,0.0,8.0,1.0,3.0,4.0,10.0,0.0,11.0,0.0,14.0,1.0,3.0,4.0,9.0,1.0,-15.0
1,34,treino,12 17 23 25,0 1 3 6 7 11 16,,V,4.0,0.0,10.0,1.0,1.0,0.0,0.0,0.0,7.0,0.0,8.0,0.0,2.0,3.0,5.0,0.0,-311.0
1,42,treino,8 23,0 3 7 10 11 30,30,V,2.0,0.0,7.0,0.0,0.0,0.0,0.0,0.0,5.0,1.0,5.0,1.0,2.0,2.0,4.0,0.0,-512.0
1,16,treino,12 18 23 24 27 28 29 30 31,0 1 2 3 6 7 9 11 16 22,,V,9.0,0.0,11.0,1.0,3.0,4.0,7.0,0.0,10.0,0.0,15.0,2.0,2.0,4.0,7.0,0.0,7.0
1,4,treino,12 21 22 23 24 25 26 27 28 29 30 31,0 1 2 3 4 5 6 7 9 10 11 17,,V,12.0,0.0,14.0,2.0,3.0,4.0,11.0,0.0,12.0,0.0,14.0,3.0,3.0,4.0,11.0,1.0,0.0
1,35,treino,12 17 21 23,0 1 3 6 7 11 16,,P,7.0,0.0,8.0,0.0,2.0,3.0,5.0,0.0,4.0,0.0,11.0,2.0,1.0,0.0,2.0,1.0,417.0
1,10,treino,12 22 23 24 25 27 28 29 30 31,0 1 2 3 5 6 7 8 11 16,,V,10.0,0.0,11.0,1.0,3.0,4.0,9.0,0.0,10.0,0.0,11.0,0.0,2.0,4.0,9.0,0.0,19.0
1,5,treino,12 14 22 23 24 25 26 27 28 29 30 31,0 1 2 3 4 5 6 7 9 10 11,,P,11.0,0.0,10.0,2.0,3.0,4.0,11.0,0.0,12.0,0.0,16.0,2.0,3.0,4.0,10.0,1.0,-0.0
1,12,treino,12 18 23 24 25 27 28 29 30 31,0 1 2 3 5 6 7 11 13 16,,V,10.0,0.0,12.0,1.0,3.0,4.0,9.0,0.0,10.0,0.0,12.0,1.0,2.0,4.0,10.0,0.0,19.0
1,9,treino,12 22 23 24 25 27 28 29 30 31,0 1 2 3 4 5 6 7 11 16,,P,10.0,0.0,10.0,0.0,3.0,4.0,9.0,0.0,10.0,0.0,11.0,1.0,3.0,4.0,9.0,0.0,4.0
1,20,treino,12 18 20 23 27 28 29 30,0 1 2 3 6 7 9 11 16 26,26,V,8.0,0.0,12.0,1.0,4.0,3.0,3.0,1.0,9.0,1.0,10.0,1.0,2.0,4.0,7.0,1.0,-297.0
1,25,treino,12 18 24 25 27 30,0 1 2 3 6 7 11 16 19,19,P,8.0,1.0,8.0,0.0,3.0,4.0,6.0,0.0,6.0,0.0,10.0,1.0,2.0,1.0,2.0,0.0,387.0
1,15,treino,12 17 18 23 24 27 28 29 30 31,0 1 2 3 6 7 9 11 13 16,,P,10.0,0.0,13.0,2.0,2.0,4.0,9.0,1.0,10.0,0.0,14.0,2.0,3.0,4.0,7.0,1.0,98.0
1,6,treino,12 22 23 24 25 26 27 28 29 30 31,0 1 2 3 4 5 6 7 9 11 17,,V,11.0,0.0,12.0,1.0,3.0,4.0,10.0,0.0,11.0,0.0,12.0,2.0,3.0,4.0,10.0,1.0,0.0
1,22,treino,12 18 23 27 28 29 30,0 1 2 3 6 7 11 16 26,26,V,7.0,0.0,10.0,1.0,3.0,3.0,3.0,1.0,8.0,1.0,8.0,0.0,2.0,4.0,6.0,0.0,-305.0
1,23,treino,12 18 23 24 27 29 30,0 1 2 3 6 7 11 16 26,26,P,8.0,1.0,8.0,0.0,2.0,4.0,6.0,0.0,7.0,0.0,11.0,1.0,2.0,2.0,5.0,1.0,308.0
1,32,treino,12 23 24 25,0 1 2 3 6 11 16 21,,V,4.0,0.0,8.0,0.0,1.0,0.0,0.0,2.0,8.0,0.0,12.0,1.0,2.0,4.0,5.0,1.0,-317.0
1,37,treino,8 17 23,0 1 3 6 7 11 25,,P,7.0,0.0,10.0,0.0,2.0,3.0,5.0,0.0,3.0,0.0,10.0,1.0,0.0,0.0,0.0,0.0,478.0
1,21,treino,12 13 18 23 27 28 29 30,0 1 2 3 6 7 9 11 26,26,P,8.0,1.0,6.0,1.0,2.0,4.0,7.0,0.0,8.0,0.0,14.0,2.0,3.0,3.0,3.0,2.0,278.0
1,38,treino,8 17 23,0 1 3 6 7 11 30,30,V,3.0,0.0,10.0,1.0,0.0,0.0,0.0,0.0,6.0,1.0,4.0,0.0,2.0,3.0,5.0,0.0,-496.0
2,31,teste,2 10 16 23 26 27 28 30,1 3 4 12,2,P,4.0,0.0,4.0,0.0,3.0,2.0,0.0,0.0,7.0,1.0,12.0,1.0,2.0,2.0,4.0,1.0,-407.0
2,12,teste,11 16 21 24 25 26 27 28 29 30 31,0 1 3 4 5 7 9 10 12 18,,V,11.0,0.0,14.0,1.0,3.0,4.0,10.0,0.0,10.0,0.0,14.0,3.0,3.0,3.0,8.0,1.0,261.0
2,9,teste,11 13 16 21 24 25 26 27 28 29 30 31,0 1 2 3 4 5 7 9 10 12 15,,P,11.0,0.0,13.0,2.0,3.0,4.0,10.0,1.0,12.0,0.0,18.0,2.0,3.0,4.0,11.0,0.0,-101.0
2,5,teste,11 16 21 22 24 25 26 27 28 29 30 31,0 1 2 3 4 5 6 7 9 10 12,,P,11.0,0.0,11.0,2.0,3.0,4.0,10.0,0.0,12.0,0.0,16.0,2.0,3.0,4.0,11.0,0.0,-109.0
2,33,teste,6 10 23 26 27 28 30,1 3 4 21,6,P,4.0,0.0,6.0,1.0,2.0,2.0,0.0,0.0,6.0,1.0,9.0,1.0,2.0,2.0,6.0,0.0,-380.0
2,42,teste,3 4 19 26 27 28 30,24,3 4,V,5.0,2.0,5.0,0.0,5.0,2.0,2.0,0.0,1.0,0.0,6.0,0.0,0.0,0.0,0.0,1.0,1600.0
2,8,teste,11 16 17 21 24 25 26 27 28 29 30 31,0 1 2 3 4 5 7 9 10 12 15,,V,12.0,0.0,17.0,2.0,3.0,4.0,11.0,0.0,11.0,0.0,13.0,2.0,3.0,4.0,10.0,0.0,118.0
2,32,teste,2 10 23 26 27 28 30,1 3 4 21,2,V,6.0,1.0,9.0,1.0,2.0,2.0,4.0,0.0,4.0,0.0,6.0,1.0,2.0,2.0,0.0,0.0,403.0
2,19,teste,2 10 16 21 24 26 27 28 29 30 31,0 1 3 4 8 9 12 14,2,P,8.0,0.0,11.0,2.0,3.0,3.0,6.0,0.0,10.0,1.0,13.0,2.0,2.0,4.0,9.0,0.0,-404.0
2,39,teste,3 13 19 26 27 28 30,4 21,3 13,P,2.0,0.0,6.0,1.0,1.0,0.0,0.0,0.0,5.0,2.0,5.0,1.0,4.0,2.0,2.0,0.0,-778.0
2,18,teste,2 15 16 21 24 26 27 28 29 30 31,0 1 3 4 8 9 12 14,2,V,10.0,1.0,12.0,1.0,2.0,4.0,9.0,0.0,8.0,0.0,11.0,2.0,3.0,3.0,6.0,0.0,381.0
2,34,teste,6 10 23 26 27 28 30,3 4 5 21,6,V,6.0,1.0,9.0,1.0,2.0,2.0,6.0,0.0,4.0,0.0,7.0,1.0,2.0,1.0,0.0,0.0,402.0
2,15,teste,2 16 18 21 24 26 27 28 29 30 31,0 1 3 4 5 9 10 12,2,P,8.0,0.0,9.0,2.0,3.0,3.0,5.0,0.0,10.0,1.0,11.0,2.0,2.0,4.0,9.0,0.0,-388.0
2,27,teste,2 10 17 23 26 27 28 29 30,1 3 4 8 14,2,P,5.0,0.0,6.0,1.0,2.0,2.0,2.0,0.0,8.0,1.0,12.0,2.0,2.0,3.0,4.0,1.0,-414.0
2,7,teste,11 16 17 21 24 25 26 27 28 29 30 31,0 1 2 3 4 5 6 7 9 12 15,,P,11.0,0.0,12.0,1.0,3.0,4.0,9.0,0.0,12.0,0.0,17.0,2.0,3.0,4.0,11.0,0.0,-112.0
2,38,teste,3 6 19 26 27 28 30,4 9 21,3 6,V,5.0,2.0,5.0,0.0,4.0,2.0,2.0,0.0,3.0,0.0,8.0,2.0,1.0,0.0,0.0,1.0,778.0
2,17,teste,2 15 16 21 24 26 27 28 29 30 31,0 1 3 4 5 9 12 14,2,P,8.0,0.0,10.0,2.0,3.0,3.0,6.0,0.0,10.0,1.0,12.0,1.0,2.0,4.0,9.0,0.0,-372.0
2,40,teste,3 13 19 26 27 28 30,8 21,3 13,V,5.0,2.0,5.0,1.0,4.0,2.0,2.0,1.0,2.0,0.0,7.0,1.0,0.0,0.0,0.0,1.0,1600.0
2,26,teste,2 10 17 23 26 28 29 30 31,1 3 4 8 14,2,V,8.0,1.0,11.0,2.0,1.0,4.0,4.0,1.0,5.0,0.0,6.0,1.0,2.0,2.0,2.0,0.0,524.0
2,6,teste,11 16 21 22 24 25 26 27 28 29 30 31,0 1 2 3 4 5 6 7 9 12 15,,V,12.0,0.0,16.0,2.0,3.0,4.0,11.0,0.0,11.0,0.0,12.0,1.0,3.0,4.0,9.0,0.0,130.0
2,41,teste,3 4 19 26 27 28 30,21,3 4,P,1.0,0.0,5.0,1.0,0.0,0.0,0.0,0.0,5.0,2.0,5.0,0.0,5.0,2.0,2.0,0.0,-1600.0
2,21,teste,2 5 10 16 24 26 27 28 29 30 31,0 1 3 4 8 12,2,P,6.0,0.0,6.0,0.0,3.0,3.0,4.0,0.0,10.0,1.0,17.0,1.0,2.0,4.0,7.0,2.0,-515.0
2,20,teste,2 10 16 21 24 26 27 28 29 30 31,0 1 3 4 8 9 12 17,2,V,10.0,1.0,13.0,2.0,2.0,4.0,9.0,0.0,8.0,0.0,12.0,2.0,3.0,3.0,4.0,1.0,491.0
2,11,teste,6 11 16 21 24 25 26 27 28 29 30 31,0 1 2 3 4 5 7 10 12 18,,P,10.0,0.0,12.0,2.0,3.0,4.0,8.0,0.0,12.0,0.0,20.0,1.0,3.0,4.0,10.0,1.0,-273.0
2,10,teste,11 13 16 21 24 25 26 27 28 29 30 31,0 1 2 3 4 5 7 9 10 12 18,,V,12.0,0.0,18.0,2.0,3.0,4.0,11.0,0.0,11.0,0.0,14.0,3.0,3.0,4.0,9.0,1.0,273.0
2,29,teste,2 10 23 25 26 27 28 30,1 3 4 8 21,2,P,5.0,0.0,8.0,1.0,2.0,2.0,2.0,1.0,7.0,1.0,10.0,1.0,2.0,2.0,5.0,0.0,-401.0
2,25,teste,2 10 17 23 26 28 29 30 31,1 3 4 8 9,2,P,5.0,0.0,5.0,1.0,2.0,2.0,2.0,0.0,8.0,1.0,11.0,2.0,1.0,4.0,4.0,0.0,-497.0
2,23,teste,2 10 16 23 24 26 28 29 30 31,1 3 4 8 9 12,2,P,6.0,0.0,8.0,1.0,3.0,2.0,3.0,0.0,9.0,1.0,12.0,1.0,1.0,4.0,7.0,1.0,-516.0
2,4,teste,11 20 21 22 24 25 26 27 28 29 30 31,0 1 2 3 4 5 6 7 9 10 12,,V,12.0,0.0,15.0,2.0,4.0,4.0,11.0,0.0,11.0,0.0,11.0,2.0,3.0,4.0,10.0,0.0,119.0
2,30,teste,2 10 23 25 26 27 28 30,1 3 4 12 21,2,V,7.0,1.0,10.0,1.0,2.0,2.0,5.0,0.0,5.0,0.0,9.0,1.0,3.0,2.0,0.0,1.0,401.0
2,36,teste,6 10 19 26 27 28 30,4 5 7 21,6,V,6.0,1.0,10.0,1.0,3.0,2.0,4.0,1.0,4.0,0.0,8.0,1.0,1.0,0.0,0.0,1.0,559.0
2,22,teste,2 10 16 24 26 27 28 29 30 31,1 3 4 8 9 12,2,V,9.0,1.0,11.0,1.0,2.0,4.0,7.0,1.0,6.0,0.0,8.0,1.0,3.0,2.0,3.0,0.0,537.0
3,54,treino,7 20 24,30,7 30,V,2.0,1.0,3.0,0.0,1.0,0.0,2.0,0.0,0.0,1.0,0.0,0.0,0.0,0.0,0.0,0.0,223.0
3,5,treino,14 20 21 24 25 26 27 28 29 30 31,0 1 2 3 4 5 6 7 8 11 15,,P,11.0,0.0,11.0,0.0,3.0,4.0,11.0,0.0,11.0,0.0,12.0,2.0,3.0,4.0,10.0,0.0,8.0
3,26,treino,16 21 22 24 25 28 29,2 3 4 5 11 12 17,,V,7.0,0.0,9.0,2.0,1.0,2.0,7.0,1.0,7.0,0.0,11.0,1.0,4.0,2.0,0.0,1.0,111.0
3,130,treino,4 5,9,4 5 9,V,0.0,2.0,0.0,0.0,1.0,0.0,0.0,1.0,0.0,1.0,0.0,1.0,0.0,0.0,0.0,1.0,1600.0
3,15,treino,12 20 22 24 25 28 29 30 31,0 1 2 3 4 5 11 14 17,,P,9.0,0.0,11.0,2.0,3.0,4.0,6.0,1.0,9.0,0.0,10.0,1.0,3.0,4.0,7.0,1.0,-14.0
3,84,treino,13 16 18,26,18 26,V,2.0,1.0,7.0,2.0,0.0,0.0,2.0,0.0,0.0,1.0,0.0,0.0,0.0,0.0,0.0,0.0,238.0
3,51,treino,7 20 28,22,7,P,1.0,0.0,5.0,1.0,0.0,0.0,0.0,0.0,2.0,1.0,2.0,0.0,2.0,1.0,0.0,0.0,-282.0
3,55,treino,3 20 24,30,3 30,P,0.0,1.0,0.0,0.0,0.0,0.0,0.0,0.0,2.0,1.0,3.0,0.0,2.0,0.0,2.0,0.0,-222.0
3,101,treino,9 12 21,26,9 21 26,P,0.0,1.0,0.0,0.0,0.0,0.0,0.0,0.0,1.0,2.0,4.0,2.0,1.0,0.0,0.0,0.0,-301.0
3,76,treino,10 13 16,25,10 25,V,2.0,1.0,7.0,2.0,0.0,0.0,2.0,0.0,0.0,1.0,0.0,0.0,0.0,0.0,0.0,0.0,232.0
3,93,treino,5 12 17,27,17 27,P,0.0,1.0,0.0,0.0,1.0,0.0,0.0,0.0,2.0,1.0,10.0,1.0,1.0,0.0,0.0,0.0,-300.0
3,4,treino,20 21 23 24 25 26 27 28 29 30 31,0 1 2 3 4 5 6 7 8 11 15 18,,V,11.0,0.0,10.0,1.0,3.0,4.0,11.0,0.0,12.0,0.0,15.0,1.0,3.0,4.0,12.0,1.0,-13.0
3,99,treino,5 12 21,31,5 21 31,P,0.0,1.0,0.0,0.0,0.0,0.0,0.0,0.0,1.0,2.0,4.0,1.0,1.0,0.0,0.0,0.0,-305.0
3,121,treino,0 10,28,0 10 28,P,0.0,1.0,0.0,0.0,1.0,0.0,0.0,0.0,0.0,2.0,0.0,1.0,0.0,0.0,0.0,0.0,-188.0
3,119,treino,5 10,24,10 24,P,0.0,1.0,0.0,0.0,0.0,0.0,0.0,0.0,1.0,1.0,6.0,1.0,0.0,0.0,0.0,0.0,-180.0
3,12,treino,12 19 20 24 25 26 28 29 30 31,0 1 2 3 4 5 7 11 15 17,,V,10.0,0.0,12.0,0.0,4.0,4.0,8.0,0.0,10.0,0.0,12.0,1.0,3.0,4.0,9.0,1.0,-12.0
3,11,treino,12 14 19 20 24 25 26 28 29 30 31,0 1 2 3 4 5 7 10 11 15,,P,10.0,0.0,10.0,1.0,3.0,4.0,10.0,0.0,11.0,0.0,16.0,1.0,4.0,4.0,8.0,1.0,12.0
3,6,treino,14 20 21 24 25 26 27 28 29 30 31,0 1 2 3 4 5 6 7 11 12 15,,V,11.0,0.0,12.0,2.0,3.0,4.0,10.0,0.0,11.0,0.0,12.0,0.0,4.0,4.0,10.0,0.0,15.0
3,96,treino,0 12 17,27,0 17 27,V,1.0,2.0,4.0,1.0,1.0,0.0,0.0,0.0,0.0,1.0,0.0,0.0,1.0,0.0,0.0,0.0,302.0
3,9,treino,12 14 20 23 24 25 26 28 29 30 31,0 1 2 3 4 5 6 7 11 15,,P,10.0,0.0,9.0,0.0,3.0,4.0,10.0,0.0,11.0,0.0,15.0,1.0,3.0,4.0,9.0,0.0,124.0
3,85,treino,13 14 16,26,14 26,P,0.0,1.0,0.0,0.0,0.0,0.0,0.0,0.0,2.0,1.0,7.0,2.0,0.0,0.0,2.0,0.0,-242.0
3,44,treino,7 10 24 28,14 15,7 14,V,3.0,1.0,6.0,1.0,1.0,1.0,4.0,0.0,1.0,1.0,3.0,1.0,0.0,0.0,0.0,0.0,1600.0
3,86,treino,13 14 16,23,14 23,V,2.0,1.0,7.0,2.0,0.0,0.0,2.0,0.0,0.0,1.0,0.0,0.0,0.0,0.0,0.0,0.0,240.0
3,20,treino,20 22 24 25 28 29 30,0 2 3 4 8 11 14,,V,7.0,0.0,6.0,1.0,2.0,3.0,7.0,0.0,7.0,0.0,8.0,1.0,3.0,3.0,3.0,0.0,7.0
3,112,treino,2 12,29,2 29,V,1.0,1.0,4.0,0.0,1.0,0.0,0.0,0.0,0.0,1.0,0.0,0.0,0.0,0.0,0.0,0.0,115.0
3,105,treino,6 12,29,6 29,P,0.0,1.0,0.0,0.0,0.0,0.0,0.0,0.0,1.0,1.0,4.0,0.0,1.0,0.0,0.0,0.0,-120.0
3,67,treino,10 16 20,22,10 22,P,0.0,1.0,0.0,1.0,0.0,0.0,0.0,0.0,2.0,1.0,5.0,1.0,1.0,0.0,2.0,0.0,-222.0
3,10,treino,12 14 20 23 24 25 26 28 29 30 31,0 1 2 3 4 5 7 10 11 15,,V,11.0,0.0,15.0,1.0,3.0,4.0,9.0,1.0,10.0,0.0,10.0,1.0,3.0,4.0,10.0,0.0,121.0
3,104,treino,9 12,29,9 29,V,1.0,1.0,4.0,1.0,1.0,0.0,0.0,0.0,0.0,1.0,0.0,0.0,0.0,0.0,0.0,0.0,121.0
3,80,treino,9 13 16,25,9 25,V,2.0,1.0,7.0,2.0,0.0,0.0,3.0,0.0,0.0,1.0,0.0,0.0,0.0,0.0,0.0,0.0,238.0
3,17,treino,12 20 22 24 25 28 29 30,0 1 2 3 4 5 11 14,,P,8.0,0.0,7.0,1.0,3.0,4.0,4.0,0.0,8.0,0.0,10.0,1.0,3.0,3.0,7.0,0.0,-1.0
3,60,treino,11 20 24,26,11 26,V,2.0,1.0,3.0,0.0,2.0,0.0,2.0,0.0,0.0,1.0,0.0,0.0,0.0,0.0,0.0,0.0,216.0
4,4,treino,16 20 21 22 23 24 26 27 28 29 30 31,0 1 2 3 4 5 6 7 9 11 13 14,,V,12.0,0.0,14.0,2.0,3.0,4.0,12.0,0.0,12.0,0.0,14.0,3.0,3.0,4.0,12.0,0.0,13.0
4,5,treino,16 19 20 21 22 24 26 27 28 29 30 31,0 1 2 3 4 5 6 7 9 11 13 14,,P,12.0,0.0,14.0,3.0,3.0,4.0,12.0,0.0,12.0,0.0,15.0,2.0,4.0,4.0,11.0,0.0,8.0
4,6,treino,16 19 20 21 22 24 26 27 28 29 30 31,0 1 2 3 4 5 6 9 10 11 13 14,,V,12.0,0.0,15.0,2.0,4.0,4.0,11.0,0.0,12.0,0.0,15.0,4.0,3.0,4.0,10.0,0.0,5.0
4,7,treino,16 17 19 20 22 24 26 27 28 29 30 31,0 1 2 3 4 5 6 9 10 11 13 14,,P,12.0,0.0,15.0,4.0,3.0,4.0,10.0,1.0,12.0,0.0,16.0,2.0,4.0,4.0,11.0,1.0,128.0
4,8,treino,16 19 20 22 24 26 27 28 29 30 31,0 1 2 3 4 5 6 9 10 11 13 21,,V,11.0,0.0,13.0,1.0,4.0,4.0,10.0,0.0,12.0,0.0,17.0,4.0,3.0,4.0,9.0,1.0,-128.0
4,9,treino,8 16 19 20 22 26 27 28 29 30 31,0 1 2 3 4 5 6 9 10 11,,P,10.0,0.0,9.0,2.0,3.0,4.0,8.0,0.0,11.0,0.0,17.0,1.0,4.0,4.0,7.0,1.0,104.0
4,10,treino,19 20 22 26 27 28 29 30 31,0 1 2 3 4 6 9 10 11 21,,V,9.0,0.0,9.0,1.0,4.0,4.0,5.0,0.0,10.0,0.0,13.0,3.0,3.0,4.0,7.0,0.0,-1.0
4,11,treino,19 20 22 25 26 27 28 29 31,0 1 2 3 4 6 9 10 11 21,,P,10.0,0.0,13.0,3.0,3.0,4.0,7.0,1.0,9.0,0.0,10.0,1.0,4.0,3.0,6.0,1.0,205.0
4,12,treino,19 20 22 26 27 28 29 31,0 1 2 3 4 6 9 10 11 30,30,V,8.0,0.0,9.0,1.0,4.0,3.0,4.0,1.0,9.0,1.0,8.0,2.0,3.0,4.0,7.0,0.0,-205.0
4,13,treino,18 19 20 26 27 28 29 31,0 1 2 3 4 6 9 10 11 30,30,P,9.0,1.0,8.0,2.0,3.0,4.0,7.0,0.0,8.0,0.0,10.0,1.0,4.0,3.0,3.0,1.0,516.0
4,14,treino,19 20 27 28 29 31,0 1 2 3 4 6 9 10 11 14,14,V,6.0,0.0,6.0,0.0,4.0,3.0,2.0,0.0,9.0,1.0,8.0,3.0,3.0,4.0,8.0,0.0,-521.0
4,15,treino,15 20 27 28 29 31,0 1 2 3 4 6 9 10 11 14,14,P,9.0,1.0,8.0,3.0,3.0,4.0,8.0,0.0,6.0,0.0,7.0,0.0,3.0,3.0,2.0,1.0,640.0
4,16,treino,20 27 28 29 31,0 1 2 3 4 6 9 10 14 18,14,V,5.0,0.0,3.0,0.0,3.0,3.0,2.0,0.0,9.0,1.0,10.0,4.0,2.0,4.0,9.0,0.0,-642.0
4,17,treino,20 25 27 28 31,0 1 2 3 4 6 9 10 14 18,14,P,9.0,1.0,10.0,4.0,2.0,4.0,9.0,0.0,5.0,0.0,4.0,0.0,3.0,2.0,2.0,0.0,642.0
4,18,treino,20 25 27 28 31,0 1 2 3 4 6 9 10 14 22,14,V,5.0,0.0,4.0,0.0,3.0,2.0,2.0,1.0,9.0,1.0,11.0,4.0,2.0,4.0,8.0,1.0,-438.0
4,19,treino,18 20 27 28 31,0 1 2 3 4 6 9 10 14,14,P,8.0,1.0,6.0,3.0,2.0,4.0,8.0,0.0,5.0,0.0,6.0,1.0,3.0,2.0,2.0,1.0,438.0
4,20,treino,20 27 28 31,0 1 2 3 4 6 9 10 23,23,V,4.0,0.0,3.0,0.0,3.0,2.0,2.0,0.0,8.0,1.0,6.0,2.0,2.0,4.0,7.0,1.0,-457.0
4,21,treino,18 20 28 31,0 1 2 3 4 6 9 10,,P,8.0,0.0,6.0,2.0,2.0,4.0,7.0,0.0,4.0,0.0,5.0,1.0,2.0,2.0,0.0,0.0,438.0
4,22,treino,18 20 28 31,0 2 3 4 5 6 9 10,,V,4.0,0.0,5.0,1.0,2.0,2.0,0.0,0.0,8.0,0.0,7.0,2.0,2.0,3.0,7.0,0.0,-453.0
4,23,treino,18 20 27 28,0 2 3 4 5 6 9 10,,P,8.0,0.0,7.0,2.0,2.0,3.0,7.0,0.0,4.0,0.0,6.0,1.0,3.0,1.0,0.0,0.0,448.0
4,24,treino,18 20 27 28,0 2 3 4 5 6 10 13,,V,4.0,0.0,6.0,1.0,3.0,1.0,0.0,0.0,8.0,0.0,8.0,2.0,2.0,3.0,6.0,0.0,-444.0
4,25,treino,15 20 27 28,0 2 3 4 5 6 10 13,,P,8.0,0.0,8.0,2.0,2.0,3.0,6.0,0.0,4.0,0.0,7.0,0.0,3.0,1.0,0.0,1.0,547.0
4,26,treino,20 27 28,0 2 3 4 5 6 13 19,,V,3.0,0.0,3.0,0.0,3.0,1.0,0.0,0.0,8.0,0.0,10.0,1.0,3.0,3.0,5.0,0.0,-559.0
4,27,treino,20 23 28,0 2 3 4 5 6 13 19,,P,8.0,0.0,10.0,1.0,3.0,3.0,5.0,0.0,3.0,0.0,4.0,0.0,2.0,1.0,0.0,1.0,656.0
4,28,treino,20 28,0 2 3 4 5 6 13 26,,V,2.0,0.0,2.0,0.0,2.0,1.0,0.0,0.0,8.0,0.0,12.0,1.0,2.0,3.0,5.0,0.0,-718.0
4,29,treino,16 28,0 2 3 4 5 6 13 26,,P,8.0,0.0,12.0,1.0,2.0,3.0,5.0,1.0,2.0,0.0,3.0,0.0,1.0,1.0,0.0,1.0,1600.0
4,30,treino,28,0 2 3 4 5 6 20 26,,V,1.0,0.0,0.0,0.0,1.0,1.0,0.0,0.0,8.0,0.0,14.0,0.0,3.0,3.0,5.0,0.0,-1600.0
4,31,treino,24,0 2 3 4 5 6 20 26,,P,8.0,0.0,14.0,0.0,3.0,3.0,5.0,0.0,1.0,0.0,1.0,0.0,0.0,0.0,0.0,1.0,1600.0
5,37,treino,0 1 9 11 26 28 29 30,17,0 1 11,P,1.0,0.0,4.0,1.0,0.0,0.0,0.0,0.0,5.0,3.0,6.0,1.0,2.0,3.0,2.0,0.0,-986.0
5,15,treino,0 16 18 22 24 26 28 29 30 31,1 2 3 4 8 9 11 12,0,P,8.0,0.0,10.0,1.0,4.0,3.0,3.0,0.0,9.0,1.0,10.0,2.0,1.0,4.0,8.0,1.0,-310.0
5,6,treino,16 18 21 22 23 24 26 27 28 29 30 31,1 2 3 4 5 6 7 8 9 10 11 12,,V,12.0,0.0,15.0,3.0,2.0,4.0,12.0,0.0,12.0,0.0,15.0,2.0,4.0,3.0,12.0,0.0,2.0
5,19,treino,0 11 17 22 26 28 29 30 31,1 2 3 4 8 9,0,P,6.0,0.0,5.0,1.0,2.0,3.0,2.0,0.0,8.0,1.0,11.0,2.0,2.0,4.0,5.0,0.0,-395.0
5,31,treino,0 1 2 14 28 29 30 31,3 8,0 1 2,P,2.0,0.0,2.0,0.0,1.0,1.0,0.0,0.0,5.0,3.0,4.0,1.0,1.0,4.0,0.0,0.0,-861.0
5,14,treino,0 18 21 22 24 26 28 29 30 31,1 2 3 4 8 9 11 12,0,V,9.0,1.0,9.0,3.0,1.0,4.0,9.0,0.0,8.0,0.0,10.0,1.0,4.0,3.0,3.0,0.0,310.0
5,29,treino,0 1 2 17 28 29 30 31,3 4,0 1 2,P,2.0,0.0,1.0,0.0,2.0,1.0,0.0,0.0,5.0,3.0,3.0,1.0,1.0,4.0,0.0,0.0,-883.0
5,9,treino,0 18 19 21 22 24 26 27 28 29 30 31,1 2 3 4 6 7 8 10 11 12,0,P,10.0,0.0,12.0,1.0,4.0,3.0,10.0,0.0,11.0,1.0,13.0,3.0,3.0,4.0,10.0,0.0,-212.0
5,5,treino,16 18 21 22 23 24 26 27 28 29 30 31,0 1 2 3 4 6 7 8 9 10 11 12,,P,12.0,0.0,14.0,2.0,4.0,4.0,12.0,0.0,12.0,0.0,15.0,3.0,2.0,4.0,12.0,0.0,118.0
5,22,treino,0 10 11 22 26 28 29 30 31,1 2 3 4 13,0,V,8.0,1.0,13.0,2.0,2.0,4.0,4.0,0.0,5.0,0.0,4.0,1.0,2.0,3.0,0.0,0.0,532.0
5,24,treino,0 10 11 26 28 29 30 31,1 2 3 4 22,0,V,7.0,1.0,11.0,1.0,2.0,4.0,3.0,0.0,5.0,0.0,6.0,1.0,2.0,3.0,0.0,1.0,511.0
5,21,treino,0 10 11 22 26 28 29 30 31,1 2 3 4 8,0,P,5.0,0.0,3.0,0.0,2.0,3.0,2.0,0.0,8.0,1.0,13.0,2.0,2.0,4.0,4.0,0.0,-520.0
5,18,treino,0 17 18 22 26 28 29 30 31,1 2 3 4 8 9 15,0,V,8.0,1.0,9.0,3.0,1.0,4.0,6.0,0.0,7.0,0.0,8.0,1.0,2.0,3.0,2.0,1.0,395.0
5,17,treino,0 17 18 22 26 28 29 30 31,1 2 3 4 8 9 11,0,P,7.0,0.0,7.0,1.0,3.0,3.0,2.0,0.0,8.0,1.0,9.0,3.0,1.0,4.0,6.0,0.0,-288.0
5,36,treino,0 1 11 14 26 28 29 30,17,0 1 11,V,5.0,3.0,5.0,1.0,2.0,3.0,2.0,0.0,1.0,0.0,4.0,1.0,0.0,0.0,0.0,0.0,1600.0
5,35,treino,0 1 11 14 26 28 29 30,13,0 1 11,P,1.0,0.0,3.0,1.0,0.0,0.0,0.0,0.0,5.0,3.0,5.0,1.0,2.0,3.0,2.0,0.0,-977.0
5,11,treino,0 10 18 21 22 24 26 27 28 29 30 31,1 2 3 4 6 7 8 11 12,0,P,9.0,0.0,10.0,0.0,4.0,3.0,9.0,0.0,11.0,1.0,15.0,4.0,2.0,4.0,10.0,1.0,-303.0
5,23,treino,0 10 11 17 26 28 29 30 31,1 2 3 4 13,0,P,5.0,0.0,4.0,1.0,2.0,3.0,0.0,1.0,8.0,1.0,14.0,2.0,2.0,4.0,3.0,1.0,-532.0
5,40,treino,0 1 9 11 22 28 29 30,24,0 1 11,V,5.0,3.0,7.0,2.0,2.0,3.0,0.0,0.0,1.0,0.0,6.0,0.0,0.0,0.0,0.0,1.0,1600.0
5,38,treino,0 1 9 11 26 28 29 30,21,0 1 11,V,5.0,3.0,6.0,1.0,2.0,3.0,2.0,0.0,1.0,0.0,5.0,1.0,0.0,0.0,0.0,0.0,1600.0
5,7,treino,16 18 19 21 22 24 26 27 28 29 30 31,1 2 3 4 5 6 7 8 9 10 11 12,,P,12.0,0.0,15.0,2.0,4.0,3.0,12.0,0.0,12.0,0.0,16.0,3.0,3.0,4.0,11.0,0.0,-4.0
5,4,treino,16 18 21 23 24 25 26 27 28 29 30 31,0 1 2 3 4 6 7 8 9 10 11 12,,V,12.0,0.0,14.0,2.0,2.0,4.0,12.0,0.0,12.0,0.0,14.0,2.0,4.0,4.0,12.0,0.0,1.0
5,26,treino,0 10 11 17 28 29 30 31,2 3 4 6,0,V,7.0,1.0,13.0,2.0,2.0,4.0,0.0,1.0,4.0,0.0,2.0,0.0,2.0,2.0,2.0,1.0,692.0
5,16,treino,0 18 22 24 26 28 29 30 31,1 2 3 4 8 9 11 21,0,V,8.0,1.0,7.0,2.0,1.0,4.0,8.0,0.0,8.0,0.0,12.0,2.0,3.0,3.0,2.0,1.0,288.0
5,13,treino,0 18 21 22 24 26 28 29 30 31,1 2 3 4 6 8 11 12,0,P,8.0,0.0,9.0,0.0,4.0,3.0,6.0,0.0,9.0,1.0,9.0,3.0,1.0,4.0,9.0,0.0,-223.0
5,12,treino,0 21 22 24 26 27 28 29 30 31,1 2 3 4 6 8 11 12 23,0,V,9.0,1.0,7.0,2.0,2.0,4.0,9.0,0.0,9.0,0.0,14.0,0.0,4.0,3.0,6.0,1.0,223.0
5,27,treino,0 1 11 17 28 29 30 31,2 3 4,0 1,P,3.0,0.0,1.0,0.0,2.0,2.0,0.0,0.0,6.0,2.0,8.0,1.0,2.0,4.0,0.0,0.0,-698.0
5,30,treino,0 1 2 17 28 29 30 31,3 8,0 1 2,V,5.0,3.0,3.0,1.0,1.0,4.0,0.0,0.0,2.0,0.0,2.0,0.0,1.0,1.0,0.0,0.0,862.0
5,10,treino,0 18 19 21 22 24 26 27 28 29 30 31,1 2 3 4 6 7 8 11 12 15,0,V,11.0,1.0,13.0,3.0,3.0,4.0,10.0,0.0,10.0,0.0,13.0,0.0,4.0,3.0,10.0,1.0,298.0
5,28,treino,0 1 11 17 28 29 30 31,3 4 7,0 1,V,6.0,2.0,8.0,1.0,2.0,4.0,0.0,0.0,3.0,0.0,2.0,0.0,2.0,1.0,2.0,1.0,861.0
5,25,treino,0 10 11 17 28 29 30 31,1 2 3 4,0,P,4.0,0.0,1.0,0.0,2.0,3.0,0.0,0.0,7.0,1.0,13.0,2.0,2.0,4.0,0.0,0.0,-411.0
5,32,treino,0 1 2 14 28 29 30 31,3 13,0 1 2,V,5.0,3.0,4.0,1.0,1.0,4.0,0.0,0.0,2.0,0.0,3.0,1.0,1.0,1.0,0.0,0.0,858.0
6,46,validacao,6 21,0 4 5 11 30 31,6 30 31,V,1.0,1.0,2.0,1.0,0.0,0.0,0.0,0.0,4.0,2.0,4.0,0.0,2.0,1.0,3.0,0.0,-500.0
6,14,validacao,20 21 24 25 28 29 30 31,0 1 2 4 5 6 8 11 19 27,,V,8.0,0.0,6.0,1.0,2.0,4.0,7.0,0.0,10.0,0.0,17.0,0.0,4.0,3.0,7.0,0.0,-233.0
6,26,validacao,16 17 19 22 28 29 31,0 1 4 5 8 10 11 27,,V,7.0,0.0,11.0,2.0,2.0,3.0,2.0,0.0,8.0,0.0,14.0,1.0,3.0,2.0,5.0,0.0,-105.0
6,22,validacao,16 19 21 22 24 28 29 31,0 1 4 5 6 8 11 14 27,,V,8.0,0.0,11.0,2.0,2.0,3.0,5.0,0.0,9.0,0.0,16.0,1.0,3.0,2.0,6.0,0.0,-104.0
6,40,validacao,6 24 29,0 4 5 11 17 26,6,V,2.0,1.0,1.0,0.0,0.0,1.0,2.0,0.0,6.0,0.0,14.0,1.0,2.0,1.0,3.0,0.0,-259.0
6,6,validacao,17 19 20 21 23 24 25 27 28 29 30 31,0 1 2 3 4 5 6 8 9 10 11 18,,V,12.0,0.0,15.0,2.0,4.0,4.0,12.0,0.0,12.0,0.0,15.0,3.0,3.0,4.0,9.0,1.0,117.0
6,44,validacao,6 24,0 4 5 11 26 30,6 30,V,1.0,1.0,1.0,0.0,0.0,0.0,0.0,0.0,5.0,1.0,10.0,0.0,2.0,1.0,5.0,0.0,-497.0
6,43,validacao,6 22 24,0 4 5 11 17 30,6 30,P,5.0,1.0,8.0,1.0,2.0,1.0,3.0,1.0,2.0,1.0,3.0,1.0,0.0,0.0,0.0,1.0,434.0
6,52,validacao,1,0 4 11 17 25 31,1 25 31,V,0.0,1.0,0.0,0.0,0.0,0.0,0.0,0.0,4.0,2.0,7.0,1.0,2.0,1.0,2.0,0.0,-633.0
6,8,validacao,17 19 20 21 24 25 27 28 29 30 31,0 1 2 4 5 6 8 9 10 11,,V,11.0,0.0,13.0,2.0,4.0,4.0,10.0,0.0,10.0,0.0,11.0,2.0,2.0,3.0,9.0,0.0,226.0
6,39,validacao,6 13 24 29,0 4 5 8 11 26,6,P,6.0,0.0,12.0,0.0,2.0,1.0,4.0,0.0,3.0,1.0,5.0,1.0,0.0,1.0,2.0,1.0,256.0
6,36,validacao,1 16 24 29,0 4 5 8 11 22,1,V,3.0,1.0,4.0,0.0,0.0,1.0,2.0,0.0,6.0,0.0,11.0,1.0,2.0,1.0,4.0,0.0,-153.0
6,7,validacao,7 17 19 20 21 24 25 27 28 29 30 31,0 1 2 3 4 5 6 8 9 11,,P,10.0,0.0,9.0,1.0,3.0,4.0,8.0,0.0,12.0,0.0,19.0,2.0,4.0,4.0,10.0,1.0,-226.0
6,50,validacao,1 16,0 4 8 11 25 31,1 25 31,V,1.0,1.0,3.0,0.0,0.0,0.0,0.0,0.0,4.0,2.0,5.0,0.0,2.0,1.0,3.0,0.0,-511.0
6,25,validacao,16 17 19 22 28 29 31,0 1 4 5 6 8 11 27,,P,8.0,0.0,13.0,0.0,3.0,2.0,6.0,0.0,7.0,0.0,11.0,2.0,2.0,3.0,2.0,0.0,110.0
6,19,validacao,16 21 22 24 26 28 29 31,0 1 2 4 5 8 11 14 19 27,,P,10.0,0.0,19.0,1.0,4.0,3.0,5.0,0.0,8.0,0.0,9.0,2.0,1.0,3.0,8.0,0.0,231.0
6,47,validacao,1 21,0 4 5 11 30 31,1 30 31,P,4.0,2.0,4.0,0.0,2.0,1.0,3.0,1.0,1.0,1.0,2.0,1.0,0.0,0.0,0.0,0.0,591.0
6,23,validacao,16 17 19 22 24 28 29 31,0 1 4 5 6 8 11 14 27,,P,9.0,0.0,16.0,1.0,3.0,2.0,6.0,1.0,8.0,0.0,12.0,2.0,2.0,3.0,5.0,1.0,104.0
6,15,validacao,20 21 24 25 26 28 29 31,0 1 2 4 5 6 8 11 19 27,,P,10.0,0.0,17.0,0.0,4.0,3.0,7.0,0.0,8.0,0.0,7.0,1.0,2.0,3.0,8.0,0.0,218.0
6,11,validacao,14 20 21 24 25 27 28 29 30 31,0 1 2 4 5 6 8 9 11 19,,P,10.0,0.0,13.0,1.0,3.0,3.0,8.0,0.0,10.0,0.0,11.0,2.0,3.0,4.0,9.0,1.0,100.0
6,38,validacao,6 16 24 29,0 4 5 8 11 26,6,V,3.0,1.0,4.0,0.0,0.0,1.0,2.0,0.0,6.0,0.0,12.0,0.0,2.0,1.0,4.0,0.0,-210.0
6,24,validacao,16 19 22 24 28 29 31,0 1 4 5 6 8 11 21 27,,V,7.0,0.0,9.0,1.0,2.0,3.0,3.0,0.0,9.0,0.0,18.0,1.0,3.0,2.0,6.0,1.0,-122.0
6,34,validacao,16 19 24 29,0 4 5 6 8 11 15 17,15,V,4.0,0.0,7.0,0.0,1.0,1.0,2.0,0.0,7.0,1.0,11.0,1.0,2.0,1.0,6.0,1.0,-355.0
6,10,validacao,17 20 21 24 25 27 28 29 30 31,0 1 2 4 5 6 8 9 11 19,,V,10.0,0.0,10.0,2.0,3.0,4.0,10.0,0.0,10.0,0.0,13.0,1.0,3.0,3.0,8.0,0.0,21.0
6,32,validacao,16 17 19 24 29,0 4 5 6 8 10 11 15,15,V,5.0,0.0,10.0,1.0,1.0,1.0,2.0,0.0,7.0,1.0,9.0,1.0,2.0,1.0,8.0,0.0,-154.0
6,16,validacao,20 21 24 25 26 28 29 31,0 1 2 4 5 8 10 11 19 27,,V,8.0,0.0,7.0,1.0,2.0,3.0,8.0,0.0,10.0,0.0,18.0,1.0,4.0,3.0,5.0,0.0,-212.0
6,29,validacao,16 17 18 19 26 28 29,0 1 4 5 8 10 11 31,31,P,7.0,1.0,8.0,1.0,2.0,2.0,5.0,0.0,7.0,0.0,13.0,2.0,2.0,2.0,0.0,1.0,500.0
6,49,validacao,1 16,0 4 8 11 30 31,1 30 31,P,4.0,2.0,5.0,0.0,2.0,1.0,3.0,0.0,1.0,1.0,3.0,0.0,0.0,0.0,0.0,0.0,497.0
6,18,validacao,16 21 24 25 26 28 29 31,0 1 2 4 5 8 11 14 19 27,,V,8.0,0.0,8.0,1.0,1.0,3.0,8.0,0.0,10.0,0.0,19.0,1.0,4.0,3.0,5.0,0.0,-214.0
6,51,validacao,1 13,0 4 8 11 25 31,1 25 31,P,4.0,2.0,5.0,0.0,2.0,1.0,3.0,0.0,1.0,1.0,4.0,1.0,0.0,0.0,0.0,1.0,621.0
6,45,validacao,6 21,0 4 5 11 26 30,6 30,P,5.0,1.0,10.0,0.0,2.0,1.0,5.0,0.0,1.0,1.0,2.0,1.0,0.0,0.0,0.0,0.0,481.0
6,41,validacao,6 24 25,0 4 5 11 17 26,6,P,6.0,0.0,14.0,1.0,2.0,1.0,3.0,0.0,2.0,1.0,2.0,0.0,0.0,0.0,0.0,0.0,310.0
7,115,treino,13,19,13 19,P,0.0,1.0,0.0,0.0,1.0,0.0,0.0,0.0,0.0,1.0,0.0,1.0,0.0,0.0,0.0,0.0,-6.0
7,81,treino,2 9,26,2 9 26,P,0.0,1.0,0.0,0.0,0.0,0.0,0.0,0.0,0.0,2.0,0.0,1.0,0.0,0.0,0.0,0.0,-186.0
7,30,treino,11 16 21 23 27 28,3 4 6 7 8 9,,V,6.0,0.0,13.0,1.0,3.0,1.0,4.0,0.0,6.0,0.0,7.0,1.0,2.0,1.0,6.0,1.0,164.0
7,108,treino,12,7,7 12,V,0.0,1.0,0.0,0.0,1.0,0.0,0.0,0.0,0.0,1.0,0.0,0.0,0.0,0.0,0.0,0.0,-6.0
7,100,treino,4,15,4 15,V,0.0,1.0,0.0,0.0,1.0,0.0,0.0,0.0,0.0,1.0,0.0,0.0,0.0,0.0,0.0,0.0,-6.0
7,104,treino,5,7,5 7,V,0.0,1.0,0.0,0.0,0.0,0.0,0.0,0.0,0.0,1.0,0.0,0.0,0.0,0.0,0.0,0.0,0.0
7,65,treino,0 3 27,22,0 3 22,P,0.0,1.0,0.0,1.0,0.0,0.0,0.0,0.0,1.0,2.0,1.0,0.0,2.0,0.0,0.0,0.0,-283.0
7,77,treino,2 9,27,2 9 27,P,0.0,1.0,0.0,0.0,1.0,0.0,0.0,0.0,0.0,2.0,0.0,1.0,0.0,0.0,0.0,0.0,-192.0
7,93,treino,5 14,11,5 11 14,P,0.0,1.0,0.0,0.0,1.0,0.0,0.0,0.0,0.0,2.0,0.0,1.0,0.0,0.0,0.0,0.0,-198.0
7,64,treino,0 7 27,22,0 22,V,2.0,1.0,7.0,0.0,1.0,0.0,0.0,0.0,0.0,1.0,0.0,1.0,0.0,0.0,0.0,0.0,281.0
7,41,treino,14 16 18 27 28,4 12 21,14,P,3.0,0.0,9.0,1.0,2.0,0.0,0.0,0.0,4.0,1.0,7.0,2.0,2.0,1.0,2.0,0.0,-293.0
7,83,treino,2 6,23,2 6 23,P,0.0,1.0,0.0,0.0,0.0,0.0,0.0,0.0,0.0,2.0,0.0,0.0,0.0,0.0,2.0,0.0,-180.0
7,52,treino,0 15 17 27 28,21 29,0 17 29,V,3.0,2.0,5.0,1.0,2.0,1.0,0.0,0.0,1.0,1.0,5.0,1.0,0.0,0.0,0.0,1.0,321.0
7,24,treino,16 21 22 26 27 28,0 1 3 5 7 8 18,,V,6.0,0.0,9.0,2.0,2.0,1.0,4.0,1.0,7.0,0.0,8.0,1.0,1.0,3.0,6.0,1.0,-6.0
7,21,treino,16 21 22 26 28 31,0 1 3 4 5 7 14,,P,7.0,0.0,6.0,1.0,2.0,3.0,6.0,0.0,6.0,0.0,8.0,2.0,1.0,2.0,5.0,0.0,103.0
7,42,treino,14 16 18 27 28,8 12 21,14,V,4.0,1.0,7.0,2.0,2.0,1.0,2.0,0.0,3.0,0.0,10.0,1.0,1.0,0.0,2.0,0.0,274.0
7,49,treino,0 14 15 27 28,20 21,0 14,P,2.0,0.0,10.0,1.0,1.0,0.0,0.0,0.0,3.0,2.0,5.0,1.0,2.0,1.0,0.0,0.0,-459.0
7,99,treino,4,18,4 18,P,0.0,1.0,0.0,1.0,0.0,0.0,0.0,0.0,0.0,1.0,0.0,0.0,1.0,0.0,0.0,0.0,6.0
7,87,treino,6 9,15,6 9 15,P,0.0,1.0,0.0,0.0,0.0,0.0,0.0,0.0,0.0,2.0,0.0,1.0,0.0,0.0,2.0,0.0,-186.0
7,84,treino,2 6,19,2 6 19,V,0.0,2.0,0.0,0.0,0.0,0.0,2.0,0.0,0.0,1.0,0.0,0.0,1.0,0.0,0.0,0.0,186.0
7,5,treino,16 19 20 22 24 26 27 28 29 30 31,0 1 2 3 4 5 6 7 9 10 11,,P,11.0,0.0,10.0,2.0,3.0,4.0,11.0,0.0,11.0,0.0,13.0,1.0,4.0,4.0,10.0,0.0,7.0
7,9,treino,14 16 19 20 22 24 26 28 29 30 31,0 1 2 3 4 5 6 7 9 11,,P,10.0,0.0,8.0,1.0,3.0,4.0,10.0,0.0,11.0,0.0,16.0,2.0,3.0,4.0,9.0,1.0,-17.0
7,36,treino,7 16 21 23 27 28,4 6 12 14,7,V,5.0,1.0,8.0,1.0,2.0,1.0,4.0,0.0,4.0,0.0,8.0,1.0,2.0,0.0,0.0,0.0,309.0
7,62,treino,0 11 27,25,0 25,V,2.0,1.0,6.0,0.0,2.0,0.0,0.0,0.0,0.0,1.0,0.0,0.0,0.0,0.0,0.0,0.0,218.0
7,18,treino,20 22 26 28 30 31,0 1 2 3 4 5 14 25,,V,6.0,0.0,5.0,1.0,2.0,3.0,4.0,0.0,8.0,0.0,11.0,1.0,2.0,4.0,4.0,1.0,-108.0
7,75,treino,2 5,23,2 5 23,P,0.0,1.0,0.0,0.0,0.0,0.0,0.0,0.0,0.0,2.0,0.0,0.0,0.0,0.0,0.0,0.0,-180.0
7,43,treino,14 15 16 27 28,8 12 21,14,P,3.0,0.0,10.0,1.0,1.0,0.0,2.0,0.0,4.0,1.0,8.0,1.0,2.0,1.0,0.0,0.0,-396.0
7,98,treino,8,18,8 18,V,0.0,1.0,0.0,0.0,0.0,0.0,0.0,0.0,0.0,1.0,0.0,1.0,0.0,0.0,0.0,0.0,0.0
7,91,treino,1 14,15,1 14 15,P,0.0,1.0,0.0,0.0,0.0,0.0,0.0,0.0,0.0,2.0,0.0,1.0,0.0,0.0,0.0,0.0,-184.0
7,7,treino,16 19 20 22 23 24 26 28 29 30 31,0 1 2 3 4 5 6 7 9 11 14,,P,11.0,0.0,11.0,2.0,3.0,4.0,11.0,0.0,11.0,0.0,14.0,1.0,3.0,4.0,11.0,0.0,3.0
7,68,treino,0 7 27,14,0 7 14,V,1.0,2.0,1.0,0.0,1.0,0.0,0.0,0.0,0.0,1.0,0.0,1.0,0.0,0.0,0.0,0.0,281.0
7,88,treino,6 9,11,6 9 11,V,0.0,2.0,0.0,1.0,0.0,0.0,2.0,0.0,0.0,1.0,0.0,0.0,1.0,0.0,0.0,0.0,1600.0
8,5,treino,13 19 21 22 24 25 26 27 28 29 30 31,0 1 2 3 4 5 6 7 8 10 14 15,,P,12.0,0.0,14.0,2.0,2.0,4.0,12.0,0.0,12.0,0.0,15.0,3.0,3.0,4.0,10.0,1.0,1.0
8,16,treino,19 20 21 22 24 25 27 30 31,0 2 3 4 5 9 10 11 14 15,,V,9.0,0.0,12.0,2.0,3.0,2.0,8.0,0.0,10.0,0.0,14.0,3.0,3.0,3.0,8.0,0.0,-119.0
8,61,treino,2 5 6 7 10 25 26,24 27,2 5 6 7 24,P,1.0,1.0,6.0,0.0,1.0,0.0,0.0,0.0,3.0,4.0,7.0,1.0,0.0,0.0,4.0,0.0,-714.0
8,21,treino,6 9 19 21 24 25 27 30 31,0 2 3 4 5 11 14,,P,7.0,0.0,7.0,1.0,3.0,3.0,3.0,0.0,9.0,0.0,19.0,2.0,2.0,2.0,8.0,0.0,-168.0
8,65,treino,1 2 6 7 10 21 26,20 31,1 2 6 7 20 31,P,0.0,2.0,0.0,0.0,1.0,0.0,0.0,0.0,3.0,4.0,8.0,2.0,0.0,0.0,5.0,1.0,-600.0
8,19,treino,9 19 21 22 24 25 27 30 31,0 2 3 4 5 10 11 14 15,,P,9.0,0.0,12.0,2.0,3.0,3.0,7.0,0.0,9.0,0.0,15.0,3.0,2.0,2.0,7.0,0.0,124.0
8,63,treino,1 2 6 7 10 25 26,20 27,1 2 6 7 20,P,1.0,1.0,6.0,0.0,2.0,0.0,0.0,0.0,3.0,4.0,7.0,1.0,0.0,0.0,5.0,0.0,-715.0
8,25,treino,1 9 19 21 24 25 26 27 31,0 2 3 4 11 12 14,1,P,7.0,0.0,9.0,1.0,4.0,3.0,2.0,0.0,8.0,1.0,14.0,2.0,2.0,1.0,6.0,0.0,-302.0
8,12,treino,19 20 21 25 26 27 29 30 31,0 1 2 3 4 6 10 11 14 15,,V,9.0,0.0,10.0,1.0,3.0,3.0,7.0,0.0,10.0,0.0,12.0,2.0,3.0,4.0,9.0,0.0,-113.0
8,23,treino,1 9 19 21 24 25 27 30 31,0 2 3 4 8 11 14,1,P,7.0,0.0,8.0,1.0,3.0,3.0,3.0,0.0,8.0,1.0,13.0,2.0,2.0,2.0,6.0,0.0,-304.0
8,51,treino,0 1 2 7 10 25 31,13 27,0 1 2,P,2.0,0.0,9.0,1.0,1.0,0.0,0.0,0.0,4.0,3.0,12.0,1.0,0.0,1.0,3.0,0.0,-812.0
8,24,treino,1 9 19 21 24 25 27 30 31,0 2 3 4 11 12 14,1,V,8.0,1.0,13.0,2.0,2.0,2.0,6.0,0.0,7.0,0.0,9.0,1.0,4.0,3.0,2.0,0.0,297.0
8,57,treino,2 3 5 6 10 25 31,24 27,2 3 5 6,P,2.0,0.0,12.0,0.0,1.0,0.0,0.0,0.0,3.0,4.0,6.0,1.0,1.0,1.0,3.0,0.0,-766.0
8,41,treino,0 1 13 14 19 25 31,3 4 11 27,0 1,P,4.0,0.0,9.0,0.0,4.0,1.0,0.0,0.0,5.0,2.0,12.0,2.0,1.0,1.0,0.0,0.0,-481.0
8,55,treino,1 2 3 5 10 25 31,20 27,1 2 3 5,P,2.0,0.0,11.0,0.0,2.0,0.0,0.0,0.0,3.0,4.0,6.0,1.0,1.0,1.0,2.0,0.0,-827.0
8,40,treino,0 1 13 17 19 25 31,3 4 11 27,0 1,V,5.0,2.0,11.0,2.0,1.0,1.0,2.0,0.0,4.0,0.0,9.0,0.0,4.0,1.0,0.0,0.0,487.0
8,22,treino,6 9 19 21 24 25 27 30 31,0 2 3 4 8 11 14,,V,9.0,0.0,19.0,2.0,2.0,2.0,8.0,0.0,7.0,0.0,8.0,1.0,3.0,3.0,3.0,0.0,296.0
8,59,treino,2 5 6 7 10 25 31,27 28,2 5 6 7 28,P,1.0,1.0,6.0,0.0,2.0,0.0,0.0,0.0,3.0,4.0,6.0,1.0,0.0,1.0,4.0,0.0,-769.0
8,52,treino,0 1 2 7 10 25 31,16 27,0 1 2,V,4.0,3.0,12.0,1.0,0.0,1.0,3.0,0.0,2.0,0.0,10.0,0.0,1.0,0.0,0.0,0.0,813.0
8,7,treino,13 19 21 24 25 26 27 28 29 30 31,0 1 2 3 4 5 6 7 10 14 15,,P,11.0,0.0,12.0,2.0,2.0,4.0,11.0,0.0,11.0,0.0,13.0,2.0,3.0,4.0,9.0,0.0,21.0
8,71,treino,1 2 3 10 21,9 20,1 2 3 9 20,P,0.0,2.0,0.0,1.0,1.0,0.0,0.0,0.0,2.0,3.0,7.0,2.0,1.0,0.0,0.0,0.0,-420.0
8,27,treino,1 9 15 21 24 25 26 27 31,0 2 3 4 11 12 18,1,P,7.0,0.0,10.0,1.0,4.0,3.0,2.0,0.0,8.0,1.0,15.0,2.0,1.0,1.0,6.0,0.0,-310.0
8,13,treino,19 20 21 24 25 26 27 30 31,0 1 2 3 4 6 10 11 14 15,,P,10.0,0.0,12.0,2.0,3.0,4.0,9.0,0.0,9.0,0.0,11.0,1.0,3.0,2.0,8.0,0.0,114.0
8,62,treino,2 5 6 7 10 25 26,20 27,2 5 6 7 20,V,3.0,4.0,7.0,1.0,0.0,0.0,4.0,0.0,1.0,1.0,6.0,0.0,2.0,0.0,0.0,0.0,712.0
8,49,treino,0 1 6 7 10 25 31,8 27,0 1,P,2.0,0.0,8.0,0.0,1.0,0.0,0.0,0.0,5.0,2.0,18.0,1.0,0.0,1.0,4.0,0.0,-763.0
8,69,treino,1 2 7 10 14 21,18 20,1 2 7 14 18 20,P,0.0,2.0,0.0,1.0,1.0,0.0,0.0,1.0,2.0,4.0,7.0,3.0,0.0,0.0,4.0,1.0,-433.0
8,45,treino,0 1 7 9 19 25 31,4 11 27,0 1,P,3.0,0.0,9.0,0.0,3.0,0.0,0.0,0.0,5.0,2.0,15.0,1.0,1.0,1.0,0.0,0.0,-647.0
8,9,treino,13 19 20 21 25 26 27 28 29 30 31,0 1 2 3 4 6 7 8 10 14 15,,P,11.0,0.0,13.0,2.0,2.0,4.0,11.0,0.0,11.0,0.0,14.0,2.0,4.0,4.0,7.0,1.0,120.0
8,73,treino,2 3 8 10 21,20,2 3 8 20,P,0.0,1.0,0.0,0.0,1.0,0.0,0.0,0.0,2.0,3.0,7.0,2.0,1.0,0.0,0.0,0.0,-598.0
8,47,treino,0 1 6 7 19 25 31,8 11 27,0 1,P,3.0,0.0,10.0,0.0,2.0,0.0,0.0,0.0,5.0,2.0,16.0,0.0,1.0,1.0,2.0,0.0,-642.0
8,46,treino,0 1 7 9 19 25 31,8 11 27,0 1,V,5.0,2.0,15.0,1.0,1.0,1.0,0.0,0.0,3.0,0.0,10.0,0.0,2.0,0.0,0.0,0.0,638.0
8,64,treino,1 2 6 7 10 25 26,20 31,1 2 6 7 20 31,V,3.0,4.0,7.0,1.0,0.0,0.0,5.0,1.0,0.0,2.0,0.0,0.0,1.0,0.0,0.0,0.0,713.0
9,74,treino,2 6 7 13 27,20,2 13 20,V,3.0,2.0,13.0,1.0,1.0,0.0,3.0,0.0,0.0,1.0,0.0,0.0,1.0,0.0,0.0,0.0,597.0
9,37,treino,5 10 19 24 29 30 31,4 20,10,P,2.0,0.0,6.0,0.0,2.0,0.0,0.0,0.0,6.0,1.0,10.0,1.0,1.0,3.0,2.0,0.0,-675.0
9,15,treino,1 19 22 24 25 26 27 29 30 31,0 2 3 4 7 9 10 15 20,1,P,9.0,0.0,14.0,2.0,3.0,3.0,7.0,0.0,9.0,1.0,9.0,1.0,2.0,3.0,8.0,0.0,-74.0
9,88,treino,2 3 10 27,5,2 3 5 10,V,1.0,3.0,1.0,1.0,2.0,0.0,0.0,0.0,0.0,1.0,0.0,0.0,0.0,0.0,0.0,0.0,476.0
9,58,treino,2 4 17 19 27,29,2 4 29,V,3.0,2.0,7.0,1.0,3.0,0.0,0.0,0.0,0.0,1.0,0.0,0.0,0.0,0.0,0.0,0.0,520.0
9,70,treino,2 6 8 10 27,21,2 8 21,V,3.0,2.0,12.0,1.0,1.0,0.0,3.0,0.0,0.0,1.0,0.0,1.0,0.0,0.0,0.0,0.0,580.0
9,51,treino,2 8 19 27 30,21 25,2 8 25,P,1.0,1.0,5.0,1.0,0.0,0.0,2.0,0.0,3.0,2.0,4.0,0.0,2.0,1.0,0.0,0.0,-380.0
9,81,treino,2 3 6 27,4,2 3 4,P,0.0,1.0,0.0,0.0,1.0,0.0,0.0,0.0,2.0,2.0,7.0,0.0,2.0,0.0,2.0,0.0,-463.0
9,102,treino,2 7 14 23,0,0 2 7 14,V,1.0,3.0,2.0,1.0,0.0,0.0,2.0,0.0,0.0,1.0,0.0,0.0,0.0,1.0,0.0,0.0,491.0
9,78,treino,2 3 6 27,8,2 3 8,V,2.0,2.0,7.0,0.0,2.0,0.0,2.0,0.0,0.0,1.0,0.0,0.0,0.0,0.0,0.0,0.0,461.0
9,7,treino,16 21 22 23 25 26 27 28 29 30 31,0 2 3 4 5 6 7 8 10 11 13,,P,11.0,0.0,13.0,2.0,3.0,3.0,11.0,1.0,11.0,0.0,12.0,2.0,2.0,4.0,10.0,1.0,106.0
9,33,treino,10 19 21 24 29 30 31,4 5 14 20,10,P,4.0,0.0,10.0,1.0,2.0,0.0,0.0,1.0,6.0,1.0,6.0,2.0,1.0,3.0,3.0,0.0,-406.0
9,9,treino,17 22 23 25 26 27 28 29 30 31,0 2 3 4 5 6 7 8 10 11 20,,P,11.0,0.0,15.0,1.0,4.0,3.0,10.0,0.0,10.0,0.0,10.0,2.0,2.0,4.0,9.0,0.0,112.0
9,63,treino,2 4 10 14 27,28,2 4 28,P,0.0,1.0,0.0,0.0,1.0,0.0,0.0,0.0,3.0,2.0,10.0,2.0,2.0,0.0,2.0,0.0,-535.0
9,39,treino,5 10 19 24 25 30 31,8 20,10,P,2.0,0.0,7.0,0.0,1.0,0.0,0.0,0.0,6.0,1.0,11.0,1.0,1.0,2.0,2.0,1.0,-528.0
9,69,treino,2 6 8 10 27,24,2 8 24,P,0.0,1.0,0.0,0.0,0.0,0.0,0.0,0.0,3.0,2.0,12.0,1.0,1.0,0.0,3.0,0.0,-580.0
9,86,treino,2 3 7 27,0,0 2 3 7,V,1.0,3.0,1.0,0.0,2.0,0.0,3.0,0.0,0.0,1.0,0.0,0.0,0.0,1.0,0.0,0.0,475.0
9,85,treino,2 3 7 27,4,2 3 4 7,P,0.0,1.0,0.0,0.0,1.0,0.0,0.0,0.0,1.0,3.0,1.0,0.0,2.0,0.0,3.0,0.0,-473.0
9,14,treino,1 19 22 25 26 27 28 29 30 31,0 2 3 4 7 9 10 15 20,1,V,9.0,1.0,8.0,1.0,3.0,4.0,7.0,0.0,9.0,0.0,14.0,2.0,3.0,3.0,7.0,0.0,166.0
9,80,treino,3 6 7 27,4,3 4 7,V,2.0,2.0,7.0,0.0,2.0,0.0,2.0,0.0,0.0,1.0,0.0,0.0,1.0,0.0,0.0,0.0,472.0
9,66,treino,2 4 6 14 27,28,2 4 28,V,3.0,2.0,11.0,1.0,2.0,0.0,2.0,0.0,0.0,1.0,0.0,0.0,1.0,0.0,0.0,0.0,585.0
9,96,treino,2 11 18 27,5,2 5 11 18,V,1.0,3.0,1.0,1.0,2.0,0.0,0.0,0.0,0.0,1.0,0.0,0.0,0.0,0.0,0.0,0.0,474.0
9,47,treino,5 6 19 27 30,17 22,5 6 22,P,1.0,1.0,4.0,2.0,0.0,0.0,2.0,0.0,3.0,2.0,4.0,0.0,2.0,1.0,0.0,0.0,-385.0
9,104,treino,6 7 14 23,5,5 6 7 14,V,1.0,3.0,2.0,1.0,0.0,0.0,0.0,0.0,0.0,1.0,0.0,0.0,0.0,0.0,0.0,0.0,483.0
9,93,treino,2 7 18 27,4,2 4 7 18,P,0.0,1.0,0.0,0.0,1.0,0.0,0.0,0.0,1.0,3.0,1.0,1.0,1.0,0.0,2.0,0.0,-480.0
9,6,treino,20 21 22 23 25 26 27 28 29 30 31,0 2 3 4 5 6 7 8 10 11 13,,V,11.0,0.0,11.0,2.0,3.0,4.0,9.0,0.0,11.0,0.0,13.0,2.0,3.0,3.0,11.0,0.0,7.0
9,49,treino,2 5 19 27 30,21 22,2 5 22,P,1.0,1.0,5.0,2.0,0.0,0.0,0.0,0.0,3.0,2.0,4.0,0.0,2.0,1.0,0.0,0.0,-374.0
9,91,treino,2 3 18 27,8,2 3 8 18,P,0.0,1.0,0.0,0.0,0.0,0.0,0.0,0.0,1.0,3.0,1.0,1.0,2.0,0.0,0.0,0.0,-474.0
9,56,treino,2 4 19 21 27,25,2 4 25,V,3.0,2.0,6.0,1.0,3.0,0.0,0.0,1.0,0.0,1.0,0.0,0.0,0.0,0.0,0.0,0.0,491.0
9,45,treino,5 6 19 30 31,13 22,5 6 22,P,1.0,1.0,3.0,2.0,0.0,0.0,0.0,0.0,3.0,2.0,3.0,0.0,1.0,2.0,0.0,0.0,-381.0
9,55,treino,2 4 19 21 27,29,2 4 29,P,0.0,1.0,0.0,0.0,0.0,0.0,0.0,0.0,3.0,2.0,6.0,1.0,3.0,0.0,0.0,0.0,-513.0
9,46,treino,5 6 19 30 31,17 22,5 6 22,V,3.0,2.0,3.0,0.0,1.0,2.0,0.0,0.0,1.0,1.0,4.0,2.0,0.0,0.0,2.0,0.0,384.0
10,12,treino,16 21 22 23 25 26 28 29 30 31,0 2 3 4 6 7 8 10 11 14 20,,V,10.0,0.0,11.0,2.0,1.0,4.0,9.0,0.0,11.0,0.0,17.0,2.0,4.0,3.0,10.0,0.0,-112.0
10,14,treino,16 21 22 23 25 26 28 30 31,0 2 3 4 6 7 8 10 11 14 29,29,V,9.0,0.0,11.0,2.0,1.0,3.0,8.0,0.0,10.0,1.0,12.0,2.0,3.0,3.0,10.0,0.0,-282.0
10,36,treino,9 28 30,0 7 8 10,9 10,V,2.0,1.0,0.0,1.0,1.0,2.0,0.0,0.0,3.0,1.0,3.0,1.0,0.0,1.0,2.0,0.0,-117.0
10,22,treino,9 19 21 26 28 30 31,0 3 4 6 7 10 11 29,29,V,7.0,0.0,11.0,2.0,2.0,3.0,3.0,1.0,7.0,1.0,7.0,1.0,3.0,2.0,7.0,1.0,-23.0
10,41,treino,24 26,0 7 14 17,14,P,3.0,1.0,5.0,2.0,0.0,1.0,2.0,0.0,2.0,0.0,2.0,0.0,0.0,0.0,0.0,0.0,318.0
10,39,treino,24 30,0 7 10 17,10,P,3.0,1.0,5.0,2.0,0.0,1.0,2.0,0.0,2.0,0.0,1.0,0.0,0.0,1.0,0.0,0.0,306.0
10,7,treino,16 21 22 23 24 25 26 28 29 30 31,0 1 2 3 4 6 7 10 11 13 14,,P,11.0,0.0,13.0,3.0,3.0,4.0,10.0,1.0,11.0,0.0,12.0,2.0,1.0,4.0,11.0,1.0,105.0
10,33,treino,9 19 21 22 23 28 30,0 7 8 24,9 24,P,3.0,1.0,3.0,0.0,0.0,1.0,0.0,0.0,6.0,1.0,9.0,3.0,2.0,2.0,2.0,1.0,-145.0
10,17,treino,9 19 21 22 25 26 28 30 31,0 2 3 4 6 7 10 11 14 29,29,P,9.0,1.0,10.0,2.0,3.0,3.0,9.0,0.0,9.0,0.0,14.0,3.0,2.0,3.0,6.0,1.0,170.0
10,5,treino,20 21 22 23 24 25 26 28 29 30 31,0 1 2 3 4 6 7 8 10 11 14,,P,11.0,0.0,12.0,2.0,3.0,4.0,11.0,0.0,11.0,0.0,11.0,2.0,2.0,4.0,11.0,0.0,11.0
10,20,treino,19 21 25 26 28 30 31,0 2 3 4 7 10 11 14 22 29,29,V,7.0,0.0,7.0,1.0,2.0,3.0,5.0,0.0,9.0,1.0,14.0,3.0,3.0,3.0,8.0,1.0,-189.0
10,32,treino,9 19 21 23 26 28 30,0 7 8 24,9 24,V,6.0,1.0,8.0,2.0,2.0,2.0,4.0,1.0,3.0,1.0,3.0,0.0,0.0,1.0,0.0,0.0,328.0
10,37,treino,13 28 30,0 7 8 10,10 13,P,3.0,1.0,3.0,1.0,0.0,1.0,2.0,1.0,2.0,1.0,0.0,1.0,1.0,2.0,0.0,1.0,308.0
10,28,treino,9 19 21 26 28 30 31,0 4 7 29,9 29,V,6.0,1.0,6.0,2.0,2.0,3.0,3.0,0.0,3.0,1.0,2.0,0.0,1.0,1.0,2.0,0.0,422.0
10,24,treino,2 19 21 26 28 30 31,0 3 4 7 10 15 29,2 29,V,6.0,1.0,6.0,1.0,2.0,3.0,3.0,0.0,6.0,1.0,7.0,1.0,2.0,2.0,6.0,1.0,206.0
10,44,treino,26,0 7 18 24,18,V,1.0,0.0,1.0,0.0,0.0,0.0,0.0,0.0,3.0,1.0,7.0,1.0,0.0,1.0,0.0,0.0,-1600.0
10,9,treino,16 22 23 24 25 26 28 29 30 31,0 1 2 3 4 6 7 10 11 14 20,,P,11.0,0.0,15.0,2.0,4.0,4.0,10.0,0.0,10.0,0.0,10.0,1.0,1.0,4.0,9.0,0.0,122.0
10,11,treino,16 21 22 23 25 26 28 29 30 31,0 2 3 4 5 6 7 10 11 14 20,,P,11.0,0.0,16.0,2.0,4.0,3.0,10.0,0.0,10.0,0.0,11.0,2.0,1.0,4.0,9.0,0.0,118.0
10,42,treino,24 26,0 7 17 18,18,V,2.0,0.0,2.0,0.0,0.0,0.0,0.0,0.0,3.0,1.0,5.0,2.0,0.0,1.0,0.0,0.0,-322.0
10,43,treino,21 26,0 7 17 18,18,P,3.0,1.0,5.0,2.0,0.0,1.0,0.0,1.0,2.0,0.0,3.0,1.0,0.0,0.0,0.0,1.0,1600.0
10,10,treino,16 22 23 24 25 26 28 29 30 31,0 2 3 4 5 6 7 10 11 14 20,,V,10.0,0.0,10.0,1.0,1.0,4.0,9.0,0.0,11.0,0.0,16.0,2.0,4.0,3.0,10.0,0.0,-118.0
10,30,treino,9 19 21 26 27 28 30,0 7 8 29,9 29,V,6.0,1.0,7.0,2.0,3.0,2.0,2.0,0.0,3.0,1.0,3.0,0.0,0.0,1.0,0.0,0.0,334.0
10,27,treino,9 19 21 26 28 30 31,0 3 4 29,9 29,P,3.0,1.0,1.0,0.0,2.0,2.0,2.0,0.0,6.0,1.0,6.0,2.0,2.0,3.0,3.0,0.0,-353.0
10,4,treino,20 21 22 24 25 26 27 28 29 30 31,0 1 2 3 4 6 7 8 10 11 14,,V,11.0,0.0,10.0,2.0,3.0,4.0,11.0,0.0,11.0,0.0,12.0,2.0,3.0,4.0,11.0,0.0,4.0
10,21,treino,9 19 21 26 28 30 31,0 2 3 4 7 10 11 29,29,P,7.0,1.0,6.0,1.0,3.0,3.0,7.0,0.0,7.0,0.0,11.0,2.0,2.0,3.0,3.0,0.0,169.0
10,31,treino,9 19 21 23 26 28 30,0 7 8 29,9 29,P,3.0,1.0,3.0,0.0,0.0,1.0,0.0,0.0,6.0,1.0,8.0,2.0,2.0,2.0,4.0,0.0,-345.0
10,35,treino,9 15 23 28 30,0 7 8 26,9 26,P,3.0,1.0,3.0,0.0,0.0,1.0,0.0,0.0,4.0,1.0,6.0,1.0,1.0,2.0,0.0,1.0,110.0
10,19,treino,17 19 21 25 26 28 30 31,0 2 3 4 7 10 11 13 14 29,29,P,9.0,1.0,12.0,3.0,3.0,3.0,8.0,1.0,8.0,0.0,10.0,2.0,2.0,3.0,6.0,2.0,173.0
10,8,treino,21 22 23 24 25 26 28 29 30 31,0 1 2 3 4 6 7 10 11 14 20,,V,10.0,0.0,9.0,2.0,1.0,4.0,10.0,0.0,11.0,0.0,15.0,2.0,4.0,4.0,10.0,0.0,-112.0
10,34,treino,9 19 23 28 30,0 7 8 26,9 26,V,4.0,1.0,5.0,1.0,2.0,2.0,2.0,0.0,3.0,1.0,3.0,0.0,0.0,1.0,0.0,0.0,117.0
10,13,treino,16 21 22 23 24 25 26 28 30 31,0 2 3 4 6 7 8 10 11 14 20,,P,11.0,0.0,17.0,2.0,4.0,3.0,10.0,0.0,10.0,0.0,12.0,2.0,1.0,3.0,10.0,1.0,275.0
10,23,treino,2 19 21 26 28 30 31,0 3 4 7 10 11 29,2 29,P,6.0,1.0,6.0,1.0,3.0,2.0,6.0,0.0,6.0,1.0,6.0,1.0,2.0,3.0,3.0,0.0,6.0
11,42,treino,4 5 14 20 21 27 28 30,7 11 22,4 5,V,6.0,2.0,9.0,2.0,4.0,2.0,0.0,0.0,3.0,0.0,8.0,1.0,1.0,0.0,2.0,0.0,692.0
11,34,treino,0 5 20 24 26 27 28 30,3 10 11 22,0 5,V,6.0,2.0,5.0,0.0,3.0,2.0,7.0,1.0,4.0,0.0,9.0,2.0,2.0,1.0,0.0,1.0,683.0
11,22,treino,11 19 20 22 24 26 28 30 31,2 3 6 7 8 9 10 17,,V,9.0,0.0,14.0,1.0,4.0,3.0,7.0,0.0,8.0,0.0,12.0,3.0,1.0,2.0,6.0,1.0,333.0
11,36,treino,0 5 17 20 24 27 28 30,3 11 15,0 5,V,6.0,2.0,7.0,1.0,3.0,2.0,5.0,0.0,3.0,0.0,5.0,0.0,2.0,1.0,2.0,0.0,690.0
11,44,treino,0 4 14 20 21 27 28 30,7 15 22,0 4,V,6.0,2.0,9.0,2.0,4.0,2.0,2.0,0.0,3.0,0.0,9.0,1.0,0.0,0.0,0.0,0.0,682.0
11,29,treino,0 1 11 20 24 26 27 28 30,2 3 10 14,0 1,P,4.0,0.0,5.0,2.0,1.0,2.0,2.0,0.0,7.0,2.0,10.0,0.0,4.0,2.0,5.0,0.0,-681.0
11,54,treino,4 5 14 20 23 24 30,19 31,4 5 31,V,5.0,2.0,9.0,1.0,2.0,1.0,2.0,1.0,1.0,1.0,4.0,0.0,1.0,0.0,0.0,0.0,635.0
11,6,treino,20 22 24 25 26 27 28 29 30 31,0 1 2 3 4 6 7 8 10 11 21,,V,10.0,0.0,8.0,1.0,3.0,4.0,10.0,0.0,11.0,0.0,14.0,2.0,3.0,4.0,10.0,1.0,-10.0
11,17,treino,18 20 22 23 24 26 28 30 31,2 3 5 6 7 8 10 11 13,,P,9.0,0.0,12.0,2.0,2.0,2.0,9.0,0.0,9.0,0.0,11.0,2.0,2.0,3.0,9.0,0.0,2.0
11,8,treino,16 20 22 24 26 27 28 29 30 31,0 1 2 3 4 6 7 10 11 13,,V,10.0,0.0,10.0,1.0,3.0,4.0,10.0,0.0,10.0,0.0,10.0,2.0,3.0,4.0,9.0,1.0,-6.0
11,40,treino,4 5 17 20 21 27 28 30,7 11 18,4 5,V,6.0,2.0,8.0,2.0,4.0,2.0,2.0,0.0,3.0,0.0,7.0,1.0,1.0,0.0,2.0,0.0,686.0
11,48,treino,0 4 20 21 23 28 30,15 17 22,0 4,V,5.0,2.0,6.0,1.0,3.0,2.0,2.0,1.0,3.0,0.0,12.0,2.0,0.0,0.0,2.0,1.0,649.0
11,51,treino,0 4 14 20 23 24 30,15 26,0 4,P,2.0,0.0,9.0,0.0,0.0,0.0,0.0,0.0,5.0,2.0,9.0,1.0,2.0,1.0,4.0,0.0,-645.0
11,52,treino,0 4 14 20 23 24 30,15 31,0 4 31,V,5.0,2.0,9.0,1.0,2.0,1.0,4.0,0.0,1.0,1.0,3.0,0.0,0.0,0.0,0.0,0.0,620.0
11,27,treino,1 4 11 20 24 26 27 28 30,2 3 7 14,1,P,4.0,0.0,4.0,1.0,1.0,2.0,3.0,0.0,8.0,1.0,16.0,0.0,5.0,2.0,5.0,0.0,-678.0
11,33,treino,0 5 20 24 26 27 28 30,3 10 11 18,0 5,P,4.0,0.0,8.0,2.0,2.0,1.0,0.0,0.0,6.0,2.0,5.0,0.0,3.0,2.0,7.0,0.0,-579.0
11,30,treino,0 1 11 20 24 26 27 28 30,2 3 10 18,0 1,V,7.0,2.0,10.0,0.0,4.0,2.0,5.0,0.0,4.0,0.0,6.0,2.0,1.0,2.0,0.0,0.0,701.0
11,19,treino,18 19 20 22 24 26 28 30 31,2 3 6 7 8 9 10 11 13,,P,9.0,0.0,13.0,3.0,2.0,2.0,9.0,0.0,9.0,0.0,12.0,2.0,3.0,3.0,8.0,0.0,5.0
11,62,treino,4 5 10 16 19 24,26,4 5 26,V,4.0,2.0,12.0,1.0,2.0,0.0,0.0,0.0,0.0,1.0,0.0,0.0,0.0,0.0,0.0,0.0,635.0
11,69,treino,0 7 19 20,1,0 1,P,0.0,1.0,0.0,0.0,0.0,1.0,0.0,0.0,3.0,1.0,11.0,0.0,2.0,0.0,0.0,0.0,-415.0
11,28,treino,1 4 11 20 24 26 27 28 30,2 3 10 14,1,V,8.0,1.0,16.0,0.0,5.0,2.0,5.0,0.0,4.0,0.0,5.0,2.0,1.0,2.0,2.0,0.0,675.0
11,50,treino,0 4 14 20 23 28 30,15 26,0 4,V,5.0,2.0,8.0,1.0,3.0,2.0,2.0,0.0,2.0,0.0,9.0,0.0,0.0,0.0,0.0,0.0,691.0
11,67,treino,0 5 10 13 19 20,17,0 5 17,P,0.0,1.0,0.0,1.0,0.0,0.0,0.0,0.0,4.0,2.0,14.0,2.0,2.0,0.0,2.0,1.0,-343.0
11,39,treino,4 5 17 20 21 27 28 30,3 11 18,4 5,P,3.0,0.0,6.0,1.0,2.0,1.0,0.0,0.0,6.0,2.0,8.0,2.0,4.0,2.0,2.0,0.0,-685.0
11,70,treino,0 7 19 20,5,0 5,V,3.0,1.0,11.0,0.0,2.0,0.0,0.0,0.0,0.0,1.0,0.0,0.0,0.0,0.0,0.0,1.0,1600.0
11,35,treino,0 5 17 20 24 27 28 30,3 10 11,0 5,P,3.0,0.0,4.0,1.0,2.0,1.0,0.0,0.0,6.0,2.0,7.0,1.0,3.0,2.0,5.0,0.0,-689.0
11,5,treino,17 20 22 24 25 26 27 28 29 30 31,0 1 2 3 4 6 7 8 10 11 14,,P,11.0,0.0,12.0,2.0,3.0,4.0,11.0,0.0,11.0,0.0,11.0,2.0,3.0,4.0,11.0,1.0,-3.0
11,14,treino,18 20 24 25 26 27 28 30 31,2 3 4 5 6 7 10 11 13,,V,9.0,0.0,9.0,1.0,3.0,3.0,8.0,0.0,9.0,0.0,11.0,2.0,3.0,2.0,6.0,0.0,-5.0
11,47,treino,0 4 20 21 23 28 30,14 15 22,0 4,P,3.0,0.0,11.0,2.0,0.0,0.0,0.0,0.0,5.0,2.0,6.0,1.0,3.0,2.0,2.0,0.0,-562.0
11,25,treino,4 11 19 20 24 26 27 28 30,2 3 6 7 10 14,,P,6.0,0.0,7.0,2.0,1.0,2.0,6.0,0.0,9.0,0.0,19.0,0.0,6.0,2.0,5.0,0.0,-382.0
11,43,treino,0 4 14 20 21 27 28 30,7 11 22,0 4,P,3.0,0.0,8.0,1.0,1.0,0.0,2.0,0.0,6.0,2.0,9.0,2.0,4.0,2.0,2.0,0.0,-697.0
11,68,treino,0 10 19 20,1,0 1,V,3.0,1.0,10.0,1.0,2.0,0.0,0.0,0.0,0.0,1.0,0.0,0.0,0.0,1.0,0.0,0.0,1600.0
12,35,treino,12 20 22 23 26 27 28,3 11,23,P,2.0,0.0,2.0,0.0,2.0,1.0,0.0,0.0,6.0,1.0,10.0,1.0,4.0,1.0,4.0,0.0,-630.0
12,32,treino,19 20 21 22 26 27 28,3 7 16,19,V,6.0,1.0,8.0,2.0,4.0,1.0,2.0,1.0,3.0,0.0,5.0,0.0,1.0,1.0,2.0,1.0,626.0
12,41,treino,4 18 20 22 26 27 28,7 19,18,P,2.0,0.0,5.0,0.0,1.0,0.0,0.0,0.0,6.0,1.0,12.0,2.0,4.0,1.0,3.0,0.0,-683.0
12,45,treino,0 11 20 22 26 27 28,19,0 11,P,1.0,0.0,4.0,0.0,1.0,0.0,0.0,0.0,5.0,2.0,6.0,1.0,4.0,1.0,2.0,0.0,-1600.0
12,28,treino,1 20 21 26 27 28 29,3 6 7 10 13 25,1,V,6.0,1.0,6.0,1.0,3.0,2.0,0.0,0.0,6.0,0.0,13.0,2.0,1.0,1.0,4.0,1.0,269.0
12,25,treino,1 20 21 25 26 27 28 29,3 6 7 10 13 14,1,P,6.0,0.0,10.0,3.0,1.0,1.0,5.0,0.0,7.0,1.0,7.0,1.0,3.0,2.0,3.0,0.0,-172.0
12,29,treino,1 20 21 22 26 27 28,3 6 7 10 13,1,P,5.0,0.0,7.0,2.0,1.0,1.0,4.0,0.0,6.0,1.0,8.0,2.0,3.0,1.0,2.0,0.0,-291.0
12,27,treino,1 20 21 22 26 27 28 29,3 6 7 10 13 18,1,P,6.0,0.0,11.0,3.0,1.0,1.0,4.0,1.0,7.0,1.0,8.0,2.0,3.0,2.0,2.0,1.0,-281.0
12,39,treino,4 20 22 23 26 27 28,3 19,23,P,2.0,0.0,4.0,0.0,2.0,1.0,0.0,0.0,6.0,1.0,12.0,1.0,4.0,1.0,4.0,0.0,-689.0
12,22,treino,1 20 24 25 27 28 29 31,2 3 7 10 13 14,1,V,7.0,1.0,5.0,0.0,3.0,3.0,7.0,0.0,6.0,0.0,9.0,3.0,1.0,2.0,5.0,0.0,267.0
12,33,treino,12 19 20 22 26 27 28,3 7,19,P,2.0,0.0,1.0,0.0,1.0,1.0,2.0,0.0,6.0,1.0,10.0,1.0,5.0,1.0,2.0,0.0,-625.0
12,14,treino,12 20 23 24 26 27 28 29 30 31,0 2 3 4 5 7 9 10 13 14 22,,V,10.0,0.0,11.0,0.0,4.0,4.0,9.0,0.0,11.0,0.0,18.0,5.0,2.0,3.0,10.0,1.0,187.0
12,9,treino,16 18 20 23 24 26 27 28 29 30 31,0 2 3 4 5 7 8 9 10 11 14,,P,11.0,0.0,14.0,3.0,3.0,3.0,11.0,0.0,11.0,0.0,13.0,1.0,3.0,4.0,11.0,0.0,11.0
12,44,treino,0 18 20 22 26 27 28,15 19,0 18,V,5.0,2.0,6.0,2.0,3.0,1.0,3.0,0.0,2.0,0.0,7.0,0.0,1.0,0.0,2.0,1.0,1600.0
12,42,treino,4 18 20 22 26 27 28,10 19,18,V,6.0,1.0,12.0,2.0,4.0,1.0,3.0,0.0,2.0,0.0,6.0,1.0,1.0,0.0,0.0,0.0,1600.0
12,15,treino,1 12 20 23 24 27 28 29 30 31,0 2 3 4 7 9 10 14,1,P,8.0,0.0,9.0,3.0,2.0,3.0,8.0,0.0,9.0,1.0,10.0,0.0,4.0,4.0,7.0,0.0,-187.0
12,17,treino,1 5 12 20 24 27 28 29 30 31,0 2 3 4 7 10,1,P,6.0,0.0,4.0,1.0,2.0,3.0,6.0,0.0,9.0,1.0,14.0,0.0,4.0,4.0,8.0,1.0,-424.0
12,26,treino,1 20 21 25 26 27 28 29,3 6 7 10 13 18,1,V,7.0,1.0,7.0,1.0,3.0,2.0,3.0,0.0,6.0,0.0,11.0,3.0,1.0,1.0,4.0,0.0,383.0
12,18,treino,1 12 20 24 27 28 29 30 31,2 3 4 7 9 10,1,V,8.0,1.0,8.0,0.0,4.0,4.0,6.0,0.0,6.0,0.0,6.0,2.0,2.0,2.0,4.0,0.0,504.0
12,8,treino,18 20 21 23 24 26 27 28 29 30 31,0 2 3 4 5 7 8 9 10 11 14,,V,11.0,0.0,12.0,2.0,3.0,4.0,11.0,0.0,11.0,0.0,14.0,3.0,3.0,3.0,11.0,0.0,1.0
12,6,treino,20 21 22 23 24 26 27 28 29 30 31,0 2 3 4 5 6 7 8 10 11 14,,V,11.0,0.0,11.0,2.0,3.0,4.0,11.0,0.0,11.0,0.0,13.0,2.0,3.0,3.0,11.0,0.0,17.0
12,20,treino,1 20 24 27 28 29 30 31,2 3 7 9 10 13,1,V,7.0,1.0,4.0,0.0,3.0,4.0,6.0,0.0,6.0,0.0,8.0,3.0,1.0,2.0,6.0,0.0,261.0
12,43,treino,0 18 20 22 26 27 28,10 19,0 18,P,2.0,0.0,6.0,1.0,1.0,0.0,0.0,0.0,5.0,2.0,6.0,2.0,3.0,1.0,3.0,0.0,-788.0
12,36,treino,12 20 22 23 26 27 28,3 15,23,V,6.0,1.0,10.0,1.0,4.0,1.0,4.0,0.0,2.0,0.0,3.0,0.0,1.0,1.0,0.0,0.0,730.0
12,19,treino,1 8 20 24 27 28 29 30 31,2 3 4 7 9 10,1,P,6.0,0.0,6.0,2.0,2.0,2.0,4.0,0.0,8.0,1.0,9.0,0.0,3.0,4.0,6.0,1.0,-278.0
12,4,treino,20 22 23 24 25 26 27 28 29 30 31,0 1 2 3 4 6 7 8 10 11 14,,V,11.0,0.0,10.0,1.0,3.0,4.0,11.0,0.0,11.0,0.0,12.0,2.0,3.0,4.0,11.0,0.0,7.0
12,40,treino,4 20 22 23 26 27 28,7 19,23,V,6.0,1.0,12.0,1.0,4.0,1.0,4.0,0.0,2.0,0.0,5.0,0.0,1.0,0.0,0.0,0.0,680.0
12,38,treino,8 20 22 23 26 27 28,3 19,23,V,6.0,1.0,11.0,1.0,3.0,1.0,4.0,0.0,2.0,0.0,4.0,0.0,2.0,1.0,0.0,0.0,629.0
12,30,treino,1 20 21 22 26 27 28,3 6 7 13 15,1,V,6.0,1.0,8.0,2.0,3.0,1.0,2.0,0.0,5.0,0.0,8.0,1.0,1.0,1.0,2.0,1.0,501.0
12,34,treino,12 19 20 22 26 27 28,3 11,19,V,6.0,1.0,10.0,1.0,5.0,1.0,2.0,0.0,2.0,0.0,2.0,0.0,2.0,1.0,0.0,0.0,626.0
12,16,treino,1 12 20 23 24 27 28 29 30 31,0 2 3 4 7 9 10 18,1,V,9.0,1.0,10.0,0.0,4.0,4.0,7.0,0.0,8.0,0.0,10.0,3.0,2.0,3.0,6.0,1.0,392.0
12,21,treino,1 20 24 25 27 28 29 31,2 3 7 9 10 13,1,P,6.0,0.0,8.0,3.0,1.0,2.0,6.0,0.0,7.0,1.0,5.0,0.0,3.0,3.0,7.0,0.0,-270.0
13,59,treino,9 13,6 11,6,P,1.0,1.0,2.0,0.0,1.0,0.0,0.0,1.0,2.0,0.0,9.0,2.0,0.0,0.0,2.0,0.0,58.0
13,54,treino,14 24,2 7 16,2,V,2.0,0.0,5.0,1.0,0.0,0.0,0.0,0.0,2.0,1.0,5.0,0.0,0.0,1.0,2.0,0.0,-188.0
13,36,treino,4 22 25 27 28,0 7 8 11 26,,V,5.0,0.0,10.0,1.0,3.0,1.0,2.0,0.0,5.0,0.0,11.0,0.0,1.0,1.0,2.0,0.0,-52.0
13,37,treino,4 17 25 27 28,0 7 8 11 26,,P,5.0,0.0,11.0,0.0,1.0,1.0,2.0,0.0,5.0,0.0,11.0,1.0,3.0,1.0,0.0,0.0,43.0
13,63,treino,6 8,1 15,1,P,1.0,1.0,3.0,0.0,0.0,1.0,0.0,0.0,2.0,0.0,11.0,0.0,0.0,0.0,0.0,1.0,181.0
13,26,treino,17 23 25 26 28 29 31,0 3 4 5 9 11 19 24,,V,7.0,0.0,7.0,1.0,1.0,3.0,5.0,0.0,8.0,0.0,16.0,1.0,4.0,2.0,4.0,1.0,-3.0
13,58,treino,13 14,6 11,6,V,2.0,0.0,8.0,2.0,0.0,0.0,0.0,0.0,1.0,1.0,2.0,0.0,1.0,0.0,0.0,0.0,-49.0
13,81,treino,14,10 31,10 14 31,P,0.0,2.0,0.0,1.0,0.0,0.0,0.0,1.0,0.0,1.0,0.0,1.0,0.0,0.0,0.0,1.0,1600.0
13,7,treino,11 19 20 21 22 24 25 27 28 29 30 31,0 1 2 3 4 6 7 8 9 10 13,,P,11.0,0.0,12.0,3.0,2.0,4.0,11.0,0.0,12.0,0.0,17.0,2.0,5.0,4.0,10.0,0.0,-107.0
13,29,treino,13 20 23 25 26 28 31,0 3 5 8 9 11 19,,P,7.0,0.0,11.0,1.0,3.0,2.0,4.0,2.0,7.0,0.0,10.0,1.0,2.0,2.0,3.0,1.0,107.0
13,40,treino,4 17 22 27 28,0 7 11 12 30,30,V,5.0,0.0,12.0,2.0,3.0,1.0,2.0,0.0,4.0,1.0,6.0,0.0,2.0,1.0,2.0,0.0,-54.0
13,73,treino,12,1 23,1 12,P,1.0,1.0,5.0,0.0,0.0,1.0,0.0,0.0,0.0,1.0,0.0,0.0,1.0,0.0,0.0,0.0,124.0
13,52,treino,23 24,2 7 12 18,2,V,2.0,0.0,3.0,0.0,0.0,0.0,0.0,1.0,3.0,1.0,8.0,1.0,1.0,1.0,2.0,1.0,-190.0
13,6,treino,11 20 21 22 23 24 25 27 28 29 30 31,0 1 2 3 4 6 7 8 9 10 13,,V,12.0,0.0,16.0,2.0,4.0,4.0,11.0,0.0,11.0,0.0,12.0,3.0,2.0,4.0,11.0,0.0,122.0
13,5,treino,11 20 21 22 23 24 25 27 28 29 30 31,0 1 2 3 4 5 6 7 8 10 13,,P,11.0,0.0,11.0,2.0,2.0,4.0,11.0,0.0,12.0,0.0,16.0,2.0,4.0,4.0,11.0,0.0,-122.0
13,20,treino,11 17 25 27 28 29 30 31,0 2 3 4 5 9 15 20,,V,8.0,0.0,10.0,1.0,3.0,4.0,5.0,0.0,8.0,0.0,12.0,1.0,3.0,3.0,4.0,0.0,2.0
13,44,treino,0 14 22 27 28,5 7 11 12 25,0 25,V,4.0,1.0,7.0,2.0,2.0,1.0,0.0,1.0,4.0,1.0,7.0,0.0,2.0,0.0,2.0,1.0,7.0
13,45,treino,9 14 22 27 28,7 11 12 25,9 25,P,3.0,1.0,6.0,0.0,2.0,0.0,2.0,0.0,4.0,1.0,7.0,3.0,2.0,1.0,2.0,1.0,-4.0
13,8,treino,11 19 20 21 22 24 25 27 28 29 30 31,0 1 2 3 4 6 7 8 9 13 15,,V,12.0,0.0,17.0,2.0,5.0,4.0,10.0,0.0,11.0,0.0,13.0,2.0,2.0,4.0,10.0,1.0,107.0
13,61,treino,8 9,1 11,1,P,1.0,1.0,2.0,0.0,1.0,1.0,0.0,0.0,2.0,0.0,10.0,1.0,0.0,0.0,0.0,0.0,52.0
13,65,treino,5,10 15,10,P,1.0,1.0,3.0,1.0,0.0,0.0,2.0,0.0,1.0,0.0,6.0,0.0,0.0,0.0,0.0,0.0,124.0
13,71,treino,8,6 23,6 8,P,1.0,1.0,5.0,0.0,0.0,0.0,0.0,0.0,0.0,1.0,0.0,0.0,0.0,0.0,0.0,0.0,119.0
13,18,treino,11 24 25 27 28 29 30 31,0 1 2 3 4 9 15 20 21,,V,8.0,0.0,8.0,0.0,3.0,4.0,7.0,0.0,9.0,0.0,16.0,2.0,3.0,4.0,2.0,1.0,-3.0
13,12,treino,11 21 22 24 25 27 28 29 30 31,0 1 2 3 4 6 8 9 14 20,,V,10.0,0.0,12.0,2.0,3.0,4.0,9.0,0.0,10.0,0.0,14.0,2.0,3.0,4.0,8.0,0.0,9.0
13,24,treino,17 25 26 27 28 29 31,0 3 4 5 9 11 19 20,,V,7.0,0.0,6.0,1.0,2.0,3.0,5.0,0.0,8.0,0.0,15.0,1.0,5.0,2.0,4.0,0.0,-110.0
13,51,treino,23 24,2 7 12 15,2,P,3.0,1.0,7.0,0.0,1.0,1.0,2.0,0.0,2.0,0.0,3.0,0.0,0.0,0.0,0.0,0.0,304.0
13,69,treino,4,10 23,4 10,P,1.0,1.0,5.0,1.0,0.0,0.0,0.0,0.0,0.0,1.0,0.0,0.0,1.0,0.0,0.0,0.0,126.0
13,78,treino,13,10 27,10 13,V,0.0,1.0,0.0,1.0,0.0,0.0,0.0,0.0,1.0,1.0,6.0,1.0,1.0,0.0,0.0,0.0,-180.0
13,75,treino,16,1 27,1 16,P,1.0,1.0,6.0,0.0,1.0,1.0,0.0,0.0,0.0,1.0,0.0,0.0,0.0,0.0,0.0,0.0,178.0
13,35,treino,4 22 23 25 27 28,0 7 8 11 19,,P,5.0,0.0,9.0,0.0,2.0,1.0,2.0,0.0,6.0,0.0,12.0,1.0,3.0,1.0,4.0,1.0,-10.0
13,57,treino,13 14,6 7,6,P,1.0,1.0,1.0,0.0,0.0,0.0,0.0,0.0,2.0,0.0,8.0,2.0,0.0,0.0,0.0,0.0,50.0
13,80,treino,9,10 31,9 10 31,V,0.0,1.0,0.0,1.0,0.0,0.0,0.0,0.0,0.0,2.0,0.0,1.0,0.0,0.0,0.0,0.0,-182.0
14,98,treino,1 3 6 11 18,21,1 3 6 18 21,V,1.0,4.0,5.0,1.0,2.0,0.0,2.0,0.0,0.0,1.0,0.0,1.0,0.0,0.0,0.0,0.0,672.0
14,119,treino,1 6 7 11 25,29,1 6 7 25 29,P,0.0,1.0,0.0,0.0,0.0,0.0,0.0,0.0,1.0,4.0,5.0,0.0,1.0,0.0,4.0,1.0,-486.0
14,44,treino,0 3 6 18 19 28,10 27,0 3 27,V,4.0,2.0,12.0,1.0,3.0,1.0,0.0,0.0,1.0,1.0,2.0,1.0,1.0,0.0,0.0,0.0,640.0
14,43,treino,0 3 6 18 19 28,10 31,0 3 31,P,1.0,1.0,2.0,1.0,0.0,0.0,0.0,0.0,4.0,2.0,12.0,1.0,3.0,1.0,0.0,0.0,-580.0
14,28,treino,0 3 19 20 28 29 30 31,1 4 10 11 25,0 3,V,6.0,2.0,5.0,0.0,4.0,4.0,0.0,0.0,5.0,0.0,11.0,1.0,2.0,1.0,0.0,1.0,571.0
14,67,treino,1 3 6 11 15 21,25,1 3 6 11 25,P,0.0,1.0,0.0,0.0,0.0,0.0,0.0,0.0,2.0,4.0,6.0,1.0,2.0,0.0,4.0,1.0,-674.0
14,48,treino,0 2 3 18 19 24,14 31,0 2 3 31,V,3.0,3.0,7.0,1.0,2.0,0.0,0.0,1.0,1.0,1.0,3.0,1.0,0.0,0.0,0.0,1.0,695.0
14,106,treino,3 6 8 11 18,28,3 6 8 18 28,V,1.0,4.0,5.0,1.0,2.0,0.0,0.0,0.0,0.0,1.0,0.0,0.0,1.0,0.0,0.0,0.0,672.0
14,13,treino,16 20 23 24 26 28 29 30 31,0 1 2 3 4 8 9 11 15,,P,9.0,0.0,10.0,1.0,3.0,4.0,5.0,0.0,9.0,0.0,9.0,0.0,2.0,4.0,9.0,0.0,-7.0
14,112,treino,1 6 7 11 18,24,1 6 7 18 24,V,1.0,4.0,5.0,1.0,1.0,0.0,4.0,0.0,0.0,1.0,0.0,0.0,0.0,0.0,0.0,0.0,672.0
14,117,treino,1 6 7 11 22,24,1 6 7 22 24,P,0.0,1.0,0.0,0.0,0.0,0.0,0.0,0.0,1.0,4.0,5.0,1.0,1.0,0.0,4.0,0.0,-672.0
14,39,treino,0 3 18 19 20 28,6 10 12 31,0 3 31,P,3.0,1.0,6.0,1.0,1.0,0.0,2.0,0.0,4.0,2.0,8.0,1.0,4.0,1.0,0.0,0.0,-302.0
14,77,treino,1 2 3 7 11,16,1 2 3 7 16,P,0.0,1.0,0.0,0.0,0.0,0.0,0.0,0.0,1.0,4.0,5.0,0.0,2.0,0.0,4.0,0.0,-668.0
14,118,treino,1 6 7 11 22,29,1 6 7 22 29,V,1.0,4.0,5.0,1.0,1.0,0.0,4.0,0.0,0.0,1.0,0.0,0.0,0.0,0.0,0.0,0.0,678.0
14,49,treino,0 2 3 9 19 24,31,0 2 3 31,P,0.0,1.0,0.0,0.0,0.0,0.0,0.0,0.0,3.0,3.0,9.0,1.0,2.0,0.0,0.0,0.0,-704.0
14,103,treino,1 3 8 11 18,29,1 3 8 18 29,P,0.0,1.0,0.0,0.0,0.0,0.0,0.0,0.0,1.0,4.0,5.0,1.0,2.0,0.0,0.0,0.0,-672.0
14,76,treino,1 2 3 7 15,16,1 2 3 7 16,V,1.0,4.0,4.0,0.0,1.0,0.0,3.0,0.0,0.0,1.0,0.0,0.0,0.0,0.0,0.0,0.0,669.0
14,21,treino,3 16 20 21 23 28 29 30 31,1 4 5 8 9 10 11,3,P,7.0,0.0,10.0,2.0,2.0,1.0,5.0,0.0,8.0,1.0,9.0,1.0,3.0,4.0,3.0,0.0,-281.0
14,19,treino,3 16 20 21 26 28 29 30 31,1 4 5 6 8 9 11,3,P,7.0,0.0,9.0,1.0,2.0,1.0,6.0,0.0,8.0,1.0,8.0,1.0,3.0,4.0,6.0,0.0,-291.0
14,25,treino,0 3 16 20 23 28 29 30 31,1 4 10 11 12,0 3,P,5.0,0.0,8.0,1.0,3.0,1.0,0.0,0.0,7.0,2.0,7.0,0.0,3.0,4.0,2.0,1.0,-468.0
14,104,treino,1 3 8 11 18,24,1 3 8 18 24,V,1.0,4.0,5.0,1.0,2.0,0.0,0.0,0.0,0.0,1.0,0.0,0.0,0.0,0.0,0.0,0.0,666.0
14,84,treino,3 6 7 10 11,17,3 6 7 10 17,V,1.0,4.0,5.0,1.0,2.0,0.0,5.0,0.0,0.0,1.0,0.0,1.0,0.0,0.0,0.0,0.0,677.0
14,56,treino,3 5 9 11 19 24,23,3 5 11 23,V,3.0,3.0,9.0,1.0,3.0,0.0,2.0,0.0,0.0,1.0,0.0,0.0,0.0,0.0,0.0,0.0,708.0
14,105,treino,3 6 8 11 18,24,3 6 8 18 24,P,0.0,1.0,0.0,0.0,0.0,0.0,0.0,0.0,1.0,4.0,5.0,1.0,2.0,0.0,0.0,0.0,-666.0
14,109,treino,5 6 7 11 18,24,5 6 7 18 24,P,0.0,1.0,0.0,0.0,0.0,0.0,0.0,0.0,1.0,4.0,5.0,1.0,1.0,0.0,2.0,0.0,-675.0
14,69,treino,1 6 7 11 15,16,1 6 7 11 16,P,0.0,1.0,0.0,0.0,0.0,0.0,0.0,0.0,1.0,4.0,4.0,0.0,1.0,0.0,5.0,0.0,-672.0
14,53,treino,3 5 7 9 19 24,23,3 5 7 23,P,0.0,1.0,0.0,0.0,0.0,0.0,0.0,0.0,3.0,3.0,9.0,1.0,2.0,0.0,4.0,0.0,-712.0
14,91,treino,1 3 7 11 14,28,1 3 7 14 28,P,0.0,1.0,0.0,0.0,1.0,0.0,0.0,0.0,1.0,4.0,5.0,1.0,2.0,0.0,3.0,0.0,-677.0
14,123,treino,1 7 11 15,18,1 7 15 18,P,0.0,1.0,0.0,1.0,0.0,0.0,0.0,1.0,1.0,3.0,5.0,0.0,1.0,0.0,3.0,0.0,-486.0
14,51,treino,0 3 7 9 19 24,26,0 3 7 26,P,0.0,1.0,0.0,0.0,0.0,0.0,0.0,0.0,3.0,3.0,9.0,1.0,2.0,0.0,2.0,0.0,-706.0
14,127,treino,1 3 10 11,18,1 3 10 18,P,0.0,1.0,0.0,1.0,0.0,0.0,0.0,0.0,1.0,3.0,5.0,1.0,2.0,0.0,0.0,0.0,-489.0
14,74,treino,1 2 3 11 15,20,1 2 3 11 20,V,1.0,4.0,4.0,0.0,2.0,0.0,2.0,0.0,0.0,1.0,0.0,0.0,1.0,0.0,0.0,0.0,668.0
15,18,treino,8 17 19 20 24 27 28 29 30 31,1 2 3 5 6 7 10 12 23,,V,10.0,0.0,15.0,1.0,4.0,4.0,6.0,0.0,9.0,0.0,13.0,1.0,2.0,3.0,7.0,1.0,221.0
15,27,treino,1 14 17 19 24 28 29 30 31,2 3 6 7 12 15,1,P,6.0,0.0,8.0,0.0,2.0,2.0,4.0,2.0,8.0,1.0,11.0,2.0,2.0,4.0,5.0,0.0,-385.0
15,22,treino,13 17 18 19 24 28 29 30 31,1 2 3 6 7 10 12,,V,9.0,0.0,14.0,3.0,2.0,4.0,5.0,0.0,7.0,0.0,7.0,1.0,2.0,3.0,6.0,0.0,226.0
15,42,treino,3 10 17 20 29 30 31,28,3 10 28,V,5.0,2.0,5.0,2.0,2.0,3.0,0.0,0.0,0.0,1.0,0.0,0.0,1.0,0.0,0.0,0.0,1600.0
15,11,treino,8 19 20 22 24 25 27 28 29 30 31,1 2 3 5 6 7 9 10 11 12,,P,10.0,0.0,12.0,2.0,3.0,3.0,9.0,0.0,11.0,0.0,15.0,1.0,4.0,4.0,9.0,0.0,-91.0
15,29,treino,1 10 14 17 24 28 29 30 31,2 3 6 11 12,1,P,5.0,0.0,6.0,0.0,3.0,2.0,2.0,0.0,8.0,1.0,13.0,3.0,1.0,4.0,6.0,1.0,-410.0
15,39,treino,3 10 17 20 28 29 30 31,16,3 10,P,1.0,0.0,4.0,0.0,0.0,0.0,0.0,1.0,6.0,2.0,5.0,2.0,3.0,4.0,0.0,0.0,-909.0
15,19,treino,8 17 18 19 20 24 28 29 30 31,1 2 3 5 6 7 10 12,,P,8.0,0.0,8.0,1.0,2.0,3.0,7.0,0.0,10.0,0.0,17.0,2.0,3.0,4.0,4.0,0.0,-234.0
15,36,treino,3 17 19 24 28 29 30 31,12 15,3 19,V,6.0,2.0,4.0,1.0,3.0,4.0,3.0,0.0,2.0,0.0,6.0,0.0,1.0,0.0,0.0,1.0,901.0
15,5,treino,19 20 21 24 25 26 27 28 29 30 31,0 1 2 3 5 6 7 9 10 11 13,,P,11.0,0.0,12.0,3.0,2.0,4.0,11.0,0.0,11.0,0.0,11.0,1.0,4.0,4.0,10.0,0.0,16.0
15,33,treino,1 3 17 24 28 29 30 31,2 11 12 15,1 3,P,4.0,0.0,8.0,0.0,2.0,1.0,2.0,0.0,6.0,2.0,4.0,1.0,2.0,4.0,3.0,0.0,-572.0
15,26,treino,8 14 17 19 24 28 29 30 31,2 3 5 6 7 12 15,,V,9.0,0.0,16.0,2.0,2.0,4.0,5.0,0.0,7.0,0.0,9.0,0.0,2.0,2.0,4.0,2.0,510.0
15,30,treino,1 14 17 24 28 29 30 31,2 3 11 12 15,1,V,7.0,1.0,8.0,2.0,1.0,4.0,5.0,0.0,5.0,0.0,8.0,0.0,3.0,2.0,2.0,0.0,405.0
15,24,treino,13 14 17 19 24 28 29 30 31,2 3 5 6 7 10 12,,V,9.0,0.0,15.0,3.0,2.0,4.0,6.0,0.0,7.0,0.0,8.0,1.0,2.0,2.0,5.0,0.0,270.0
15,23,treino,13 14 17 19 24 28 29 30 31,1 2 3 6 7 10 12,,P,7.0,0.0,7.0,1.0,2.0,3.0,6.0,0.0,9.0,0.0,15.0,3.0,2.0,4.0,6.0,0.0,-226.0
15,38,treino,3 10 17 24 28 29 30 31,16,3 10,V,6.0,2.0,4.0,2.0,2.0,4.0,3.0,0.0,1.0,0.0,4.0,0.0,0.0,0.0,0.0,0.0,1600.0
15,32,treino,1 10 17 24 28 29 30 31,2 7 11 12 15,1,V,7.0,1.0,9.0,2.0,1.0,4.0,3.0,1.0,5.0,0.0,9.0,0.0,2.0,1.0,4.0,1.0,566.0
15,6,treino,19 20 21 24 25 26 27 28 29 30 31,1 2 3 4 5 6 7 9 10 11 13,,V,11.0,0.0,11.0,1.0,4.0,4.0,10.0,0.0,11.0,0.0,13.0,3.0,3.0,3.0,10.0,0.0,-0.0
15,9,treino,17 19 20 22 24 25 27 28 29 30 31,1 2 3 5 6 7 8 9 10 11 13,,P,11.0,0.0,14.0,3.0,2.0,3.0,11.0,0.0,11.0,0.0,13.0,2.0,4.0,4.0,10.0,0.0,15.0
15,14,treino,8 19 20 21 22 24 27 28 29 30 31,1 2 3 5 6 7 10 11 12 18,,V,11.0,0.0,16.0,2.0,4.0,4.0,7.0,1.0,10.0,0.0,14.0,2.0,3.0,3.0,8.0,1.0,108.0
15,7,treino,19 20 21 22 24 25 27 28 29 30 31,1 2 3 4 5 6 7 9 10 11 13,,P,11.0,0.0,13.0,3.0,3.0,3.0,10.0,0.0,11.0,0.0,12.0,2.0,4.0,4.0,10.0,0.0,5.0
15,43,treino,3 10 17 20 24 30 31,28,3 10 28,P,0.0,1.0,0.0,0.0,1.0,0.0,0.0,0.0,5.0,2.0,6.0,2.0,2.0,2.0,2.0,1.0,-1600.0
15,37,treino,3 10 17 24 28 29 30 31,12,3 10,P,1.0,0.0,3.0,0.0,1.0,0.0,0.0,0.0,6.0,2.0,4.0,2.0,2.0,4.0,3.0,0.0,-1600.0
15,34,treino,1 3 17 24 28 29 30 31,6 11 12 15,1 3,V,6.0,2.0,4.0,1.0,2.0,4.0,3.0,0.0,4.0,0.0,9.0,0.0,2.0,0.0,2.0,1.0,789.0
15,40,treino,3 10 17 20 28 29 30 31,21,3 10,V,6.0,2.0,5.0,2.0,3.0,4.0,0.0,0.0,1.0,0.0,5.0,1.0,0.0,0.0,0.0,0.0,1600.0
15,15,treino,8 15 19 20 21 24 27 28 29 30 31,1 2 3 5 6 7 10 11 12,,P,9.0,0.0,10.0,1.0,3.0,3.0,8.0,0.0,11.0,0.0,18.0,1.0,4.0,4.0,9.0,1.0,-113.0
15,35,treino,3 17 19 24 28 29 30 31,11 12,3 19,P,2.0,0.0,5.0,0.0,2.0,0.0,0.0,0.0,6.0,2.0,4.0,1.0,3.0,4.0,3.0,0.0,-803.0
15,10,treino,17 19 20 22 24 25 27 28 29 30 31,1 2 3 5 6 7 9 10 11 12 13,,V,11.0,0.0,13.0,2.0,4.0,4.0,10.0,0.0,11.0,0.0,15.0,3.0,3.0,3.0,10.0,1.0,91.0
15,20,treino,8 17 18 19 20 24 28 29 30 31,1 2 3 5 6 7 10 16,,V,10.0,0.0,17.0,2.0,3.0,4.0,4.0,1.0,8.0,0.0,9.0,1.0,1.0,3.0,7.0,1.0,234.0
15,16,treino,8 19 20 21 24 27 28 29 30 31,1 2 3 5 6 7 10 12 18,,V,10.0,0.0,14.0,1.0,4.0,4.0,7.0,0.0,9.0,0.0,12.0,2.0,2.0,3.0,7.0,0.0,104.0
15,13,treino,8 19 20 21 22 24 27 28 29 30 31,1 2 3 5 6 7 10 11 12 14,,P,10.0,0.0,13.0,2.0,3.0,3.0,9.0,0.0,11.0,0.0,16.0,2.0,4.0,4.0,7.0,0.0,-108.0
15,25,treino,8 14 17 19 24 28 29 30 31,2 3 5 6 7 10 12,,P,7.0,0.0,8.0,1.0,2.0,2.0,5.0,1.0,9.0,0.0,16.0,2.0,2.0,4.0,5.0,0.0,-270.0
16,7,treino,14 16 20 24 25 26 27 28 29 30 31,0 1 2 3 4 5 6 7 8 9 17,,P,11.0,0.0,12.0,2.0,2.0,4.0,10.0,0.0,11.0,0.0,13.0,1.0,3.0,4.0,10.0,1.0,-19.0
16,32,treino,13 15 16 24 26 27 28,1 2 5 6 11 14,,V,7.0,0.0,14.0,1.0,2.0,1.0,4.0,1.0,6.0,0.0,7.0,1.0,1.0,2.0,4.0,0.0,1.0
16,102,treino,6 8 13 14,26 27,6 14 26 27,V,2.0,2.0,9.0,2.0,0.0,0.0,2.0,0.0,0.0,2.0,0.0,0.0,1.0,0.0,0.0,0.0,249.0
16,92,treino,1 8 10 20,26 27 31,1 10 26 27 31,V,2.0,2.0,7.0,1.0,1.0,0.0,0.0,0.0,0.0,3.0,0.0,0.0,1.0,0.0,3.0,0.0,44.0
16,38,treino,8 12 24 26 28,1 5 6 7 14 27,,V,5.0,0.0,11.0,0.0,2.0,1.0,4.0,0.0,6.0,0.0,12.0,1.0,1.0,1.0,3.0,0.0,-155.0
16,48,treino,4 8 20 28,1 6 7 9 26 27,26,V,4.0,0.0,13.0,0.0,3.0,1.0,2.0,0.0,5.0,1.0,10.0,1.0,1.0,1.0,3.0,0.0,-288.0
16,85,treino,8 10 14 20,26 27 31,10 14 26 27 31,P,0.0,3.0,0.0,0.0,1.0,0.0,3.0,0.0,2.0,2.0,7.0,2.0,1.0,0.0,2.0,0.0,-52.0
16,16,treino,20 24 26 27 28 29 30 31,0 1 2 3 6 7 13 14 18,,V,8.0,0.0,5.0,0.0,3.0,4.0,8.0,0.0,9.0,0.0,12.0,3.0,1.0,4.0,7.0,0.0,-106.0
16,33,treino,12 13 15 24 26 27 28,1 2 5 6 11 14,,P,6.0,0.0,7.0,1.0,1.0,2.0,4.0,0.0,7.0,0.0,15.0,1.0,3.0,1.0,2.0,1.0,1.0
16,91,treino,1 8 10 20,23 26 31,1 10 23 26 31,P,0.0,3.0,0.0,0.0,0.0,0.0,3.0,0.0,2.0,2.0,7.0,1.0,1.0,0.0,0.0,0.0,-46.0
16,42,treino,8 12 24 28,1 5 6 7 23 31,31,V,4.0,0.0,10.0,0.0,2.0,1.0,4.0,0.0,5.0,1.0,8.0,0.0,0.0,1.0,3.0,0.0,-276.0
16,67,treino,4 6 16 20,18 23 31,4 6 18 31,P,1.0,2.0,5.0,1.0,0.0,0.0,2.0,0.0,2.0,2.0,5.0,0.0,2.0,0.0,2.0,0.0,-99.0
16,59,treino,0 10 16 28,18 22 31,0 10 22 31,P,1.0,2.0,4.0,2.0,0.0,0.0,2.0,0.0,2.0,2.0,3.0,1.0,1.0,1.0,0.0,0.0,-104.0
16,34,treino,12 13 24 26 27 28,1 2 5 6 14 18,,V,6.0,0.0,11.0,1.0,3.0,1.0,2.0,0.0,6.0,0.0,9.0,2.0,0.0,2.0,6.0,0.0,-16.0
16,103,treino,4 6 13 14,26 27,6 14 26 27,P,0.0,2.0,0.0,0.0,1.0,0.0,0.0,0.0,2.0,2.0,10.0,2.0,1.0,0.0,0.0,0.0,-296.0
16,100,treino,6 8 14 20,16 27 31,6 14 16 27 31,V,2.0,2.0,7.0,1.0,1.0,0.0,0.0,0.0,0.0,3.0,0.0,0.0,1.0,0.0,2.0,1.0,243.0
16,52,treino,0 8 16 28,5 6 7 9 22 27,0 22,V,3.0,1.0,8.0,0.0,1.0,1.0,0.0,1.0,5.0,1.0,11.0,2.0,1.0,0.0,3.0,1.0,-67.0
16,53,treino,0 1 16 28,6 7 9 22 27,0 1 22,P,4.0,1.0,10.0,2.0,1.0,0.0,2.0,1.0,2.0,2.0,3.0,0.0,1.0,1.0,0.0,0.0,45.0
16,72,treino,1 8 16 20,18 26 31,1 8 18 26 31,V,2.0,2.0,5.0,0.0,1.0,0.0,2.0,0.0,0.0,3.0,0.0,1.0,0.0,0.0,2.0,0.0,34.0
16,35,treino,8 12 24 26 27 28,1 2 5 6 14 18,,P,6.0,0.0,9.0,2.0,0.0,2.0,6.0,0.0,6.0,0.0,12.0,0.0,3.0,1.0,4.0,0.0,7.0
16,15,treino,8 20 24 26 27 28 29 30 31,0 1 2 3 4 6 7 14 18,,P,9.0,0.0,10.0,2.0,2.0,4.0,9.0,0.0,9.0,0.0,10.0,0.0,3.0,4.0,8.0,1.0,106.0
16,27,treino,13 20 22 24 26 27 28,0 1 2 6 7 14 15,,P,7.0,0.0,8.0,1.0,0.0,3.0,4.0,0.0,7.0,0.0,11.0,2.0,3.0,1.0,5.0,0.0,10.0
16,4,treino,16 18 20 23 24 25 26 27 28 29 30 31,0 1 2 3 4 5 6 7 8 9 11 17,,V,12.0,0.0,14.0,1.0,3.0,4.0,12.0,0.0,12.0,0.0,14.0,2.0,3.0,4.0,11.0,0.0,17.0
16,93,treino,1 8 14 20,26 27 31,1 14 26 27 31,P,0.0,3.0,0.0,0.0,1.0,0.0,3.0,0.0,2.0,2.0,7.0,1.0,1.0,0.0,0.0,0.0,-44.0
16,13,treino,9 12 20 24 26 27 28 29 30 31,0 1 2 3 4 5 6 7 18,,P,9.0,0.0,8.0,1.0,2.0,4.0,8.0,0.0,10.0,0.0,14.0,1.0,4.0,4.0,8.0,1.0,-12.0
16,37,treino,8 12 23 24 26 28,1 5 6 7 14 18,,P,6.0,0.0,10.0,2.0,0.0,1.0,5.0,0.0,6.0,0.0,13.0,0.0,2.0,1.0,6.0,1.0,95.0
16,104,treino,4 6 13 14,23 26,6 14 23 26,V,2.0,2.0,10.0,2.0,1.0,0.0,0.0,0.0,0.0,2.0,0.0,0.0,0.0,0.0,2.0,0.0,298.0
16,90,treino,6 8 10 20,23 26 31,6 10 23 26 31,V,2.0,2.0,7.0,1.0,1.0,0.0,2.0,0.0,0.0,3.0,0.0,0.0,0.0,0.0,3.0,0.0,48.0
16,43,treino,8 12 20 28,1 5 6 7 23 31,31,P,5.0,1.0,8.0,0.0,0.0,1.0,3.0,0.0,4.0,0.0,11.0,0.0,3.0,1.0,2.0,0.0,276.0
16,18,treino,20 24 27 28 29 30 31,0 1 2 3 6 7 13 14 25,,V,7.0,0.0,4.0,0.0,3.0,4.0,6.0,0.0,9.0,0.0,14.0,2.0,1.0,4.0,5.0,1.0,-118.0
16,97,treino,1 8 14 20,25 27 31,1 14 25 27 31,P,0.0,3.0,0.0,0.0,1.0,0.0,2.0,0.0,2.0,2.0,7.0,1.0,1.0,0.0,0.0,0.0,-44.0
16,5,treino,15 16 20 23 24 25 26 27 28 29 30 31,0 1 2 3 4 5 6 7 8 9 11 17,,P,12.0,0.0,14.0,2.0,3.0,4.0,11.0,0.0,12.0,0.0,15.0,0.0,3.0,4.0,11.0,1.0,122.0
17,131,treino,0 1 5,21 29 31,0 1 5 29 31,P,1.0,2.0,5.0,1.0,0.0,0.0,0.0,0.0,0.0,3.0,0.0,0.0,0.0,0.0,3.0,0.0,-61.0
17,88,treino,3 5 7,16 20 23 30,3 5 20 23 30,V,1.0,2.0,6.0,0.0,1.0,0.0,2.0,0.0,1.0,3.0,4.0,0.0,1.0,0.0,2.0,0.0,-124.0
17,41,treino,11 27 31,3 5 6 8 14 20,20,P,5.0,1.0,7.0,1.0,2.0,1.0,2.0,0.0,3.0,0.0,6.0,0.0,2.0,1.0,2.0,0.0,409.0
17,117,treino,1 5 7,18 21 29,1 5 7 18 29,P,1.0,2.0,5.0,2.0,0.0,0.0,0.0,0.0,0.0,3.0,0.0,0.0,0.0,0.0,2.0,0.0,-59.0
17,149,treino,0 8,18 24 28,0 8 18 24 28,P,0.0,3.0,0.0,1.0,1.0,0.0,2.0,0.0,0.0,2.0,0.0,0.0,0.0,0.0,0.0,0.0,186.0
17,115,treino,0 1 7,18 21 24,0 1 7 18 24,P,1.0,2.0,5.0,2.0,0.0,0.0,2.0,0.0,0.0,3.0,0.0,0.0,0.0,0.0,0.0,0.0,-53.0
17,15,treino,9 20 23 24 26 27 28 30 31,0 1 2 3 4 5 7 10 16,,P,9.0,0.0,9.0,1.0,2.0,4.0,8.0,1.0,9.0,0.0,12.0,1.0,3.0,3.0,8.0,1.0,4.0
17,96,treino,2 5 7,14 16 24 26,2 5 7 14 24 26,V,0.0,3.0,0.0,0.0,0.0,0.0,2.0,0.0,1.0,3.0,4.0,1.0,0.0,0.0,0.0,0.0,-110.0
17,132,treino,0 1 5,21 24 31,0 1 5 24 31,V,0.0,3.0,0.0,0.0,0.0,0.0,3.0,0.0,1.0,2.0,5.0,1.0,0.0,0.0,2.0,0.0,59.0
17,103,treino,0 2 11,14 21 24 26,0 2 11 14 24 26,P,1.0,3.0,5.0,2.0,0.0,0.0,2.0,0.0,0.0,3.0,0.0,0.0,1.0,0.0,0.0,0.0,131.0
17,111,treino,0 3 10,13 18 21 24,0 3 10 13 18 24,P,1.0,3.0,5.0,3.0,0.0,0.0,2.0,0.0,0.0,3.0,0.0,1.0,1.0,0.0,0.0,0.0,130.0
17,68,treino,10 11 19,8 13 20 23,11 20,V,2.0,1.0,8.0,1.0,2.0,0.0,0.0,0.0,3.0,1.0,10.0,1.0,1.0,0.0,2.0,0.0,-105.0
17,106,treino,0 2 7,17 21 22 24,0 2 7 17 22 24,V,0.0,3.0,0.0,0.0,0.0,0.0,2.0,0.0,1.0,3.0,5.0,3.0,0.0,0.0,4.0,0.0,-136.0
17,121,treino,1 4 7,21 22 24,1 4 7 22 24,P,1.0,2.0,5.0,2.0,0.0,0.0,2.0,0.0,0.0,3.0,0.0,0.0,1.0,0.0,0.0,0.0,-52.0
17,89,treino,0 3 7,16 20 23 30,0 3 20 23 30,P,1.0,3.0,4.0,0.0,1.0,0.0,2.0,0.0,1.0,2.0,6.0,0.0,1.0,0.0,2.0,0.0,124.0
17,63,treino,7 15 19,8 9 18 24,7 24,P,3.0,1.0,8.0,2.0,0.0,0.0,0.0,0.0,2.0,1.0,7.0,0.0,1.0,0.0,2.0,0.0,113.0
17,66,treino,11 15 19,8 13 18 20,11 20,V,2.0,1.0,7.0,0.0,2.0,0.0,3.0,0.0,3.0,1.0,9.0,2.0,1.0,0.0,2.0,0.0,-116.0
17,34,treino,14 18 27 28 31,3 5 6 7 8 25,,V,5.0,0.0,8.0,2.0,2.0,2.0,4.0,0.0,6.0,0.0,11.0,0.0,1.0,1.0,4.0,0.0,-155.0
17,44,treino,11 26 27,5 7 8 10 14 20,20,V,3.0,0.0,7.0,0.0,2.0,0.0,0.0,0.0,5.0,1.0,9.0,2.0,1.0,0.0,5.0,1.0,-248.0
17,64,treino,7 15 19,8 13 18 24,7 24,V,2.0,1.0,7.0,0.0,1.0,0.0,2.0,0.0,3.0,1.0,9.0,2.0,0.0,0.0,2.0,0.0,-113.0
17,107,treino,0 2 10,17 21 22 24,0 2 10 17 22 24,P,1.0,3.0,5.0,3.0,0.0,0.0,4.0,0.0,0.0,3.0,0.0,1.0,0.0,0.0,0.0,0.0,132.0
17,5,treino,16 20 23 24 25 26 27 28 29 30 31,0 1 2 3 4 5 6 7 8 9 14 18,,P,12.0,0.0,15.0,3.0,2.0,4.0,12.0,0.0,11.0,0.0,11.0,0.0,3.0,4.0,11.0,0.0,140.0
17,87,treino,3 5 7,16 20 27 30,3 5 20 27 30,P,1.0,3.0,4.0,0.0,2.0,0.0,2.0,0.0,1.0,2.0,6.0,0.0,1.0,0.0,2.0,0.0,123.0
17,31,treino,14 18 24 27 28 31,3 5 6 7 8 13,,P,6.0,0.0,8.0,1.0,1.0,1.0,5.0,0.0,6.0,0.0,9.0,2.0,2.0,2.0,6.0,0.0,106.0
17,29,treino,18 21 24 27 28 31,3 4 5 6 7 13 17,,P,7.0,0.0,11.0,2.0,2.0,1.0,4.0,1.0,6.0,0.0,7.0,2.0,2.0,2.0,5.0,0.0,117.0
17,145,treino,4 5,14 28 29,4 5 14 28 29,P,0.0,3.0,0.0,1.0,1.0,0.0,0.0,0.0,0.0,2.0,0.0,0.0,1.0,0.0,0.0,0.0,186.0
17,146,treino,4 5,14 24 28,4 5 14 24 28,V,0.0,2.0,0.0,0.0,1.0,0.0,0.0,0.0,0.0,3.0,0.0,1.0,1.0,0.0,2.0,0.0,-186.0
17,79,treino,2 3 11,12 20 21 31,2 3 20 31,P,2.0,2.0,8.0,1.0,2.0,0.0,0.0,0.0,1.0,2.0,5.0,0.0,2.0,0.0,0.0,0.0,115.0
17,114,treino,0 7 10,6 18 21 24,0 6 7 10 18 24,V,0.0,3.0,0.0,1.0,0.0,0.0,2.0,1.0,1.0,3.0,5.0,2.0,0.0,0.0,2.0,1.0,47.0
17,90,treino,0 3 7,16 18 20 30,0 3 18 20 30,V,1.0,2.0,6.0,0.0,1.0,0.0,2.0,0.0,1.0,3.0,4.0,1.0,1.0,0.0,2.0,0.0,-127.0
17,26,treino,23 24 25 27 28 31,2 3 4 5 7 13 17,,V,6.0,0.0,5.0,0.0,2.0,2.0,5.0,0.0,7.0,0.0,10.0,2.0,2.0,2.0,5.0,0.0,-100.0
17,148,treino,0 5,18 24 28,0 5 18 24 28,V,0.0,2.0,0.0,0.0,0.0,0.0,2.0,0.0,0.0,3.0,0.0,1.0,1.0,0.0,2.0,0.0,-188.0
18,9,treino,6 12 23 24 25 26 27 28 29 30 31,0 1 2 3 4 5 8 10 11,,P,9.0,0.0,8.0,1.0,3.0,4.0,5.0,0.0,11.0,0.0,16.0,0.0,3.0,4.0,9.0,1.0,-110.0
18,25,treino,1 9 19 24 27 28 29 30 31,0 4 7 11 14,1,P,5.0,0.0,7.0,1.0,2.0,1.0,4.0,0.0,8.0,1.0,10.0,1.0,3.0,4.0,5.0,0.0,-509.0
18,37,treino,0 1 3 13 21 27 28 29 31,18,0 1 3,P,1.0,0.0,4.0,1.0,0.0,0.0,0.0,0.0,6.0,3.0,7.0,2.0,3.0,3.0,2.0,0.0,-1085.0
18,36,treino,0 1 13 19 21 27 28 29 31,7 15 18,0 1,V,7.0,2.0,10.0,2.0,3.0,3.0,2.0,0.0,3.0,0.0,8.0,1.0,0.0,0.0,2.0,1.0,1076.0
18,13,treino,12 16 23 24 26 27 28 29 30 31,0 1 3 4 5 8 10 11 14,,P,9.0,0.0,11.0,2.0,3.0,3.0,7.0,0.0,10.0,0.0,12.0,0.0,3.0,4.0,10.0,0.0,-82.0
18,28,treino,1 9 19 24 25 27 28 29 31,5 7 8 11 14,1,V,8.0,1.0,11.0,1.0,3.0,3.0,6.0,0.0,5.0,0.0,9.0,1.0,1.0,0.0,4.0,1.0,667.0
18,18,treino,16 19 24 26 27 28 29 30 31,0 4 7 8 9 10 11 14,,V,9.0,0.0,9.0,0.0,3.0,4.0,7.0,0.0,8.0,0.0,13.0,3.0,2.0,1.0,8.0,0.0,73.0
18,16,treino,16 23 24 26 27 28 29 30 31,0 3 4 8 9 10 11 14,,V,9.0,0.0,8.0,0.0,2.0,4.0,8.0,0.0,8.0,0.0,12.0,3.0,3.0,2.0,6.0,0.0,104.0
18,21,treino,6 16 19 24 27 28 29 30 31,0 4 7 8 10 11,,P,6.0,0.0,8.0,1.0,2.0,1.0,6.0,0.0,9.0,0.0,14.0,0.0,3.0,4.0,5.0,0.0,-385.0
18,4,treino,20 22 23 24 25 26 27 28 29 30 31,0 1 2 3 4 5 6 8 9 11 14,,V,11.0,0.0,10.0,1.0,3.0,4.0,11.0,0.0,11.0,0.0,12.0,2.0,3.0,4.0,9.0,0.0,13.0
18,6,treino,16 22 23 24 25 26 27 28 29 30 31,0 1 2 3 4 5 8 9 10 11 14,,V,11.0,0.0,11.0,1.0,2.0,4.0,10.0,0.0,11.0,0.0,13.0,3.0,3.0,4.0,8.0,0.0,8.0
18,7,treino,12 22 23 24 25 26 27 28 29 30 31,0 1 2 3 4 5 8 9 10 11 14,,P,11.0,0.0,13.0,3.0,3.0,4.0,8.0,0.0,11.0,0.0,12.0,1.0,3.0,4.0,10.0,0.0,-2.0
18,8,treino,12 22 23 24 25 26 27 28 29 30 31,0 1 2 3 4 5 8 9 10 11 17,,V,11.0,0.0,12.0,1.0,3.0,4.0,10.0,0.0,11.0,0.0,14.0,3.0,3.0,4.0,6.0,1.0,101.0
18,10,treino,12 23 24 25 26 27 28 29 30 31,0 1 3 4 5 8 9 10 11,,V,10.0,0.0,10.0,0.0,3.0,4.0,9.0,0.0,9.0,0.0,10.0,2.0,3.0,3.0,6.0,0.0,101.0
18,40,treino,0 1 3 13 17 27 28 29 31,25,0 1 3,V,6.0,3.0,8.0,2.0,3.0,3.0,4.0,0.0,1.0,0.0,6.0,0.0,0.0,0.0,0.0,1.0,1600.0
18,34,treino,0 1 19 20 21 27 28 29 31,7 11 16 18,0 1,V,7.0,2.0,8.0,1.0,4.0,3.0,2.0,1.0,4.0,0.0,11.0,1.0,1.0,0.0,2.0,1.0,788.0
18,24,treino,6 9 19 24 27 28 29 30 31,0 4 7 11 14,,V,9.0,0.0,16.0,1.0,3.0,4.0,7.0,0.0,5.0,0.0,7.0,1.0,2.0,1.0,4.0,0.0,497.0
18,22,treino,6 16 19 24 27 28 29 30 31,0 4 7 10 11 13,,V,9.0,0.0,14.0,0.0,3.0,4.0,5.0,1.0,6.0,0.0,9.0,2.0,2.0,1.0,5.0,1.0,449.0
18,12,treino,12 21 23 24 26 27 28 29 30 31,0 1 3 4 5 8 10 11 14,,V,10.0,0.0,11.0,1.0,3.0,4.0,9.0,0.0,9.0,0.0,11.0,2.0,3.0,3.0,7.0,0.0,123.0
18,15,treino,5 16 23 24 26 27 28 29 30 31,0 1 3 4 9 10 11 14,,P,8.0,0.0,10.0,3.0,3.0,3.0,5.0,0.0,10.0,0.0,14.0,0.0,2.0,4.0,8.0,1.0,-104.0
18,17,treino,16 19 24 26 27 28 29 30 31,0 3 4 8 9 10 11 14,,P,8.0,0.0,12.0,3.0,3.0,2.0,6.0,0.0,9.0,0.0,9.0,0.0,3.0,4.0,7.0,0.0,-80.0
18,20,treino,16 19 22 24 27 28 29 30 31,0 4 7 8 9 10 11 17,,V,9.0,0.0,10.0,1.0,3.0,4.0,5.0,1.0,8.0,0.0,14.0,3.0,2.0,1.0,6.0,1.0,305.0
18,33,treino,0 1 19 20 21 27 28 29 31,7 11 12 18,0 1,P,4.0,0.0,10.0,1.0,2.0,0.0,2.0,0.0,7.0,2.0,8.0,1.0,4.0,3.0,2.0,0.0,-678.0
18,26,treino,1 9 19 24 27 28 29 30 31,0 7 8 11 14,1,V,8.0,1.0,10.0,1.0,3.0,4.0,5.0,0.0,5.0,0.0,8.0,1.0,1.0,1.0,2.0,0.0,508.0
18,39,treino,0 1 3 13 17 27 28 29 31,22,0 1 3,P,1.0,0.0,5.0,1.0,0.0,0.0,0.0,0.0,6.0,3.0,8.0,2.0,3.0,3.0,4.0,0.0,-1600.0
18,23,treino,6 9 19 24 27 28 29 30 31,0 4 7 10 11,,P,5.0,0.0,6.0,1.0,2.0,1.0,5.0,0.0,9.0,0.0,16.0,1.0,3.0,4.0,7.0,0.0,-506.0
18,29,treino,0 1 19 24 25 27 28 29 31,7 8 11 14,0 1,P,4.0,0.0,8.0,1.0,1.0,0.0,2.0,0.0,7.0,2.0,6.0,0.0,3.0,3.0,6.0,0.0,-676.0
18,27,treino,1 9 19 24 25 27 28 29 31,0 7 8 11 14,1,P,5.0,0.0,8.0,1.0,1.0,1.0,2.0,0.0,8.0,1.0,11.0,1.0,3.0,3.0,6.0,0.0,-513.0
18,5,treino,16 22 23 24 25 26 27 28 29 30 31,0 1 2 3 4 5 6 8 9 11 14,,P,11.0,0.0,12.0,2.0,3.0,4.0,9.0,0.0,11.0,0.0,11.0,1.0,2.0,4.0,10.0,0.0,14.0
18,30,treino,0 1 19 24 25 27 28 29 31,7 11 12 14,0 1,V,7.0,2.0,6.0,0.0,3.0,3.0,6.0,0.0,4.0,0.0,9.0,1.0,2.0,0.0,2.0,0.0,671.0
18,11,treino,12 21 23 24 26 27 28 29 30 31,0 1 3 4 5 8 9 10 11,,P,9.0,0.0,10.0,2.0,3.0,3.0,6.0,0.0,10.0,0.0,11.0,1.0,3.0,4.0,9.0,0.0,-110.0
18,14,treino,12 16 23 24 26 27 28 29 30 31,0 1 3 4 8 9 10 11 14,,V,10.0,0.0,12.0,0.0,3.0,4.0,10.0,0.0,9.0,0.0,12.0,3.0,3.0,3.0,6.0,1.0,82.0
19,69,validacao,1 2 9,14 15 29 30,1 2 9 15 29 30,P,1.0,3.0,3.0,1.0,0.0,0.0,0.0,1.0,0.0,3.0,0.0,1.0,0.0,0.0,0.0,0.0,112.0
19,103,validacao,2 3 10,25 31,2 3 10 25 31,P,0.0,2.0,0.0,0.0,0.0,0.0,0.0,0.0,0.0,3.0,0.0,1.0,1.0,0.0,0.0,0.0,-191.0
19,118,validacao,3 7 8,18 31,3 7 8 18 31,V,0.0,3.0,0.0,0.0,1.0,0.0,2.0,0.0,0.0,2.0,0.0,1.0,0.0,0.0,0.0,0.0,186.0
19,76,validacao,2 9 11,28 31,2 9 11 28 31,V,0.0,3.0,0.0,1.0,1.0,0.0,0.0,0.0,0.0,2.0,0.0,0.0,1.0,0.0,0.0,0.0,190.0
19,60,validacao,4 6 11,7 14 22 23 29,6 23 29,V,2.0,1.0,11.0,0.0,2.0,0.0,0.0,0.0,3.0,2.0,9.0,2.0,0.0,0.0,0.0,1.0,-125.0
19,108,validacao,3 6 7,23 30,3 6 7 23 30,V,0.0,3.0,0.0,0.0,1.0,0.0,2.0,0.0,0.0,2.0,0.0,0.0,0.0,0.0,0.0,0.0,191.0
19,65,validacao,2 5 6,14 19 25 29,2 5 6 19 29,P,2.0,2.0,9.0,1.0,1.0,0.0,2.0,0.0,0.0,3.0,0.0,0.0,0.0,0.0,2.0,0.0,86.0
19,15,validacao,11 16 17 23 25 26 27 28 29 30,0 1 2 3 4 5 7 10,,P,8.0,0.0,5.0,1.0,2.0,4.0,8.0,0.0,10.0,0.0,16.0,1.0,3.0,3.0,6.0,0.0,-222.0
19,68,validacao,1 2 6,14 15 29 30,1 2 6 15 29 30,V,0.0,3.0,0.0,0.0,0.0,0.0,3.0,0.0,1.0,3.0,3.0,1.0,0.0,0.0,0.0,0.0,6.0
19,83,validacao,2 6 7,23 24,2 6 7 23 24,P,0.0,2.0,0.0,0.0,0.0,0.0,0.0,0.0,0.0,3.0,0.0,0.0,0.0,0.0,3.0,0.0,-189.0
19,41,validacao,10 11 12 16 24,3 4 5 6 8 17 27,27,P,6.0,1.0,9.0,1.0,3.0,1.0,3.0,1.0,5.0,0.0,18.0,1.0,2.0,0.0,2.0,1.0,381.0
19,47,validacao,11 12 13 16,3 4 5 8 17 18 23,23,P,6.0,1.0,12.0,2.0,2.0,1.0,5.0,0.0,4.0,0.0,16.0,1.0,2.0,0.0,3.0,0.0,413.0
19,56,validacao,1 11 13,3 4 14 22 23 29,1 23 29,V,2.0,1.0,9.0,1.0,1.0,0.0,0.0,0.0,4.0,2.0,9.0,2.0,2.0,1.0,0.0,0.0,-404.0
19,42,validacao,11 12 16 24,3 4 5 8 15 17 27,27,V,4.0,0.0,13.0,0.0,2.0,0.0,2.0,0.0,6.0,1.0,11.0,1.0,3.0,1.0,3.0,0.0,-390.0
19,16,validacao,11 16 17 23 25 26 27 28 29 30,0 2 3 4 5 6 7 10,,V,10.0,0.0,16.0,1.0,3.0,3.0,6.0,0.0,8.0,0.0,6.0,1.0,2.0,3.0,8.0,0.0,229.0
19,92,validacao,2 3 9,21 31,2 3 9 21 31,V,0.0,3.0,0.0,1.0,1.0,0.0,0.0,0.0,0.0,2.0,0.0,1.0,0.0,0.0,0.0,0.0,186.0
19,45,validacao,11 12 13 20,3 4 5 8 17 18 27,27,P,6.0,1.0,12.0,2.0,3.0,1.0,3.0,0.0,4.0,0.0,15.0,1.0,3.0,0.0,0.0,0.0,413.0
19,14,validacao,11 17 20 23 25 26 27 28 29 30,0 1 2 3 4 5 7 10,,V,10.0,0.0,15.0,1.0,4.0,3.0,6.0,0.0,8.0,0.0,5.0,1.0,2.0,4.0,8.0,0.0,230.0
19,126,validacao,3 16,11 26,3 11 16 26,V,0.0,2.0,0.0,0.0,1.0,0.0,0.0,0.0,0.0,2.0,0.0,0.0,1.0,0.0,0.0,0.0,0.0
19,66,validacao,2 5 6,14 15 25 29,2 5 6 15 29,V,0.0,3.0,0.0,0.0,0.0,0.0,2.0,0.0,2.0,2.0,9.0,1.0,0.0,0.0,2.0,0.0,62.0
19,119,validacao,3 8 10,18 31,3 8 10 18 31,P,0.0,2.0,0.0,1.0,0.0,0.0,0.0,0.0,0.0,3.0,0.0,1.0,1.0,0.0,0.0,0.0,-186.0
19,46,validacao,11 12 13 20,3 4 5 8 17 18 23,23,V,4.0,0.0,15.0,1.0,3.0,0.0,0.0,0.0,6.0,1.0,12.0,2.0,2.0,1.0,5.0,0.0,-406.0
19,73,validacao,2 5 11,24 26,2 5 11 24 26,P,0.0,2.0,0.0,0.0,0.0,0.0,0.0,0.0,0.0,3.0,0.0,0.0,1.0,0.0,0.0,0.0,-182.0
19,30,validacao,11 12 19 20 21 24 27,2 3 4 5 7 8 10 18,18,V,7.0,0.0,18.0,1.0,5.0,0.0,3.0,0.0,7.0,1.0,7.0,2.0,2.0,2.0,7.0,0.0,-169.0
19,99,validacao,3 6 7,21 27,3 6 7 21 27,P,0.0,2.0,0.0,1.0,1.0,0.0,0.0,0.0,0.0,3.0,0.0,0.0,1.0,0.0,2.0,0.0,-189.0
19,138,validacao,13,2 6,2 6 13,V,0.0,1.0,0.0,1.0,0.0,0.0,0.0,0.0,0.0,2.0,0.0,0.0,0.0,1.0,2.0,0.0,-184.0
19,34,validacao,11 12 19 20 24 27,2 3 4 5 8 14 18,18,V,6.0,0.0,16.0,0.0,5.0,0.0,2.0,0.0,6.0,1.0,7.0,2.0,2.0,2.0,5.0,0.0,-172.0
19,8,validacao,11 20 21 23 24 25 27 28 29 30 31,0 1 2 3 4 5 6 7 10 17,,V,11.0,0.0,14.0,1.0,4.0,4.0,10.0,0.0,10.0,0.0,10.0,2.0,2.0,4.0,9.0,1.0,113.0
19,18,validacao,11 16 17 19 25 26 27 28 29 30,0 2 3 4 6 7 8 10,,V,10.0,0.0,17.0,1.0,4.0,3.0,4.0,0.0,8.0,0.0,7.0,1.0,2.0,3.0,8.0,0.0,235.0
19,31,validacao,11 12 17 19 20 24 27,2 3 4 5 7 8 10 18,18,P,7.0,1.0,7.0,2.0,2.0,2.0,7.0,0.0,7.0,0.0,19.0,1.0,5.0,0.0,2.0,0.0,457.0
19,36,validacao,11 12 19 20 24,2 3 4 5 8 14 27,27,V,5.0,0.0,15.0,0.0,4.0,0.0,2.0,0.0,6.0,1.0,7.0,1.0,3.0,2.0,3.0,0.0,-267.0
19,62,validacao,2 4 6,14 19 22 29,2 6 19 29,V,1.0,2.0,6.0,0.0,1.0,0.0,2.0,0.0,2.0,2.0,8.0,2.0,1.0,0.0,0.0,0.0,-61.0
20,17,teste,18 20 21 22 24 25 26 28 29,0 2 4 6 7 9 11 13 15,,P,9.0,0.0,13.0,2.0,2.0,2.0,9.0,0.0,9.0,0.0,12.0,3.0,2.0,2.0,9.0,0.0,-8.0
20,44,teste,4 5 20 25 28 29,10 18 19,5,V,5.0,1.0,9.0,0.0,3.0,2.0,2.0,0.0,3.0,0.0,10.0,2.0,1.0,0.0,0.0,0.0,440.0
20,52,teste,0 5 11 20 24 29,27,0 5,V,4.0,2.0,8.0,0.0,2.0,1.0,5.0,0.0,1.0,0.0,6.0,0.0,1.0,0.0,0.0,0.0,628.0
20,42,teste,5 8 20 25 28 29,10 15 19,5,V,5.0,1.0,8.0,0.0,2.0,2.0,4.0,0.0,3.0,0.0,9.0,1.0,1.0,0.0,3.0,0.0,387.0
20,25,teste,20 21 22 25 26 28 29,2 6 7 9 11 13 15 18,,P,8.0,0.0,16.0,3.0,1.0,1.0,8.0,0.0,7.0,0.0,8.0,2.0,2.0,2.0,5.0,0.0,139.0
20,24,teste,20 22 24 25 26 28 29,2 6 7 9 11 13 15 18,,V,7.0,0.0,7.0,1.0,2.0,2.0,7.0,0.0,8.0,0.0,16.0,3.0,1.0,1.0,8.0,0.0,-113.0
20,8,teste,20 22 24 25 27 28 29 30 31,0 1 2 3 4 5 8 11 15,,V,9.0,0.0,7.0,1.0,3.0,4.0,9.0,0.0,9.0,0.0,9.0,0.0,3.0,4.0,7.0,0.0,12.0
20,60,teste,0 2 8 20 24 25,18,0 2 8 18,V,3.0,3.0,4.0,0.0,1.0,0.0,2.0,0.0,0.0,1.0,0.0,1.0,0.0,0.0,0.0,0.0,686.0
20,29,teste,8 20 22 25 26 28 29,2 6 10 11 14 15 18,,P,7.0,0.0,15.0,3.0,1.0,1.0,7.0,0.0,7.0,0.0,11.0,1.0,2.0,2.0,4.0,0.0,36.0
20,19,teste,14 20 21 22 24 25 26 28 29,2 4 5 6 7 9 11 13 15,,P,9.0,0.0,14.0,2.0,2.0,1.0,8.0,0.0,9.0,0.0,13.0,3.0,2.0,2.0,8.0,1.0,92.0
20,36,teste,1 20 25 26 28 29,9 10 11 15 22,1,V,5.0,1.0,4.0,0.0,2.0,2.0,2.0,1.0,5.0,0.0,14.0,3.0,1.0,0.0,3.0,1.0,250.0
20,41,teste,5 8 20 25 28 29,10 11 19,5,P,3.0,0.0,8.0,1.0,2.0,0.0,0.0,0.0,5.0,1.0,8.0,0.0,2.0,2.0,4.0,0.0,-387.0
20,16,teste,20 21 22 23 24 25 26 28 29,0 2 4 6 7 9 11 13 15,,V,9.0,0.0,11.0,2.0,2.0,2.0,9.0,0.0,9.0,0.0,13.0,2.0,2.0,2.0,9.0,0.0,-6.0
20,32,teste,5 20 22 25 26 28 29,2 9 10 11 15 17 18,,V,7.0,0.0,12.0,1.0,2.0,2.0,4.0,0.0,7.0,0.0,17.0,4.0,1.0,1.0,4.0,1.0,77.0
20,66,teste,2 5 13 20 21 24,7,2 5 7 13,V,3.0,3.0,5.0,2.0,1.0,0.0,3.0,0.0,0.0,1.0,0.0,0.0,0.0,0.0,0.0,1.0,1600.0
20,45,teste,0 5 20 25 28 29,10 18 19,0 5,P,3.0,0.0,10.0,2.0,1.0,0.0,0.0,0.0,4.0,2.0,3.0,0.0,2.0,2.0,4.0,0.0,-449.0
20,65,teste,2 5 13 20 21 24,10,2 5 10 13,P,0.0,1.0,0.0,1.0,0.0,0.0,0.0,0.0,3.0,3.0,5.0,2.0,1.0,0.0,3.0,0.0,-710.0
20,9,teste,20 21 22 24 27 28 29 30 31,0 1 2 3 4 5 8 11 15,,P,9.0,0.0,9.0,0.0,3.0,4.0,7.0,0.0,9.0,0.0,8.0,2.0,3.0,4.0,7.0,0.0,-2.0
20,30,teste,8 20 22 25 26 28 29,2 9 10 11 14 15 18,,V,7.0,0.0,11.0,1.0,2.0,2.0,4.0,0.0,7.0,0.0,16.0,4.0,1.0,1.0,6.0,0.0,-13.0
20,56,teste,0 2 5 20 24 29,27,0 2 5 27,V,3.0,3.0,3.0,0.0,1.0,1.0,5.0,0.0,0.0,1.0,0.0,0.0,1.0,0.0,0.0,0.0,690.0
20,64,teste,2 5 8 20 21 24,10,2 5 8 10,V,3.0,3.0,5.0,1.0,1.0,0.0,5.0,0.0,0.0,1.0,0.0,1.0,0.0,0.0,0.0,0.0,698.0
20,12,teste,20 21 22 23 24 28 29 30 31,0 2 4 5 6 7 8 11 15,,V,9.0,0.0,9.0,2.0,2.0,4.0,5.0,0.0,9.0,0.0,11.0,0.0,2.0,2.0,9.0,0.0,8.0
20,48,teste,0 5 20 24 25 29,10 22 23,0 5,V,4.0,2.0,4.0,0.0,1.0,1.0,6.0,0.0,3.0,0.0,12.0,2.0,0.0,0.0,0.0,1.0,573.0
20,63,teste,2 5 8 20 21 24,15,2 5 8 15,P,0.0,1.0,0.0,0.0,0.0,0.0,0.0,0.0,3.0,3.0,5.0,1.0,1.0,0.0,5.0,0.0,-693.0
20,7,teste,10 20 22 24 25 27 28 29 30 31,0 1 2 3 4 5 6 8 11,,P,9.0,0.0,7.0,0.0,3.0,4.0,7.0,0.0,10.0,0.0,12.0,2.0,3.0,4.0,9.0,1.0,-12.0
20,11,teste,20 21 22 23 24 28 29 30 31,0 2 3 4 5 6 8 11 15,,P,9.0,0.0,10.0,0.0,3.0,3.0,8.0,0.0,9.0,0.0,9.0,2.0,2.0,4.0,5.0,0.0,-11.0
20,35,teste,1 20 25 26 28 29,9 10 11 15 18,1,P,5.0,0.0,13.0,3.0,1.0,0.0,4.0,0.0,5.0,1.0,4.0,0.0,2.0,2.0,2.0,0.0,-159.0
20,13,teste,20 21 22 23 24 26 28 29 30,0 2 4 5 6 7 8 11 15,,P,9.0,0.0,11.0,0.0,2.0,2.0,9.0,0.0,9.0,0.0,10.0,2.0,2.0,3.0,9.0,0.0,-13.0
20,54,teste,0 5 7 20 24 29,31,0 5 31,V,4.0,2.0,9.0,0.0,1.0,1.0,5.0,0.0,0.0,1.0,0.0,0.0,0.0,0.0,0.0,0.0,690.0
20,61,teste,2 5 8 20 24 25,18,2 5 8 18,P,0.0,1.0,0.0,1.0,0.0,0.0,0.0,0.0,3.0,3.0,4.0,0.0,1.0,0.0,4.0,0.0,-692.0
20,26,teste,20 21 22 25 26 28 29,2 6 9 10 11 13 15 18,,V,7.0,0.0,8.0,2.0,2.0,2.0,5.0,0.0,8.0,0.0,17.0,4.0,1.0,1.0,8.0,0.0,-126.0
20,55,teste,0 2 5 20 24 29,31,0 2 5 31,P,0.0,1.0,0.0,0.0,0.0,0.0,0.0,0.0,3.0,3.0,3.0,0.0,1.0,1.0,5.0,0.0,-688.0
21,34,treino,0 14 21 25 27 29,2 5 7 8 31,0 31,V,5.0,1.0,8.0,2.0,1.0,1.0,3.0,0.0,4.0,1.0,4.0,0.0,0.0,1.0,4.0,1.0,225.0
21,7,treino,17 19 20 24 25 26 27 28 29 30 31,0 1 2 3 4 5 7 10 11 13 14,,P,11.0,0.0,13.0,3.0,3.0,4.0,10.0,1.0,11.0,0.0,12.0,1.0,4.0,4.0,9.0,1.0,13.0
21,29,treino,0 19 21 23 25 27 29,1 2 4 7 11 31,0 31,P,5.0,1.0,4.0,0.0,2.0,2.0,3.0,0.0,6.0,1.0,9.0,1.0,2.0,1.0,6.0,0.0,-126.0
21,46,treino,12 24 27,19,19,V,3.0,0.0,6.0,0.0,2.0,0.0,0.0,0.0,0.0,1.0,0.0,0.0,1.0,0.0,0.0,0.0,151.0
21,6,treino,19 20 22 24 25 26 27 28 29 30 31,0 1 2 3 4 5 7 10 11 13 14,,V,11.0,0.0,11.0,1.0,4.0,4.0,10.0,0.0,11.0,0.0,13.0,3.0,3.0,4.0,10.0,0.0,-6.0
21,40,treino,11 14 21 24 25 27,16 31,11 31,V,5.0,1.0,9.0,2.0,2.0,0.0,3.0,0.0,1.0,1.0,4.0,0.0,0.0,0.0,0.0,1.0,545.0
21,25,treino,16 19 23 24 25 27 29,1 2 4 5 7 8 11 26,,P,8.0,0.0,13.0,0.0,2.0,2.0,7.0,0.0,7.0,0.0,11.0,0.0,2.0,1.0,6.0,0.0,163.0
21,11,treino,17 19 20 25 27 28 29 30 31,0 1 2 3 4 5 7 10 11,,P,9.0,0.0,7.0,1.0,3.0,4.0,9.0,0.0,9.0,0.0,10.0,1.0,4.0,4.0,5.0,0.0,1.0
21,13,treino,10 19 20 25 27 28 29 30 31,0 1 2 3 4 5 7 11,,P,8.0,0.0,5.0,0.0,3.0,4.0,8.0,0.0,9.0,0.0,12.0,1.0,4.0,4.0,5.0,1.0,-4.0
21,42,treino,11 12 14 24 25 27,26,11 26,V,5.0,1.0,11.0,1.0,3.0,0.0,0.0,0.0,0.0,1.0,0.0,0.0,0.0,0.0,0.0,0.0,560.0
21,15,treino,19 20 23 25 28 29 30 31,0 1 2 3 4 5 11 14,,P,8.0,0.0,7.0,1.0,3.0,4.0,4.0,0.0,8.0,0.0,8.0,0.0,3.0,4.0,5.0,0.0,4.0
21,27,treino,16 19 21 23 25 27 29,1 2 4 5 7 8 11 31,31,P,7.0,1.0,7.0,0.0,2.0,2.0,7.0,0.0,7.0,0.0,12.0,1.0,2.0,1.0,7.0,0.0,161.0
21,45,treino,12 15 24 27,10,10 15,P,0.0,1.0,0.0,1.0,0.0,0.0,0.0,1.0,3.0,1.0,6.0,0.0,2.0,0.0,0.0,1.0,-149.0
21,38,treino,9 14 21 24 25 27,6 7 12 31,9 31,V,5.0,1.0,9.0,3.0,1.0,0.0,5.0,1.0,3.0,1.0,5.0,0.0,1.0,0.0,0.0,1.0,441.0
21,36,treino,9 14 21 25 27 29,2 7 12 31,9 31,V,5.0,1.0,8.0,3.0,1.0,1.0,5.0,0.0,3.0,1.0,4.0,0.0,1.0,1.0,2.0,0.0,224.0
21,17,treino,19 20 23 24 25 29 30 31,0 1 2 4 5 7 11 14,,P,8.0,0.0,8.0,1.0,2.0,3.0,7.0,0.0,8.0,0.0,9.0,0.0,2.0,3.0,7.0,0.0,6.0
21,48,treino,12 20 27,23,23,V,3.0,0.0,7.0,0.0,3.0,0.0,0.0,0.0,0.0,1.0,0.0,0.0,0.0,0.0,0.0,1.0,1600.0
21,9,treino,17 19 20 24 25 27 28 29 30 31,0 1 2 3 4 5 7 10 11 14,,P,10.0,0.0,10.0,2.0,3.0,4.0,10.0,0.0,10.0,0.0,11.0,1.0,4.0,4.0,8.0,1.0,1.0
21,39,treino,11 14 21 24 25 27,12 31,11 31,P,1.0,1.0,3.0,0.0,1.0,0.0,0.0,0.0,5.0,1.0,9.0,2.0,2.0,0.0,3.0,0.0,-444.0
21,21,treino,19 20 23 24 25 26 27 29,1 2 4 5 7 8 11 14,,P,8.0,0.0,10.0,1.0,2.0,2.0,7.0,0.0,8.0,0.0,11.0,0.0,3.0,1.0,8.0,0.0,2.0
21,10,treino,19 20 24 25 27 28 29 30 31,0 1 2 3 4 5 7 10 11 21,,V,9.0,0.0,8.0,0.0,4.0,4.0,8.0,0.0,10.0,0.0,12.0,2.0,3.0,4.0,9.0,1.0,-4.0
21,30,treino,0 19 21 23 25 27 29,1 2 7 8 11 31,0 31,V,6.0,1.0,9.0,1.0,2.0,1.0,6.0,0.0,5.0,1.0,5.0,0.0,1.0,2.0,3.0,0.0,128.0
21,12,treino,17 19 20 25 27 28 29 30 31,0 1 2 3 4 5 7 11 14,,V,9.0,0.0,10.0,1.0,4.0,4.0,5.0,1.0,9.0,0.0,8.0,1.0,3.0,4.0,8.0,1.0,-1.0
21,41,treino,11 12 14 24 25 27,31,11 31,P,0.0,1.0,0.0,0.0,0.0,0.0,0.0,0.0,5.0,1.0,11.0,1.0,3.0,0.0,0.0,0.0,-560.0
21,28,treino,16 19 21 23 25 27 29,1 2 4 5 7 11 13 31,31,V,7.0,0.0,12.0,1.0,2.0,1.0,7.0,1.0,7.0,1.0,8.0,1.0,2.0,2.0,5.0,1.0,124.0
21,5,treino,9 19 20 22 24 25 26 27 28 29 30 31,0 1 2 3 4 5 6 7 10 11 14,,P,11.0,0.0,11.0,2.0,3.0,4.0,11.0,0.0,12.0,0.0,16.0,2.0,4.0,4.0,10.0,1.0,6.0
21,19,treino,19 20 23 24 25 27 29 30,0 1 2 5 7 8 11 14,,P,8.0,0.0,9.0,1.0,1.0,3.0,7.0,0.0,8.0,0.0,10.0,0.0,3.0,2.0,8.0,0.0,-4.0
21,22,treino,19 20 23 24 25 26 27 29,1 2 4 5 7 8 11 17,,V,8.0,0.0,11.0,0.0,3.0,1.0,8.0,0.0,8.0,0.0,11.0,1.0,2.0,2.0,7.0,0.0,122.0
21,37,treino,9 14 21 24 25 27,2 7 12 31,9 31,P,3.0,1.0,4.0,0.0,1.0,1.0,2.0,0.0,5.0,1.0,9.0,3.0,1.0,0.0,5.0,0.0,-219.0
21,33,treino,0 14 21 25 27 29,1 2 7 8 31,0 31,P,4.0,1.0,3.0,0.0,0.0,2.0,2.0,0.0,5.0,1.0,8.0,2.0,1.0,1.0,3.0,0.0,-115.0
21,14,treino,19 20 25 27 28 29 30 31,0 1 2 3 4 5 11 14,,V,8.0,0.0,7.0,0.0,4.0,4.0,5.0,0.0,8.0,0.0,7.0,1.0,3.0,4.0,4.0,0.0,-5.0
21,44,treino,11 12 24 27,10,10 11,V,3.0,1.0,6.0,0.0,3.0,0.0,0.0,0.0,0.0,1.0,0.0,1.0,0.0,0.0,0.0,0.0,327.0
22,31,validacao,0 11 20 25 28 31,1 2 7 8,0,P,4.0,0.0,3.0,0.0,0.0,2.0,2.0,0.0,5.0,1.0,8.0,0.0,3.0,2.0,0.0,0.0,-295.0
22,11,validacao,20 21 22 24 26 28 29 30 31,0 1 2 3 4 6 8 11 14,,P,9.0,0.0,9.0,1.0,3.0,4.0,6.0,0.0,9.0,0.0,8.0,2.0,2.0,4.0,9.0,0.0,-0.0
22,39,validacao,2 16 20 25 26 28,9,2 16,P,1.0,0.0,2.0,1.0,0.0,0.0,0.0,0.0,4.0,2.0,4.0,0.0,2.0,1.0,2.0,0.0,-686.0
22,34,validacao,9 11 20 25 28 31,2 7 13,9,V,5.0,1.0,8.0,1.0,3.0,2.0,0.0,0.0,3.0,0.0,4.0,1.0,0.0,1.0,2.0,1.0,508.0
22,26,validacao,11 20 22 28 30 31,1 2 5 7 8 13,,V,6.0,0.0,9.0,1.0,3.0,3.0,0.0,0.0,6.0,0.0,7.0,1.0,0.0,2.0,6.0,0.0,0.0
22,21,validacao,20 22 23 28 30 31,1 2 3 4 5 8 15,,P,7.0,0.0,7.0,0.0,2.0,3.0,4.0,0.0,6.0,0.0,6.0,1.0,2.0,3.0,0.0,0.0,89.0
22,35,validacao,11 16 20 25 28 31,2 7,16,P,2.0,0.0,1.0,0.0,0.0,1.0,2.0,0.0,5.0,1.0,8.0,0.0,3.0,2.0,2.0,0.0,-520.0
22,30,validacao,4 11 20 25 28 31,1 2 7 8,,V,6.0,0.0,14.0,0.0,4.0,2.0,0.0,0.0,4.0,0.0,3.0,0.0,0.0,2.0,2.0,0.0,286.0
22,6,validacao,17 18 20 21 24 25 26 28 29 30 31,0 1 2 3 4 5 6 7 8 11 14,,V,11.0,0.0,13.0,3.0,2.0,4.0,10.0,1.0,11.0,0.0,11.0,1.0,3.0,4.0,10.0,1.0,12.0
22,8,validacao,17 20 21 24 25 26 28 29 30 31,0 1 2 3 4 6 7 8 11 14,,V,10.0,0.0,10.0,2.0,2.0,4.0,10.0,0.0,10.0,0.0,10.0,1.0,3.0,4.0,9.0,1.0,1.0
22,32,validacao,0 11 20 25 28 31,2 5 7 8,0,V,5.0,1.0,8.0,0.0,3.0,2.0,0.0,0.0,4.0,0.0,4.0,0.0,0.0,1.0,4.0,1.0,400.0
22,38,validacao,2 16 20 25 28 31,9,2 16,V,4.0,2.0,3.0,0.0,2.0,2.0,2.0,0.0,1.0,0.0,2.0,1.0,0.0,0.0,0.0,0.0,1600.0
22,24,validacao,18 20 22 28 30 31,1 2 3 5 8 13 15,,V,6.0,0.0,7.0,2.0,2.0,3.0,2.0,0.0,7.0,0.0,9.0,1.0,1.0,3.0,4.0,1.0,-5.0
22,18,validacao,20 26 28 29 30 31,0 1 2 3 4 8 15 25,,V,6.0,0.0,3.0,0.0,2.0,4.0,3.0,0.0,8.0,0.0,12.0,0.0,2.0,4.0,3.0,1.0,-104.0
22,15,validacao,17 20 22 26 28 29 30 31,0 1 2 3 4 6 8 15,,P,8.0,0.0,7.0,0.0,2.0,4.0,6.0,0.0,8.0,0.0,8.0,2.0,2.0,4.0,5.0,0.0,1.0
22,37,validacao,2 16 20 25 28 31,6,2 16,P,1.0,0.0,1.0,0.0,0.0,0.0,0.0,1.0,4.0,2.0,3.0,0.0,2.0,2.0,2.0,0.0,-691.0
22,10,validacao,20 21 24 25 26 28 29 30 31,0 1 2 3 4 6 8 11 14,,V,9.0,0.0,7.0,1.0,2.0,4.0,9.0,0.0,9.0,0.0,9.0,1.0,3.0,4.0,6.0,0.0,7.0
22,40,validacao,2 16 20 25 26 28,13,2 16,V,4.0,2.0,4.0,0.0,2.0,1.0,2.0,0.0,1.0,0.0,3.0,1.0,0.0,0.0,0.0,1.0,1600.0
22,12,validacao,20 21 22 24 26 28 29 30 31,0 1 2 3 4 6 8 14 15,,V,9.0,0.0,8.0,2.0,2.0,4.0,9.0,0.0,9.0,0.0,10.0,1.0,2.0,4.0,6.0,0.0,12.0
22,13,validacao,17 20 22 24 26 28 29 30 31,0 1 2 3 4 6 8 14 15,,P,9.0,0.0,10.0,1.0,2.0,4.0,6.0,1.0,9.0,0.0,9.0,2.0,2.0,4.0,9.0,1.0,-12.0
22,27,validacao,11 20 22 25 28 31,1 2 5 7 8 13,,P,6.0,0.0,7.0,1.0,0.0,2.0,6.0,0.0,6.0,0.0,10.0,1.0,3.0,2.0,2.0,0.0,0.0
22,25,validacao,11 20 22 28 30 31,1 2 3 5 8 13,,P,6.0,0.0,6.0,1.0,1.0,3.0,4.0,0.0,6.0,0.0,9.0,1.0,3.0,3.0,0.0,0.0,-3.0
22,22,validacao,20 22 23 28 30 31,1 2 3 4 5 13 15,,V,6.0,0.0,6.0,1.0,2.0,3.0,0.0,0.0,7.0,0.0,8.0,1.0,2.0,3.0,2.0,0.0,-102.0
22,9,validacao,10 20 21 24 25 26 28 29 30 31,0 1 2 3 4 6 7 8 11,,P,9.0,0.0,7.0,0.0,3.0,4.0,9.0,0.0,10.0,0.0,12.0,2.0,2.0,4.0,9.0,1.0,-10.0
22,17,validacao,14 20 22 26 28 29 30 31,0 1 2 3 4 8 9 15,,P,8.0,0.0,8.0,1.0,2.0,4.0,3.0,1.0,8.0,0.0,9.0,2.0,2.0,4.0,4.0,1.0,98.0
22,23,validacao,18 20 22 28 30 31,1 2 3 4 5 13 15,,P,7.0,0.0,8.0,1.0,2.0,3.0,2.0,1.0,6.0,0.0,7.0,2.0,2.0,3.0,2.0,0.0,97.0
22,33,validacao,9 11 20 25 28 31,2 7 8,9,P,3.0,0.0,3.0,0.0,0.0,1.0,2.0,0.0,5.0,1.0,8.0,1.0,3.0,2.0,0.0,0.0,-409.0
22,28,validacao,11 20 22 25 28 31,1 2 5 7 8 17,,V,6.0,0.0,10.0,1.0,3.0,2.0,2.0,1.0,6.0,0.0,8.0,1.0,0.0,2.0,5.0,1.0,229.0
22,4,validacao,17 20 21 24 25 26 27 28 29 30 31,0 1 2 3 4 5 6 7 8 9 11 23,,V,11.0,0.0,11.0,2.0,3.0,4.0,11.0,0.0,12.0,0.0,15.0,1.0,3.0,4.0,11.0,1.0,-3.0
22,29,validacao,4 11 20 25 28 31,1 2 5 7,,P,4.0,0.0,2.0,0.0,0.0,2.0,4.0,0.0,6.0,0.0,14.0,0.0,4.0,2.0,0.0,0.0,-289.0
22,20,validacao,20 22 26 28 30 31,1 2 3 4 5 8 15,,V,6.0,0.0,5.0,1.0,2.0,3.0,4.0,0.0,7.0,0.0,7.0,0.0,2.0,3.0,4.0,0.0,-102.0
22,36,validacao,11 16 20 25 28 31,6 7,16,V,5.0,1.0,8.0,0.0,3.0,2.0,2.0,0.0,2.0,0.0,2.0,0.0,0.0,0.0,0.0,1.0,675.0
23,38,validacao,2 11 20 22 23 24 25 28,8 10 16,2,V,7.0,1.0,13.0,1.0,3.0,1.0,5.0,0.0,3.0,0.0,8.0,1.0,0.0,0.0,0.0,1.0,844.0
23,17,validacao,2 12 17 20 23 24 26 27 28 30 31,0 1 3 5 7 8 11 19,2,P,8.0,0.0,10.0,0.0,3.0,3.0,7.0,0.0,10.0,1.0,14.0,1.0,4.0,3.0,8.0,0.0,-346.0
23,20,validacao,2 12 14 20 23 24 26 27 28 30 31,1 3 4 7 8 9 11 19,2,V,10.0,1.0,15.0,1.0,4.0,3.0,8.0,1.0,8.0,0.0,12.0,1.0,4.0,2.0,5.0,2.0,495.0
23,36,validacao,2 11 20 22 24 25 26 28,8 10 12,2,V,7.0,1.0,12.0,1.0,3.0,1.0,6.0,0.0,3.0,0.0,7.0,1.0,1.0,0.0,2.0,0.0,621.0
23,9,validacao,18 20 21 23 24 25 26 27 28 30 31,0 1 2 3 4 5 6 8 11 14 19,,P,11.0,0.0,14.0,1.0,4.0,4.0,7.0,1.0,11.0,0.0,13.0,2.0,3.0,3.0,11.0,0.0,9.0
23,39,validacao,2 4 11 22 23 24 25 28,10,2,P,1.0,0.0,2.0,1.0,0.0,0.0,0.0,0.0,7.0,1.0,17.0,1.0,3.0,1.0,4.0,0.0,-904.0
23,40,validacao,2 4 11 22 23 24 25 28,15,2,V,7.0,1.0,17.0,1.0,3.0,1.0,4.0,0.0,1.0,0.0,3.0,0.0,0.0,0.0,0.0,0.0,1600.0
23,41,validacao,0 2 11 22 23 24 25 28,15,0 2,P,1.0,0.0,3.0,0.0,0.0,0.0,0.0,0.0,6.0,2.0,11.0,1.0,2.0,1.0,4.0,0.0,-917.0
23,8,validacao,20 21 22 23 24 25 26 27 28 30 31,0 1 2 3 4 5 6 8 11 14 19,,V,11.0,0.0,12.0,2.0,3.0,3.0,11.0,0.0,11.0,0.0,14.0,1.0,4.0,4.0,7.0,0.0,22.0
23,21,validacao,2 5 14 20 23 24 26 27 28 30 31,1 3 4 7 9 11 19,2,P,7.0,0.0,10.0,1.0,4.0,2.0,3.0,0.0,10.0,1.0,17.0,1.0,3.0,3.0,8.0,2.0,-395.0
23,28,validacao,2 14 18 20 24 25 26 28 31,3 4 7 8 15,2,V,8.0,1.0,12.0,2.0,2.0,2.0,7.0,1.0,5.0,0.0,7.0,0.0,2.0,1.0,4.0,2.0,610.0
23,12,validacao,2 20 21 23 24 25 26 27 28 30 31,0 1 3 4 5 7 11 12 19,2,V,10.0,1.0,10.0,1.0,3.0,3.0,10.0,0.0,9.0,0.0,12.0,0.0,5.0,3.0,7.0,0.0,301.0
23,34,validacao,2 11 20 22 24 25 28 31,4 10 12,2,V,7.0,1.0,11.0,1.0,3.0,2.0,5.0,0.0,3.0,0.0,6.0,1.0,2.0,0.0,0.0,0.0,623.0
23,5,validacao,17 20 21 22 23 24 25 26 27 28 30 31,0 1 2 3 4 5 6 7 8 9 11 19,,P,12.0,0.0,14.0,1.0,4.0,4.0,11.0,0.0,12.0,0.0,15.0,3.0,3.0,3.0,12.0,0.0,7.0
23,42,validacao,0 2 11 22 23 24 25 28,18,0 2,V,6.0,2.0,11.0,1.0,2.0,1.0,4.0,1.0,1.0,0.0,4.0,1.0,0.0,0.0,0.0,1.0,1600.0
23,18,validacao,2 12 17 20 23 24 26 27 28 30 31,1 3 4 5 7 8 11 19,2,V,10.0,1.0,14.0,1.0,4.0,3.0,8.0,0.0,8.0,0.0,11.0,0.0,4.0,2.0,7.0,0.0,421.0
23,31,validacao,2 7 11 20 24 25 26 28 31,3 4 8,2,P,3.0,0.0,3.0,0.0,2.0,1.0,2.0,0.0,8.0,1.0,16.0,0.0,3.0,2.0,8.0,1.0,-632.0
23,24,validacao,2 14 20 24 26 27 28 30 31,3 4 7 8 11 19,2,V,8.0,1.0,9.0,1.0,3.0,3.0,7.0,0.0,6.0,0.0,10.0,0.0,4.0,1.0,5.0,0.0,405.0
23,35,validacao,2 11 20 22 24 25 26 28,4 10 12,2,P,3.0,0.0,6.0,1.0,2.0,0.0,0.0,0.0,7.0,1.0,12.0,1.0,3.0,1.0,6.0,0.0,-628.0
23,14,validacao,2 20 21 22 23 24 26 27 28 30 31,0 1 3 4 5 7 11 16 19,2,V,10.0,1.0,11.0,2.0,3.0,3.0,10.0,1.0,9.0,0.0,13.0,0.0,4.0,3.0,7.0,1.0,330.0
23,33,validacao,2 11 20 22 24 25 28 31,4 8 10,2,P,3.0,0.0,5.0,1.0,1.0,0.0,2.0,0.0,7.0,1.0,11.0,1.0,3.0,2.0,5.0,0.0,-623.0
23,30,validacao,2 11 14 20 24 25 26 28 31,3 4 8 10,2,V,8.0,1.0,14.0,1.0,3.0,2.0,5.0,1.0,4.0,0.0,5.0,1.0,2.0,1.0,2.0,1.0,610.0
23,23,validacao,2 5 14 20 24 26 27 28 30 31,1 3 4 7 11 19,2,P,6.0,0.0,8.0,0.0,4.0,2.0,3.0,0.0,9.0,1.0,15.0,1.0,3.0,3.0,7.0,1.0,-405.0
23,32,validacao,2 11 20 24 25 26 28 31,4 8 10,2,V,7.0,1.0,10.0,0.0,3.0,2.0,5.0,0.0,3.0,0.0,5.0,1.0,1.0,0.0,2.0,0.0,619.0
23,4,validacao,17 20 21 22 23 25 26 27 28 29 30 31,0 1 2 3 4 5 6 7 8 9 11 19,,V,12.0,0.0,14.0,3.0,3.0,4.0,10.0,0.0,12.0,0.0,14.0,1.0,4.0,4.0,11.0,0.0,13.0
23,25,validacao,2 14 20 24 25 26 27 28 31,3 4 7 8 11 19,2,P,6.0,0.0,10.0,0.0,4.0,1.0,5.0,0.0,8.0,1.0,10.0,1.0,3.0,2.0,6.0,0.0,-379.0
23,13,validacao,2 20 21 22 23 24 26 27 28 30 31,0 1 3 4 5 7 11 12 19,2,P,9.0,0.0,12.0,0.0,5.0,3.0,7.0,0.0,10.0,1.0,11.0,2.0,3.0,3.0,10.0,0.0,-212.0
23,22,validacao,2 5 20 23 24 26 27 28 30 31,1 3 4 7 11 18 19,2,V,9.0,1.0,13.0,0.0,3.0,3.0,8.0,1.0,7.0,0.0,12.0,1.0,4.0,2.0,3.0,1.0,395.0
23,15,validacao,2 12 20 22 23 24 26 27 28 30 31,0 1 3 4 5 7 11 19,2,P,8.0,0.0,9.0,0.0,4.0,3.0,7.0,0.0,10.0,1.0,13.0,1.0,4.0,3.0,9.0,0.0,-322.0
23,26,validacao,2 14 20 24 25 26 27 28 31,3 4 7 8 11 23,2,V,8.0,1.0,10.0,1.0,3.0,2.0,6.0,1.0,6.0,0.0,11.0,0.0,3.0,1.0,5.0,1.0,500.0
23,29,validacao,2 11 14 20 24 25 26 28 31,3 4 7 8,2,P,4.0,0.0,4.0,0.0,2.0,1.0,4.0,0.0,8.0,1.0,14.0,1.0,3.0,2.0,5.0,0.0,-610.0
23,27,validacao,2 14 18 20 24 25 26 28 31,3 4 7 8 11,2,P,5.0,0.0,6.0,0.0,3.0,1.0,5.0,0.0,8.0,1.0,12.0,2.0,2.0,2.0,7.0,0.0,-500.0
24,30,treino,0 20 24 28,1 4 7 12 27 31,0 31,V,3.0,1.0,3.0,0.0,2.0,1.0,3.0,0.0,5.0,1.0,11.0,0.0,3.0,1.0,2.0,0.0,-217.0
24,90,treino,0 8 10,18 24 31,0 8 10 18 24 31,V,0.0,3.0,0.0,1.0,0.0,0.0,0.0,0.0,0.0,3.0,0.0,1.0,0.0,0.0,0.0,0.0,2.0
24,4,treino,18 20 21 24 25 26 27 28 29 30 31,0 1 2 3 4 5 6 7 8 10 11 22,,V,11.0,0.0,11.0,2.0,3.0,4.0,10.0,0.0,12.0,0.0,15.0,2.0,3.0,4.0,11.0,1.0,2.0
24,98,treino,0 13,11 25 27,0 11 13 25 27,V,0.0,2.0,0.0,1.0,0.0,0.0,0.0,0.0,0.0,3.0,0.0,0.0,2.0,0.0,0.0,0.0,-178.0
24,42,treino,0 13 17 24,6 8 19 27 31,0 31,V,3.0,1.0,8.0,2.0,0.0,0.0,2.0,0.0,4.0,1.0,13.0,0.0,2.0,0.0,2.0,1.0,-8.0
24,97,treino,0 13,11 27 29,0 11 13 27 29,P,0.0,3.0,0.0,0.0,2.0,0.0,0.0,0.0,0.0,2.0,0.0,1.0,0.0,0.0,0.0,0.0,176.0
24,9,treino,10 11 20 21 24 25 27 28 29 30 31,0 1 2 3 4 5 6 7 8,,P,9.0,0.0,6.0,0.0,2.0,4.0,9.0,0.0,11.0,0.0,17.0,2.0,4.0,4.0,9.0,1.0,-125.0
24,94,treino,0 8 10,18 27 29,0 8 10 18 27 29,V,0.0,3.0,0.0,1.0,0.0,0.0,0.0,0.0,0.0,3.0,0.0,1.0,1.0,0.0,0.0,0.0,2.0
24,12,treino,11 20 21 22 24 27 28 29 30 31,0 1 2 3 4 7 8 9 15,,V,10.0,0.0,13.0,2.0,4.0,4.0,7.0,0.0,9.0,0.0,9.0,1.0,2.0,4.0,6.0,0.0,118.0
24,105,treino,0 13,2 22 27,0 2 13 22 27,P,0.0,3.0,0.0,1.0,1.0,1.0,0.0,0.0,0.0,2.0,0.0,1.0,0.0,0.0,0.0,0.0,184.0
24,88,treino,0 6 8,18 28 31,0 6 8 18 28 31,V,0.0,3.0,0.0,0.0,0.0,0.0,0.0,0.0,0.0,3.0,0.0,1.0,1.0,0.0,0.0,0.0,-2.0
24,66,treino,0 4 5,19 27 28,0 5 27 28,V,1.0,2.0,6.0,0.0,1.0,0.0,3.0,0.0,1.0,2.0,4.0,0.0,3.0,0.0,0.0,0.0,7.0
24,11,treino,11 20 21 22 24 27 28 29 30 31,0 1 2 3 4 5 7 8 15,,P,9.0,0.0,8.0,0.0,2.0,4.0,8.0,0.0,10.0,0.0,13.0,2.0,4.0,4.0,7.0,0.0,-128.0
24,95,treino,0 8 15,18 27 29,0 8 15 18 27 29,P,0.0,3.0,0.0,1.0,1.0,0.0,0.0,1.0,0.0,3.0,0.0,0.0,0.0,0.0,0.0,1.0,176.0
24,73,treino,0 4 13,19 23 28,0 13 23 28,P,1.0,2.0,4.0,0.0,2.0,0.0,2.0,0.0,1.0,2.0,6.0,1.0,1.0,0.0,2.0,0.0,-10.0
24,26,treino,0 20 24 28 30 31,1 4 7 12 27 29,0 29,V,5.0,1.0,3.0,0.0,2.0,3.0,3.0,0.0,5.0,1.0,11.0,0.0,3.0,1.0,0.0,0.0,-13.0
24,114,treino,8,1 30,1 8 30,V,0.0,1.0,0.0,0.0,0.0,0.0,0.0,0.0,0.0,2.0,0.0,0.0,0.0,1.0,0.0,0.0,-178.0
24,13,treino,11 18 20 21 24 27 28 29 30 31,0 1 2 3 4 7 8 9 15,,P,9.0,0.0,9.0,1.0,2.0,4.0,6.0,0.0,10.0,0.0,14.0,2.0,4.0,4.0,7.0,1.0,-19.0
24,80,treino,0 2 4,14 27 28,0 2 14 28,V,1.0,2.0,6.0,0.0,1.0,0.0,2.0,0.0,1.0,2.0,6.0,1.0,2.0,0.0,0.0,0.0,-62.0
24,28,treino,0 20 24 28 31,1 4 7 12 22 27,0 22,V,4.0,1.0,3.0,0.0,2.0,2.0,3.0,0.0,5.0,1.0,11.0,1.0,3.0,1.0,0.0,0.0,-129.0
24,99,treino,0 9,11 25 27,0 9 11 25 27,P,0.0,3.0,0.0,0.0,2.0,0.0,0.0,0.0,0.0,2.0,0.0,1.0,0.0,0.0,0.0,0.0,178.0
24,38,treino,5 17 20 24,4 6 12 19 27 31,5 31,V,3.0,1.0,6.0,1.0,1.0,0.0,2.0,0.0,5.0,1.0,15.0,0.0,4.0,0.0,2.0,0.0,-227.0
24,86,treino,0 5 6,18 24 31,0 5 6 18 24 31,V,0.0,3.0,0.0,0.0,0.0,0.0,2.0,0.0,0.0,3.0,0.0,1.0,0.0,0.0,0.0,0.0,3.0
24,31,treino,0 20 21 28,1 4 7 12 27 31,0 31,P,5.0,1.0,11.0,0.0,3.0,1.0,2.0,0.0,3.0,1.0,4.0,1.0,2.0,1.0,0.0,0.0,225.0
24,100,treino,0 9,7 25 27,0 7 9 25 27,V,0.0,2.0,0.0,1.0,0.0,0.0,0.0,0.0,0.0,3.0,0.0,0.0,1.0,0.0,0.0,0.0,-176.0
24,81,treino,2 4 5,14 27 28,2 5 14 28,P,1.0,2.0,6.0,1.0,2.0,0.0,0.0,0.0,1.0,2.0,6.0,0.0,1.0,0.0,0.0,0.0,2.0
24,44,treino,0 4 17 24,9 19 27 31,0 31,V,3.0,1.0,10.0,1.0,1.0,0.0,2.0,0.0,3.0,1.0,12.0,1.0,2.0,0.0,2.0,0.0,104.0
24,6,treino,17 18 20 21 24 25 27 28 29 30 31,0 1 2 3 4 5 6 7 8 10 15,,V,11.0,0.0,13.0,3.0,3.0,4.0,10.0,1.0,11.0,0.0,11.0,1.0,2.0,4.0,11.0,1.0,115.0
24,41,treino,0 13 17 24,4 6 19 27 31,0 31,P,4.0,1.0,12.0,0.0,3.0,0.0,2.0,0.0,3.0,1.0,8.0,2.0,0.0,0.0,2.0,0.0,103.0
24,119,treino,22,6 26,6 22 26,P,0.0,2.0,0.0,0.0,0.0,0.0,0.0,1.0,0.0,1.0,0.0,1.0,0.0,0.0,0.0,1.0,1600.0
24,91,treino,0 5 10,18 24 31,0 5 10 18 24 31,P,0.0,3.0,0.0,1.0,0.0,0.0,0.0,0.0,0.0,3.0,0.0,1.0,0.0,0.0,2.0,0.0,0.0
24,35,treino,5 20 21 24,4 6 11 12 27 31,5 31,P,5.0,1.0,13.0,0.0,4.0,0.0,2.0,0.0,3.0,1.0,5.0,1.0,1.0,0.0,3.0,0.0,224.0
25,49,teste,8 17 20 29,7 27,8,P,2.0,0.0,7.0,0.0,1.0,0.0,0.0,0.0,3.0,1.0,5.0,1.0,1.0,1.0,0.0,0.0,-236.0
25,9,teste,16 19 22 23 24 25 27 28 29 30 31,0 1 3 4 6 7 8 9 10 11 14,,P,11.0,0.0,14.0,3.0,3.0,3.0,11.0,0.0,11.0,0.0,13.0,1.0,3.0,4.0,10.0,0.0,20.0
25,8,teste,19 20 22 23 24 25 27 28 29 30 31,0 1 3 4 6 7 8 9 10 11 14,,V,11.0,0.0,12.0,1.0,4.0,4.0,11.0,0.0,11.0,0.0,14.0,3.0,3.0,3.0,11.0,0.0,1.0
25,51,teste,8 16 17 29,7 31,8 31,P,1.0,1.0,1.0,0.0,0.0,0.0,0.0,0.0,3.0,1.0,6.0,1.0,0.0,1.0,0.0,0.0,-234.0
25,55,teste,13 16 17 25,11 26,13 26,P,1.0,1.0,2.0,0.0,1.0,0.0,0.0,0.0,3.0,1.0,7.0,2.0,0.0,0.0,3.0,0.0,-245.0
25,46,teste,8 20 29 31,7 23 26,8 26,V,3.0,1.0,2.0,0.0,1.0,2.0,0.0,0.0,2.0,1.0,6.0,0.0,0.0,0.0,2.0,1.0,277.0
25,50,teste,8 17 20 29,7 31,8 31,V,3.0,1.0,5.0,1.0,1.0,1.0,0.0,0.0,1.0,1.0,1.0,0.0,0.0,0.0,0.0,0.0,227.0
25,56,teste,13 16 17 25,11 22,13 22,V,3.0,1.0,7.0,2.0,0.0,0.0,3.0,1.0,1.0,1.0,2.0,1.0,1.0,0.0,0.0,1.0,1600.0
25,24,teste,16 17 22 23 24 29 30 31,1 4 7 8 9 10 15,,V,8.0,0.0,11.0,2.0,0.0,3.0,4.0,0.0,7.0,0.0,11.0,2.0,1.0,1.0,5.0,0.0,110.0
25,31,teste,1 22 23 24 29 30 31,6 7 10 13 15,1,P,5.0,0.0,10.0,2.0,0.0,0.0,4.0,0.0,6.0,1.0,5.0,1.0,0.0,3.0,2.0,0.0,-275.0
25,43,teste,13 18 20 29 31,7 14 30,13 30,P,2.0,1.0,4.0,1.0,0.0,0.0,0.0,1.0,4.0,1.0,5.0,2.0,1.0,2.0,0.0,1.0,-121.0
25,41,teste,6 18 20 29 31,7 9 10 30,6 30,P,3.0,1.0,5.0,2.0,0.0,0.0,2.0,2.0,4.0,1.0,5.0,1.0,1.0,2.0,0.0,0.0,-104.0
25,17,teste,5 16 17 25 27 28 29 30 31,0 1 3 4 7 8 11,,P,7.0,0.0,6.0,0.0,3.0,3.0,6.0,0.0,9.0,0.0,14.0,1.0,2.0,4.0,5.0,1.0,-127.0
25,10,teste,16 19 22 23 24 25 27 28 29 30 31,0 1 3 4 6 7 8 9 11 14 15,,V,11.0,0.0,13.0,1.0,3.0,4.0,10.0,0.0,11.0,0.0,15.0,2.0,3.0,3.0,11.0,1.0,-16.0
25,57,teste,13 16 17 18,11,13,P,1.0,0.0,2.0,0.0,1.0,0.0,0.0,0.0,3.0,1.0,9.0,3.0,0.0,0.0,3.0,0.0,-1600.0
25,48,teste,8 20 22 29,7 27,8,V,3.0,1.0,4.0,1.0,1.0,1.0,0.0,0.0,2.0,0.0,7.0,0.0,1.0,0.0,0.0,0.0,227.0
25,16,teste,16 17 23 25 27 28 29 30 31,0 1 3 4 7 8 9 11 18,,V,9.0,0.0,10.0,1.0,2.0,4.0,6.0,0.0,9.0,0.0,12.0,2.0,3.0,3.0,6.0,1.0,106.0
25,14,teste,16 23 24 25 27 28 29 30 31,0 1 3 4 7 8 9 11 15 21,,V,9.0,0.0,8.0,0.0,2.0,4.0,8.0,0.0,10.0,0.0,16.0,2.0,3.0,3.0,7.0,1.0,-125.0
25,47,teste,8 20 22 29,7 23,8,P,2.0,0.0,6.0,0.0,0.0,0.0,0.0,0.0,3.0,1.0,4.0,1.0,1.0,1.0,0.0,0.0,-283.0
25,30,teste,5 22 23 24 29 30 31,6 7 10 13 15,,V,7.0,0.0,11.0,1.0,0.0,3.0,2.0,0.0,5.0,0.0,10.0,2.0,0.0,0.0,4.0,0.0,247.0
25,29,teste,5 8 22 23 24 29 30 31,4 6 7 10 15,,P,5.0,0.0,8.0,1.0,1.0,0.0,4.0,0.0,8.0,0.0,16.0,1.0,0.0,3.0,4.0,1.0,-265.0
25,11,teste,10 16 22 23 24 25 27 28 29 30 31,0 1 3 4 6 7 8 9 11 14,,P,10.0,0.0,12.0,2.0,3.0,3.0,10.0,0.0,11.0,0.0,15.0,2.0,2.0,4.0,9.0,1.0,-5.0
25,33,teste,1 17 23 24 29 30 31,7 9 10 13 15,1,P,5.0,0.0,11.0,3.0,0.0,0.0,5.0,1.0,6.0,1.0,6.0,1.0,0.0,3.0,2.0,1.0,-166.0
25,34,teste,1 23 24 29 30 31,7 9 10 15 22,1,V,5.0,1.0,3.0,0.0,0.0,3.0,2.0,0.0,5.0,0.0,13.0,3.0,0.0,0.0,3.0,0.0,150.0
25,32,teste,1 22 23 24 29 30 31,7 9 10 13 15,1,V,6.0,1.0,5.0,1.0,0.0,3.0,2.0,0.0,5.0,0.0,11.0,3.0,0.0,0.0,5.0,0.0,263.0
25,27,teste,5 17 22 23 24 29 30 31,4 6 7 9 10 15,,P,6.0,0.0,10.0,2.0,1.0,0.0,5.0,0.0,8.0,0.0,14.0,2.0,0.0,3.0,4.0,0.0,-203.0
25,12,teste,16 22 23 24 25 27 28 29 30 31,0 1 3 4 7 8 9 11 14 15,,V,10.0,0.0,10.0,1.0,2.0,4.0,9.0,0.0,10.0,0.0,14.0,2.0,3.0,3.0,9.0,0.0,3.0
25,13,teste,16 17 23 24 25 27 28 29 30 31,0 1 3 4 7 8 9 11 14 15,,P,10.0,0.0,14.0,2.0,3.0,3.0,9.0,1.0,10.0,0.0,11.0,1.0,2.0,4.0,8.0,1.0,4.0
25,38,teste,1 20 25 29 31,7 9 10 22 26,1,V,4.0,1.0,3.0,0.0,1.0,2.0,2.0,0.0,5.0,0.0,16.0,3.0,0.0,0.0,4.0,1.0,98.0
25,28,teste,5 17 22 23 24 29 30 31,4 6 7 10 13 15,,V,8.0,0.0,14.0,2.0,0.0,3.0,4.0,0.0,6.0,0.0,11.0,2.0,1.0,0.0,4.0,1.0,203.0
25,15,teste,16 17 23 25 27 28 29 30 31,0 1 3 4 7 8 9 11 15,,P,9.0,0.0,11.0,1.0,3.0,3.0,7.0,0.0,9.0,0.0,10.0,1.0,2.0,4.0,6.0,0.0,125.0
25,19,teste,16 17 24 25 27 29 30 31,1 3 4 7 8 9 11,,P,7.0,0.0,8.0,1.0,3.0,2.0,5.0,0.0,8.0,0.0,9.0,1.0,1.0,3.0,6.0,0.0,18.0
26,40,teste,9 24 27,0 4 7 17,,V,3.0,0.0,7.0,1.0,1.0,0.0,0.0,0.0,4.0,0.0,6.0,1.0,1.0,1.0,2.0,0.0,-111.0
26,116,teste,0 2,25 29,0 2 29,V,0.0,2.0,0.0,0.0,0.0,0.0,0.0,0.0,1.0,1.0,6.0,0.0,0.0,0.0,2.0,0.0,2.0
26,57,teste,12 13 27,11 21 25,12,P,3.0,0.0,13.0,1.0,1.0,0.0,2.0,0.0,2.0,1.0,5.0,1.0,2.0,0.0,0.0,0.0,-16.0
26,146,teste,0 7,16 26,0 7 16 26,V,0.0,2.0,0.0,0.0,0.0,0.0,0.0,0.0,0.0,2.0,0.0,0.0,0.0,0.0,0.0,0.0,0.0
26,94,teste,0 7,15 20,0 20,V,1.0,1.0,6.0,0.0,0.0,0.0,0.0,0.0,1.0,1.0,3.0,0.0,1.0,0.0,0.0,0.0,62.0
26,124,teste,2 9,25 30,2 9 25 30,V,0.0,2.0,0.0,1.0,0.0,0.0,0.0,0.0,0.0,2.0,0.0,0.0,0.0,0.0,2.0,0.0,6.0
26,136,teste,5 14,25 30,5 14 25 30,V,0.0,2.0,0.0,1.0,0.0,0.0,0.0,0.0,0.0,2.0,0.0,0.0,0.0,0.0,2.0,0.0,12.0
26,43,teste,9 16 27,0 7 8 17,,P,4.0,0.0,7.0,1.0,0.0,1.0,0.0,0.0,3.0,0.0,9.0,1.0,1.0,0.0,0.0,0.0,106.0
26,15,teste,16 18 20 23 27 28 29 30 31,0 1 2 3 4 5 9 10 12,,P,9.0,0.0,9.0,2.0,3.0,4.0,5.0,0.0,9.0,0.0,11.0,1.0,3.0,4.0,6.0,1.0,98.0
26,92,teste,5 7,15 24,5 24,V,1.0,1.0,6.0,0.0,0.0,0.0,0.0,0.0,1.0,1.0,3.0,0.0,0.0,0.0,0.0,0.0,64.0
26,30,teste,9 20 26 27 28 30,0 4 5 7 8 10 18,,V,6.0,0.0,9.0,1.0,3.0,2.0,2.0,1.0,7.0,0.0,11.0,2.0,1.0,1.0,6.0,0.0,-125.0
26,33,teste,16 24 26 27 30,0 4 7 8 10 14 18,,P,7.0,0.0,13.0,3.0,1.0,1.0,7.0,0.0,5.0,0.0,6.0,0.0,1.0,1.0,2.0,0.0,409.0
26,54,teste,5 13 27,11 16 25,5,V,2.0,1.0,5.0,1.0,1.0,0.0,0.0,0.0,3.0,0.0,12.0,0.0,1.0,0.0,0.0,0.0,15.0
26,91,teste,5 7,11 24,5 24,P,1.0,1.0,2.0,0.0,1.0,0.0,0.0,0.0,1.0,1.0,6.0,0.0,0.0,0.0,0.0,0.0,-68.0
26,103,teste,4 7,18 24,4 7 24,P,1.0,1.0,4.0,1.0,0.0,0.0,0.0,0.0,0.0,2.0,0.0,0.0,1.0,0.0,0.0,0.0,-64.0
26,68,teste,6 23,11 21,21,V,2.0,0.0,8.0,0.0,0.0,0.0,0.0,0.0,1.0,1.0,2.0,1.0,1.0,0.0,0.0,0.0,-9.0
26,55,teste,8 13 27,11 16 25,8,P,3.0,0.0,12.0,0.0,1.0,0.0,0.0,0.0,2.0,1.0,5.0,1.0,1.0,0.0,2.0,0.0,-21.0
26,70,teste,1 23,11 16,1 16,V,1.0,1.0,2.0,0.0,0.0,0.0,0.0,0.0,1.0,1.0,2.0,0.0,1.0,0.0,0.0,0.0,1.0
26,109,teste,2 4,18 29,2 4 29,P,1.0,1.0,4.0,1.0,0.0,0.0,0.0,0.0,0.0,2.0,0.0,0.0,1.0,0.0,0.0,0.0,-61.0
26,139,teste,0 9,29 30,0 9 29 30,P,0.0,2.0,0.0,0.0,0.0,0.0,0.0,0.0,0.0,2.0,0.0,1.0,0.0,0.0,0.0,0.0,-6.0
26,113,teste,2 4,22 25,2 4 25,P,1.0,1.0,5.0,1.0,0.0,0.0,2.0,0.0,0.0,2.0,0.0,0.0,1.0,0.0,0.0,0.0,-55.0
26,14,teste,18 20 21 23 27 28 29 30 31,0 1 2 3 4 5 9 10 12,,V,9.0,0.0,10.0,2.0,3.0,4.0,4.0,0.0,9.0,0.0,9.0,2.0,3.0,4.0,5.0,0.0,-4.0
26,28,teste,13 20 26 27 28 30,0 1 4 7 8 10 18,,V,6.0,0.0,8.0,1.0,3.0,2.0,2.0,1.0,7.0,0.0,10.0,2.0,1.0,2.0,5.0,0.0,-117.0
26,21,teste,14 17 20 23 27 28 30 31,0 1 4 5 6 7 9 10,,P,8.0,0.0,8.0,2.0,1.0,2.0,8.0,0.0,8.0,0.0,12.0,2.0,3.0,3.0,5.0,1.0,-17.0
26,39,teste,9 14 24 27,0 4 7 10,,P,4.0,0.0,4.0,1.0,1.0,1.0,4.0,0.0,4.0,0.0,11.0,2.0,1.0,0.0,2.0,1.0,102.0
26,147,teste,0 10,16 26,0 10 16 26,P,0.0,2.0,0.0,0.0,0.0,0.0,0.0,0.0,0.0,2.0,0.0,1.0,0.0,0.0,0.0,0.0,-2.0
26,83,teste,1 10,11 24,1 24,P,1.0,1.0,2.0,0.0,1.0,0.0,0.0,0.0,1.0,1.0,5.0,1.0,0.0,0.0,0.0,0.0,-13.0
26,108,teste,4 7,18 29,4 7 29,V,0.0,2.0,0.0,0.0,1.0,0.0,0.0,0.0,1.0,1.0,4.0,1.0,0.0,0.0,0.0,0.0,67.0
26,80,teste,5 14,11 21,5 21,V,1.0,1.0,4.0,1.0,0.0,0.0,0.0,0.0,1.0,1.0,2.0,1.0,1.0,0.0,0.0,0.0,12.0
26,149,teste,0 6,16 30,0 6 16 30,P,0.0,2.0,0.0,0.0,0.0,0.0,0.0,0.0,0.0,2.0,0.0,0.0,0.0,0.0,0.0,0.0,0.0
26,66,teste,6 16 23,11 21 30,16 21 30,V,2.0,1.0,8.0,0.0,0.0,0.0,0.0,1.0,1.0,2.0,2.0,1.0,1.0,0.0,0.0,1.0,-70.0
26,87,teste,9 10,11 16,9 16,P,1.0,1.0,2.0,0.0,1.0,0.0,0.0,0.0,1.0,1.0,5.0,2.0,0.0,0.0,0.0,0.0,-19.0
27,8,treino,16 20 21 25 26 27 28 29 30 31,0 1 2 3 4 5 6 7 8 18,,V,10.0,0.0,10.0,1.0,3.0,4.0,9.0,0.0,10.0,0.0,10.0,1.0,2.0,4.0,9.0,0.0,22.0
27,4,treino,16 20 21 22 23 25 26 27 28 29 30 31,0 1 2 3 4 5 6 7 8 9 11 18,,V,12.0,0.0,14.0,2.0,3.0,4.0,11.0,0.0,12.0,0.0,14.0,2.0,3.0,4.0,11.0,1.0,2.0
27,22,treino,17 26 29 30 31,1 2 3 4 6 8 10 25 27,,V,5.0,0.0,4.0,1.0,0.0,3.0,3.0,0.0,9.0,0.0,18.0,1.0,3.0,3.0,6.0,1.0,-341.0
27,47,treino,8,4 10 13 19,8 13,P,3.0,1.0,7.0,2.0,2.0,0.0,0.0,1.0,0.0,1.0,0.0,0.0,0.0,0.0,0.0,0.0,335.0
27,12,treino,20 21 25 26 27 29 30 31,0 1 2 3 4 6 7 8 18,,V,8.0,0.0,7.0,1.0,2.0,3.0,7.0,0.0,9.0,0.0,9.0,1.0,2.0,4.0,8.0,0.0,-96.0
27,32,treino,17 23 30 31,4 5 8 9 10 11 27,,V,4.0,0.0,5.0,1.0,0.0,2.0,0.0,0.0,7.0,0.0,16.0,2.0,3.0,0.0,4.0,0.0,-359.0
27,16,treino,16 17 25 26 27 29 30 31,1 2 3 4 5 6 8 10 18,,V,8.0,0.0,9.0,1.0,1.0,3.0,6.0,0.0,9.0,0.0,11.0,2.0,2.0,3.0,7.0,0.0,-14.0
27,21,treino,13 17 21 26 29 30 31,1 2 3 4 6 8 9 10 27,,P,9.0,0.0,14.0,2.0,3.0,3.0,7.0,0.0,7.0,0.0,10.0,3.0,0.0,3.0,6.0,1.0,325.0
27,26,treino,17 18 26 30 31,1 3 4 6 8 10 11 27,,V,5.0,0.0,7.0,2.0,0.0,2.0,3.0,0.0,8.0,0.0,14.0,1.0,4.0,2.0,5.0,0.0,-336.0
27,19,treino,13 17 23 25 26 29 30 31,1 2 3 4 6 8 9 10 18,,P,9.0,0.0,12.0,3.0,2.0,3.0,7.0,1.0,8.0,0.0,11.0,2.0,0.0,3.0,8.0,2.0,325.0
27,15,treino,16 17 25 26 27 29 30 31,1 2 3 4 5 6 7 8 18,,P,9.0,0.0,10.0,1.0,2.0,3.0,8.0,0.0,8.0,0.0,9.0,1.0,1.0,3.0,6.0,0.0,92.0
27,44,treino,5 17 30,4 10 19 31,5 31,V,2.0,1.0,3.0,1.0,0.0,1.0,0.0,0.0,3.0,1.0,7.0,1.0,2.0,0.0,0.0,0.0,-109.0
27,42,treino,0 17 30,4 10 15 31,0 31,V,2.0,1.0,3.0,1.0,0.0,1.0,0.0,0.0,3.0,1.0,6.0,1.0,1.0,0.0,2.0,0.0,-113.0
27,23,treino,17 22 26 30 31,1 2 3 4 6 8 10 27,,P,8.0,0.0,12.0,1.0,3.0,3.0,6.0,0.0,5.0,0.0,6.0,2.0,0.0,2.0,5.0,0.0,341.0
27,48,treino,8,4 9 10 19,8 9,V,0.0,1.0,0.0,0.0,0.0,0.0,0.0,1.0,3.0,1.0,7.0,2.0,2.0,0.0,0.0,0.0,-344.0
27,17,treino,13 17 25 26 27 29 30 31,1 2 3 4 5 6 8 10 18,,P,9.0,0.0,11.0,2.0,2.0,3.0,7.0,0.0,8.0,0.0,10.0,2.0,1.0,3.0,8.0,0.0,130.0
27,6,treino,16 20 21 22 25 26 27 28 29 30 31,0 1 2 3 4 5 6 7 8 11 18,,V,11.0,0.0,12.0,2.0,3.0,4.0,10.0,0.0,11.0,0.0,12.0,1.0,3.0,4.0,10.0,1.0,2.0
27,24,treino,17 22 26 30 31,1 3 4 6 7 8 10 27,,V,5.0,0.0,6.0,2.0,0.0,2.0,5.0,0.0,8.0,0.0,13.0,1.0,3.0,2.0,7.0,0.0,-330.0
27,25,treino,17 18 26 30 31,1 3 4 6 7 8 10 27,,P,8.0,0.0,13.0,1.0,3.0,2.0,7.0,0.0,5.0,0.0,7.0,2.0,0.0,2.0,3.0,0.0,343.0
27,31,treino,7 17 23 30 31,3 4 5 8 9 11 27,,P,7.0,0.0,14.0,1.0,4.0,1.0,4.0,0.0,5.0,0.0,11.0,1.0,0.0,2.0,0.0,1.0,340.0
27,38,treino,0 30 31,4 10 15 17 27,0,V,2.0,1.0,0.0,0.0,0.0,2.0,0.0,0.0,5.0,0.0,16.0,2.0,2.0,0.0,2.0,0.0,-180.0
27,49,treino,5,4 9 10 19,5 9,P,3.0,1.0,7.0,2.0,2.0,0.0,0.0,1.0,0.0,1.0,0.0,0.0,0.0,0.0,0.0,1.0,1600.0
27,33,treino,17 18 30 31,4 5 8 9 10 11 27,,P,7.0,0.0,16.0,2.0,3.0,0.0,4.0,0.0,4.0,0.0,6.0,2.0,0.0,2.0,0.0,0.0,459.0
27,46,treino,5,4 10 13 19,5 13,V,0.0,1.0,0.0,0.0,0.0,0.0,0.0,0.0,3.0,1.0,7.0,2.0,2.0,0.0,0.0,0.0,-344.0
27,39,treino,0 26 30,4 10 15 17 27,0,P,5.0,0.0,16.0,2.0,2.0,0.0,2.0,0.0,2.0,1.0,1.0,0.0,0.0,1.0,2.0,0.0,226.0
27,14,treino,16 21 25 26 27 29 30 31,1 2 3 4 5 6 7 8 18,,V,8.0,0.0,8.0,1.0,1.0,3.0,8.0,0.0,9.0,0.0,10.0,1.0,2.0,3.0,8.0,0.0,-88.0
27,37,treino,0 13 30 31,4 8 10 15 27,0,P,5.0,0.0,14.0,1.0,2.0,0.0,4.0,0.0,3.0,1.0,4.0,1.0,0.0,2.0,0.0,1.0,177.0
27,29,treino,14 17 23 30 31,3 4 5 6 8 10 11 27,,P,8.0,0.0,15.0,1.0,4.0,1.0,5.0,1.0,5.0,0.0,9.0,2.0,0.0,2.0,2.0,0.0,349.0
27,41,treino,0 17 30,4 10 15 27,0,P,4.0,0.0,12.0,1.0,2.0,0.0,2.0,0.0,2.0,1.0,3.0,1.0,0.0,1.0,0.0,0.0,110.0
27,36,treino,0 17 30 31,4 8 10 15 27,0,V,3.0,1.0,3.0,1.0,0.0,2.0,0.0,0.0,5.0,0.0,14.0,1.0,2.0,0.0,4.0,0.0,-69.0
27,40,treino,0 26 30,4 10 15 22 27,0,V,2.0,1.0,1.0,0.0,0.0,1.0,2.0,1.0,5.0,0.0,17.0,2.0,2.0,0.0,2.0,1.0,-113.0
27,7,treino,15 16 20 21 25 26 27 28 29 30 31,0 1 2 3 4 5 6 7 8 11,,P,10.0,0.0,8.0,0.0,3.0,4.0,10.0,0.0,11.0,0.0,14.0,1.0,3.0,4.0,9.0,1.0,-27.0
28,50,teste,8 13 15 24,4 23,15 23,V,3.0,1.0,10.0,1.0,0.0,0.0,2.0,0.0,1.0,1.0,1.0,0.0,1.0,0.0,0.0,0.0,237.0
28,27,teste,12 16 19 20 22 24 26 29,3 4 5 6 7 10 11 14,,P,8.0,0.0,11.0,2.0,3.0,1.0,6.0,0.0,8.0,0.0,16.0,1.0,3.0,1.0,7.0,0.0,-5.0
28,13,teste,12 17 18 20 22 24 25 26 29 30 31,0 1 3 4 5 6 7 8 9 11 19,,P,11.0,0.0,14.0,1.0,4.0,3.0,10.0,0.0,11.0,0.0,17.0,3.0,2.0,3.0,10.0,0.0,2.0
28,20,teste,12 18 19 20 22 24 25 29 30,0 1 3 4 5 7 10 11 14,,V,9.0,0.0,16.0,2.0,3.0,2.0,7.0,1.0,9.0,0.0,10.0,2.0,3.0,3.0,9.0,1.0,-1.0
28,42,teste,1 8 13 21 24,3 4 7 17 23,1 23,V,4.0,1.0,12.0,2.0,0.0,0.0,4.0,0.0,4.0,1.0,6.0,1.0,2.0,1.0,2.0,1.0,118.0
28,39,teste,1 8 13 24 25,3 4 7 17 31,1 31,P,4.0,1.0,6.0,1.0,2.0,1.0,2.0,0.0,4.0,1.0,11.0,1.0,0.0,0.0,2.0,0.0,-35.0
28,54,teste,6 15 24,13 18,15 18,V,2.0,1.0,7.0,0.0,0.0,0.0,0.0,1.0,1.0,1.0,3.0,2.0,0.0,0.0,0.0,1.0,295.0
28,25,teste,12 19 20 21 22 24 26 29,1 3 4 5 7 10 11 14,,P,8.0,0.0,10.0,2.0,3.0,2.0,7.0,0.0,8.0,0.0,15.0,2.0,3.0,1.0,6.0,0.0,5.0
28,15,teste,12 17 18 19 20 22 24 25 29 30 31,0 1 3 4 5 6 7 8 9 11,,P,10.0,0.0,10.0,1.0,3.0,3.0,10.0,0.0,11.0,0.0,19.0,3.0,3.0,3.0,8.0,0.0,-114.0
28,6,teste,12 20 21 22 23 25 26 27 28 29 30 31,0 1 2 3 4 5 6 7 8 11 14 19,,V,12.0,0.0,15.0,2.0,4.0,4.0,9.0,0.0,12.0,0.0,15.0,1.0,4.0,4.0,10.0,0.0,19.0
28,24,teste,12 19 20 21 22 24 29 30,1 3 4 5 7 10 11 14,,V,8.0,0.0,14.0,2.0,3.0,2.0,4.0,0.0,8.0,0.0,10.0,2.0,3.0,2.0,7.0,0.0,-4.0
28,16,teste,12 17 18 19 20 22 24 25 29 30 31,0 1 3 4 5 7 8 9 10 11,,V,11.0,0.0,19.0,3.0,3.0,3.0,8.0,0.0,10.0,0.0,11.0,2.0,3.0,3.0,10.0,0.0,110.0
28,18,teste,12 18 19 20 24 25 29 30 31,0 1 3 4 5 7 9 10 11 26,,V,9.0,0.0,14.0,1.0,3.0,3.0,5.0,0.0,10.0,0.0,15.0,2.0,3.0,3.0,9.0,1.0,-7.0
28,4,teste,12 21 22 23 24 25 26 27 28 29 30 31,0 1 2 3 4 5 6 7 8 9 11 19,,V,12.0,0.0,14.0,2.0,3.0,4.0,11.0,0.0,12.0,0.0,14.0,1.0,4.0,4.0,11.0,0.0,-6.0
28,32,teste,12 13 19 20 24 29,3 4 6 7 9 10 14 31,31,V,6.0,0.0,14.0,1.0,3.0,1.0,3.0,1.0,7.0,1.0,10.0,3.0,2.0,1.0,6.0,0.0,-276.0
28,11,teste,12 18 20 21 22 24 25 26 29 30 31,0 1 2 3 4 5 7 8 9 11 19,,P,11.0,0.0,13.0,1.0,4.0,4.0,10.0,0.0,11.0,0.0,16.0,3.0,2.0,3.0,10.0,0.0,9.0
28,38,teste,1 8 13 24 29,3 4 7 17 31,1 31,V,4.0,1.0,10.0,1.0,0.0,1.0,4.0,0.0,4.0,1.0,6.0,1.0,2.0,1.0,2.0,0.0,27.0
28,55,teste,6 22 24,13,22,P,1.0,0.0,3.0,1.0,0.0,0.0,0.0,0.0,2.0,1.0,7.0,1.0,0.0,0.0,0.0,0.0,-1600.0
28,19,teste,12 18 19 20 22 24 25 29 30,0 1 3 4 5 7 9 10 11,,P,9.0,0.0,9.0,2.0,3.0,3.0,9.0,0.0,9.0,0.0,16.0,2.0,3.0,2.0,7.0,0.0,106.0
28,21,teste,9 12 19 20 22 24 25 29 30,0 1 3 4 5 7 10 11,,P,8.0,0.0,7.0,1.0,3.0,3.0,8.0,0.0,9.0,0.0,18.0,2.0,3.0,2.0,6.0,1.0,-5.0
28,49,teste,8 13 15 24,4 27,15 27,P,1.0,1.0,1.0,0.0,2.0,0.0,0.0,0.0,3.0,1.0,10.0,1.0,0.0,0.0,2.0,0.0,-246.0
28,5,teste,12 20 21 22 23 25 26 27 28 29 30 31,0 1 2 3 4 5 6 7 8 9 11 19,,P,12.0,0.0,14.0,1.0,4.0,4.0,11.0,0.0,12.0,0.0,15.0,2.0,4.0,4.0,9.0,0.0,-3.0
28,47,teste,6 8 13 24,4 10 23,6 23,P,2.0,1.0,3.0,1.0,1.0,0.0,0.0,1.0,3.0,1.0,10.0,1.0,0.0,0.0,2.0,0.0,-51.0
28,26,teste,12 19 20 21 22 24 26 29,3 4 5 6 7 10 11 14,,V,8.0,0.0,15.0,2.0,3.0,1.0,6.0,0.0,8.0,0.0,11.0,2.0,3.0,1.0,6.0,0.0,4.0
28,43,teste,1 8 13 14 24,3 4 7 23,1 23,P,3.0,1.0,2.0,0.0,2.0,1.0,2.0,0.0,4.0,1.0,14.0,2.0,0.0,0.0,2.0,0.0,-125.0
28,33,teste,8 13 19 20 24 29,3 4 6 7 9 10 14 31,31,P,7.0,1.0,10.0,3.0,2.0,1.0,6.0,0.0,6.0,0.0,15.0,1.0,2.0,1.0,5.0,1.0,276.0
28,8,teste,12 20 21 22 25 26 27 28 29 30 31,0 1 2 3 4 5 6 7 8 11 19 23,,V,11.0,0.0,13.0,2.0,4.0,4.0,8.0,0.0,12.0,0.0,17.0,0.0,4.0,4.0,12.0,1.0,3.0
28,14,teste,12 17 18 20 22 24 25 26 29 30 31,0 1 3 4 5 6 7 8 9 11 23,,V,11.0,0.0,17.0,3.0,2.0,3.0,10.0,0.0,11.0,0.0,15.0,1.0,3.0,3.0,10.0,1.0,114.0
28,12,teste,12 18 20 21 22 24 25 26 29 30 31,0 1 3 4 5 6 7 8 9 11 19,,V,11.0,0.0,16.0,3.0,2.0,3.0,10.0,0.0,11.0,0.0,14.0,1.0,4.0,3.0,10.0,0.0,21.0
28,29,teste,12 16 18 19 20 24 26 29,3 4 5 6 7 10 14 15,,P,8.0,0.0,12.0,2.0,2.0,1.0,6.0,2.0,8.0,0.0,17.0,1.0,3.0,1.0,5.0,1.0,272.0
28,57,teste,1 22 24,16,1 22,P,1.0,0.0,4.0,0.0,0.0,0.0,0.0,0.0,1.0,2.0,1.0,1.0,0.0,0.0,0.0,0.0,-361.0
28,44,teste,1 8 13 14 24,3 4 10 23,1 23,V,4.0,1.0,14.0,2.0,0.0,0.0,2.0,1.0,3.0,1.0,3.0,1.0,2.0,1.0,0.0,1.0,125.0
29,15,validacao,15 16 19 24 25 28 29 30 31,0 2 3 4 5 8 9 11,,P,8.0,0.0,8.0,1.0,3.0,3.0,5.0,0.0,9.0,0.0,12.0,0.0,2.0,4.0,7.0,1.0,-9.0
29,30,validacao,3 10 16 21 24 25 29 30,0 4 8 9,3,V,7.0,1.0,12.0,2.0,1.0,2.0,6.0,0.0,4.0,0.0,5.0,1.0,1.0,1.0,3.0,0.0,513.0
29,31,validacao,3 10 12 21 24 25 29 30,0 4 8 9,3,P,4.0,0.0,5.0,1.0,1.0,1.0,3.0,1.0,7.0,1.0,13.0,2.0,2.0,2.0,5.0,0.0,-506.0
29,36,validacao,3 10 12 24 25 26 29,0 4 14 20,3,V,6.0,1.0,12.0,1.0,2.0,1.0,3.0,0.0,4.0,0.0,9.0,1.0,2.0,1.0,2.0,0.0,387.0
29,13,validacao,16 19 22 24 25 28 29 30 31,0 2 3 4 5 8 9 11 15,,P,9.0,0.0,11.0,1.0,3.0,3.0,7.0,1.0,9.0,0.0,10.0,1.0,2.0,4.0,6.0,0.0,14.0
29,37,validacao,3 10 12 23 24 25 29,0 4 14 20,3,P,4.0,0.0,9.0,1.0,2.0,1.0,2.0,0.0,6.0,1.0,13.0,1.0,2.0,1.0,3.0,0.0,-378.0
29,39,validacao,3 5 10 23 24 25 29,0 14 20,3,P,3.0,0.0,8.0,1.0,1.0,1.0,0.0,0.0,6.0,1.0,15.0,1.0,1.0,1.0,3.0,1.0,-387.0
29,21,validacao,16 17 19 21 25 28 29 30,0 3 4 5 7 8 9,,P,7.0,0.0,7.0,1.0,2.0,2.0,7.0,0.0,8.0,0.0,12.0,2.0,2.0,3.0,6.0,0.0,-107.0
29,17,validacao,16 19 24 25 26 28 29 30,0 2 3 4 5 8 9 18,,P,8.0,0.0,10.0,2.0,2.0,3.0,5.0,0.0,8.0,0.0,9.0,0.0,2.0,3.0,6.0,0.0,21.0
29,35,validacao,3 10 12 24 25 26 29,0 4 9 20,3,P,4.0,0.0,8.0,1.0,2.0,1.0,2.0,0.0,6.0,1.0,12.0,1.0,2.0,1.0,3.0,0.0,-404.0
29,16,validacao,16 19 24 25 28 29 30 31,0 2 3 4 5 8 9 18,,V,8.0,0.0,8.0,0.0,2.0,4.0,5.0,0.0,8.0,0.0,10.0,2.0,2.0,3.0,5.0,0.0,9.0
29,42,validacao,7 10 23 24 25 29,13 14 20,7,V,5.0,1.0,9.0,1.0,0.0,1.0,5.0,0.0,3.0,0.0,11.0,2.0,1.0,0.0,0.0,0.0,385.0
29,41,validacao,7 10 23 24 25 29,9 14 20,7,P,3.0,0.0,10.0,2.0,1.0,0.0,2.0,0.0,5.0,1.0,9.0,1.0,0.0,1.0,5.0,0.0,-394.0
29,14,validacao,16 19 22 24 25 28 29 30 31,0 2 3 4 5 8 9 11 18,,V,9.0,0.0,10.0,1.0,2.0,4.0,6.0,0.0,9.0,0.0,12.0,2.0,3.0,3.0,5.0,1.0,-14.0
29,40,validacao,3 10 23 24 25 29,9 14 20,3,V,5.0,1.0,9.0,1.0,1.0,1.0,3.0,0.0,3.0,0.0,10.0,2.0,1.0,0.0,2.0,0.0,390.0
29,46,validacao,1 7 23 24 25 29,14 20 22,1 7,V,4.0,2.0,4.0,0.0,0.0,1.0,3.0,0.0,3.0,0.0,13.0,2.0,1.0,0.0,0.0,1.0,1600.0
29,34,validacao,3 10 12 24 25 29 30,0 4 9 20,3,V,6.0,1.0,11.0,1.0,2.0,2.0,4.0,0.0,4.0,0.0,8.0,1.0,2.0,1.0,2.0,0.0,405.0
29,28,validacao,3 16 17 21 24 25 29 30,0 4 5 8 14,3,V,7.0,1.0,10.0,2.0,1.0,2.0,7.0,0.0,5.0,0.0,7.0,1.0,1.0,1.0,4.0,1.0,514.0
29,23,validacao,16 17 19 21 24 25 29 30,0 3 4 5 8 9 10,,P,7.0,0.0,8.0,2.0,2.0,2.0,5.0,0.0,8.0,0.0,13.0,2.0,1.0,2.0,7.0,0.0,-107.0
29,12,validacao,16 22 23 24 25 28 29 30 31,0 2 3 4 5 8 9 11 15,,V,9.0,0.0,9.0,1.0,1.0,4.0,6.0,0.0,9.0,0.0,11.0,1.0,3.0,3.0,7.0,0.0,3.0
29,32,validacao,3 10 12 21 24 25 29 30,0 4 9 13,3,V,7.0,1.0,13.0,2.0,2.0,2.0,5.0,0.0,4.0,0.0,6.0,2.0,1.0,1.0,4.0,0.0,522.0
29,19,validacao,16 19 21 25 26 28 29 30,0 3 4 5 7 8 9 18,,P,8.0,0.0,11.0,2.0,2.0,2.0,7.0,0.0,8.0,0.0,10.0,1.0,2.0,3.0,6.0,0.0,20.0
29,38,validacao,3 10 12 23 24 25 29,0 8 14 20,3,V,6.0,1.0,13.0,1.0,2.0,1.0,3.0,0.0,4.0,0.0,10.0,1.0,1.0,1.0,0.0,1.0,378.0
29,27,validacao,3 16 17 21 24 25 29 30,0 4 5 8 9,3,P,5.0,0.0,6.0,1.0,1.0,1.0,5.0,0.0,7.0,1.0,10.0,2.0,1.0,2.0,7.0,0.0,-425.0
29,45,validacao,1 7 23 24 25 29,14 17 20,1 7,P,3.0,0.0,12.0,2.0,1.0,0.0,2.0,0.0,4.0,2.0,4.0,0.0,0.0,1.0,3.0,0.0,-562.0
29,20,validacao,16 19 21 25 26 28 29 30,0 3 4 5 7 8 9 22,,V,8.0,0.0,10.0,1.0,2.0,3.0,6.0,1.0,8.0,0.0,12.0,2.0,2.0,2.0,7.0,1.0,107.0
29,43,validacao,6 7 23 24 25 29,13 14 20,7,P,3.0,0.0,11.0,2.0,1.0,0.0,0.0,0.0,5.0,1.0,10.0,0.0,0.0,1.0,3.0,0.0,-435.0
29,33,validacao,3 10 12 16 24 25 29 30,0 4 9 13,3,P,4.0,0.0,6.0,2.0,1.0,1.0,4.0,0.0,7.0,1.0,14.0,1.0,2.0,2.0,6.0,1.0,-408.0
29,22,validacao,16 17 19 21 25 28 29 30,0 3 4 5 8 9 10,,V,8.0,0.0,12.0,2.0,2.0,3.0,6.0,0.0,7.0,0.0,8.0,2.0,2.0,2.0,5.0,0.0,118.0
29,11,validacao,16 22 23 24 25 28 29 30 31,0 2 3 4 5 6 8 11 15,,P,9.0,0.0,10.0,0.0,3.0,3.0,8.0,0.0,9.0,0.0,9.0,1.0,1.0,4.0,6.0,0.0,12.0
29,29,validacao,3 10 16 21 24 25 29 30,0 4 5 8,3,P,4.0,0.0,4.0,0.0,1.0,1.0,4.0,0.0,7.0,1.0,12.0,2.0,1.0,2.0,6.0,0.0,-514.0
29,10,validacao,16 22 24 25 27 28 29 30 31,0 2 3 4 5 6 8 11 15,,V,9.0,0.0,8.0,1.0,2.0,4.0,8.0,0.0,9.0,0.0,10.0,0.0,3.0,3.0,8.0,0.0,8.0
30,48,teste,2 6 9 18 19 20 28,4 13 21,2,V,6.0,1.0,19.0,2.0,3.0,1.0,3.0,0.0,3.0,0.0,9.0,2.0,1.0,0.0,0.0,0.0,571.0
30,38,teste,6 11 16 19 20 26 28,4 5 7 8,,V,7.0,0.0,20.0,0.0,4.0,1.0,2.0,0.0,4.0,0.0,5.0,0.0,1.0,0.0,3.0,1.0,512.0
30,19,teste,11 16 19 20 26 27 28 30 31,0 2 3 4 5 6 8 15,,P,8.0,0.0,8.0,0.0,2.0,3.0,6.0,1.0,9.0,0.0,15.0,0.0,5.0,3.0,6.0,0.0,-122.0
30,15,teste,11 17 20 23 25 26 27 28 30 31,0 1 2 3 4 5 8 14 15,,P,9.0,0.0,10.0,1.0,2.0,4.0,5.0,1.0,10.0,0.0,15.0,1.0,4.0,3.0,6.0,1.0,-127.0
30,23,teste,10 11 16 20 23 26 28 30 31,0 2 3 4 5 9 12,,P,7.0,0.0,7.0,1.0,3.0,3.0,4.0,0.0,9.0,0.0,18.0,1.0,3.0,3.0,6.0,1.0,-120.0
30,34,teste,11 16 20 22 23 26 28,0 3 4 8 9 17,,V,7.0,0.0,15.0,1.0,3.0,1.0,5.0,0.0,6.0,0.0,9.0,2.0,2.0,2.0,3.0,1.0,331.0
30,17,teste,11 16 20 23 26 27 28 30 31,0 1 2 3 4 5 8 15,,P,8.0,0.0,7.0,0.0,2.0,4.0,5.0,0.0,9.0,0.0,14.0,0.0,4.0,3.0,7.0,0.0,-115.0
30,32,teste,11 20 21 22 23 26 28,0 3 4 8 9 14,,V,7.0,0.0,14.0,2.0,3.0,1.0,3.0,0.0,6.0,0.0,8.0,2.0,2.0,2.0,5.0,0.0,225.0
30,41,teste,2 6 13 19 20 26 28,4 5 12,2,P,3.0,0.0,5.0,0.0,2.0,0.0,0.0,0.0,6.0,1.0,16.0,1.0,3.0,1.0,2.0,0.0,-525.0
30,11,teste,11 17 20 21 23 25 26 27 28 30 31,0 1 2 3 4 5 7 8 10 14,,P,10.0,0.0,10.0,2.0,2.0,4.0,10.0,0.0,11.0,0.0,17.0,2.0,4.0,3.0,8.0,0.0,-99.0
30,46,teste,2 6 13 18 19 20 28,4 8 21,2,V,6.0,1.0,18.0,2.0,3.0,1.0,2.0,1.0,3.0,0.0,8.0,1.0,1.0,0.0,2.0,0.0,527.0
30,51,teste,2 5 6 18 19 20 21,4 13,2,P,2.0,0.0,4.0,1.0,1.0,0.0,0.0,0.0,6.0,1.0,22.0,2.0,2.0,0.0,2.0,0.0,-706.0
30,10,teste,11 17 20 23 24 25 26 27 28 30 31,0 1 2 3 4 5 7 8 10 14,,V,11.0,0.0,16.0,1.0,4.0,3.0,9.0,1.0,10.0,0.0,10.0,2.0,2.0,4.0,10.0,0.0,127.0
30,36,teste,6 11 16 20 23 26 28,3 4 5 8,,V,7.0,0.0,19.0,0.0,3.0,1.0,4.0,0.0,4.0,0.0,4.0,0.0,2.0,1.0,3.0,0.0,400.0
30,37,teste,6 11 16 19 20 26 28,3 4 5 8,,P,4.0,0.0,4.0,0.0,2.0,1.0,3.0,0.0,7.0,0.0,20.0,0.0,4.0,1.0,2.0,0.0,-356.0
30,58,teste,2 5 6 10 14 19 20,16,2,V,6.0,1.0,26.0,2.0,2.0,0.0,4.0,0.0,1.0,0.0,4.0,0.0,0.0,0.0,0.0,1.0,1600.0
30,7,teste,11 17 20 23 24 26 27 28 29 30 31,0 1 2 3 4 5 6 7 8 9,,P,10.0,0.0,8.0,1.0,2.0,4.0,10.0,0.0,11.0,0.0,15.0,1.0,4.0,4.0,9.0,0.0,-106.0
30,24,teste,10 11 20 23 26 28 30 31,0 2 3 4 5 9 21,,V,8.0,0.0,15.0,1.0,3.0,3.0,4.0,0.0,7.0,0.0,9.0,2.0,2.0,3.0,4.0,0.0,115.0
30,44,teste,2 6 13 19 20 23 28,4 5 21,2,V,6.0,1.0,17.0,1.0,3.0,1.0,4.0,0.0,3.0,0.0,7.0,1.0,1.0,0.0,0.0,0.0,561.0
30,57,teste,2 5 6 10 14 19 20,12,2,P,1.0,0.0,3.0,0.0,1.0,0.0,0.0,0.0,6.0,1.0,26.0,2.0,2.0,0.0,4.0,0.0,-1600.0
30,56,teste,2 5 6 10 18 19 20,12,2,V,6.0,1.0,25.0,2.0,2.0,0.0,3.0,0.0,1.0,0.0,3.0,0.0,1.0,0.0,0.0,0.0,1600.0
30,20,teste,11 16 19 20 26 27 28 30 31,0 2 3 4 5 8 9 15,,V,9.0,0.0,15.0,0.0,5.0,3.0,6.0,0.0,8.0,0.0,9.0,1.0,2.0,3.0,5.0,1.0,222.0
30,47,teste,2 6 9 18 19 20 28,4 8 21,2,P,3.0,0.0,8.0,1.0,1.0,0.0,2.0,0.0,6.0,1.0,19.0,2.0,3.0,1.0,3.0,0.0,-580.0
30,50,teste,2 5 6 18 19 20 28,4 13 24,2,V,6.0,1.0,20.0,1.0,3.0,1.0,2.0,0.0,3.0,0.0,10.0,1.0,1.0,0.0,0.0,1.0,641.0
30,52,teste,2 5 6 18 19 20 21,4 17,2,V,6.0,1.0,22.0,2.0,2.0,0.0,2.0,1.0,2.0,0.0,5.0,1.0,1.0,0.0,0.0,1.0,774.0
30,35,teste,6 11 16 20 23 26 28,0 3 4 8,,P,4.0,0.0,3.0,0.0,2.0,2.0,3.0,0.0,7.0,0.0,19.0,0.0,3.0,1.0,4.0,0.0,-350.0
30,45,teste,2 6 13 18 19 20 28,4 5 21,2,P,3.0,0.0,7.0,1.0,1.0,0.0,0.0,0.0,6.0,1.0,18.0,2.0,3.0,1.0,2.0,0.0,-530.0
30,25,teste,10 11 20 22 23 28 30 31,0 2 3 4 5 9 21,,P,7.0,0.0,9.0,2.0,2.0,3.0,4.0,0.0,8.0,0.0,16.0,2.0,3.0,3.0,0.0,0.0,-125.0
30,54,teste,2 5 6 14 18 19 20,8,2,V,6.0,1.0,24.0,2.0,2.0,0.0,4.0,0.0,1.0,0.0,2.0,0.0,0.0,0.0,0.0,0.0,830.0
30,26,teste,10 11 20 22 23 28 30 31,0 2 3 4 5 9 25,,V,8.0,0.0,16.0,2.0,3.0,3.0,0.0,0.0,7.0,0.0,10.0,1.0,2.0,3.0,4.0,1.0,239.0
30,49,teste,2 5 6 18 19 20 28,4 13 21,2,P,3.0,0.0,9.0,2.0,1.0,0.0,0.0,0.0,6.0,1.0,20.0,1.0,3.0,1.0,2.0,0.0,-577.0
30,9,teste,11 17 20 23 24 25 26 27 28 30 31,0 1 2 3 4 5 7 8 9 10,,P,10.0,0.0,9.0,2.0,2.0,4.0,10.0,0.0,11.0,0.0,16.0,1.0,4.0,3.0,9.0,0.0,-96.0
31,33,treino,1 17 21 25 28 29,3 4 12 14 16,1,P,5.0,0.0,11.0,1.0,3.0,1.0,2.0,1.0,5.0,1.0,6.0,2.0,1.0,2.0,4.0,0.0,-176.0
31,16,treino,17 19 20 24 25 26 27 28 29,0 1 2 3 4 6 9 10 12 18,,V,9.0,0.0,12.0,1.0,4.0,2.0,5.0,0.0,10.0,0.0,13.0,3.0,3.0,4.0,7.0,0.0,-101.0
31,13,treino,17 19 20 24 25 27 28 29 31,0 1 2 3 4 6 7 8 9 18,,P,10.0,0.0,11.0,2.0,2.0,4.0,9.0,0.0,9.0,0.0,11.0,1.0,4.0,3.0,7.0,0.0,125.0
31,7,treino,15 19 20 21 24 25 27 28 29 30 31,0 1 2 3 4 5 6 7 9 11 13,,P,11.0,0.0,11.0,2.0,3.0,4.0,11.0,0.0,11.0,0.0,14.0,1.0,4.0,4.0,11.0,1.0,106.0
31,48,treino,24,3 8 11 12,11,V,1.0,0.0,1.0,0.0,0.0,0.0,0.0,0.0,3.0,1.0,5.0,0.0,3.0,1.0,2.0,0.0,-403.0
31,10,treino,19 20 24 25 27 28 29 30 31,0 1 2 3 4 5 6 7 9 18 22,,V,9.0,0.0,8.0,0.0,4.0,4.0,8.0,0.0,11.0,0.0,15.0,3.0,2.0,4.0,11.0,0.0,-123.0
31,19,treino,5 17 19 20 24 25 27 28 29,0 1 2 3 4 6 12 15,,P,8.0,0.0,8.0,0.0,3.0,4.0,5.0,1.0,9.0,0.0,17.0,1.0,4.0,2.0,5.0,1.0,-8.0
31,21,treino,10 17 20 24 25 27 28 29,1 2 3 4 6 9 12,,P,7.0,0.0,7.0,1.0,3.0,3.0,4.0,0.0,8.0,0.0,13.0,2.0,3.0,2.0,5.0,1.0,-20.0
31,31,treino,17 19 21 25 28 29,3 4 6 10 12 15 16,,P,7.0,0.0,14.0,1.0,3.0,1.0,5.0,0.0,6.0,0.0,9.0,2.0,2.0,2.0,4.0,0.0,105.0
31,34,treino,1 17 21 25 28 29,3 4 12 16 18,1,V,5.0,1.0,6.0,2.0,1.0,2.0,4.0,0.0,5.0,0.0,12.0,1.0,3.0,1.0,2.0,0.0,175.0
31,49,treino,21,3 8 11 12,11,P,3.0,1.0,5.0,0.0,3.0,1.0,2.0,0.0,1.0,0.0,2.0,1.0,0.0,0.0,0.0,0.0,1600.0
31,44,treino,11 28,2 3 4 12,2,V,2.0,0.0,5.0,0.0,2.0,1.0,0.0,0.0,3.0,1.0,4.0,0.0,3.0,2.0,0.0,0.0,-293.0
31,22,treino,17 20 24 25 27 28 29,1 2 3 4 9 12 15,,V,7.0,0.0,8.0,1.0,3.0,2.0,5.0,0.0,7.0,0.0,9.0,1.0,3.0,3.0,0.0,0.0,12.0
31,25,treino,17 20 21 23 25 28 29,2 3 4 6 9 12 15,,P,7.0,0.0,10.0,1.0,3.0,2.0,3.0,0.0,7.0,0.0,10.0,2.0,2.0,2.0,4.0,0.0,6.0
31,47,treino,24,3 4 11 12,11,P,3.0,1.0,4.0,0.0,4.0,1.0,0.0,0.0,1.0,0.0,1.0,0.0,0.0,0.0,0.0,0.0,399.0
31,15,treino,17 19 20 24 25 26 27 28 29,0 1 2 3 4 6 8 9 10 18,,P,10.0,0.0,12.0,3.0,2.0,4.0,8.0,0.0,9.0,0.0,12.0,1.0,4.0,2.0,5.0,0.0,138.0
31,42,treino,1 11 28,3 4 9 12,1 9,V,2.0,1.0,5.0,0.0,2.0,1.0,0.0,0.0,3.0,1.0,4.0,1.0,3.0,1.0,0.0,0.0,-115.0
31,29,treino,13 17 21 23 25 28 29,3 4 6 9 10 12 15,,P,7.0,0.0,12.0,2.0,3.0,1.0,4.0,0.0,7.0,0.0,12.0,3.0,1.0,2.0,5.0,1.0,86.0
31,5,treino,15 18 20 21 24 25 26 27 28 29 30 31,0 1 2 3 4 5 6 7 9 11 13 14,,P,12.0,0.0,14.0,3.0,3.0,4.0,12.0,0.0,12.0,0.0,15.0,2.0,3.0,4.0,12.0,1.0,-7.0
31,46,treino,28,3 4 11 12,11,V,1.0,0.0,0.0,0.0,1.0,1.0,0.0,0.0,3.0,1.0,4.0,0.0,4.0,1.0,0.0,0.0,-408.0
31,18,treino,17 19 20 23 24 25 27 28 29,0 1 2 3 4 6 9 12 15 18,,V,9.0,0.0,13.0,1.0,4.0,2.0,8.0,0.0,10.0,0.0,14.0,2.0,3.0,4.0,8.0,2.0,8.0
31,6,treino,15 20 21 24 25 26 27 28 29 30 31,0 1 2 3 4 5 6 7 9 11 13 23,,V,11.0,0.0,12.0,1.0,3.0,4.0,10.0,1.0,12.0,0.0,16.0,2.0,3.0,4.0,11.0,1.0,-21.0
31,11,treino,19 20 24 25 26 27 28 29 31,0 1 2 3 4 5 6 7 9 18 22,,P,11.0,0.0,15.0,3.0,2.0,4.0,11.0,1.0,9.0,0.0,9.0,0.0,4.0,3.0,8.0,0.0,123.0
31,28,treino,16 17 21 23 25 28 29,3 4 6 9 10 12 15,,V,7.0,0.0,11.0,2.0,1.0,2.0,5.0,0.0,7.0,0.0,12.0,2.0,3.0,1.0,4.0,0.0,12.0
31,17,treino,17 19 20 23 24 25 27 28 29,0 1 2 3 4 6 9 10 12 18,,P,10.0,0.0,13.0,3.0,3.0,4.0,7.0,1.0,9.0,0.0,13.0,1.0,4.0,2.0,8.0,0.0,89.0
31,36,treino,1 17 22 28 29,3 4 12 18 25,1,V,4.0,1.0,5.0,2.0,1.0,2.0,2.0,0.0,5.0,0.0,14.0,1.0,3.0,1.0,0.0,1.0,115.0
31,20,treino,17 19 20 24 25 27 28 29,1 2 3 4 6 9 12 15,,V,8.0,0.0,11.0,1.0,4.0,2.0,5.0,0.0,8.0,0.0,10.0,1.0,3.0,3.0,4.0,1.0,8.0
31,43,treino,6 11 28,3 4 9 12,6 9,P,3.0,1.0,4.0,1.0,3.0,1.0,0.0,1.0,2.0,1.0,5.0,0.0,2.0,1.0,0.0,1.0,286.0
31,24,treino,17 20 21 25 27 28 29,2 3 4 6 9 12 15,,V,7.0,0.0,9.0,2.0,3.0,2.0,4.0,0.0,7.0,0.0,10.0,1.0,3.0,2.0,3.0,0.0,13.0
31,41,treino,1 11 28,3 4 12 14,1 14,P,3.0,1.0,4.0,1.0,3.0,1.0,0.0,0.0,2.0,1.0,5.0,0.0,2.0,1.0,0.0,0.0,112.0
31,40,treino,1 15 28,3 4 12 14,1 14,V,2.0,1.0,4.0,0.0,1.0,1.0,0.0,0.0,3.0,1.0,4.0,1.0,3.0,1.0,0.0,0.0,-112.0
31,8,treino,19 20 21 24 25 27 28 29 30 31,0 1 2 3 4 5 6 7 9 13 18,,V,10.0,0.0,10.0,1.0,4.0,4.0,9.0,0.0,11.0,0.0,13.0,3.0,2.0,4.0,10.0,0.0,-106.0
32,6,treino,20 23 24 25 26 27 28 29 30 31,0 1 2 3 4 5 6 7 11 15 16,,V,10.0,0.0,8.0,0.0,3.0,4.0,10.0,0.0,11.0,0.0,13.0,0.0,3.0,4.0,10.0,1.0,-21.0
32,18,treino,22 23 25 26 27 28 29 31,2 3 4 6 7 9 11 19,,V,8.0,0.0,7.0,1.0,2.0,3.0,7.0,0.0,8.0,0.0,11.0,1.0,4.0,2.0,6.0,0.0,-12.0
32,22,treino,16 22 23 26 27 28 29 31,2 3 4 6 7 14 15 19,,V,8.0,0.0,9.0,1.0,2.0,3.0,5.0,0.0,8.0,0.0,13.0,1.0,3.0,2.0,6.0,0.0,289.0
32,20,treino,21 22 23 26 27 28 29 31,2 3 4 6 7 9 15 19,,V,8.0,0.0,8.0,2.0,2.0,3.0,5.0,0.0,8.0,0.0,12.0,1.0,3.0,2.0,7.0,0.0,15.0
32,28,treino,1 16 22 27 28 29,2 3 4 10,1,V,5.0,1.0,6.0,1.0,2.0,2.0,0.0,0.0,4.0,0.0,3.0,1.0,2.0,2.0,0.0,0.0,290.0
32,15,treino,5 22 23 26 27 28 29 30 31,0 2 3 4 6 7 11 15,,P,8.0,0.0,8.0,0.0,3.0,3.0,8.0,0.0,9.0,0.0,12.0,1.0,2.0,4.0,6.0,1.0,-9.0
32,10,treino,21 23 25 26 27 28 29 30 31,0 1 2 3 4 6 7 11 15 16,,V,9.0,0.0,7.0,1.0,2.0,4.0,8.0,0.0,10.0,0.0,12.0,0.0,3.0,4.0,9.0,1.0,-17.0
32,49,treino,5 7 24,25,7 25,P,0.0,1.0,0.0,0.0,0.0,0.0,0.0,0.0,2.0,1.0,7.0,0.0,0.0,0.0,0.0,0.0,-230.0
32,48,treino,7 9 24,25,7 25,V,2.0,1.0,6.0,1.0,0.0,0.0,0.0,0.0,0.0,1.0,0.0,0.0,0.0,0.0,0.0,0.0,223.0
32,7,treino,13 23 24 25 26 27 28 29 30 31,0 1 2 3 4 5 6 7 11 15,,P,10.0,0.0,9.0,0.0,3.0,4.0,10.0,0.0,10.0,0.0,10.0,1.0,2.0,4.0,9.0,0.0,16.0
32,34,treino,1 3 16 27 28 29,2 8,1 3,V,4.0,2.0,4.0,0.0,3.0,2.0,0.0,0.0,2.0,0.0,2.0,0.0,0.0,1.0,0.0,0.0,572.0
32,32,treino,1 10 16 27 28 29,2 4 7,1,V,5.0,1.0,9.0,1.0,2.0,2.0,0.0,1.0,3.0,0.0,2.0,0.0,1.0,1.0,2.0,1.0,576.0
32,44,treino,3 18 24,14 26,3 26,V,2.0,1.0,4.0,1.0,1.0,0.0,0.0,1.0,1.0,1.0,3.0,1.0,0.0,0.0,0.0,1.0,220.0
32,43,treino,3 18 24,9 26,3 26,P,1.0,1.0,2.0,1.0,0.0,0.0,0.0,0.0,2.0,1.0,4.0,1.0,1.0,0.0,0.0,0.0,-99.0
32,37,treino,3 16 24 27 29,8 9,3,P,2.0,0.0,4.0,1.0,0.0,0.0,0.0,0.0,4.0,1.0,5.0,0.0,2.0,1.0,2.0,0.0,-381.0
32,11,treino,12 23 25 26 27 28 29 30 31,0 1 2 3 4 6 7 11 15,,P,9.0,0.0,8.0,0.0,3.0,4.0,9.0,0.0,9.0,0.0,9.0,0.0,3.0,4.0,7.0,0.0,17.0
32,33,treino,1 3 16 27 28 29,2 4,1 3,P,2.0,0.0,1.0,0.0,1.0,1.0,0.0,0.0,4.0,2.0,4.0,0.0,3.0,2.0,0.0,0.0,-597.0
32,17,treino,22 23 25 26 27 28 29 31,2 3 4 6 7 9 11 15,,P,8.0,0.0,10.0,1.0,3.0,2.0,7.0,0.0,8.0,0.0,7.0,1.0,2.0,3.0,7.0,0.0,4.0
32,50,treino,5 7 24,21,7 21,V,2.0,1.0,7.0,0.0,0.0,0.0,0.0,1.0,0.0,1.0,0.0,1.0,0.0,0.0,0.0,1.0,1600.0
32,41,treino,3 23 24,9 30,3 30,P,1.0,1.0,2.0,1.0,0.0,0.0,0.0,0.0,2.0,1.0,3.0,0.0,1.0,0.0,0.0,0.0,-105.0
32,5,treino,13 20 23 24 25 26 27 28 29 30 31,0 1 2 3 4 5 6 7 9 11 15,,P,11.0,0.0,11.0,1.0,3.0,4.0,11.0,0.0,11.0,0.0,12.0,1.0,3.0,4.0,10.0,1.0,-4.0
32,25,treino,1 16 23 27 28 29 31,2 3 4 7 19,1,P,5.0,0.0,6.0,0.0,3.0,2.0,3.0,0.0,6.0,1.0,6.0,0.0,2.0,3.0,3.0,1.0,-289.0
32,23,treino,16 18 23 26 27 28 29 31,2 3 4 6 7 14 15 19,,P,8.0,0.0,13.0,1.0,3.0,2.0,6.0,2.0,8.0,0.0,10.0,1.0,2.0,3.0,5.0,1.0,-289.0
32,31,treino,1 10 16 27 28 29,2 3 4,1,P,3.0,0.0,1.0,0.0,2.0,2.0,0.0,0.0,5.0,1.0,9.0,1.0,2.0,2.0,0.0,0.0,-293.0
32,9,treino,13 21 23 25 26 27 28 29 30 31,0 1 2 3 4 6 7 9 11 15,,P,10.0,0.0,10.0,1.0,3.0,4.0,10.0,0.0,10.0,0.0,11.0,2.0,2.0,4.0,8.0,1.0,3.0
32,27,treino,1 16 22 27 28 29,2 3 4 7,1,P,4.0,0.0,2.0,0.0,2.0,2.0,3.0,0.0,5.0,1.0,6.0,1.0,2.0,2.0,0.0,0.0,-210.0
32,29,treino,1 16 17 27 28 29,2 3 4 10,1,P,4.0,0.0,3.0,1.0,2.0,2.0,0.0,0.0,5.0,1.0,7.0,1.0,2.0,2.0,0.0,0.0,-300.0
32,24,treino,16 23 26 27 28 29 31,2 3 4 6 7 14 19 22,,V,7.0,0.0,7.0,0.0,2.0,3.0,4.0,0.0,8.0,0.0,15.0,2.0,3.0,2.0,4.0,1.0,289.0
32,14,treino,12 22 23 26 27 28 29 30 31,0 2 3 4 6 7 8 11 15,,V,9.0,0.0,10.0,1.0,3.0,4.0,6.0,0.0,9.0,0.0,10.0,0.0,3.0,3.0,9.0,1.0,-9.0
32,38,treino,3 16 24 27 29,9 12,3,V,4.0,1.0,5.0,0.0,2.0,1.0,2.0,1.0,2.0,0.0,5.0,1.0,1.0,0.0,0.0,0.0,392.0
32,42,treino,3 23 24,9 26,3 26,V,2.0,1.0,3.0,0.0,1.0,0.0,0.0,1.0,1.0,1.0,2.0,1.0,0.0,0.0,0.0,0.0,98.0
32,8,treino,13 23 24 25 26 27 28 29 30 31,0 1 2 3 4 6 7 9 11 15,,V,10.0,0.0,10.0,1.0,2.0,4.0,9.0,1.0,10.0,0.0,10.0,1.0,3.0,4.0,10.0,0.0,1.0
33,41,treino,15 16 17 25 28,5 11,16,P,2.0,0.0,3.0,0.0,1.0,0.0,0.0,0.0,4.0,1.0,8.0,1.0,1.0,1.0,0.0,1.0,-301.0
33,57,treino,5 10,23 24,24,P,1.0,1.0,5.0,0.0,0.0,0.0,0.0,0.0,2.0,0.0,11.0,1.0,0.0,0.0,0.0,0.0,0.0
33,79,treino,8 9,30 31,8 9 30 31,P,0.0,2.0,0.0,0.0,0.0,0.0,0.0,0.0,0.0,2.0,0.0,1.0,0.0,0.0,0.0,0.0,-12.0
33,25,treino,4 22 24 27 28 29,0 1 3 5 10,,P,5.0,0.0,3.0,1.0,1.0,3.0,3.0,0.0,6.0,0.0,10.0,1.0,3.0,2.0,3.0,0.0,-121.0
33,63,treino,0 2,23 28,0 2 28,P,1.0,1.0,5.0,0.0,1.0,0.0,0.0,0.0,0.0,2.0,0.0,0.0,0.0,0.0,0.0,0.0,-60.0
33,46,treino,16 17 21 24,8 23,16,V,3.0,1.0,6.0,2.0,0.0,0.0,4.0,0.0,2.0,0.0,7.0,0.0,0.0,0.0,0.0,0.0,399.0
33,80,treino,8 9,26 30,8 9 26 30,V,0.0,2.0,0.0,1.0,0.0,0.0,0.0,0.0,0.0,2.0,0.0,0.0,0.0,0.0,2.0,0.0,12.0
33,48,treino,14 16 21 24,12 23,16,V,3.0,1.0,7.0,2.0,0.0,0.0,3.0,0.0,2.0,0.0,8.0,0.0,1.0,0.0,0.0,0.0,296.0
33,99,treino,8 30,19,8 19 30,P,0.0,1.0,0.0,0.0,1.0,0.0,0.0,0.0,0.0,2.0,0.0,0.0,0.0,1.0,0.0,0.0,-190.0
33,98,treino,8 21,19 25,8 19 21 25,V,0.0,2.0,0.0,1.0,0.0,0.0,0.0,1.0,0.0,2.0,0.0,0.0,1.0,0.0,0.0,1.0,184.0
33,11,treino,6 14 24 25 26 27 28 29 30 31,0 1 2 3 4 5 7 11,,P,8.0,0.0,5.0,0.0,3.0,4.0,8.0,0.0,10.0,0.0,14.0,1.0,2.0,4.0,8.0,1.0,-9.0
33,97,treino,8 21,19 30,8 19 21 30,P,0.0,2.0,0.0,0.0,1.0,0.0,0.0,0.0,0.0,2.0,0.0,1.0,0.0,0.0,0.0,0.0,-10.0
33,44,treino,16 17 21 28,5 23,16,V,3.0,1.0,5.0,2.0,1.0,1.0,3.0,0.0,2.0,0.0,6.0,0.0,0.0,0.0,0.0,0.0,305.0
33,12,treino,24 25 26 27 28 29 30 31,0 1 3 4 5 7 11 18,,V,8.0,0.0,4.0,0.0,2.0,4.0,8.0,0.0,8.0,0.0,9.0,1.0,3.0,3.0,7.0,0.0,100.0
33,55,treino,8 10,23 28,28,P,1.0,1.0,5.0,0.0,1.0,0.0,0.0,0.0,2.0,0.0,10.0,1.0,0.0,0.0,0.0,0.0,61.0
33,30,treino,0 21 22 27 28 29,1 3 5 9 14,0,V,5.0,1.0,5.0,2.0,2.0,2.0,0.0,0.0,5.0,0.0,6.0,2.0,1.0,2.0,4.0,0.0,183.0
33,16,treino,21 24 26 27 28 29 31,0 1 3 4 5 7 15,,V,7.0,0.0,5.0,1.0,2.0,3.0,7.0,0.0,7.0,0.0,6.0,0.0,2.0,3.0,6.0,0.0,3.0
33,7,treino,14 20 24 25 26 27 28 29 30 31,0 1 2 3 4 5 6 7 11 12,,P,10.0,0.0,9.0,0.0,4.0,4.0,9.0,0.0,10.0,0.0,10.0,1.0,3.0,4.0,9.0,0.0,10.0
33,85,treino,5 8,19 30,5 8 19 30,P,0.0,2.0,0.0,0.0,1.0,0.0,0.0,0.0,0.0,2.0,0.0,0.0,0.0,0.0,2.0,0.0,-4.0
33,51,treino,13 14,23 28,28,P,1.0,1.0,5.0,0.0,1.0,0.0,0.0,0.0,2.0,0.0,8.0,2.0,0.0,0.0,0.0,0.0,57.0
33,62,treino,2 5,23 28,2 28,V,1.0,1.0,6.0,0.0,0.0,0.0,0.0,0.0,1.0,1.0,5.0,0.0,1.0,0.0,0.0,0.0,58.0
33,36,treino,0 18 21 25 28,1 5 9 11,0,V,4.0,1.0,6.0,2.0,1.0,1.0,2.0,0.0,4.0,0.0,5.0,1.0,1.0,1.0,3.0,0.0,189.0
33,15,treino,21 24 26 27 28 29 31,0 1 3 4 5 7 11,,P,7.0,0.0,5.0,0.0,3.0,3.0,7.0,0.0,7.0,0.0,5.0,1.0,2.0,3.0,7.0,0.0,-7.0
33,39,treino,16 17 18 25 28,1 11,16,P,2.0,0.0,2.0,0.0,1.0,1.0,0.0,0.0,4.0,1.0,7.0,2.0,1.0,1.0,0.0,0.0,-426.0
33,24,treino,13 22 24 27 28 29,0 1 3 5 8 10,,V,6.0,0.0,8.0,2.0,2.0,2.0,3.0,1.0,6.0,0.0,5.0,1.0,1.0,3.0,4.0,1.0,118.0
33,9,treino,13 14 24 25 26 27 28 29 30 31,0 1 2 3 4 5 6 7 11,,P,9.0,0.0,6.0,0.0,3.0,4.0,9.0,0.0,10.0,0.0,12.0,2.0,2.0,4.0,8.0,0.0,16.0
33,92,treino,4 12,15 25,4 12 15 25,V,0.0,2.0,0.0,0.0,2.0,0.0,0.0,0.0,0.0,2.0,0.0,0.0,0.0,0.0,0.0,0.0,2.0
33,5,treino,14 20 21 24 25 26 27 28 29 30 31,0 1 2 3 4 5 6 7 10 11 12,,P,11.0,0.0,11.0,1.0,4.0,4.0,10.0,0.0,11.0,0.0,12.0,2.0,3.0,4.0,10.0,1.0,-7.0
33,74,treino,1 5,25 27,1 5 25 27,V,0.0,2.0,0.0,0.0,0.0,0.0,2.0,0.0,0.0,2.0,0.0,0.0,1.0,0.0,0.0,0.0,-2.0
33,20,treino,17 23 24 27 28 29 31,0 1 3 4 5 10 19,,V,7.0,0.0,7.0,1.0,2.0,3.0,6.0,1.0,7.0,0.0,8.0,1.0,3.0,3.0,4.0,0.0,17.0
33,4,treino,20 21 23 24 25 26 27 28 29 30 31,0 1 2 3 4 5 6 7 10 11 12 18,,V,11.0,0.0,10.0,1.0,3.0,4.0,11.0,0.0,12.0,0.0,15.0,2.0,4.0,4.0,10.0,1.0,7.0
33,23,treino,13 22 24 27 28 29,0 1 3 4 5 10,,P,6.0,0.0,4.0,1.0,2.0,3.0,4.0,0.0,6.0,0.0,8.0,2.0,2.0,2.0,3.0,0.0,-17.0
34,40,treino,1 13 21 25 27 28 31,12 14 18,1,V,6.0,1.0,8.0,2.0,2.0,2.0,4.0,0.0,3.0,0.0,10.0,2.0,1.0,0.0,2.0,0.0,600.0
34,19,treino,6 17 21 23 24 25 26 27 28 31,0 3 4 5 10 11 14,,P,7.0,0.0,9.0,2.0,3.0,2.0,5.0,0.0,10.0,0.0,17.0,2.0,2.0,2.0,9.0,0.0,-387.0
34,24,treino,1 21 23 24 25 26 27 28 31,0 3 10 11 12 14,1,V,8.0,1.0,8.0,1.0,2.0,2.0,8.0,0.0,6.0,0.0,10.0,2.0,3.0,2.0,2.0,0.0,389.0
34,18,treino,17 20 21 23 24 25 26 27 28 31,0 3 4 5 9 10 11 14 16,,V,10.0,0.0,13.0,2.0,3.0,2.0,10.0,0.0,9.0,0.0,15.0,3.0,3.0,2.0,6.0,1.0,325.0
34,33,treino,1 7 17 21 24 25 27 28 31,3 9 12 15,1,P,4.0,0.0,8.0,1.0,2.0,1.0,0.0,0.0,8.0,1.0,14.0,2.0,2.0,2.0,7.0,1.0,-515.0
34,25,treino,6 21 23 24 25 26 27 28 31,0 3 10 11 12 14,6,P,6.0,0.0,10.0,2.0,3.0,2.0,2.0,1.0,8.0,1.0,8.0,1.0,2.0,2.0,8.0,0.0,-305.0
34,17,treino,17 20 21 23 24 25 26 27 28 31,0 3 4 5 9 10 11 12 14,,P,9.0,0.0,14.0,3.0,4.0,2.0,6.0,0.0,10.0,0.0,13.0,2.0,3.0,2.0,10.0,0.0,-104.0
34,26,treino,6 21 23 24 25 26 27 28 31,0 3 10 12 14 15,6,V,8.0,1.0,8.0,1.0,2.0,2.0,8.0,0.0,6.0,0.0,11.0,2.0,2.0,2.0,3.0,0.0,388.0
34,36,treino,1 21 24 25 27 28 31,10 12 15 16,1,V,6.0,1.0,5.0,1.0,2.0,2.0,6.0,0.0,4.0,0.0,12.0,1.0,1.0,0.0,4.0,0.0,499.0
34,11,treino,17 20 21 22 23 26 27 28 29 30 31,0 1 3 4 5 7 9 10 12 14 15,,P,11.0,0.0,16.0,3.0,3.0,3.0,10.0,0.0,11.0,0.0,13.0,3.0,3.0,4.0,8.0,0.0,24.0
34,30,treino,1 21 22 23 24 25 27 28 31,3 9 10 12 14 15,1,V,8.0,1.0,9.0,2.0,2.0,2.0,8.0,0.0,6.0,0.0,13.0,3.0,2.0,1.0,4.0,0.0,511.0
34,7,treino,6 17 21 23 24 25 26 27 28 29 30 31,0 1 2 3 4 5 7 8 10 14 15,,P,11.0,0.0,13.0,2.0,2.0,4.0,11.0,0.0,12.0,0.0,17.0,2.0,2.0,4.0,11.0,1.0,-8.0
34,44,treino,1 8 9 21 25 28 31,16,1,V,6.0,1.0,13.0,2.0,1.0,2.0,2.0,0.0,1.0,0.0,4.0,0.0,0.0,0.0,0.0,1.0,1600.0
34,34,treino,1 17 21 24 25 27 28 31,9 10 12 15,1,V,7.0,1.0,8.0,2.0,2.0,2.0,7.0,0.0,4.0,0.0,10.0,2.0,1.0,0.0,2.0,0.0,502.0
34,21,treino,1 17 21 23 24 25 26 27 28 31,0 3 5 8 10 11 14,1,P,7.0,0.0,10.0,2.0,2.0,2.0,5.0,0.0,9.0,1.0,11.0,2.0,2.0,2.0,9.0,0.0,-384.0
34,14,treino,17 20 21 22 23 24 26 27 28 30 31,0 1 3 4 5 9 10 11 12 14 18,,V,11.0,0.0,14.0,3.0,3.0,3.0,11.0,1.0,11.0,0.0,18.0,4.0,4.0,3.0,8.0,1.0,102.0
34,9,treino,17 21 22 23 24 26 27 28 29 30 31,0 1 3 4 5 7 8 9 10 14 15,,P,11.0,0.0,15.0,3.0,2.0,3.0,11.0,0.0,11.0,0.0,12.0,3.0,2.0,4.0,11.0,0.0,24.0
34,6,treino,13 17 21 23 24 25 26 27 28 29 30 31,0 1 2 3 4 5 7 8 9 10 14 15,,V,12.0,0.0,15.0,3.0,2.0,4.0,12.0,1.0,12.0,0.0,15.0,3.0,2.0,4.0,12.0,1.0,-14.0
34,10,treino,17 21 22 23 24 26 27 28 29 30 31,0 1 3 4 5 7 9 10 12 14 15,,V,11.0,0.0,12.0,3.0,2.0,4.0,11.0,0.0,11.0,0.0,16.0,3.0,3.0,3.0,10.0,0.0,298.0
34,43,treino,1 8 9 21 25 28 31,12,1,P,1.0,0.0,3.0,0.0,1.0,0.0,0.0,0.0,6.0,1.0,13.0,2.0,1.0,2.0,2.0,0.0,-1600.0
34,5,treino,13 17 21 23 24 25 26 27 28 29 30 31,0 1 2 3 4 5 6 7 8 10 14 15,,P,12.0,0.0,14.0,2.0,2.0,4.0,12.0,0.0,12.0,0.0,15.0,3.0,2.0,4.0,12.0,0.0,14.0
34,8,treino,17 21 23 24 25 26 27 28 29 30 31,0 1 3 4 5 7 8 9 10 14 15,,V,11.0,0.0,11.0,2.0,2.0,4.0,11.0,0.0,11.0,0.0,15.0,3.0,2.0,3.0,11.0,0.0,8.0
34,4,treino,16 17 21 23 24 25 26 27 28 29 30 31,0 1 2 3 4 5 6 7 8 10 14 15,,V,12.0,0.0,14.0,2.0,2.0,4.0,12.0,0.0,12.0,0.0,14.0,2.0,2.0,4.0,12.0,0.0,-7.0
34,13,treino,17 20 21 22 23 24 26 27 28 30 31,0 1 3 4 5 9 10 11 12 14 15,,P,11.0,0.0,17.0,3.0,4.0,3.0,9.0,0.0,11.0,0.0,14.0,3.0,3.0,3.0,11.0,0.0,15.0
34,29,treino,1 21 22 23 24 25 27 28 31,3 5 10 12 14 15,1,P,6.0,0.0,12.0,2.0,2.0,1.0,3.0,1.0,8.0,1.0,9.0,2.0,2.0,2.0,8.0,0.0,-378.0
34,39,treino,1 13 21 25 27 28 31,12 14 15,1,P,3.0,0.0,9.0,1.0,1.0,0.0,0.0,0.0,6.0,1.0,8.0,2.0,2.0,2.0,4.0,0.0,-493.0
34,20,treino,6 17 21 23 24 25 26 27 28 31,0 3 5 8 10 11 14,,V,10.0,0.0,17.0,2.0,2.0,2.0,9.0,0.0,7.0,0.0,10.0,2.0,2.0,2.0,5.0,0.0,391.0
34,28,treino,6 21 22 23 24 25 27 28 31,3 5 10 12 14 15,6,V,8.0,1.0,9.0,2.0,2.0,2.0,8.0,0.0,6.0,0.0,12.0,2.0,2.0,1.0,3.0,0.0,536.0
34,22,treino,1 17 21 23 24 25 26 27 28 31,0 3 5 10 11 13 14,1,V,9.0,1.0,11.0,2.0,2.0,2.0,9.0,1.0,7.0,0.0,11.0,3.0,2.0,2.0,4.0,2.0,384.0
34,12,treino,17 20 21 22 23 26 27 28 29 30 31,0 1 3 4 5 9 10 11 12 14 15,,V,11.0,0.0,13.0,3.0,3.0,4.0,8.0,0.0,11.0,0.0,17.0,3.0,4.0,3.0,9.0,0.0,6.0
34,23,treino,1 8 21 23 24 25 26 27 28 31,0 3 5 10 11 14,1,P,6.0,0.0,8.0,2.0,2.0,2.0,4.0,0.0,9.0,1.0,13.0,1.0,2.0,2.0,8.0,1.0,-400.0
34,35,treino,1 13 21 24 25 27 28 31,9 10 12 15,1,P,4.0,0.0,10.0,2.0,1.0,0.0,2.0,1.0,7.0,1.0,9.0,2.0,2.0,2.0,6.0,1.0,-390.0
35,76,treino,5 10 14,22 28,5 10 22 28,V,1.0,2.0,4.0,2.0,0.0,0.0,2.0,0.0,0.0,2.0,0.0,1.0,1.0,0.0,0.0,0.0,131.0
35,60,treino,1 12 14,28 29,1 28 29,V,2.0,1.0,8.0,1.0,1.0,0.0,0.0,0.0,0.0,2.0,0.0,0.0,1.0,0.0,0.0,0.0,47.0
35,62,treino,1 8 14,24 28,1 24 28,V,2.0,1.0,9.0,1.0,0.0,0.0,0.0,0.0,0.0,2.0,0.0,0.0,1.0,0.0,2.0,0.0,54.0
35,22,treino,11 20 22 26 27 28 30 31,1 2 4 5 7 9 13 21,,V,8.0,0.0,11.0,1.0,4.0,3.0,5.0,0.0,8.0,0.0,13.0,3.0,1.0,2.0,6.0,0.0,-2.0
35,27,treino,11 17 20 21 27 30 31,1 2 4 5 7 9,,P,6.0,0.0,5.0,1.0,1.0,2.0,5.0,0.0,7.0,0.0,13.0,2.0,3.0,2.0,4.0,0.0,-115.0
35,48,treino,0 16 30,17 24 29,0 29,V,2.0,1.0,3.0,0.0,0.0,1.0,0.0,0.0,2.0,1.0,10.0,1.0,0.0,0.0,2.0,0.0,-78.0
35,28,treino,11 17 20 21 27 30 31,1 2 4 7 8 9,,V,7.0,0.0,13.0,2.0,3.0,2.0,4.0,0.0,6.0,0.0,6.0,1.0,1.0,2.0,4.0,0.0,111.0
35,14,treino,11 20 22 24 26 27 28 29 30 31,0 1 2 3 5 9 12 13 14,,V,10.0,0.0,12.0,1.0,4.0,4.0,9.0,0.0,9.0,0.0,12.0,3.0,2.0,4.0,6.0,0.0,222.0
35,56,treino,5 12 17,28 29,5 28 29,V,2.0,1.0,7.0,1.0,1.0,0.0,0.0,0.0,0.0,2.0,0.0,0.0,1.0,0.0,0.0,0.0,48.0
35,45,treino,2 16 30,5 6 17 21 25,2,P,5.0,0.0,17.0,2.0,0.0,0.0,3.0,1.0,2.0,1.0,3.0,0.0,0.0,1.0,0.0,0.0,189.0
35,39,treino,11 17 20 22 30,2 5 7 8 18 21,,P,6.0,0.0,13.0,2.0,0.0,1.0,4.0,1.0,5.0,0.0,12.0,2.0,2.0,1.0,2.0,1.0,226.0
35,6,treino,17 18 20 22 23 24 26 27 28 29 30 31,0 1 2 3 4 5 7 8 9 10 13 15,,V,12.0,0.0,15.0,3.0,3.0,4.0,12.0,0.0,12.0,0.0,15.0,3.0,2.0,4.0,12.0,1.0,94.0
35,54,treino,5 12 26,22 24 29,5 24 29,V,2.0,1.0,5.0,0.0,1.0,0.0,0.0,1.0,1.0,2.0,5.0,1.0,0.0,0.0,2.0,1.0,27.0
35,61,treino,1 8 14,28 29,1 28 29,P,0.0,2.0,0.0,0.0,1.0,0.0,0.0,0.0,2.0,1.0,9.0,1.0,0.0,0.0,0.0,0.0,-54.0
35,89,treino,1 5,20,1 5 20,P,0.0,1.0,0.0,0.0,1.0,0.0,0.0,0.0,0.0,2.0,0.0,0.0,0.0,0.0,2.0,0.0,-186.0
35,21,treino,11 16 20 22 26 27 28 30 31,1 2 4 5 7 9 12 13,,P,8.0,0.0,11.0,2.0,2.0,2.0,6.0,0.0,9.0,0.0,14.0,1.0,4.0,3.0,7.0,1.0,2.0
35,100,treino,6 13,21,6 13 21,V,0.0,2.0,0.0,1.0,0.0,0.0,0.0,0.0,0.0,1.0,0.0,1.0,0.0,0.0,0.0,0.0,198.0
35,35,treino,11 16 17 18 20 26 30,2 5 7 8 9 12,,P,6.0,0.0,9.0,1.0,1.0,1.0,6.0,0.0,7.0,0.0,17.0,2.0,2.0,1.0,4.0,1.0,-16.0
35,30,treino,11 17 20 21 23 30 31,1 2 4 7 9 12,,V,7.0,0.0,14.0,2.0,2.0,2.0,2.0,0.0,6.0,0.0,7.0,1.0,2.0,2.0,2.0,0.0,124.0
35,46,treino,2 16 30,5 6 17 21 29,2 29,V,2.0,1.0,3.0,0.0,0.0,1.0,0.0,0.0,4.0,1.0,11.0,2.0,0.0,0.0,2.0,1.0,-35.0
35,32,treino,11 17 18 20 21 30 31,1 2 7 8 9 12,,V,7.0,0.0,15.0,3.0,2.0,2.0,2.0,0.0,6.0,0.0,8.0,1.0,1.0,2.0,4.0,0.0,128.0
35,67,treino,0 5 14,24 28,0 5 24 28,P,0.0,2.0,0.0,0.0,1.0,0.0,2.0,0.0,1.0,2.0,4.0,1.0,0.0,0.0,2.0,0.0,-122.0
35,37,treino,11 14 17 20 26 30,2 5 7 8 9 21,,P,6.0,0.0,11.0,2.0,0.0,1.0,5.0,0.0,6.0,0.0,15.0,2.0,2.0,1.0,4.0,1.0,111.0
35,66,treino,0 1 14,24 28,0 1 24 28,V,1.0,2.0,4.0,1.0,0.0,0.0,0.0,0.0,0.0,2.0,0.0,0.0,1.0,0.0,2.0,0.0,116.0
35,93,treino,1 4,21,1 4 21,P,0.0,1.0,0.0,1.0,0.0,0.0,0.0,0.0,0.0,2.0,0.0,0.0,1.0,0.0,0.0,0.0,-176.0
35,26,treino,11 17 20 27 28 30 31,1 2 4 5 7 9 24,,V,7.0,0.0,11.0,1.0,4.0,3.0,2.0,0.0,7.0,0.0,11.0,1.0,1.0,2.0,5.0,1.0,115.0
35,88,treino,0 1,20,0 1 20,V,0.0,2.0,0.0,0.0,0.0,0.0,0.0,0.0,0.0,1.0,0.0,0.0,1.0,0.0,0.0,0.0,186.0
35,17,treino,11 20 21 22 25 26 27 28 30 31,1 2 3 4 5 9 12 13 14,,P,9.0,0.0,13.0,3.0,3.0,3.0,5.0,0.0,10.0,0.0,14.0,2.0,4.0,3.0,7.0,0.0,-108.0
35,65,treino,0 1 14,21 28,0 1 21 28,P,0.0,2.0,0.0,1.0,1.0,0.0,0.0,0.0,1.0,2.0,4.0,1.0,0.0,0.0,0.0,0.0,-112.0
35,95,treino,1 8,16,1 8 16,P,0.0,1.0,0.0,0.0,0.0,0.0,0.0,0.0,0.0,2.0,0.0,0.0,0.0,0.0,0.0,0.0,-180.0
35,91,treino,0 1,16,0 1 16,P,0.0,1.0,0.0,0.0,0.0,0.0,0.0,0.0,0.0,2.0,0.0,0.0,0.0,0.0,0.0,0.0,-180.0
35,11,treino,8 11 19 20 22 24 26 27 28 29 30 31,0 1 2 3 4 5 7 9 12 15,,P,10.0,0.0,11.0,1.0,3.0,4.0,8.0,1.0,12.0,0.0,20.0,1.0,5.0,4.0,9.0,1.0,-101.0
36,18,validacao,13 19 21 24 27 28 29 30 31,0 2 3 4 5 6 10 11 16 20,,V,9.0,0.0,11.0,2.0,3.0,4.0,6.0,1.0,10.0,0.0,16.0,1.0,4.0,3.0,8.0,1.0,-130.0
36,9,validacao,12 21 23 24 26 27 28 29 30 31,0 1 2 3 4 5 6 7 11 14 20,,P,11.0,0.0,14.0,1.0,4.0,4.0,9.0,0.0,10.0,0.0,11.0,1.0,3.0,4.0,9.0,0.0,127.0
36,27,validacao,12 13 23 28 29 30 31,0 2 4 5 6 7 18 20 21,,P,9.0,0.0,18.0,2.0,2.0,2.0,6.0,1.0,7.0,0.0,10.0,1.0,2.0,4.0,0.0,1.0,327.0
36,28,validacao,12 13 28 29 30 31,0 2 4 5 6 7 20 21 27,,V,6.0,0.0,8.0,1.0,2.0,4.0,0.0,0.0,9.0,0.0,20.0,1.0,3.0,2.0,6.0,0.0,-346.0
36,14,validacao,21 22 23 24 27 28 29 30 31,0 2 3 4 5 6 10 11 12 14 20,,V,9.0,0.0,8.0,2.0,2.0,4.0,7.0,0.0,11.0,0.0,18.0,2.0,5.0,3.0,7.0,0.0,-213.0
36,4,validacao,17 21 23 24 25 26 27 28 29 30 31,0 1 2 3 4 5 6 7 9 10 11 20,,V,11.0,0.0,11.0,2.0,2.0,4.0,11.0,0.0,12.0,0.0,15.0,2.0,4.0,4.0,11.0,0.0,-110.0
36,30,validacao,12 13 29 30 31,0 2 4 5 6 7 20 27 28,28,V,5.0,0.0,8.0,1.0,1.0,3.0,0.0,0.0,8.0,1.0,15.0,0.0,4.0,2.0,6.0,0.0,-634.0
36,23,validacao,12 13 15 21 27 28 29 30 31,0 2 4 5 6 7 11 14 20,,P,9.0,0.0,14.0,1.0,3.0,2.0,7.0,0.0,9.0,0.0,15.0,2.0,3.0,4.0,2.0,1.0,115.0
36,37,validacao,12 25 26,0 2 5 6 10 13 27 28 29,28 29,P,7.0,2.0,13.0,2.0,2.0,2.0,5.0,0.0,3.0,0.0,6.0,0.0,1.0,0.0,0.0,1.0,1600.0
36,38,validacao,12,0 2 5 6 10 13 27 28 31,28 31,V,1.0,0.0,4.0,0.0,1.0,0.0,0.0,0.0,7.0,2.0,13.0,2.0,2.0,2.0,7.0,0.0,-1600.0
36,35,validacao,12 26 30,0 2 5 6 7 13 27 28 29,28 29,P,7.0,2.0,12.0,1.0,2.0,2.0,5.0,0.0,3.0,0.0,5.0,0.0,1.0,1.0,2.0,0.0,821.0
36,10,validacao,12 21 23 24 26 27 28 29 30 31,0 1 2 3 4 5 6 10 11 14 20,,V,10.0,0.0,11.0,1.0,3.0,4.0,9.0,0.0,11.0,0.0,15.0,2.0,4.0,4.0,8.0,0.0,-101.0
36,21,validacao,12 13 19 21 27 28 29 30 31,0 2 3 4 5 6 11 14 20,,P,9.0,0.0,13.0,1.0,4.0,3.0,5.0,0.0,9.0,0.0,14.0,2.0,4.0,4.0,2.0,0.0,116.0
36,20,validacao,12 13 19 24 27 28 29 30 31,0 2 3 4 5 6 11 14 20,,V,9.0,0.0,13.0,1.0,4.0,4.0,5.0,0.0,9.0,0.0,13.0,1.0,4.0,3.0,5.0,0.0,-115.0
36,26,validacao,12 13 27 28 29 30 31,0 2 4 5 6 7 18 20 21,,V,7.0,0.0,9.0,1.0,3.0,4.0,2.0,0.0,9.0,0.0,18.0,2.0,2.0,2.0,6.0,0.0,-233.0
36,29,validacao,12 13 24 29 30 31,0 2 4 5 6 7 20 21 27,,P,9.0,0.0,20.0,1.0,3.0,2.0,6.0,1.0,6.0,0.0,9.0,1.0,1.0,3.0,2.0,1.0,510.0
36,13,validacao,21 22 23 24 27 28 29 30 31,0 1 2 3 4 6 10 11 12 14 20,,P,11.0,0.0,17.0,2.0,5.0,4.0,7.0,0.0,9.0,0.0,8.0,2.0,2.0,4.0,7.0,0.0,216.0
36,12,validacao,21 23 24 26 27 28 29 30 31,0 1 2 3 4 6 10 11 12 14 20,,V,9.0,0.0,7.0,1.0,2.0,4.0,9.0,0.0,11.0,0.0,17.0,2.0,5.0,4.0,7.0,0.0,-220.0
36,17,validacao,13 19 21 24 27 28 29 30 31,0 2 3 4 5 6 10 11 12 20,,P,10.0,0.0,15.0,1.0,5.0,3.0,6.0,0.0,9.0,0.0,11.0,2.0,3.0,4.0,6.0,0.0,221.0
36,19,validacao,12 13 19 24 27 28 29 30 31,0 2 3 4 5 6 10 11 20,,P,9.0,0.0,12.0,1.0,4.0,3.0,6.0,0.0,9.0,0.0,13.0,1.0,4.0,4.0,5.0,0.0,130.0
36,25,validacao,12 13 17 27 28 29 30 31,0 2 4 5 6 7 14 18 20,,P,9.0,0.0,16.0,2.0,2.0,2.0,8.0,1.0,8.0,0.0,12.0,2.0,3.0,4.0,4.0,1.0,214.0
36,7,validacao,12 23 24 25 26 27 28 29 30 31,0 1 2 3 4 5 6 7 10 11 20,,P,11.0,0.0,13.0,1.0,4.0,4.0,10.0,0.0,10.0,0.0,10.0,0.0,3.0,4.0,9.0,0.0,133.0
36,5,validacao,13 21 23 24 25 26 27 28 29 30 31,0 1 2 3 4 5 6 7 9 10 11 20,,P,12.0,0.0,15.0,2.0,4.0,4.0,11.0,0.0,11.0,0.0,12.0,2.0,2.0,4.0,10.0,1.0,120.0
36,11,validacao,8 21 23 24 26 27 28 29 30 31,0 1 2 3 4 5 6 10 11 14 20,,P,11.0,0.0,15.0,2.0,4.0,4.0,8.0,0.0,10.0,0.0,12.0,1.0,2.0,4.0,9.0,1.0,222.0
36,31,validacao,8 12 29 30 31,0 2 4 5 6 7 20 27 28,28,P,8.0,1.0,15.0,0.0,4.0,2.0,6.0,1.0,5.0,0.0,9.0,0.0,1.0,3.0,2.0,1.0,635.0
36,34,validacao,12 30 31,0 2 5 6 7 13 27 28 29,28 29,V,3.0,0.0,4.0,0.0,1.0,2.0,0.0,0.0,7.0,2.0,12.0,1.0,2.0,2.0,5.0,0.0,-821.0
36,16,validacao,19 21 22 24 27 28 29 30 31,0 2 3 4 5 6 10 11 12 17 20,,V,9.0,0.0,9.0,2.0,3.0,4.0,6.0,1.0,11.0,0.0,19.0,2.0,5.0,3.0,6.0,1.0,-121.0
36,15,validacao,19 21 22 24 27 28 29 30 31,0 2 3 4 5 6 10 11 12 14 20,,P,11.0,0.0,18.0,2.0,5.0,3.0,7.0,0.0,9.0,0.0,9.0,2.0,3.0,4.0,6.0,0.0,234.0
36,33,validacao,12 24 30 31,0 2 5 6 7 13 20 27 28,28,P,8.0,1.0,17.0,1.0,3.0,2.0,5.0,0.0,4.0,0.0,5.0,0.0,1.0,2.0,0.0,1.0,802.0
36,32,validacao,12 29 30 31,0 2 5 6 7 13 20 27 28,28,V,4.0,0.0,4.0,0.0,1.0,3.0,0.0,0.0,8.0,1.0,17.0,1.0,3.0,2.0,5.0,0.0,-654.0
36,39,validacao,8,0 2 5 6 10 13 27 28 31,28 31,P,7.0,2.0,13.0,2.0,2.0,2.0,7.0,1.0,1.0,0.0,5.0,0.0,0.0,0.0,0.0,1.0,1600.0
36,8,validacao,12 23 24 25 26 27 28 29 30 31,0 1 2 3 4 5 6 7 11 14 20,,V,10.0,0.0,10.0,0.0,3.0,4.0,9.0,0.0,11.0,0.0,14.0,1.0,4.0,4.0,9.0,0.0,-107.0
37,6,treino,16 17 21 22 23 25 26 27 28 29 30 31,0 1 2 3 4 5 6 7 11 12 14 15,,V,12.0,0.0,15.0,3.0,2.0,4.0,11.0,0.0,12.0,0.0,15.0,1.0,4.0,4.0,10.0,1.0,2.0
37,47,treino,10 27,3 8 12 24 28 30,10 24 28 30,P,3.0,3.0,5.0,0.0,3.0,1.0,4.0,0.0,1.0,1.0,1.0,1.0,1.0,0.0,0.0,0.0,588.0
37,33,treino,23 31,2 3 4 12 16 25 29,29,P,6.0,1.0,14.0,0.0,3.0,2.0,4.0,0.0,2.0,0.0,2.0,0.0,0.0,1.0,0.0,0.0,685.0
37,49,treino,7 27,3 8 12 21 28 30,7 21 28 30,P,3.0,3.0,5.0,1.0,3.0,1.0,2.0,0.0,1.0,1.0,1.0,0.0,1.0,0.0,0.0,1.0,777.0
37,52,treino,23,8 10 12 21 25 28,21 25 28,V,1.0,0.0,2.0,0.0,0.0,0.0,0.0,0.0,3.0,3.0,7.0,2.0,2.0,0.0,4.0,0.0,-781.0
37,27,treino,22 25 27 31,2 3 4 11 12 15 16 29,29,P,7.0,1.0,13.0,0.0,4.0,2.0,4.0,0.0,4.0,0.0,4.0,1.0,1.0,1.0,4.0,0.0,540.0
37,8,treino,16 21 22 23 25 26 27 28 29 30 31,0 1 2 3 4 5 6 11 12 14 15,,V,11.0,0.0,12.0,2.0,2.0,4.0,10.0,0.0,11.0,0.0,14.0,1.0,4.0,4.0,8.0,0.0,18.0
37,22,treino,24 26 27 28 30 31,2 3 4 11 12 15 16 29,29,V,6.0,0.0,3.0,0.0,2.0,3.0,6.0,1.0,7.0,1.0,13.0,0.0,4.0,2.0,4.0,0.0,-290.0
37,32,treino,27 31,2 3 4 12 16 25 29,29,V,2.0,0.0,1.0,0.0,1.0,1.0,2.0,0.0,6.0,1.0,14.0,0.0,3.0,2.0,4.0,0.0,-694.0
37,16,treino,18 22 25 26 27 28 29 30 31,1 2 3 4 10 11 12 15 16,,V,9.0,0.0,8.0,2.0,2.0,4.0,8.0,0.0,9.0,0.0,15.0,1.0,4.0,3.0,5.0,0.0,8.0
37,13,treino,5 13 22 23 25 26 27 28 29 30 31,0 1 2 3 4 6 11 12 15,,P,9.0,0.0,10.0,0.0,4.0,4.0,7.0,0.0,11.0,0.0,17.0,2.0,2.0,4.0,8.0,1.0,-6.0
37,51,treino,23,8 10 12 21 28 30,21 28 30,P,3.0,3.0,7.0,2.0,2.0,0.0,2.0,0.0,1.0,0.0,2.0,0.0,0.0,0.0,0.0,0.0,775.0
37,31,treino,22 27 31,2 3 4 12 16 18 29,29,P,6.0,1.0,12.0,1.0,3.0,2.0,2.0,1.0,3.0,0.0,3.0,1.0,1.0,1.0,2.0,1.0,638.0
37,28,treino,22 25 27 31,2 3 4 11 12 16 18 29,29,V,4.0,0.0,4.0,1.0,1.0,1.0,4.0,0.0,7.0,1.0,14.0,1.0,4.0,2.0,2.0,1.0,-540.0
37,9,treino,13 21 22 23 25 26 27 28 29 30 31,0 1 2 3 4 5 6 11 12 14 15,,P,11.0,0.0,14.0,1.0,4.0,4.0,8.0,0.0,11.0,0.0,13.0,3.0,2.0,4.0,9.0,0.0,15.0
37,40,treino,10 31,2 3 4 12 28 29 30,28 29 30,V,2.0,0.0,5.0,1.0,0.0,1.0,0.0,0.0,4.0,3.0,4.0,0.0,4.0,2.0,0.0,0.0,-763.0
37,10,treino,13 21 22 23 25 26 27 28 29 30 31,0 1 2 3 4 5 6 11 12 15 17,,V,11.0,0.0,13.0,3.0,2.0,4.0,9.0,1.0,11.0,0.0,15.0,1.0,4.0,4.0,8.0,1.0,-12.0
37,38,treino,15 31,2 3 4 12 24 29 30,29 30,V,2.0,0.0,4.0,0.0,0.0,1.0,0.0,0.0,5.0,2.0,10.0,0.0,3.0,2.0,2.0,0.0,-743.0
37,46,treino,6 27,3 8 12 24 28 30,6 24 28 30,V,1.0,1.0,1.0,0.0,1.0,0.0,0.0,0.0,3.0,3.0,5.0,0.0,3.0,1.0,4.0,0.0,-589.0
37,44,treino,1 27,3 4 12 24 28 30,1 24 28 30,V,1.0,1.0,1.0,0.0,1.0,0.0,0.0,0.0,3.0,3.0,4.0,0.0,4.0,1.0,2.0,0.0,-592.0
37,50,treino,27,8 10 12 21 28 30,21 28 30,V,1.0,0.0,1.0,0.0,1.0,0.0,0.0,0.0,3.0,3.0,7.0,2.0,2.0,0.0,2.0,0.0,-793.0
37,34,treino,23 31,2 3 4 12 16 29 30,29 30,V,2.0,0.0,2.0,0.0,0.0,1.0,0.0,0.0,5.0,2.0,8.0,0.0,3.0,2.0,2.0,0.0,-691.0
37,24,treino,22 27 28 30 31,2 3 4 11 12 15 16 20,20,V,5.0,0.0,3.0,1.0,2.0,3.0,2.0,0.0,7.0,1.0,13.0,0.0,5.0,2.0,5.0,0.0,-417.0
37,35,treino,18 31,2 3 4 12 16 29 30,29 30,P,5.0,2.0,8.0,0.0,3.0,2.0,2.0,0.0,2.0,0.0,3.0,1.0,0.0,1.0,0.0,0.0,688.0
37,37,treino,15 31,2 3 4 12 21 29 30,29 30,P,5.0,2.0,9.0,1.0,3.0,2.0,0.0,0.0,2.0,0.0,4.0,0.0,0.0,1.0,0.0,0.0,691.0
37,11,treino,13 14 22 23 25 26 27 28 29 30 31,0 1 2 3 4 5 6 11 12 15,,P,10.0,0.0,11.0,0.0,4.0,4.0,8.0,0.0,11.0,0.0,15.0,3.0,2.0,4.0,8.0,0.0,12.0
37,20,treino,9 22 24 25 26 27 28 30 31,2 3 4 6 11 12 15 16,,V,9.0,0.0,11.0,2.0,2.0,3.0,8.0,1.0,8.0,0.0,14.0,0.0,4.0,2.0,6.0,0.0,91.0
37,4,treino,17 20 21 22 23 25 26 27 28 29 30 31,0 1 2 3 4 5 6 7 10 11 12 14,,V,12.0,0.0,14.0,3.0,3.0,4.0,10.0,0.0,12.0,0.0,14.0,2.0,4.0,4.0,11.0,0.0,20.0
37,21,treino,9 17 24 25 26 27 28 30 31,2 3 4 6 11 12 15 16,,P,8.0,0.0,14.0,0.0,4.0,2.0,6.0,0.0,9.0,0.0,12.0,2.0,2.0,3.0,7.0,1.0,289.0
37,23,treino,22 24 27 28 30 31,2 3 4 11 12 15 16 29,29,P,7.0,1.0,13.0,0.0,4.0,2.0,4.0,0.0,6.0,0.0,4.0,1.0,2.0,3.0,4.0,1.0,410.0
37,30,treino,25 27 31,2 3 4 12 16 18 29,29,V,3.0,0.0,2.0,0.0,1.0,1.0,2.0,1.0,6.0,1.0,12.0,1.0,3.0,2.0,2.0,0.0,-633.0
37,54,treino,18,8 10 12 21 24 25,21 24 25,V,1.0,0.0,3.0,1.0,0.0,0.0,0.0,0.0,3.0,3.0,7.0,2.0,1.0,0.0,5.0,0.0,-1600.0
38,23,treino,14 16 22 24 25 27 28 31,0 3 4 5 7 10 15,,P,7.0,0.0,8.0,1.0,2.0,2.0,7.0,0.0,8.0,0.0,12.0,2.0,2.0,2.0,6.0,1.0,-5.0
38,4,treino,20 22 23 24 25 26 27 28 29 30 31,0 1 2 3 4 5 7 8 9 11 15,,V,11.0,0.0,10.0,1.0,3.0,4.0,11.0,0.0,11.0,0.0,12.0,1.0,3.0,4.0,11.0,0.0,3.0
38,31,treino,13 22 25 27 28,3 4 5 7 15,,P,5.0,0.0,6.0,0.0,2.0,1.0,2.0,0.0,5.0,0.0,8.0,2.0,2.0,1.0,2.0,0.0,-12.0
38,25,treino,16 22 24 25 27 28,0 3 4 5 7 15,,P,6.0,0.0,6.0,0.0,2.0,2.0,5.0,0.0,6.0,0.0,8.0,1.0,2.0,1.0,4.0,0.0,-5.0
38,11,treino,13 20 22 23 24 25 26 27 28 30 31,0 1 2 3 4 5 7 8 14 15 19,,P,11.0,0.0,15.0,1.0,3.0,4.0,10.0,0.0,11.0,0.0,14.0,2.0,3.0,3.0,10.0,1.0,7.0
38,10,treino,16 20 22 23 24 25 26 27 28 30 31,0 1 2 3 4 5 7 8 14 15 19,,V,11.0,0.0,13.0,1.0,3.0,3.0,11.0,0.0,11.0,0.0,15.0,1.0,3.0,4.0,10.0,0.0,123.0
38,28,treino,22 24 25 27 28,0 3 4 7 15 16,,V,5.0,0.0,5.0,1.0,2.0,1.0,4.0,0.0,6.0,0.0,9.0,0.0,2.0,2.0,4.0,0.0,2.0
38,22,treino,16 22 23 24 25 27 28 31,0 3 4 5 7 10 15 18,,V,8.0,0.0,10.0,1.0,2.0,2.0,7.0,0.0,8.0,0.0,12.0,2.0,2.0,2.0,8.0,1.0,5.0
38,37,treino,24,3 4 7 26 29,29,P,4.0,1.0,8.0,0.0,2.0,1.0,2.0,0.0,1.0,0.0,1.0,0.0,0.0,0.0,0.0,1.0,1600.0
38,21,treino,16 22 23 24 25 27 28 31,0 3 4 5 7 10 14 15,,P,8.0,0.0,11.0,2.0,2.0,2.0,8.0,0.0,8.0,0.0,10.0,1.0,2.0,2.0,7.0,0.0,-2.0
38,32,treino,13 22 25 27 28,3 4 7 8 15,,V,5.0,0.0,8.0,2.0,2.0,1.0,2.0,1.0,5.0,0.0,7.0,0.0,2.0,1.0,4.0,0.0,3.0
38,12,treino,20 22 23 24 25 26 27 28 30 31,0 1 2 3 4 5 7 14 15 17 19,,V,10.0,0.0,10.0,1.0,3.0,3.0,10.0,0.0,11.0,0.0,17.0,2.0,3.0,4.0,11.0,1.0,-30.0
38,19,treino,6 20 22 23 24 25 27 28 31,0 1 3 4 5 7 14 15,,P,8.0,0.0,9.0,1.0,2.0,3.0,6.0,0.0,9.0,0.0,15.0,1.0,3.0,2.0,8.0,1.0,-292.0
38,6,treino,20 21 22 23 24 26 27 28 29 30 31,0 1 2 3 4 5 7 8 9 11 19,,V,11.0,0.0,11.0,2.0,3.0,4.0,11.0,0.0,11.0,0.0,13.0,1.0,4.0,4.0,10.0,0.0,1.0
38,15,treino,13 20 22 23 24 25 27 28 30 31,0 1 3 4 5 6 7 14 15 19,,P,10.0,0.0,14.0,1.0,3.0,3.0,9.0,0.0,10.0,0.0,13.0,2.0,3.0,3.0,9.0,1.0,-16.0
38,36,treino,28,3 4 7 26 29,29,V,1.0,0.0,0.0,0.0,1.0,1.0,0.0,0.0,4.0,1.0,8.0,0.0,2.0,1.0,2.0,0.0,-1600.0
38,5,treino,20 21 22 23 24 26 27 28 29 30 31,0 1 2 3 4 5 7 8 9 11 15,,P,11.0,0.0,12.0,1.0,3.0,4.0,11.0,0.0,11.0,0.0,11.0,2.0,3.0,4.0,11.0,0.0,-10.0
38,13,treino,13 20 23 24 25 26 27 28 30 31,0 1 2 3 4 5 7 14 15 19,,P,10.0,0.0,13.0,1.0,3.0,4.0,9.0,0.0,10.0,0.0,12.0,1.0,3.0,3.0,9.0,0.0,30.0
38,16,treino,13 20 22 24 25 27 28 30 31,0 1 3 4 5 6 7 14 15 26,,V,9.0,0.0,11.0,2.0,3.0,3.0,8.0,0.0,10.0,0.0,16.0,1.0,2.0,3.0,7.0,1.0,-12.0
38,18,treino,13 20 22 23 24 25 27 28 31,0 1 3 4 5 7 9 14 15,,V,9.0,0.0,13.0,2.0,3.0,2.0,8.0,1.0,9.0,0.0,11.0,2.0,2.0,3.0,8.0,1.0,-10.0
38,34,treino,23 25 28,3 4 7 15 26,,V,3.0,0.0,3.0,0.0,1.0,1.0,0.0,0.0,5.0,0.0,11.0,0.0,2.0,1.0,2.0,0.0,-285.0
38,30,treino,20 22 25 27 28,3 4 5 7 15 16,,V,5.0,0.0,6.0,1.0,3.0,1.0,2.0,0.0,6.0,0.0,10.0,0.0,2.0,1.0,2.0,1.0,-7.0
38,27,treino,13 22 24 25 27 28,0 3 4 7 9 15,,P,6.0,0.0,7.0,1.0,2.0,2.0,4.0,1.0,6.0,0.0,9.0,2.0,2.0,1.0,4.0,1.0,88.0
38,35,treino,18 25 28,3 4 7 15 26,,P,5.0,0.0,11.0,0.0,2.0,1.0,2.0,1.0,3.0,0.0,4.0,1.0,1.0,1.0,0.0,1.0,1600.0
38,24,treino,16 24 25 27 28 31,0 3 4 5 7 15 26,,V,6.0,0.0,6.0,0.0,2.0,2.0,4.0,0.0,7.0,0.0,12.0,0.0,2.0,2.0,5.0,1.0,-4.0
38,17,treino,13 20 22 23 24 25 27 28 31,0 1 3 4 5 6 7 14 15,,P,9.0,0.0,10.0,1.0,2.0,3.0,7.0,0.0,9.0,0.0,13.0,2.0,3.0,2.0,8.0,0.0,10.0
38,14,treino,13 20 23 24 25 26 27 28 30 31,0 1 3 4 5 6 7 14 15 19,,V,10.0,0.0,12.0,1.0,3.0,3.0,9.0,0.0,10.0,0.0,14.0,1.0,3.0,3.0,9.0,0.0,16.0
38,26,treino,16 22 24 25 27 28,0 3 4 7 9 15,,V,6.0,0.0,8.0,1.0,2.0,1.0,4.0,0.0,6.0,0.0,7.0,1.0,2.0,2.0,4.0,0.0,-1.0
38,20,treino,20 22 23 24 25 27 28 31,0 3 4 5 7 10 14 15,,V,8.0,0.0,9.0,1.0,3.0,2.0,8.0,0.0,8.0,0.0,11.0,2.0,2.0,2.0,8.0,0.0,292.0
38,33,treino,13 22 23 25 28,3 4 7 8 15,,P,5.0,0.0,7.0,0.0,2.0,1.0,4.0,0.0,5.0,0.0,9.0,2.0,1.0,1.0,2.0,1.0,211.0
38,29,treino,20 22 25 27 28,0 3 4 7 15 16,,P,6.0,0.0,9.0,0.0,2.0,2.0,4.0,1.0,5.0,0.0,6.0,1.0,3.0,1.0,2.0,0.0,-2.0
38,8,treino,20 21 22 23 24 25 26 27 28 30 31,0 1 2 3 4 5 7 8 11 14 19,,V,11.0,0.0,12.0,2.0,3.0,3.0,11.0,0.0,11.0,0.0,14.0,1.0,4.0,4.0,9.0,0.0,16.0
39,45,treino,21,3 6 7 11 13,6,P,4.0,1.0,6.0,1.0,2.0,1.0,3.0,0.0,1.0,0.0,2.0,1.0,0.0,0.0,0.0,0.0,1600.0
39,52,treino,4,2 7 10 11,2,V,1.0,0.0,6.0,0.0,1.0,0.0,0.0,0.0,3.0,1.0,5.0,1.0,1.0,1.0,4.0,0.0,-340.0
39,36,treino,0 16 21 24,3 4 7 11 25,0 25,V,3.0,1.0,6.0,1.0,0.0,0.0,3.0,0.0,4.0,1.0,4.0,0.0,3.0,1.0,3.0,0.0,-99.0
39,51,treino,4,2 3 10 11,2,P,3.0,1.0,4.0,1.0,2.0,2.0,0.0,0.0,1.0,0.0,6.0,0.0,1.0,0.0,0.0,0.0,339.0
39,39,treino,5 12 24,3 4 7 11 16,5 16,P,4.0,1.0,4.0,0.0,3.0,1.0,3.0,0.0,2.0,1.0,5.0,0.0,1.0,0.0,0.0,0.0,207.0
39,37,treino,0 12 21 24,3 4 7 11 25,0 25,P,4.0,1.0,4.0,0.0,3.0,1.0,3.0,0.0,3.0,1.0,7.0,1.0,1.0,0.0,2.0,1.0,193.0
39,66,treino,25,2 15 17 23,2 25,V,0.0,1.0,0.0,0.0,0.0,0.0,0.0,0.0,3.0,1.0,12.0,1.0,0.0,1.0,0.0,0.0,-357.0
39,57,treino,8,2 7 11 19,2 8,P,3.0,1.0,7.0,0.0,2.0,1.0,3.0,0.0,0.0,1.0,0.0,0.0,0.0,0.0,0.0,0.0,336.0
39,14,treino,18 20 21 26 28 29 30 31,1 2 3 4 5 7 8 9 11 27,,V,8.0,0.0,8.0,2.0,2.0,4.0,3.0,0.0,10.0,0.0,15.0,1.0,4.0,3.0,9.0,0.0,-228.0
39,23,treino,18 21 23 24 25 26 30,3 4 5 6 7 9 11 27,,P,8.0,0.0,14.0,1.0,4.0,1.0,6.0,0.0,7.0,0.0,10.0,2.0,0.0,1.0,7.0,0.0,162.0
39,16,treino,18 20 21 25 26 28 30 31,1 2 3 4 5 7 9 11 13 27,,V,8.0,0.0,9.0,2.0,2.0,3.0,5.0,0.0,10.0,0.0,16.0,2.0,4.0,3.0,8.0,0.0,-229.0
39,12,treino,18 20 24 26 28 29 30 31,0 1 2 3 4 7 8 9 11 27,,V,8.0,0.0,7.0,1.0,2.0,4.0,7.0,0.0,10.0,0.0,14.0,1.0,4.0,4.0,7.0,0.0,-231.0
39,20,treino,18 21 24 25 26 30 31,1 3 4 5 7 9 11 27,,V,7.0,0.0,8.0,2.0,0.0,2.0,6.0,0.0,8.0,0.0,13.0,1.0,4.0,2.0,6.0,0.0,-109.0
39,8,treino,20 22 24 25 26 28 29 30 31,0 1 2 3 4 5 7 8 11 15 27,,V,9.0,0.0,7.0,1.0,2.0,4.0,9.0,0.0,11.0,0.0,16.0,0.0,4.0,4.0,10.0,0.0,-222.0
39,41,treino,9 12 24,3 4 7 11 13,9 13,P,4.0,1.0,4.0,1.0,3.0,1.0,3.0,1.0,2.0,1.0,5.0,1.0,1.0,0.0,0.0,1.0,385.0
39,56,treino,5,2 7 11 19,2 5,V,0.0,1.0,0.0,0.0,0.0,0.0,0.0,0.0,3.0,1.0,7.0,0.0,2.0,1.0,3.0,0.0,-336.0
39,60,treino,12,2 10 15 19,2 12,V,0.0,1.0,0.0,0.0,1.0,0.0,0.0,0.0,3.0,1.0,9.0,1.0,1.0,1.0,3.0,0.0,-348.0
39,21,treino,18 21 23 24 25 30 31,1 3 4 5 7 9 11 27,,P,8.0,0.0,13.0,1.0,4.0,2.0,6.0,0.0,7.0,0.0,9.0,2.0,0.0,2.0,6.0,0.0,112.0
39,63,treino,21,2 10 15 23,2 21,P,3.0,1.0,10.0,1.0,0.0,1.0,2.0,0.0,0.0,1.0,0.0,1.0,0.0,0.0,0.0,0.0,349.0
39,38,treino,0 12 24,3 4 7 11 16,0 16,V,2.0,1.0,5.0,0.0,1.0,0.0,0.0,0.0,4.0,1.0,4.0,0.0,3.0,1.0,3.0,0.0,-215.0
39,28,treino,0 18 21 24 25 26 30,3 4 7 9 11 31,0 31,V,6.0,1.0,8.0,2.0,0.0,1.0,5.0,1.0,5.0,1.0,6.0,1.0,3.0,1.0,3.0,0.0,121.0
39,7,treino,14 20 22 23 24 25 26 28 29 30 31,0 1 2 3 4 5 7 8 9 11 15,,P,11.0,0.0,12.0,1.0,3.0,4.0,11.0,0.0,11.0,0.0,13.0,2.0,2.0,4.0,10.0,1.0,219.0
39,49,treino,8,2 3 7 11,2,P,3.0,1.0,3.0,0.0,2.0,2.0,4.0,0.0,1.0,0.0,5.0,0.0,0.0,0.0,0.0,0.0,391.0
39,65,treino,25,2 14 15 23,2 25,P,3.0,1.0,11.0,1.0,0.0,1.0,0.0,0.0,0.0,1.0,0.0,0.0,0.0,0.0,0.0,0.0,355.0
39,62,treino,16,2 10 15 23,2 16,V,0.0,1.0,0.0,0.0,0.0,0.0,0.0,0.0,3.0,1.0,10.0,1.0,0.0,1.0,2.0,0.0,-349.0
39,32,treino,0 21 24 26 30,3 4 7 11 25 31,0 31,V,4.0,1.0,4.0,1.0,0.0,1.0,4.0,1.0,5.0,1.0,10.0,0.0,3.0,1.0,3.0,0.0,-104.0
39,18,treino,18 20 21 24 25 26 30 31,1 2 3 4 5 7 9 11 16 27,,V,8.0,0.0,10.0,2.0,1.0,2.0,7.0,0.0,10.0,0.0,17.0,1.0,4.0,3.0,7.0,1.0,-117.0
39,4,treino,20 22 23 24 25 26 27 28 29 30 31,0 1 2 3 4 5 6 7 8 11 15 18,,V,11.0,0.0,10.0,1.0,3.0,4.0,11.0,0.0,12.0,0.0,15.0,1.0,3.0,4.0,12.0,1.0,-13.0
39,55,treino,5,2 7 11 15,2 5,P,3.0,1.0,6.0,0.0,1.0,1.0,4.0,0.0,0.0,1.0,0.0,0.0,0.0,0.0,0.0,0.0,336.0
39,44,treino,24,3 6 7 11 13,6,V,1.0,0.0,1.0,0.0,0.0,0.0,0.0,0.0,4.0,1.0,6.0,1.0,2.0,1.0,3.0,0.0,-521.0
39,31,treino,0 21 22 24 26 30,3 4 7 11 18 31,0 31,P,5.0,1.0,8.0,1.0,3.0,1.0,3.0,1.0,5.0,1.0,6.0,2.0,0.0,1.0,5.0,1.0,104.0
39,11,treino,18 20 24 26 28 29 30 31,0 1 2 3 4 5 7 8 11 27,,P,10.0,0.0,13.0,0.0,4.0,4.0,9.0,0.0,8.0,0.0,7.0,1.0,2.0,4.0,7.0,0.0,222.0
40,24,treino,11 16 19 20 23 27 29 31,0 2 3 7 8 10 12,,V,8.0,0.0,16.0,0.0,4.0,2.0,6.0,1.0,7.0,0.0,8.0,1.0,2.0,3.0,6.0,0.0,2.0
40,6,treino,19 20 21 24 25 26 27 28 29 30 31,0 1 2 3 5 6 7 8 10 11 14 17,,V,11.0,0.0,11.0,1.0,4.0,4.0,10.0,0.0,12.0,0.0,16.0,3.0,2.0,4.0,12.0,0.0,-109.0
40,46,treino,9 11,0 2 3 14 25 28,25 28,V,2.0,0.0,10.0,1.0,1.0,0.0,0.0,0.0,4.0,2.0,3.0,1.0,2.0,3.0,0.0,0.0,-682.0
40,29,treino,11 20 22 24 27,0 2 3 7 8 21,,P,6.0,0.0,8.0,1.0,1.0,3.0,3.0,1.0,5.0,0.0,11.0,1.0,3.0,0.0,2.0,1.0,269.0
40,20,treino,16 19 20 21 23 25 27 29 31,0 1 2 3 7 9 10 12 14 15 22,,V,9.0,0.0,14.0,1.0,3.0,2.0,9.0,0.0,11.0,0.0,19.0,4.0,2.0,4.0,7.0,1.0,3.0
40,36,treino,11 17 23,0 2 3 7 21 24,24,V,3.0,0.0,10.0,1.0,1.0,0.0,0.0,0.0,5.0,1.0,6.0,1.0,1.0,3.0,5.0,0.0,-387.0
40,39,treino,11 14 19,0 2 3 7 24 25,24,P,5.0,1.0,7.0,0.0,1.0,3.0,3.0,0.0,3.0,0.0,12.0,1.0,2.0,0.0,0.0,0.0,439.0
40,22,treino,11 16 19 20 21 23 27 29 31,0 1 2 3 7 9 10 12 17,,V,9.0,0.0,18.0,1.0,4.0,2.0,7.0,1.0,9.0,0.0,12.0,3.0,2.0,4.0,4.0,1.0,102.0
40,31,treino,11 20 22 23,0 2 3 7 8 28,28,P,5.0,1.0,3.0,0.0,2.0,3.0,3.0,0.0,4.0,0.0,11.0,1.0,2.0,0.0,0.0,0.0,265.0
40,28,treino,11 20 22 27 29,0 2 3 7 8 21,,V,5.0,0.0,10.0,1.0,3.0,1.0,0.0,0.0,6.0,0.0,8.0,1.0,1.0,3.0,3.0,0.0,-111.0
40,49,treino,5,0 3 11 14 25 28,25 28,P,4.0,2.0,5.0,1.0,3.0,2.0,0.0,0.0,1.0,0.0,6.0,0.0,0.0,0.0,0.0,1.0,1600.0
40,17,treino,16 19 20 21 22 23 25 27 29 31,0 1 2 3 7 8 9 10 12 14 15,,P,11.0,0.0,16.0,3.0,2.0,4.0,9.0,0.0,10.0,0.0,16.0,2.0,3.0,2.0,10.0,0.0,92.0
40,47,treino,7 9,0 2 3 14 25 28,25 28,P,4.0,2.0,3.0,1.0,2.0,3.0,0.0,0.0,2.0,0.0,11.0,1.0,0.0,0.0,0.0,1.0,1600.0
40,13,treino,16 19 20 21 23 25 27 29 30 31,0 1 2 3 6 7 8 10 11 12 14,,P,11.0,0.0,14.0,2.0,3.0,4.0,10.0,0.0,10.0,0.0,14.0,1.0,3.0,3.0,10.0,0.0,238.0
40,26,treino,11 16 20 27 29 31,0 2 3 7 8 12 26,,V,6.0,0.0,11.0,0.0,3.0,2.0,4.0,1.0,7.0,0.0,12.0,0.0,2.0,3.0,5.0,1.0,-107.0
40,5,treino,19 20 21 24 25 26 27 28 29 30 31,0 1 2 3 4 5 6 7 10 11 14 17,,P,12.0,0.0,15.0,3.0,3.0,4.0,12.0,0.0,11.0,0.0,11.0,1.0,4.0,4.0,10.0,0.0,130.0
40,33,treino,11 17 20 23,0 2 3 7 8 24,24,P,5.0,1.0,3.0,0.0,1.0,3.0,3.0,0.0,4.0,0.0,12.0,1.0,2.0,0.0,0.0,0.0,269.0
40,38,treino,11 14 23,0 2 3 7 24 25,24,V,3.0,0.0,11.0,1.0,1.0,0.0,0.0,0.0,5.0,1.0,7.0,0.0,1.0,3.0,3.0,0.0,-436.0
40,42,treino,9 11 19,0 2 3 7 28 30,28 30,V,3.0,0.0,13.0,1.0,2.0,0.0,0.0,0.0,4.0,2.0,1.0,0.0,2.0,3.0,3.0,0.0,-393.0
40,43,treino,9 11 15,0 2 3 7 28 30,28 30,P,4.0,2.0,1.0,0.0,2.0,3.0,3.0,0.0,3.0,0.0,14.0,1.0,1.0,0.0,2.0,0.0,393.0
40,21,treino,11 16 19 20 21 23 27 29 31,0 1 2 3 7 9 10 12 14,,P,9.0,0.0,11.0,3.0,2.0,4.0,6.0,0.0,9.0,0.0,18.0,1.0,4.0,2.0,7.0,0.0,-13.0
40,27,treino,11 16 20 22 27 29,0 2 3 7 8 12,,P,6.0,0.0,6.0,0.0,2.0,3.0,5.0,0.0,6.0,0.0,13.0,1.0,3.0,1.0,2.0,1.0,104.0
40,18,treino,16 19 20 21 22 23 25 27 29 31,0 1 2 3 7 9 10 12 13 14 15,,V,10.0,0.0,16.0,2.0,3.0,2.0,10.0,0.0,11.0,0.0,17.0,4.0,2.0,4.0,8.0,0.0,9.0
40,10,treino,16 19 21 23 24 25 27 28 29 30 31,0 1 2 3 6 7 8 10 11 12 14 17,,V,11.0,0.0,13.0,1.0,3.0,4.0,11.0,0.0,12.0,0.0,18.0,3.0,3.0,4.0,11.0,0.0,-98.0
40,16,treino,16 19 20 21 22 23 27 29 30 31,0 1 2 3 7 8 9 10 12 14 15,,V,10.0,0.0,15.0,2.0,3.0,3.0,7.0,0.0,11.0,0.0,16.0,3.0,2.0,4.0,9.0,0.0,10.0
40,45,treino,9 10 11,0 2 3 7 25 28,25 28,P,4.0,2.0,1.0,0.0,2.0,3.0,3.0,0.0,3.0,0.0,15.0,2.0,1.0,0.0,0.0,1.0,682.0
40,14,treino,16 19 20 21 23 25 27 29 30 31,0 1 2 3 6 7 8 10 12 14 15,,V,10.0,0.0,14.0,1.0,3.0,3.0,10.0,0.0,11.0,0.0,15.0,2.0,2.0,4.0,10.0,0.0,7.0
40,48,treino,9,0 3 11 14 25 28,25 28,V,1.0,0.0,5.0,1.0,0.0,0.0,0.0,0.0,4.0,2.0,5.0,1.0,3.0,2.0,0.0,0.0,-683.0
40,4,treino,20 21 23 24 25 26 27 28 29 30 31,0 1 2 3 4 5 6 7 10 11 14 17,,V,11.0,0.0,10.0,1.0,3.0,4.0,11.0,0.0,12.0,0.0,15.0,3.0,3.0,4.0,12.0,0.0,-95.0
40,15,treino,16 19 20 21 22 23 27 29 30 31,0 1 2 3 6 7 8 10 12 14 15,,P,11.0,0.0,15.0,2.0,2.0,4.0,10.0,0.0,10.0,0.0,15.0,2.0,3.0,3.0,7.0,0.0,244.0
40,19,treino,16 17 19 20 21 23 25 27 29 31,0 1 2 3 7 9 10 12 13 14 15,,P,11.0,0.0,17.0,4.0,2.0,4.0,8.0,1.0,10.0,0.0,17.0,2.0,3.0,2.0,10.0,1.0,-8.0
40,25,treino,11 15 16 20 23 27 29 31,0 2 3 7 8 10 12,,P,7.0,0.0,8.0,1.0,2.0,3.0,6.0,1.0,8.0,0.0,17.0,0.0,3.0,2.0,7.0,2.0,107.0
41,6,treino,16 17 22 23 24 26 27 28 29 30 31,0 1 2 3 4 6 7 8 9 10 11,,V,11.0,0.0,13.0,2.0,2.0,4.0,10.0,0.0,11.0,0.0,11.0,2.0,3.0,4.0,11.0,0.0,1.0
41,53,treino,2 9 19 28 31,25 27,2 9 25,P,1.0,1.0,6.0,0.0,1.0,0.0,0.0,0.0,3.0,2.0,3.0,1.0,2.0,2.0,0.0,0.0,-387.0
41,70,treino,5 15 20,2,2 5,V,2.0,1.0,6.0,0.0,1.0,0.0,0.0,0.0,0.0,1.0,0.0,0.0,0.0,1.0,0.0,0.0,1600.0
41,23,treino,0 16 19 21 22 26 28 31,1 2 3 4 9 10 11 27,0,P,8.0,0.0,13.0,2.0,4.0,3.0,0.0,0.0,7.0,1.0,11.0,2.0,2.0,2.0,5.0,0.0,-73.0
41,26,treino,0 12 19 21 22 26 28 31,2 3 6 8 9 10 11 27,0,V,7.0,1.0,12.0,2.0,3.0,2.0,3.0,0.0,8.0,0.0,15.0,2.0,3.0,2.0,4.0,1.0,179.0
41,21,treino,0 16 19 21 25 26 28 31,1 2 3 4 6 10 11 27,0,P,8.0,0.0,12.0,1.0,4.0,3.0,4.0,0.0,7.0,1.0,10.0,1.0,2.0,2.0,5.0,0.0,121.0
41,20,treino,0 19 20 21 25 26 28 31,1 2 3 4 6 10 11 27,0,V,7.0,1.0,9.0,1.0,3.0,2.0,4.0,0.0,8.0,0.0,12.0,1.0,4.0,3.0,4.0,0.0,57.0
41,45,treino,0 10 18 19 28 31,15 27,0,P,2.0,0.0,9.0,0.0,1.0,0.0,0.0,1.0,5.0,1.0,11.0,2.0,2.0,2.0,0.0,1.0,-388.0
41,12,treino,16 19 21 24 26 27 28 29 31,1 2 3 4 5 6 7 8 10 15,,V,9.0,0.0,11.0,1.0,3.0,3.0,8.0,0.0,10.0,0.0,11.0,1.0,2.0,3.0,10.0,0.0,-107.0
41,74,treino,5 15 20,10,5 10,V,2.0,1.0,6.0,0.0,1.0,0.0,0.0,1.0,0.0,1.0,0.0,1.0,0.0,0.0,0.0,1.0,1600.0
41,9,treino,14 16 19 22 24 26 27 28 29 30 31,1 2 3 4 5 6 7 8 9 10 11,,P,11.0,0.0,12.0,2.0,3.0,3.0,11.0,0.0,11.0,0.0,15.0,2.0,3.0,4.0,8.0,1.0,120.0
41,47,treino,0 7 19 28 31,22 27,0,P,2.0,0.0,11.0,1.0,1.0,0.0,0.0,0.0,4.0,1.0,9.0,0.0,2.0,2.0,0.0,0.0,-445.0
41,4,treino,17 22 23 24 25 26 27 28 29 30 31,0 1 2 3 4 5 6 7 9 10 11 21,,V,11.0,0.0,11.0,2.0,2.0,4.0,11.0,0.0,12.0,0.0,15.0,3.0,3.0,4.0,11.0,1.0,-15.0
41,63,treino,6 9 14 19 24,30,6 9 30,P,0.0,1.0,0.0,0.0,0.0,0.0,0.0,0.0,3.0,2.0,8.0,2.0,1.0,0.0,3.0,0.0,-533.0
41,48,treino,0 7 19 28 31,25 27,0,V,4.0,1.0,9.0,0.0,2.0,2.0,0.0,0.0,2.0,0.0,12.0,0.0,1.0,0.0,0.0,0.0,383.0
41,44,treino,0 10 19 22 28 31,15 27,0,V,5.0,1.0,10.0,2.0,2.0,2.0,0.0,0.0,2.0,0.0,9.0,0.0,1.0,0.0,0.0,0.0,1600.0
41,72,treino,0 15 20,7,0 7,V,2.0,1.0,6.0,0.0,1.0,0.0,0.0,0.0,0.0,1.0,0.0,0.0,0.0,0.0,0.0,0.0,219.0
41,67,treino,5 6 14 15 24,23,5 6 23,P,0.0,1.0,0.0,0.0,0.0,0.0,0.0,0.0,3.0,2.0,9.0,1.0,0.0,0.0,0.0,0.0,-414.0
41,18,treino,0 19 20 21 26 28 29 31,1 2 3 4 6 7 10 27,0,V,7.0,1.0,8.0,1.0,3.0,3.0,2.0,0.0,8.0,0.0,11.0,1.0,3.0,3.0,6.0,0.0,59.0
41,36,treino,0 14 21 22 26 28 31,3 7 11 23 27,0 14,V,5.0,2.0,5.0,3.0,1.0,2.0,3.0,1.0,5.0,0.0,14.0,0.0,3.0,1.0,5.0,1.0,385.0
41,22,treino,0 16 19 21 25 26 28 31,1 2 3 4 9 10 11 27,0,V,7.0,1.0,10.0,1.0,2.0,2.0,5.0,0.0,8.0,0.0,13.0,2.0,4.0,3.0,0.0,0.0,70.0
41,27,treino,0 5 19 21 22 26 28 31,2 3 6 9 10 11 27,0,P,7.0,0.0,13.0,2.0,3.0,2.0,4.0,0.0,7.0,1.0,14.0,2.0,2.0,2.0,5.0,0.0,-235.0
41,11,treino,16 19 21 24 26 27 28 29 31,1 2 3 4 5 6 7 8 10 11,,P,10.0,0.0,10.0,1.0,3.0,3.0,10.0,0.0,9.0,0.0,11.0,1.0,3.0,3.0,8.0,0.0,106.0
41,51,treino,2 5 19 28 31,27 29,2 5 29,P,1.0,1.0,6.0,0.0,1.0,0.0,0.0,0.0,3.0,2.0,3.0,0.0,2.0,2.0,0.0,0.0,-387.0
41,58,treino,6 9 19 22 28,31,6 9 31,V,3.0,2.0,5.0,2.0,2.0,1.0,2.0,0.0,0.0,1.0,0.0,0.0,0.0,0.0,0.0,0.0,522.0
41,19,treino,0 19 20 21 25 26 28 31,1 2 3 4 6 7 10 27,0,P,8.0,0.0,11.0,1.0,3.0,3.0,6.0,0.0,7.0,1.0,9.0,1.0,3.0,2.0,4.0,0.0,18.0
41,65,treino,6 9 14 15 24,26,6 9 26,P,0.0,1.0,0.0,0.0,0.0,0.0,0.0,0.0,3.0,2.0,9.0,2.0,0.0,0.0,3.0,0.0,-534.0
41,35,treino,0 14 21 22 26 28 31,3 7 11 19 27,0 14,P,5.0,0.0,13.0,0.0,4.0,1.0,3.0,0.0,5.0,2.0,5.0,3.0,1.0,2.0,3.0,0.0,-272.0
41,29,treino,0 1 19 21 22 26 28 31,3 6 7 9 10 11 27,0 1,P,7.0,0.0,14.0,2.0,3.0,1.0,6.0,0.0,6.0,2.0,8.0,2.0,2.0,2.0,3.0,0.0,-238.0
41,64,treino,6 9 14 19 24,26,6 9 26,V,3.0,2.0,8.0,2.0,1.0,0.0,3.0,0.0,0.0,1.0,0.0,0.0,0.0,0.0,0.0,0.0,530.0
41,30,treino,0 1 19 21 22 26 28 31,3 6 7 9 11 15 27,0 1,V,6.0,2.0,8.0,2.0,2.0,2.0,3.0,0.0,7.0,0.0,15.0,1.0,3.0,1.0,6.0,2.0,280.0
41,52,treino,2 5 19 28 31,25 27,2 5 25,V,3.0,2.0,3.0,0.0,2.0,2.0,0.0,0.0,1.0,1.0,6.0,0.0,1.0,0.0,0.0,0.0,381.0
42,45,treino,9 11 13 28,2 7 10 22,,P,4.0,0.0,8.0,2.0,0.0,1.0,3.0,0.0,4.0,0.0,14.0,2.0,2.0,1.0,2.0,0.0,-16.0
42,73,treino,0 3 6,12 26,0 3 6 12,P,1.0,1.0,6.0,0.0,1.0,0.0,0.0,0.0,0.0,3.0,0.0,0.0,1.0,0.0,0.0,0.0,-186.0
42,4,treino,16 19 20 22 24 25 26 27 28 29 30 31,0 1 2 3 4 5 6 7 9 11 12 14,,V,12.0,0.0,14.0,1.0,4.0,4.0,11.0,1.0,12.0,0.0,14.0,2.0,4.0,4.0,11.0,0.0,9.0
42,44,treino,9 11 17 28,2 7 10 22,,V,4.0,0.0,13.0,2.0,2.0,1.0,0.0,0.0,4.0,0.0,8.0,2.0,0.0,1.0,3.0,0.0,56.0
42,89,treino,0 3 13,24 31,0 3 13 24 31,P,0.0,2.0,0.0,0.0,0.0,0.0,0.0,0.0,0.0,3.0,0.0,1.0,1.0,0.0,0.0,0.0,-184.0
42,112,treino,8 10 11,24 30,8 10 11 24 30,V,0.0,3.0,0.0,1.0,1.0,0.0,0.0,0.0,0.0,2.0,0.0,0.0,0.0,0.0,0.0,0.0,188.0
42,18,treino,16 19 20 23 25 26 27 28 29,1 2 3 4 7 8 9 10 11 17,,V,9.0,0.0,13.0,0.0,4.0,2.0,8.0,0.0,10.0,0.0,14.0,3.0,3.0,3.0,7.0,0.0,-102.0
42,46,treino,9 11 13 28,6 7 10 22,,V,4.0,0.0,14.0,2.0,2.0,1.0,2.0,0.0,4.0,0.0,9.0,2.0,0.0,0.0,3.0,2.0,192.0
42,67,treino,1 5 7,12 23,1 7 12,P,1.0,1.0,5.0,0.0,1.0,0.0,0.0,0.0,1.0,2.0,6.0,0.0,0.0,0.0,2.0,0.0,-238.0
42,36,treino,13 17 18 21 27 28,2 3 4 7 11 14 23,,V,6.0,0.0,13.0,4.0,2.0,1.0,3.0,0.0,7.0,0.0,12.0,1.0,3.0,2.0,4.0,1.0,46.0
42,37,treino,9 13 17 21 27 28,2 3 4 7 11 23,,P,6.0,0.0,9.0,0.0,3.0,2.0,4.0,1.0,6.0,0.0,15.0,4.0,2.0,1.0,4.0,0.0,-34.0
42,120,treino,10 11,12 31,10 11 12 31,V,0.0,2.0,0.0,1.0,1.0,0.0,0.0,0.0,0.0,2.0,0.0,0.0,1.0,0.0,0.0,0.0,8.0
42,71,treino,0 1 3,12 23,0 1 3 12,P,1.0,1.0,5.0,0.0,1.0,0.0,0.0,0.0,0.0,3.0,0.0,0.0,1.0,0.0,0.0,0.0,-246.0
42,90,treino,0 3 13,24 27,0 3 13 24 27,V,0.0,3.0,0.0,1.0,1.0,0.0,0.0,0.0,0.0,2.0,0.0,0.0,1.0,0.0,0.0,0.0,184.0
42,148,treino,2,4 25,2 4 25,V,0.0,1.0,0.0,0.0,0.0,0.0,0.0,0.0,0.0,2.0,0.0,0.0,1.0,0.0,0.0,0.0,-188.0
42,99,treino,5 10 12,24 27,5 10 12 24 27,P,0.0,2.0,0.0,0.0,1.0,0.0,0.0,0.0,0.0,3.0,0.0,1.0,1.0,0.0,0.0,0.0,-186.0
42,19,treino,15 16 20 23 25 26 27 28 29,1 2 3 4 7 8 9 10 11 17,,P,10.0,0.0,14.0,3.0,3.0,3.0,7.0,1.0,9.0,0.0,14.0,0.0,3.0,2.0,7.0,1.0,211.0
42,142,treino,6,4 13,4 6 13,V,0.0,1.0,0.0,0.0,0.0,0.0,0.0,0.0,0.0,2.0,0.0,1.0,1.0,0.0,0.0,0.0,-186.0
42,70,treino,0 1 7,12 23,0 1 7 12,V,0.0,3.0,0.0,0.0,0.0,0.0,0.0,0.0,1.0,1.0,5.0,0.0,1.0,0.0,0.0,0.0,244.0
42,147,treino,2,4 21,2 4 21,P,0.0,2.0,0.0,1.0,1.0,0.0,0.0,0.0,0.0,1.0,0.0,0.0,0.0,0.0,0.0,0.0,190.0
42,134,treino,15,12 13,12 13 15,V,0.0,1.0,0.0,0.0,0.0,0.0,0.0,0.0,0.0,2.0,0.0,1.0,1.0,0.0,0.0,0.0,-186.0
42,132,treino,11,8 12,8 11 12,V,0.0,1.0,0.0,0.0,1.0,0.0,0.0,0.0,0.0,2.0,0.0,0.0,1.0,0.0,2.0,0.0,-188.0
42,80,treino,0 3 9,20 27,0 3 9 20 27,V,0.0,3.0,0.0,1.0,1.0,0.0,0.0,0.0,0.0,2.0,0.0,0.0,2.0,0.0,0.0,0.0,192.0
42,97,treino,5 7 12,27 29,5 7 12 27 29,P,0.0,2.0,0.0,0.0,1.0,0.0,0.0,0.0,0.0,3.0,0.0,0.0,1.0,0.0,0.0,0.0,-186.0
42,75,treino,3 4 6,16 26,3 4 6 16,P,1.0,1.0,6.0,0.0,0.0,0.0,0.0,0.0,0.0,3.0,0.0,0.0,2.0,0.0,0.0,0.0,-190.0
42,114,treino,7 8 11,24 26,7 8 11 24 26,V,0.0,3.0,0.0,0.0,1.0,0.0,2.0,0.0,0.0,2.0,0.0,0.0,0.0,0.0,0.0,0.0,188.0
42,62,treino,2 6 8 21,23 25,2 6 25,V,2.0,2.0,7.0,1.0,0.0,0.0,2.0,1.0,1.0,1.0,5.0,0.0,0.0,0.0,0.0,0.0,279.0
42,122,treino,11 15,12 27,11 12 15 27,V,0.0,2.0,0.0,0.0,1.0,0.0,2.0,0.0,0.0,2.0,0.0,0.0,2.0,0.0,0.0,0.0,6.0
42,61,treino,2 6 8 21,23 30,2 6 30,P,1.0,1.0,5.0,0.0,0.0,0.0,0.0,0.0,2.0,2.0,7.0,1.0,0.0,0.0,2.0,0.0,-294.0
42,39,treino,9 11 13 17 21 28,2 3 4 7,,P,4.0,0.0,2.0,0.0,2.0,2.0,3.0,0.0,6.0,0.0,19.0,4.0,2.0,1.0,4.0,0.0,-274.0
42,125,treino,7 18,12 23,7 12 18 23,P,0.0,2.0,0.0,0.0,1.0,0.0,0.0,1.0,0.0,2.0,0.0,1.0,0.0,0.0,0.0,1.0,186.0
42,115,treino,7 11 12,24 26,7 11 12 24 26,P,0.0,2.0,0.0,0.0,0.0,0.0,0.0,0.0,0.0,3.0,0.0,0.0,2.0,0.0,2.0,0.0,-184.0
43,60,treino,5,15 19 23,5 23,V,0.0,1.0,0.0,0.0,0.0,0.0,0.0,0.0,2.0,1.0,7.0,0.0,1.0,0.0,3.0,0.0,-235.0
43,90,treino,0,19 23 26,0 19 23 26,V,0.0,1.0,0.0,0.0,0.0,0.0,0.0,0.0,0.0,3.0,0.0,0.0,1.0,0.0,3.0,0.0,-372.0
43,29,treino,16 26 27 28 29,0 3 7 11 13 20,,P,6.0,0.0,11.0,1.0,3.0,2.0,3.0,1.0,5.0,0.0,5.0,0.0,2.0,2.0,0.0,0.0,129.0
43,119,treino,12,2 22 25,2 12 22 25,P,0.0,3.0,0.0,1.0,0.0,1.0,2.0,0.0,0.0,1.0,0.0,0.0,1.0,0.0,0.0,0.0,376.0
43,7,treino,9 20 23 24 25 26 27 28 29 30 31,0 1 2 3 4 5 7 10 11 13,,P,10.0,0.0,10.0,2.0,3.0,4.0,9.0,0.0,11.0,0.0,13.0,1.0,3.0,4.0,10.0,1.0,8.0
43,117,treino,8,2 18 25,2 8 18 25,P,0.0,3.0,0.0,1.0,0.0,1.0,0.0,0.0,0.0,1.0,0.0,0.0,0.0,0.0,0.0,0.0,376.0
43,6,treino,18 20 23 24 25 26 27 28 29 30 31,0 1 2 3 4 5 7 10 11 13 14,,V,11.0,0.0,11.0,1.0,3.0,4.0,11.0,0.0,11.0,0.0,13.0,3.0,3.0,4.0,10.0,1.0,-24.0
43,45,treino,5 26,7 11 24,5 24,P,2.0,1.0,3.0,0.0,1.0,0.0,2.0,0.0,1.0,1.0,1.0,0.0,0.0,0.0,0.0,0.0,111.0
43,98,treino,9,18 19 31,9 18 19 31,V,0.0,1.0,0.0,1.0,0.0,0.0,0.0,0.0,0.0,3.0,0.0,1.0,1.0,0.0,0.0,0.0,-366.0
43,41,treino,5 26,3 11 20,20,P,2.0,1.0,2.0,0.0,3.0,1.0,0.0,0.0,2.0,0.0,7.0,0.0,0.0,0.0,0.0,0.0,116.0
43,67,treino,4,19 23 26,4 26,P,2.0,1.0,9.0,0.0,1.0,0.0,3.0,0.0,0.0,1.0,0.0,0.0,1.0,0.0,0.0,0.0,241.0
43,122,treino,16,2 25 31,2 16 25 31,V,0.0,1.0,0.0,0.0,0.0,0.0,0.0,0.0,0.0,3.0,0.0,0.0,0.0,1.0,0.0,0.0,-364.0
43,19,treino,18 21 27 28 29 30 31,0 1 3 4 7 11 15 20,,P,8.0,0.0,12.0,0.0,4.0,3.0,6.0,0.0,7.0,0.0,6.0,2.0,2.0,4.0,2.0,1.0,218.0
43,55,treino,12 22,11 19 25,12 25,P,2.0,1.0,6.0,0.0,2.0,0.0,0.0,0.0,1.0,1.0,2.0,1.0,1.0,0.0,0.0,1.0,228.0
43,28,treino,21 26 27 28 29,0 3 7 11 13 20,,V,5.0,0.0,4.0,1.0,2.0,2.0,0.0,0.0,6.0,0.0,11.0,1.0,3.0,2.0,3.0,0.0,-124.0
43,59,treino,5,11 19 23,5 23,P,2.0,1.0,6.0,0.0,2.0,0.0,2.0,0.0,0.0,1.0,0.0,0.0,0.0,0.0,0.0,0.0,226.0
43,73,treino,0,23 26 31,0 26 31,P,1.0,2.0,5.0,0.0,0.0,0.0,3.0,0.0,0.0,1.0,0.0,0.0,0.0,0.0,0.0,0.0,307.0
43,94,treino,0,19 23 27,0 19 23 27,V,0.0,1.0,0.0,0.0,0.0,0.0,0.0,0.0,0.0,3.0,0.0,0.0,2.0,0.0,3.0,0.0,-368.0
43,110,treino,0,10 23 25,0 10 23 25,V,0.0,1.0,0.0,0.0,0.0,0.0,0.0,0.0,0.0,3.0,0.0,1.0,0.0,0.0,0.0,0.0,-370.0
43,81,treino,8,22 27 31,8 22 27 31,P,0.0,3.0,0.0,1.0,1.0,0.0,2.0,0.0,0.0,1.0,0.0,0.0,0.0,0.0,0.0,0.0,372.0
43,30,treino,16 26 27 28 29,0 3 7 13 15 20,,V,5.0,0.0,5.0,0.0,2.0,2.0,0.0,0.0,6.0,0.0,12.0,1.0,2.0,2.0,2.0,1.0,-15.0
43,111,treino,5,10 23 25,5 10 23 25,P,0.0,3.0,0.0,1.0,0.0,0.0,0.0,0.0,0.0,1.0,0.0,0.0,0.0,0.0,0.0,0.0,366.0
43,33,treino,9 24 26 27 28,0 3 11 15 20,,P,5.0,0.0,10.0,0.0,3.0,2.0,2.0,0.0,5.0,0.0,8.0,1.0,2.0,1.0,2.0,1.0,169.0
43,79,treino,4,22 26 27,4 22 27,P,1.0,2.0,6.0,1.0,1.0,0.0,2.0,0.0,0.0,1.0,0.0,0.0,1.0,0.0,0.0,0.0,374.0
43,61,treino,8,15 19 23,8 23,P,2.0,1.0,7.0,0.0,1.0,0.0,3.0,0.0,0.0,1.0,0.0,0.0,0.0,0.0,0.0,0.0,235.0
43,57,treino,8,11 18 19,8 18,P,2.0,1.0,6.0,1.0,2.0,0.0,0.0,0.0,0.0,1.0,0.0,0.0,0.0,0.0,0.0,0.0,232.0
43,65,treino,8,18 19 26,8 26,P,2.0,1.0,8.0,1.0,1.0,0.0,0.0,0.0,0.0,1.0,0.0,0.0,0.0,0.0,0.0,0.0,238.0
43,107,treino,5,10 18 30,5 10 18 30,P,0.0,3.0,0.0,2.0,0.0,0.0,0.0,0.0,0.0,1.0,0.0,0.0,0.0,0.0,0.0,0.0,378.0
43,23,treino,17 21 27 28 29 31,0 3 4 5 7 11 20,,P,7.0,0.0,10.0,0.0,4.0,2.0,6.0,0.0,6.0,0.0,6.0,2.0,2.0,3.0,4.0,0.0,109.0
43,89,treino,0,19 23 31,0 19 23 31,P,0.0,3.0,0.0,0.0,1.0,0.0,2.0,0.0,0.0,1.0,0.0,0.0,0.0,0.0,0.0,0.0,371.0
43,42,treino,5 26,7 11 20,20,V,2.0,0.0,7.0,0.0,0.0,0.0,0.0,0.0,2.0,1.0,3.0,0.0,2.0,0.0,2.0,0.0,-119.0
43,72,treino,4,23 26 31,4 26 31,V,0.0,1.0,0.0,0.0,1.0,0.0,0.0,0.0,1.0,2.0,5.0,0.0,0.0,0.0,3.0,0.0,-309.0
44,16,treino,19 21 22 24 26 28 29 30 31,2 3 5 6 7 9 10 11 13,,V,9.0,0.0,9.0,2.0,2.0,4.0,8.0,0.0,9.0,0.0,12.0,3.0,2.0,2.0,9.0,0.0,-1.0
44,44,treino,2 5 12 15,3 10,2,V,3.0,1.0,14.0,0.0,1.0,0.0,0.0,1.0,2.0,0.0,2.0,1.0,1.0,1.0,0.0,1.0,1600.0
44,10,treino,13 21 23 24 25 26 28 29 30 31,0 2 3 4 5 6 7 10 11,,V,10.0,0.0,11.0,2.0,1.0,4.0,9.0,0.0,9.0,0.0,8.0,1.0,3.0,3.0,9.0,0.0,99.0
44,4,treino,20 21 22 24 25 26 27 28 29 30 31,0 1 2 3 4 5 7 8 10 11 13,,V,11.0,0.0,10.0,2.0,3.0,4.0,11.0,0.0,11.0,0.0,12.0,2.0,3.0,4.0,11.0,0.0,9.0
44,7,treino,13 21 22 23 24 25 26 28 29 30 31,0 1 2 3 4 5 7 8 10 11,,P,10.0,0.0,9.0,1.0,3.0,4.0,10.0,0.0,11.0,0.0,13.0,3.0,1.0,4.0,10.0,1.0,-114.0
44,46,treino,2 5 6 12,7,2,V,3.0,1.0,16.0,0.0,1.0,0.0,2.0,0.0,1.0,0.0,1.0,0.0,0.0,0.0,0.0,1.0,1600.0
44,24,treino,13 19 27 28 30,2 3 5 6 7 10 11 31,31,V,5.0,0.0,8.0,1.0,3.0,2.0,0.0,0.0,7.0,1.0,7.0,1.0,2.0,2.0,6.0,0.0,-414.0
44,30,treino,19 24 25 27,2 3 6 7 10 12 15 26,26,V,4.0,0.0,6.0,0.0,2.0,0.0,0.0,0.0,7.0,1.0,10.0,1.0,2.0,2.0,6.0,0.0,-515.0
44,19,treino,16 19 22 24 25 26 28 30 31,2 3 5 6 7 10 11 13 14,,P,9.0,0.0,13.0,3.0,2.0,2.0,7.0,1.0,9.0,0.0,11.0,1.0,2.0,3.0,7.0,1.0,291.0
44,40,treino,11 12 15 21,2 3 7 9 17,,V,4.0,0.0,15.0,1.0,2.0,0.0,2.0,1.0,5.0,0.0,7.0,2.0,1.0,2.0,3.0,1.0,131.0
44,13,treino,8 19 21 24 25 26 28 29 30 31,0 2 3 4 6 7 9 10 11,,P,9.0,0.0,9.0,2.0,3.0,3.0,9.0,0.0,10.0,0.0,13.0,1.0,2.0,4.0,8.0,1.0,5.0
44,26,treino,13 19 24 27 30,2 3 5 6 7 10 15 31,31,V,5.0,0.0,9.0,1.0,2.0,1.0,0.0,0.0,7.0,1.0,8.0,1.0,1.0,2.0,6.0,0.0,-416.0
44,22,treino,19 22 25 26 27 28 30,2 3 5 6 7 10 11 17 29,29,V,7.0,0.0,8.0,1.0,3.0,2.0,4.0,0.0,8.0,1.0,11.0,2.0,2.0,2.0,6.0,1.0,-393.0
44,14,treino,19 21 24 25 26 28 29 30 31,0 2 3 6 7 9 10 11 13,,V,9.0,0.0,8.0,1.0,2.0,4.0,8.0,0.0,9.0,0.0,11.0,3.0,2.0,3.0,8.0,0.0,-5.0
44,39,treino,11 12 15 21,2 3 7 9 14,,P,5.0,0.0,6.0,2.0,1.0,2.0,5.0,0.0,4.0,0.0,15.0,1.0,2.0,0.0,2.0,0.0,88.0
44,17,treino,19 21 22 24 25 26 28 30 31,2 3 5 6 7 9 10 11 13,,P,9.0,0.0,12.0,3.0,2.0,2.0,9.0,0.0,9.0,0.0,10.0,2.0,2.0,3.0,8.0,0.0,11.0
44,21,treino,19 22 25 26 27 28 30,2 3 5 6 7 10 11 14 29,29,P,8.0,1.0,10.0,2.0,2.0,2.0,7.0,0.0,7.0,0.0,8.0,1.0,3.0,2.0,4.0,0.0,409.0
44,31,treino,19 21 25 27,2 3 6 7 10 12 15 26,26,P,7.0,1.0,10.0,1.0,2.0,2.0,6.0,0.0,4.0,0.0,7.0,1.0,2.0,0.0,2.0,0.0,518.0
44,32,treino,19 21 25 27,2 3 6 7 10 12 15 23,23,V,4.0,0.0,7.0,1.0,2.0,0.0,2.0,0.0,7.0,1.0,10.0,1.0,2.0,2.0,6.0,1.0,-211.0
44,28,treino,13 19 24 25 27,2 3 5 6 7 10 15 26,26,V,5.0,0.0,10.0,1.0,2.0,0.0,0.0,0.0,7.0,1.0,8.0,1.0,1.0,2.0,6.0,0.0,-411.0
44,15,treino,19 21 22 24 26 28 29 30 31,0 2 3 6 7 9 10 11 13,,P,9.0,0.0,11.0,3.0,2.0,3.0,8.0,0.0,9.0,0.0,9.0,2.0,2.0,4.0,8.0,0.0,-9.0
44,34,treino,11 19 21 25,2 3 6 7 10 16,,V,4.0,0.0,11.0,1.0,2.0,0.0,2.0,0.0,6.0,0.0,8.0,1.0,1.0,2.0,5.0,1.0,-104.0
44,41,treino,5 11 12 15,2 3 7,,P,3.0,0.0,1.0,0.0,1.0,2.0,3.0,0.0,4.0,0.0,19.0,0.0,2.0,0.0,2.0,0.0,-131.0
44,38,treino,11 12 15 25,2 3 7 9 14,,V,4.0,0.0,14.0,0.0,2.0,0.0,2.0,0.0,5.0,0.0,6.0,2.0,1.0,2.0,5.0,0.0,-91.0
44,33,treino,11 19 21 25,2 3 6 7 10 12,,P,6.0,0.0,7.0,1.0,2.0,2.0,5.0,0.0,4.0,0.0,11.0,1.0,2.0,0.0,2.0,0.0,208.0
44,43,treino,2 5 12 15,3 6,2,P,2.0,0.0,1.0,0.0,1.0,1.0,0.0,1.0,3.0,1.0,14.0,0.0,1.0,0.0,0.0,0.0,-368.0
44,23,treino,13 19 25 26 27 28 30,2 3 5 6 7 10 11 29,29,P,7.0,1.0,7.0,1.0,2.0,2.0,6.0,0.0,7.0,0.0,10.0,1.0,3.0,2.0,3.0,1.0,386.0
44,45,treino,2 5 6 12,3,2,P,1.0,0.0,0.0,0.0,1.0,1.0,0.0,0.0,3.0,1.0,16.0,0.0,1.0,0.0,2.0,0.0,-1600.0
44,6,treino,20 21 22 23 24 25 26 28 29 30 31,0 1 2 3 4 5 7 8 10 11 16,,V,11.0,0.0,11.0,2.0,2.0,4.0,11.0,0.0,11.0,0.0,13.0,1.0,3.0,4.0,10.0,1.0,114.0
44,29,treino,8 19 24 25 27,2 3 5 6 7 10 15 26,26,P,7.0,1.0,8.0,1.0,1.0,2.0,6.0,1.0,5.0,0.0,11.0,0.0,2.0,0.0,0.0,1.0,509.0
44,18,treino,19 21 22 24 25 26 28 30 31,2 3 5 6 7 10 11 13 14,,V,9.0,0.0,10.0,2.0,2.0,3.0,8.0,0.0,9.0,0.0,13.0,3.0,2.0,2.0,7.0,0.0,287.0
44,35,treino,11 12 19 25,2 3 6 7 10,,P,5.0,0.0,4.0,1.0,1.0,2.0,5.0,0.0,4.0,0.0,13.0,0.0,3.0,0.0,0.0,0.0,95.0
45,4,treino,18 21 22 24 25 26 27 28 29 30 31,0 1 2 3 4 5 6 7 8 10 11 20,,V,11.0,0.0,11.0,3.0,2.0,4.0,11.0,0.0,12.0,0.0,15.0,1.0,4.0,4.0,11.0,0.0,-104.0
45,44,treino,3 5 16 30,6 17 29,3 29,V,3.0,1.0,9.0,0.0,1.0,1.0,0.0,0.0,2.0,1.0,5.0,1.0,0.0,0.0,0.0,0.0,165.0
45,22,treino,16 23 27 28 29 30,0 1 3 4 5 7 15 20 24,,V,6.0,0.0,6.0,0.0,2.0,3.0,2.0,0.0,9.0,0.0,17.0,0.0,3.0,3.0,8.0,1.0,-238.0
45,6,treino,17 18 21 24 25 26 27 28 29 30 31,0 1 2 3 4 5 6 7 10 11 12 20,,V,11.0,0.0,12.0,3.0,2.0,4.0,10.0,0.0,12.0,0.0,16.0,1.0,5.0,4.0,10.0,0.0,-100.0
45,36,treino,1 19 21 23 30,0 6 7 10 14 15 29,1 29,V,4.0,1.0,7.0,1.0,1.0,1.0,2.0,0.0,6.0,1.0,10.0,2.0,0.0,1.0,5.0,0.0,-245.0
45,38,treino,19 21 23 30,6 7 9 10 14 15 29,29,V,4.0,0.0,7.0,1.0,1.0,1.0,2.0,0.0,6.0,1.0,12.0,3.0,0.0,0.0,6.0,0.0,-436.0
45,11,treino,10 16 18 24 26 27 28 29 30 31,0 1 2 3 4 5 6 7 11 20,,P,10.0,0.0,11.0,0.0,4.0,4.0,9.0,0.0,10.0,0.0,14.0,2.0,2.0,4.0,7.0,1.0,113.0
45,8,treino,17 18 24 25 26 27 28 29 30 31,0 1 2 3 4 5 6 7 10 11 20 21,,V,10.0,0.0,10.0,2.0,2.0,4.0,8.0,0.0,12.0,0.0,18.0,2.0,4.0,4.0,10.0,1.0,-123.0
45,15,treino,16 17 24 26 27 28 29 30,0 1 3 4 5 6 7 11 20,,P,9.0,0.0,11.0,0.0,4.0,3.0,8.0,0.0,8.0,0.0,9.0,1.0,2.0,3.0,5.0,0.0,113.0
45,20,treino,16 23 24 27 28 29 30,0 1 3 4 5 7 15 17 20,,V,7.0,0.0,7.0,0.0,2.0,3.0,5.0,0.0,9.0,0.0,15.0,1.0,3.0,3.0,6.0,0.0,-217.0
45,7,treino,16 17 18 24 25 26 27 28 29 30 31,0 1 2 3 4 5 6 7 10 11 12 20,,P,12.0,0.0,16.0,1.0,5.0,4.0,10.0,0.0,11.0,0.0,13.0,2.0,2.0,4.0,8.0,1.0,110.0
45,37,treino,5 19 21 23 30,0 6 7 10 14 15 29,5 29,P,6.0,1.0,10.0,2.0,0.0,1.0,5.0,0.0,4.0,1.0,7.0,1.0,1.0,1.0,2.0,1.0,411.0
45,19,treino,16 23 24 27 28 29 30,0 1 3 4 5 7 11 17 20,,P,9.0,0.0,14.0,1.0,4.0,3.0,7.0,0.0,7.0,0.0,7.0,0.0,2.0,3.0,5.0,0.0,222.0
45,13,treino,16 17 24 27 28 29 30 31,0 1 2 3 4 5 7 11 20,,P,9.0,0.0,10.0,0.0,4.0,4.0,8.0,0.0,8.0,0.0,8.0,1.0,2.0,4.0,5.0,0.0,97.0
45,39,treino,16 19 23 30,6 7 9 10 14 15 29,29,P,6.0,1.0,12.0,3.0,0.0,0.0,6.0,0.0,4.0,0.0,8.0,0.0,1.0,1.0,2.0,0.0,531.0
45,31,treino,12 19 21 23 30,0 3 5 6 8 10 15 29,29,P,7.0,1.0,9.0,1.0,1.0,2.0,6.0,0.0,5.0,0.0,11.0,1.0,2.0,1.0,2.0,0.0,394.0
45,34,treino,5 19 21 23 30,0 3 6 10 14 15 29,29,V,5.0,0.0,13.0,1.0,1.0,1.0,2.0,1.0,6.0,1.0,9.0,2.0,1.0,2.0,4.0,0.0,-247.0
45,35,treino,1 19 21 23 30,0 3 6 10 14 15 29,1 29,P,6.0,1.0,9.0,2.0,1.0,2.0,4.0,0.0,4.0,1.0,7.0,1.0,1.0,1.0,2.0,0.0,343.0
45,42,treino,5 16 19 30,6 7 14 15 29,29,V,4.0,0.0,12.0,0.0,1.0,1.0,0.0,0.0,4.0,1.0,8.0,1.0,0.0,0.0,0.0,1.0,104.0
45,21,treino,16 21 23 27 28 29 30,0 1 3 4 5 7 15 17 20,,P,9.0,0.0,15.0,1.0,3.0,3.0,6.0,1.0,7.0,0.0,8.0,1.0,2.0,3.0,4.0,1.0,217.0
45,45,treino,0 3 16 30,6 17 29,0 3 29,P,2.0,1.0,5.0,1.0,0.0,0.0,0.0,0.0,2.0,2.0,3.0,0.0,1.0,1.0,0.0,0.0,-179.0
45,16,treino,16 17 24 26 27 28 29 30,0 1 3 4 5 7 10 11 20,,V,8.0,0.0,9.0,1.0,2.0,3.0,5.0,0.0,9.0,0.0,12.0,1.0,4.0,3.0,8.0,0.0,-116.0
45,25,treino,12 21 23 27 29 30,0 1 3 4 5 10 15 20,,P,8.0,0.0,12.0,1.0,3.0,3.0,6.0,0.0,6.0,0.0,9.0,1.0,2.0,2.0,2.0,0.0,237.0
45,40,treino,16 19 23 30,6 7 9 10 15 18 29,29,V,4.0,0.0,8.0,0.0,1.0,1.0,2.0,1.0,6.0,1.0,13.0,3.0,0.0,0.0,6.0,1.0,-183.0
45,27,treino,12 21 23 24 27 30,0 3 4 5 6 10 15 20,,P,8.0,0.0,13.0,1.0,3.0,2.0,6.0,0.0,6.0,0.0,10.0,1.0,2.0,1.0,4.0,1.0,390.0
45,23,treino,16 21 23 27 29 30,0 1 3 4 5 7 15 20,,P,8.0,0.0,11.0,0.0,3.0,3.0,6.0,0.0,6.0,0.0,8.0,1.0,1.0,2.0,4.0,0.0,221.0
45,14,treino,16 17 24 27 28 29 30 31,0 1 3 4 5 6 7 11 20,,V,8.0,0.0,8.0,1.0,2.0,4.0,5.0,0.0,9.0,0.0,11.0,0.0,4.0,3.0,8.0,0.0,-112.0
45,9,treino,16 17 18 24 26 27 28 29 30 31,0 1 2 3 4 5 6 7 10 11 20,,P,11.0,0.0,13.0,1.0,4.0,4.0,10.0,0.0,10.0,0.0,12.0,2.0,2.0,4.0,7.0,0.0,113.0
45,17,treino,14 16 24 26 27 28 29 30,0 1 3 4 5 7 10 11 20,,P,9.0,0.0,12.0,1.0,4.0,3.0,8.0,0.0,8.0,0.0,10.0,1.0,2.0,3.0,5.0,1.0,222.0
45,24,treino,16 21 23 27 29 30,0 1 3 4 5 10 15 20,,V,6.0,0.0,8.0,1.0,1.0,2.0,4.0,0.0,8.0,0.0,12.0,1.0,3.0,3.0,6.0,0.0,-227.0
45,33,treino,5 19 21 23 30,0 3 6 9 10 15 29,29,P,6.0,1.0,8.0,2.0,1.0,2.0,4.0,0.0,5.0,0.0,13.0,1.0,1.0,1.0,2.0,0.0,278.0
45,30,treino,12 19 21 27 30,0 3 5 6 8 10 15 29,29,V,5.0,0.0,10.0,1.0,3.0,1.0,0.0,0.0,7.0,1.0,9.0,1.0,1.0,2.0,6.0,0.0,-401.0
46,4,treino,16 19 21 22 24 25 26 27 28 29 30 31,0 1 2 3 4 5 6 8 9 10 11 15,,V,12.0,0.0,14.0,2.0,3.0,4.0,11.0,0.0,12.0,0.0,14.0,2.0,3.0,4.0,11.0,0.0,12.0
46,8,treino,16 20 21 22 25 26 27 28 29 30 31,0 1 2 3 4 5 8 9 11 14 15,,V,11.0,0.0,12.0,2.0,3.0,4.0,10.0,0.0,11.0,0.0,14.0,2.0,3.0,4.0,9.0,0.0,130.0
46,32,treino,12 16 20 24 25 30 31,0 4 26,12,V,6.0,1.0,7.0,0.0,2.0,2.0,6.0,0.0,3.0,0.0,7.0,0.0,1.0,1.0,2.0,1.0,545.0
46,34,treino,12 16 20 23 24 25 31,4 5,12,V,6.0,1.0,9.0,0.0,2.0,1.0,4.0,0.0,2.0,0.0,2.0,0.0,1.0,0.0,0.0,0.0,723.0
46,39,treino,9 12 18 20 22 24 31,4,12,P,1.0,0.0,1.0,0.0,1.0,0.0,0.0,0.0,6.0,1.0,13.0,3.0,2.0,1.0,4.0,0.0,-1600.0
46,11,treino,16 18 20 21 24 25 26 27 29 30 31,0 1 3 4 5 7 8 9 11 14 15,,P,11.0,0.0,15.0,2.0,3.0,3.0,11.0,0.0,11.0,0.0,14.0,2.0,2.0,3.0,10.0,1.0,-8.0
46,21,treino,9 11 20 21 22 24 29 30 31,0 1 3 4 5 8 10,,P,7.0,0.0,6.0,1.0,2.0,3.0,5.0,0.0,9.0,0.0,17.0,3.0,2.0,3.0,4.0,1.0,-117.0
46,15,treino,16 18 20 21 24 26 29 30 31,0 1 3 4 5 7 8 9 11,,P,9.0,0.0,9.0,1.0,3.0,3.0,9.0,0.0,9.0,0.0,12.0,2.0,1.0,3.0,8.0,0.0,-2.0
46,36,treino,12 16 18 20 24 25 31,4 9,12,V,6.0,1.0,10.0,1.0,2.0,1.0,4.0,0.0,2.0,0.0,3.0,1.0,1.0,0.0,0.0,0.0,749.0
46,22,treino,11 20 21 22 24 29 30 31,0 1 3 4 8 10 14,,V,8.0,0.0,12.0,2.0,2.0,3.0,4.0,0.0,7.0,0.0,8.0,2.0,2.0,3.0,5.0,0.0,111.0
46,19,treino,11 16 20 21 22 24 29 30 31,0 1 3 4 5 8 9 10,,P,8.0,0.0,8.0,2.0,2.0,3.0,6.0,0.0,9.0,0.0,15.0,2.0,2.0,3.0,5.0,0.0,-109.0
46,33,treino,12 16 20 23 24 25 31,0 4,12,P,2.0,0.0,1.0,0.0,1.0,1.0,2.0,0.0,6.0,1.0,9.0,0.0,2.0,1.0,4.0,0.0,-530.0
46,16,treino,16 18 20 21 24 26 29 30 31,0 1 3 4 5 8 9 10 11,,V,9.0,0.0,12.0,2.0,1.0,3.0,8.0,0.0,9.0,0.0,10.0,2.0,3.0,3.0,6.0,0.0,-11.0
46,38,treino,12 16 18 20 22 24 31,4 13,12,V,6.0,1.0,11.0,2.0,2.0,1.0,6.0,0.0,2.0,0.0,4.0,1.0,1.0,0.0,0.0,1.0,1600.0
46,23,treino,11 20 21 22 24 25 30 31,0 1 3 4 8 10 14,,P,7.0,0.0,8.0,2.0,2.0,3.0,5.0,0.0,8.0,0.0,13.0,2.0,2.0,2.0,6.0,0.0,-115.0
46,5,treino,16 19 20 21 22 25 26 27 28 29 30 31,0 1 2 3 4 5 6 8 9 10 11 15,,P,12.0,0.0,14.0,2.0,3.0,4.0,11.0,0.0,12.0,0.0,15.0,2.0,4.0,4.0,10.0,0.0,10.0
46,29,treino,7 16 20 22 24 25 30 31,0 4 8 9 10 14,7,P,6.0,0.0,10.0,3.0,1.0,1.0,6.0,0.0,7.0,1.0,9.0,1.0,1.0,2.0,6.0,0.0,-269.0
46,7,treino,10 16 20 21 22 25 26 27 28 29 30 31,0 1 2 3 4 5 6 8 9 11 14,,P,11.0,0.0,12.0,2.0,3.0,4.0,9.0,0.0,12.0,0.0,17.0,3.0,3.0,4.0,10.0,1.0,-130.0
46,40,treino,9 12 18 20 22 24 31,8,12,V,6.0,1.0,13.0,3.0,2.0,1.0,4.0,0.0,1.0,0.0,2.0,0.0,0.0,0.0,0.0,1.0,1600.0
46,20,treino,11 16 20 21 22 24 29 30 31,0 1 3 4 5 8 10 13,,V,9.0,0.0,15.0,2.0,2.0,3.0,5.0,0.0,8.0,0.0,9.0,2.0,2.0,3.0,6.0,1.0,109.0
46,27,treino,2 16 20 22 24 25 30 31,0 4 5 8 10 14,2,P,6.0,0.0,9.0,2.0,1.0,1.0,6.0,0.0,7.0,1.0,9.0,1.0,1.0,2.0,6.0,0.0,-275.0
46,37,treino,12 16 18 20 22 24 31,4 9,12,P,2.0,0.0,3.0,1.0,1.0,0.0,0.0,0.0,6.0,1.0,11.0,2.0,2.0,1.0,6.0,0.0,-746.0
46,31,treino,12 16 20 22 24 25 30 31,0 4 17,12,P,3.0,0.0,5.0,1.0,1.0,1.0,2.0,1.0,7.0,1.0,9.0,1.0,2.0,2.0,7.0,1.0,-627.0
46,14,treino,16 20 21 24 25 26 29 30 31,0 1 3 4 5 7 8 9 11 22,,V,9.0,0.0,10.0,1.0,1.0,3.0,9.0,0.0,10.0,0.0,14.0,2.0,3.0,3.0,9.0,1.0,-1.0
46,30,treino,7 16 20 22 24 25 30 31,0 4 8 9 10 17,7,V,7.0,1.0,9.0,1.0,1.0,2.0,6.0,1.0,6.0,0.0,11.0,3.0,1.0,1.0,3.0,2.0,627.0
46,13,treino,16 18 20 21 24 25 26 29 30 31,0 1 3 4 5 7 8 9 11 15,,P,10.0,0.0,12.0,1.0,3.0,3.0,10.0,0.0,10.0,0.0,13.0,2.0,1.0,3.0,9.0,1.0,-8.0
46,17,treino,16 18 20 21 22 24 29 30 31,0 1 3 4 5 8 9 10 11,,P,9.0,0.0,10.0,2.0,3.0,3.0,6.0,0.0,9.0,0.0,13.0,3.0,1.0,3.0,7.0,0.0,110.0
46,24,treino,11 20 21 22 24 25 30 31,0 1 4 7 8 10 14,,V,8.0,0.0,13.0,2.0,2.0,2.0,6.0,0.0,7.0,0.0,9.0,2.0,1.0,2.0,6.0,1.0,277.0
46,10,treino,16 20 21 22 24 25 26 27 29 30 31,0 1 3 4 5 7 8 9 11 14 15,,V,11.0,0.0,13.0,2.0,2.0,3.0,11.0,0.0,11.0,0.0,15.0,2.0,3.0,3.0,11.0,0.0,8.0
46,12,treino,16 20 21 24 25 26 27 29 30 31,0 1 3 4 5 7 8 9 11 15 23,,V,10.0,0.0,11.0,1.0,2.0,3.0,10.0,0.0,11.0,0.0,17.0,1.0,3.0,3.0,10.0,1.0,8.0
46,6,treino,16 19 20 21 22 25 26 27 28 29 30 31,0 1 2 3 4 5 6 8 9 11 14 15,,V,12.0,0.0,15.0,2.0,4.0,4.0,10.0,0.0,12.0,0.0,15.0,2.0,3.0,4.0,11.0,1.0,-3.0
46,26,treino,2 20 21 22 24 25 30 31,0 4 5 8 10 14,2,V,7.0,1.0,8.0,2.0,1.0,2.0,6.0,0.0,6.0,0.0,9.0,2.0,1.0,1.0,6.0,0.0,290.0
47,39,treino,15 27 30,2 3 5 6 19 20,,P,6.0,0.0,11.0,0.0,3.0,2.0,2.0,0.0,3.0,0.0,5.0,0.0,1.0,1.0,0.0,0.0,349.0
47,41,treino,15 26 27,3 5 6 7 19 20,,P,6.0,0.0,12.0,0.0,3.0,1.0,2.0,0.0,3.0,0.0,6.0,0.0,1.0,0.0,0.0,0.0,454.0
47,51,treino,6 17 27,5 7 14 19 29,6 29,P,4.0,1.0,9.0,1.0,1.0,0.0,0.0,1.0,2.0,1.0,4.0,1.0,1.0,0.0,0.0,1.0,320.0
47,86,treino,28,21 27 31,21 27 28 31,V,0.0,1.0,0.0,0.0,1.0,1.0,0.0,0.0,0.0,3.0,0.0,1.0,1.0,0.0,2.0,0.0,-1600.0
47,53,treino,1 27,5 7 19 21 29,1 29,P,4.0,1.0,11.0,1.0,1.0,0.0,0.0,1.0,1.0,1.0,1.0,0.0,1.0,0.0,0.0,0.0,329.0
47,65,treino,18,11 26 29 30,18 29 30,P,2.0,2.0,8.0,0.0,1.0,0.0,2.0,0.0,0.0,1.0,0.0,1.0,0.0,0.0,0.0,0.0,462.0
47,57,treino,13 27,11 19 21 25,13 25,P,3.0,1.0,11.0,1.0,2.0,0.0,2.0,0.0,1.0,1.0,1.0,1.0,1.0,0.0,0.0,0.0,229.0
47,28,treino,19 21 22 27 30 31,0 2 3 6 9 10 14,,V,6.0,0.0,8.0,2.0,2.0,2.0,2.0,0.0,7.0,0.0,8.0,3.0,1.0,3.0,5.0,0.0,-107.0
47,40,treino,15 27 30,3 5 6 7 19 20,,V,3.0,0.0,5.0,0.0,1.0,1.0,0.0,0.0,6.0,0.0,12.0,0.0,3.0,1.0,2.0,0.0,-320.0
47,78,treino,28,18 25 27,25 27 28,V,0.0,1.0,0.0,0.0,1.0,1.0,0.0,0.0,1.0,2.0,4.0,1.0,1.0,0.0,0.0,0.0,-316.0
47,46,treino,11 22 27,3 5 7 14 19 24,,V,3.0,0.0,8.0,1.0,2.0,0.0,0.0,0.0,6.0,0.0,15.0,1.0,2.0,1.0,2.0,1.0,-223.0
47,35,treino,16 18 19 27 30,2 3 5 6 10 13,,P,6.0,0.0,7.0,2.0,1.0,2.0,3.0,1.0,5.0,0.0,10.0,1.0,2.0,1.0,0.0,1.0,209.0
47,84,treino,24,25 27 31,24 25 27 31,V,0.0,1.0,0.0,0.0,0.0,0.0,0.0,0.0,0.0,3.0,0.0,0.0,1.0,0.0,2.0,0.0,-368.0
47,23,treino,16 19 25 27 28 30 31,0 2 3 6 7 9 13 14,,P,8.0,0.0,10.0,3.0,1.0,3.0,7.0,0.0,7.0,0.0,8.0,0.0,3.0,3.0,4.0,1.0,234.0
47,15,treino,16 19 20 27 28 29 30 31,0 1 2 3 4 6 7 10,,P,8.0,0.0,5.0,1.0,2.0,4.0,8.0,0.0,8.0,0.0,9.0,0.0,4.0,4.0,4.0,0.0,4.0
47,49,treino,6 22 27,3 5 14 19 29,6 29,P,4.0,1.0,8.0,1.0,2.0,1.0,0.0,0.0,2.0,1.0,3.0,1.0,1.0,0.0,0.0,0.0,208.0
47,69,treino,17,11 25 30 31,17 25 30 31,P,1.0,3.0,2.0,0.0,1.0,0.0,2.0,0.0,0.0,1.0,0.0,1.0,0.0,0.0,0.0,0.0,1600.0
47,4,treino,20 21 23 24 25 26 27 28 29 30 31,0 1 2 3 4 6 7 9 10 11 12,,V,11.0,0.0,10.0,1.0,3.0,4.0,11.0,0.0,11.0,0.0,12.0,2.0,4.0,4.0,10.0,0.0,-5.0
47,26,treino,19 22 27 28 30 31,0 2 3 6 7 9 14 24,,V,6.0,0.0,6.0,1.0,3.0,3.0,2.0,0.0,8.0,0.0,13.0,2.0,1.0,3.0,6.0,1.0,-120.0
47,14,treino,16 20 26 27 28 29 30 31,0 1 2 3 4 6 7 10 23,,V,8.0,0.0,7.0,0.0,3.0,4.0,6.0,0.0,9.0,0.0,10.0,1.0,2.0,4.0,8.0,1.0,0.0
47,85,treino,28,25 27 31,25 27 28 31,P,0.0,3.0,0.0,0.0,1.0,0.0,2.0,0.0,0.0,1.0,0.0,0.0,1.0,1.0,0.0,0.0,1600.0
47,61,treino,17 23,11 19 25 30,17 30,P,3.0,1.0,12.0,0.0,2.0,0.0,2.0,0.0,1.0,1.0,2.0,1.0,0.0,0.0,0.0,1.0,315.0
47,27,treino,19 21 22 27 30 31,0 2 3 6 7 9 14,,P,7.0,0.0,7.0,2.0,1.0,3.0,6.0,0.0,6.0,0.0,8.0,2.0,2.0,2.0,2.0,0.0,107.0
47,54,treino,1 27,5 7 19 21 25,1 25,V,1.0,1.0,1.0,0.0,1.0,0.0,0.0,0.0,4.0,1.0,11.0,1.0,1.0,0.0,2.0,1.0,-248.0
47,36,treino,18 19 27 30,2 3 5 6 10 20,,V,4.0,0.0,7.0,1.0,2.0,1.0,0.0,0.0,6.0,0.0,9.0,1.0,2.0,2.0,3.0,0.0,-221.0
47,19,treino,12 19 20 25 27 28 30 31,0 1 2 3 4 7 9 14,,P,8.0,0.0,7.0,2.0,2.0,4.0,7.0,0.0,8.0,0.0,11.0,0.0,5.0,3.0,4.0,0.0,12.0
47,72,treino,24,11 27 30,24 27 30,V,0.0,1.0,0.0,0.0,0.0,0.0,0.0,0.0,1.0,2.0,2.0,0.0,2.0,0.0,0.0,0.0,-285.0
47,75,treino,24,11 25 27,24 25 27,P,1.0,2.0,2.0,0.0,2.0,0.0,0.0,0.0,0.0,1.0,0.0,0.0,0.0,0.0,0.0,0.0,290.0
47,45,treino,11 22 27,3 5 7 9 19 24,,P,6.0,0.0,14.0,1.0,2.0,1.0,4.0,1.0,3.0,0.0,8.0,1.0,2.0,0.0,0.0,0.0,334.0
47,31,treino,18 19 21 30 31,0 2 3 6 9 10,,P,6.0,0.0,5.0,2.0,1.0,3.0,4.0,0.0,5.0,0.0,8.0,2.0,1.0,2.0,0.0,0.0,110.0
47,64,treino,14,11 26 29 30,14 29 30,V,0.0,1.0,0.0,1.0,0.0,0.0,0.0,0.0,2.0,2.0,8.0,0.0,1.0,0.0,2.0,0.0,-462.0
47,62,treino,17,11 25 26 30,17 30,V,0.0,1.0,0.0,1.0,0.0,0.0,0.0,0.0,3.0,1.0,14.0,0.0,1.0,0.0,3.0,0.0,-284.0
48,30,treino,2 11 19 24 28 30 31,0 1 7 13,2,V,6.0,1.0,9.0,0.0,3.0,3.0,2.0,0.0,4.0,0.0,4.0,1.0,0.0,2.0,0.0,0.0,401.0
48,8,treino,11 18 20 21 23 24 25 27 28 29 30 31,0 1 2 3 4 6 7 8 9 12 14,,V,12.0,0.0,17.0,2.0,4.0,4.0,11.0,0.0,11.0,0.0,13.0,2.0,3.0,4.0,11.0,0.0,122.0
48,28,treino,2 11 17 19 24 28 30 31,0 1 4 7 13,2,V,7.0,1.0,12.0,1.0,3.0,3.0,2.0,1.0,5.0,0.0,5.0,1.0,1.0,2.0,2.0,1.0,405.0
48,6,treino,11 20 21 22 23 24 25 27 28 29 30 31,0 1 2 3 4 5 6 7 9 12 14,,V,12.0,0.0,16.0,2.0,4.0,4.0,11.0,0.0,11.0,0.0,12.0,2.0,3.0,4.0,10.0,0.0,133.0
48,7,treino,11 18 20 21 23 24 25 27 28 29 30 31,0 1 2 3 4 5 6 7 9 12 14,,P,11.0,0.0,12.0,2.0,3.0,4.0,10.0,0.0,12.0,0.0,17.0,2.0,4.0,4.0,11.0,0.0,-111.0
48,32,treino,2 11 19 20 28 30 31,0 6 7 13,2,V,6.0,1.0,10.0,0.0,4.0,3.0,0.0,0.0,4.0,0.0,5.0,1.0,0.0,1.0,0.0,1.0,620.0
48,22,treino,11 17 18 19 28 29 30 31,0 1 2 4 7 8 10,,V,8.0,0.0,14.0,2.0,3.0,4.0,0.0,0.0,7.0,0.0,6.0,1.0,1.0,3.0,6.0,0.0,115.0
48,37,treino,6 16 19 20 28 30 31,9,6 16,P,1.0,0.0,2.0,1.0,0.0,0.0,0.0,1.0,5.0,2.0,5.0,0.0,3.0,3.0,2.0,0.0,-806.0
48,14,treino,11 19 20 21 24 25 28 29 30 31,0 1 2 3 4 7 8 12 13,,V,10.0,0.0,14.0,1.0,4.0,4.0,7.0,0.0,9.0,0.0,10.0,1.0,3.0,4.0,8.0,0.0,240.0
48,4,treino,18 20 21 22 23 24 25 27 28 29 30 31,0 1 2 3 4 5 6 7 9 10 12 15,,V,12.0,0.0,14.0,3.0,3.0,4.0,12.0,0.0,12.0,0.0,14.0,2.0,3.0,4.0,11.0,1.0,114.0
48,27,treino,2 11 17 19 24 28 30 31,0 1 4 7 8,2,P,5.0,0.0,4.0,0.0,1.0,2.0,3.0,0.0,7.0,1.0,12.0,1.0,3.0,3.0,2.0,0.0,-405.0
48,20,treino,11 18 19 24 28 29 30 31,0 1 2 3 4 8 10 21,,V,8.0,0.0,12.0,1.0,3.0,4.0,3.0,0.0,8.0,0.0,10.0,2.0,2.0,4.0,3.0,1.0,116.0
48,16,treino,11 19 20 24 25 28 29 30 31,0 1 2 3 4 7 8 12 22,,V,9.0,0.0,12.0,0.0,4.0,4.0,6.0,0.0,9.0,0.0,12.0,1.0,3.0,4.0,7.0,1.0,114.0
48,15,treino,11 17 19 20 24 25 28 29 30 31,0 1 2 3 4 7 8 12 13,,P,9.0,0.0,10.0,1.0,3.0,4.0,8.0,0.0,10.0,0.0,15.0,1.0,4.0,4.0,6.0,1.0,-120.0
48,38,treino,6 16 19 20 28 30 31,13,6 16,V,5.0,2.0,5.0,0.0,3.0,3.0,2.0,0.0,1.0,0.0,3.0,1.0,0.0,0.0,0.0,1.0,1600.0
48,29,treino,2 8 11 19 24 28 30 31,0 1 4 7,2,P,4.0,0.0,2.0,0.0,1.0,2.0,2.0,0.0,7.0,1.0,14.0,0.0,3.0,3.0,2.0,1.0,-412.0
48,34,treino,11 16 19 20 28 30 31,5 7,16,V,6.0,1.0,10.0,0.0,4.0,3.0,2.0,0.0,2.0,0.0,2.0,0.0,0.0,0.0,0.0,1.0,787.0
48,17,treino,11 18 19 20 24 28 29 30 31,0 1 2 3 4 7 8 12,,P,8.0,0.0,7.0,0.0,3.0,4.0,7.0,0.0,9.0,0.0,14.0,1.0,4.0,4.0,4.0,0.0,-114.0
48,9,treino,11 18 19 20 21 24 25 27 28 29 30 31,0 1 2 3 4 6 7 8 9 12 14,,P,11.0,0.0,13.0,2.0,3.0,4.0,11.0,0.0,12.0,0.0,18.0,2.0,5.0,4.0,9.0,1.0,-120.0
48,5,treino,11 20 21 22 23 24 25 27 28 29 30 31,0 1 2 3 4 5 6 7 9 10 12,,P,11.0,0.0,11.0,2.0,3.0,4.0,10.0,0.0,12.0,0.0,16.0,2.0,4.0,4.0,11.0,0.0,-123.0
48,19,treino,11 16 18 19 24 28 29 30 31,0 1 2 3 4 8 10 12,,P,8.0,0.0,8.0,1.0,3.0,4.0,4.0,0.0,9.0,0.0,15.0,1.0,3.0,4.0,3.0,1.0,-126.0
48,21,treino,11 17 18 19 28 29 30 31,0 1 2 3 4 8 10,,P,7.0,0.0,5.0,1.0,2.0,4.0,3.0,0.0,8.0,0.0,14.0,2.0,3.0,4.0,0.0,0.0,-116.0
48,18,treino,11 18 19 20 24 28 29 30 31,0 1 2 3 4 8 10 12,,V,9.0,0.0,14.0,1.0,4.0,4.0,4.0,0.0,8.0,0.0,8.0,1.0,3.0,4.0,4.0,0.0,126.0
48,24,treino,11 17 18 19 24 28 30 31,0 1 2 4 7 8 14,,V,8.0,0.0,15.0,2.0,3.0,3.0,2.0,2.0,7.0,0.0,7.0,1.0,1.0,3.0,5.0,1.0,410.0
48,12,treino,11 18 19 20 21 24 25 28 29 30 31,0 1 2 3 4 6 7 8 12 14,,V,11.0,0.0,17.0,2.0,4.0,4.0,7.0,1.0,10.0,0.0,11.0,1.0,3.0,4.0,9.0,1.0,111.0
48,13,treino,9 11 19 20 21 24 25 28 29 30 31,0 1 2 3 4 6 7 8 12,,P,9.0,0.0,8.0,0.0,3.0,4.0,9.0,0.0,11.0,0.0,19.0,2.0,4.0,4.0,7.0,1.0,-240.0
48,11,treino,11 18 19 20 21 24 25 28 29 30 31,0 1 2 3 4 6 7 8 9 12,,P,10.0,0.0,10.0,1.0,3.0,4.0,10.0,0.0,11.0,0.0,17.0,2.0,4.0,4.0,7.0,0.0,-111.0
48,23,treino,11 17 18 19 24 28 30 31,0 1 2 4 7 8 10,,P,7.0,0.0,6.0,1.0,1.0,3.0,6.0,0.0,8.0,0.0,15.0,2.0,3.0,3.0,2.0,0.0,-115.0
48,31,treino,2 11 19 20 28 30 31,0 1 7 13,2,P,4.0,0.0,4.0,1.0,0.0,2.0,0.0,0.0,6.0,1.0,10.0,0.0,4.0,3.0,0.0,0.0,-406.0
48,36,treino,2 16 19 20 28 30 31,9,2 16,V,5.0,2.0,5.0,0.0,3.0,3.0,2.0,0.0,1.0,0.0,2.0,1.0,0.0,0.0,0.0,0.0,1600.0
48,25,treino,9 11 17 19 24 28 30 31,0 1 2 4 7 8,,P,6.0,0.0,4.0,0.0,1.0,3.0,5.0,0.0,8.0,0.0,17.0,2.0,3.0,3.0,2.0,0.0,-125.0
48,10,treino,11 19 20 21 24 25 27 28 29 30 31,0 1 2 3 4 6 7 8 9 12 23,,V,11.0,0.0,15.0,1.0,5.0,4.0,9.0,0.0,11.0,0.0,15.0,1.0,3.0,4.0,10.0,1.0,111.0
49,51,treino,7,4 9 12 16 21 22,7 21,P,5.0,1.0,15.0,3.0,2.0,0.0,3.0,0.0,0.0,1.0,0.0,0.0,0.0,0.0,0.0,0.0,576.0
49,47,treino,7,4 6 12 16 22 24,24,P,5.0,1.0,14.0,1.0,2.0,0.0,2.0,0.0,1.0,0.0,6.0,0.0,0.0,0.0,0.0,0.0,565.0
49,17,treino,2 12 20 21 27 28 29 31,0 1 3 4 5 6 9 10 14,2 14,P,8.0,1.0,7.0,3.0,2.0,3.0,8.0,0.0,7.0,1.0,9.0,1.0,4.0,3.0,2.0,0.0,130.0
49,56,treino,6,4 12 18 20 21 22,6 21,V,0.0,1.0,0.0,0.0,0.0,0.0,0.0,0.0,5.0,1.0,18.0,3.0,3.0,0.0,2.0,0.0,-588.0
49,14,treino,11 12 20 24 27 28 29 31,0 1 2 3 4 5 7 9 10 14,14,V,8.0,0.0,13.0,0.0,5.0,3.0,6.0,0.0,9.0,1.0,7.0,3.0,2.0,4.0,10.0,0.0,-302.0
49,66,treino,18,4 12 22 24 27 28,18 24 28,V,0.0,1.0,0.0,1.0,0.0,0.0,0.0,0.0,4.0,2.0,15.0,1.0,4.0,0.0,2.0,1.0,-1600.0
49,57,treino,9,4 12 18 20 21 22,9 21,P,5.0,1.0,18.0,3.0,3.0,0.0,2.0,0.0,0.0,1.0,0.0,1.0,0.0,0.0,0.0,0.0,587.0
49,19,treino,2 12 20 21 26 27 28 29,0 1 3 4 5 6 9 14 15,2 14,P,8.0,1.0,8.0,2.0,2.0,3.0,7.0,0.0,7.0,1.0,10.0,1.0,4.0,2.0,0.0,0.0,180.0
49,23,treino,12 20 21 25 27 28,0 1 4 5 6 9 30,30,P,6.0,1.0,5.0,1.0,1.0,2.0,6.0,0.0,6.0,0.0,10.0,1.0,4.0,1.0,2.0,0.0,185.0
49,61,treino,9,4 12 18 21 22 28,9 21 28,P,4.0,2.0,13.0,3.0,3.0,0.0,2.0,0.0,0.0,1.0,0.0,1.0,0.0,0.0,0.0,0.0,652.0
49,26,treino,20 21 25 27 28,0 4 6 8 9 30,30,V,5.0,0.0,6.0,1.0,3.0,1.0,2.0,0.0,5.0,1.0,6.0,1.0,1.0,1.0,5.0,0.0,-191.0
49,64,treino,14,4 12 22 23 24 28,14 24 28,V,0.0,1.0,0.0,1.0,0.0,0.0,0.0,0.0,4.0,2.0,14.0,1.0,3.0,0.0,2.0,0.0,-526.0
49,71,treino,25,4 12 20 28 31,20 25 28 31,P,2.0,3.0,4.0,0.0,4.0,0.0,0.0,0.0,0.0,1.0,0.0,0.0,0.0,0.0,0.0,0.0,581.0
49,16,treino,11 12 20 21 27 28 29 31,0 1 3 4 5 6 7 9 10 14,14,V,8.0,0.0,14.0,1.0,5.0,3.0,2.0,0.0,9.0,1.0,8.0,3.0,2.0,3.0,10.0,1.0,-130.0
49,37,treino,19 20,4 5 6 8 14 24,24,P,5.0,1.0,8.0,1.0,1.0,0.0,3.0,0.0,2.0,0.0,5.0,0.0,2.0,0.0,0.0,0.0,516.0
49,5,treino,11 20 21 22 23 24 25 27 28 29 30 31,0 1 2 3 4 5 6 7 9 10 13,,P,11.0,0.0,11.0,3.0,2.0,4.0,11.0,0.0,12.0,0.0,16.0,2.0,4.0,4.0,11.0,0.0,-122.0
49,55,treino,6,4 12 14 20 21 22,6 21,P,5.0,1.0,17.0,3.0,3.0,0.0,0.0,0.0,0.0,1.0,0.0,0.0,0.0,0.0,0.0,0.0,581.0
49,8,treino,11 20 21 22 23 24 25 26 27 28 29 31,0 1 2 3 4 5 6 7 9 14 16,,V,12.0,0.0,17.0,2.0,4.0,3.0,11.0,0.0,11.0,0.0,13.0,2.0,2.0,4.0,10.0,1.0,233.0
49,53,treino,2,4 12 14 16 21 22,2 21,P,5.0,1.0,16.0,3.0,2.0,0.0,3.0,0.0,0.0,1.0,0.0,0.0,0.0,0.0,0.0,0.0,588.0
49,35,treino,20 23,4 5 6 8 14 21,21,P,5.0,1.0,8.0,2.0,1.0,0.0,3.0,0.0,2.0,0.0,4.0,0.0,1.0,0.0,0.0,0.0,523.0
49,65,treino,18,4 12 22 23 24 28,18 24 28,P,4.0,2.0,14.0,1.0,3.0,0.0,2.0,2.0,0.0,1.0,0.0,1.0,0.0,0.0,0.0,0.0,526.0
49,33,treino,16 20 27,4 5 6 8 12 14,12,P,5.0,1.0,8.0,1.0,2.0,0.0,4.0,0.0,3.0,0.0,6.0,0.0,2.0,0.0,2.0,1.0,513.0
49,10,treino,11 12 20 22 23 24 25 26 27 28 29 31,0 1 2 3 4 5 7 9 10 14,,V,12.0,0.0,19.0,1.0,5.0,3.0,10.0,0.0,10.0,0.0,10.0,3.0,2.0,4.0,10.0,0.0,216.0
49,41,treino,15 16,4 6 8 9 17 24,24,P,5.0,1.0,10.0,2.0,1.0,0.0,4.0,0.0,2.0,0.0,7.0,0.0,0.0,0.0,0.0,0.0,623.0
49,39,treino,16 19,4 5 6 8 17 24,24,P,5.0,1.0,9.0,1.0,1.0,0.0,3.0,0.0,2.0,0.0,6.0,0.0,1.0,0.0,0.0,0.0,511.0
49,28,treino,20 27 28,0 4 6 8 9 12,12,V,3.0,0.0,3.0,0.0,3.0,1.0,0.0,0.0,5.0,1.0,6.0,1.0,2.0,1.0,6.0,0.0,-414.0
49,58,treino,9,4 12 18 21 22 24,9 21,V,0.0,1.0,0.0,1.0,0.0,0.0,0.0,0.0,5.0,1.0,19.0,3.0,2.0,0.0,4.0,0.0,-576.0
49,36,treino,20 23,4 5 6 8 14 24,24,V,2.0,0.0,4.0,0.0,1.0,0.0,0.0,0.0,5.0,1.0,8.0,1.0,1.0,0.0,3.0,0.0,-517.0
49,22,treino,12 20 21 27 28 29,0 1 4 5 6 9 30,30,V,6.0,0.0,9.0,1.0,4.0,2.0,0.0,0.0,6.0,1.0,5.0,1.0,1.0,2.0,6.0,0.0,-181.0
49,44,treino,15,4 6 8 16 22 24,24,V,1.0,0.0,4.0,0.0,0.0,0.0,0.0,0.0,5.0,1.0,13.0,1.0,1.0,0.0,2.0,0.0,-631.0
49,45,treino,11,4 6 8 16 22 24,24,P,5.0,1.0,13.0,1.0,1.0,0.0,2.0,0.0,1.0,0.0,5.0,0.0,1.0,0.0,0.0,0.0,630.0
49,11,treino,11 12 17 20 23 24 25 26 27 28 29 31,0 1 2 3 4 5 7 9 10 14,,P,10.0,0.0,10.0,3.0,2.0,4.0,10.0,0.0,12.0,0.0,20.0,1.0,5.0,3.0,9.0,1.0,-14.0
50,91,treino,0 3 6,5,0 3 5 6,P,0.0,1.0,0.0,0.0,0.0,0.0,0.0,1.0,0.0,3.0,0.0,0.0,1.0,0.0,0.0,0.0,-364.0
50,55,treino,0 3 15,23,0 3,P,1.0,0.0,5.0,0.0,0.0,0.0,0.0,0.0,1.0,2.0,4.0,0.0,1.0,0.0,0.0,0.0,-363.0
50,25,treino,1 10 20 23 25 26 27 28 31,0 4 6 8 11,1,P,5.0,0.0,6.0,0.0,2.0,1.0,3.0,0.0,8.0,1.0,12.0,1.0,3.0,2.0,4.0,1.0,-398.0
50,26,treino,1 20 23 25 26 27 28 31,0 4 8 11 15,1,V,7.0,1.0,7.0,0.0,3.0,2.0,4.0,0.0,5.0,0.0,8.0,0.0,2.0,1.0,5.0,0.0,386.0
50,114,treino,3 9 10,21,3 9 10 21,V,0.0,3.0,0.0,2.0,1.0,0.0,0.0,0.0,0.0,1.0,0.0,1.0,0.0,0.0,0.0,0.0,380.0
50,10,treino,16 19 20 21 25 26 27 28 29 30 31,0 2 3 4 5 6 7 11 12 14 15,,V,11.0,0.0,13.0,1.0,4.0,4.0,9.0,0.0,11.0,0.0,15.0,1.0,4.0,3.0,9.0,1.0,273.0
50,100,treino,0 2 7,25,0 2 7 25,V,0.0,3.0,0.0,0.0,0.0,0.0,2.0,0.0,0.0,1.0,0.0,0.0,0.0,0.0,0.0,0.0,362.0
50,90,treino,0 3 9,5,0 3 5 9,V,0.0,3.0,0.0,1.0,1.0,0.0,0.0,1.0,0.0,1.0,0.0,0.0,0.0,0.0,0.0,0.0,364.0
50,6,treino,16 21 23 24 25 26 27 28 29 30 31,0 1 2 3 4 5 7 9 11 12 15,,V,11.0,0.0,11.0,1.0,2.0,4.0,11.0,0.0,11.0,0.0,13.0,1.0,4.0,4.0,10.0,0.0,8.0
50,46,treino,2 18 22,5 8 19,2,V,2.0,1.0,5.0,2.0,0.0,0.0,2.0,0.0,3.0,0.0,7.0,0.0,1.0,0.0,2.0,0.0,81.0
50,47,treino,7 18 22,5 8 19,7,P,3.0,0.0,7.0,0.0,1.0,0.0,2.0,0.0,2.0,1.0,5.0,2.0,0.0,0.0,2.0,0.0,-87.0
50,96,treino,0 2 6,16,0 2 6 16,V,0.0,3.0,0.0,0.0,0.0,0.0,2.0,0.0,0.0,1.0,0.0,0.0,0.0,0.0,0.0,0.0,362.0
50,21,treino,1 17 20 23 25 27 28 30 31,0 2 4 8 10 11,1,P,6.0,0.0,7.0,1.0,2.0,2.0,3.0,0.0,8.0,1.0,9.0,1.0,3.0,3.0,5.0,0.0,-388.0
50,24,treino,1 10 20 23 25 27 28 30 31,0 4 6 8 11,1,V,8.0,1.0,11.0,1.0,3.0,3.0,5.0,1.0,5.0,0.0,6.0,0.0,2.0,1.0,3.0,0.0,511.0
50,9,treino,16 19 20 21 25 26 27 28 29 30 31,0 2 3 4 5 6 7 9 11 12 15,,P,11.0,0.0,14.0,1.0,4.0,3.0,10.0,1.0,11.0,0.0,13.0,1.0,4.0,4.0,9.0,0.0,1.0
50,94,treino,0 6 7,12,0 6 7 12,V,0.0,3.0,0.0,0.0,0.0,0.0,0.0,0.0,0.0,1.0,0.0,0.0,1.0,0.0,0.0,0.0,372.0
50,79,treino,0 3 7,13,0 3 7 13,P,0.0,1.0,0.0,1.0,0.0,0.0,0.0,0.0,0.0,3.0,0.0,0.0,1.0,0.0,2.0,0.0,-364.0
50,5,treino,10 16 21 23 24 25 26 27 28 29 30 31,0 1 2 3 4 5 6 7 9 11 12,,P,11.0,0.0,11.0,1.0,4.0,4.0,10.0,0.0,12.0,0.0,16.0,2.0,2.0,4.0,11.0,1.0,-9.0
50,64,treino,4 7 15,27,4 7 27,V,1.0,2.0,4.0,0.0,1.0,0.0,0.0,0.0,0.0,1.0,0.0,0.0,1.0,0.0,0.0,0.0,309.0
50,99,treino,0 2 7,21,0 2 7 21,P,0.0,1.0,0.0,1.0,0.0,0.0,0.0,0.0,0.0,3.0,0.0,0.0,0.0,0.0,2.0,0.0,-362.0
50,56,treino,0 3 15,26,0 3,V,1.0,2.0,4.0,0.0,1.0,0.0,0.0,0.0,1.0,0.0,6.0,0.0,0.0,0.0,0.0,0.0,303.0
50,113,treino,3 9 10,24,3 9 10 24,P,0.0,1.0,0.0,0.0,0.0,0.0,0.0,0.0,0.0,3.0,0.0,2.0,1.0,0.0,0.0,0.0,-374.0
50,12,treino,1 16 20 21 25 26 27 28 29 30 31,0 2 3 4 7 8 11 12 14,1,V,10.0,1.0,10.0,1.0,3.0,4.0,9.0,0.0,9.0,0.0,12.0,1.0,4.0,3.0,8.0,0.0,281.0
50,112,treino,3 6 9,24,3 6 9 24,V,0.0,3.0,0.0,1.0,1.0,0.0,2.0,0.0,0.0,1.0,0.0,0.0,0.0,0.0,0.0,0.0,368.0
50,23,treino,1 10 20 23 25 27 28 30 31,0 2 4 8 11,1,P,5.0,0.0,5.0,0.0,2.0,2.0,3.0,0.0,8.0,1.0,11.0,1.0,3.0,3.0,5.0,0.0,-516.0
50,67,treino,0 7 10,23,0 7 23,P,0.0,1.0,0.0,0.0,0.0,0.0,0.0,0.0,1.0,2.0,5.0,1.0,0.0,0.0,2.0,0.0,-303.0
50,30,treino,1 16 22 25 27 28 31,0 4 8 11 26,1,V,6.0,1.0,7.0,1.0,2.0,2.0,4.0,0.0,5.0,0.0,11.0,0.0,2.0,1.0,3.0,0.0,297.0
50,65,treino,0 7 15,27,0 7 27,P,0.0,1.0,0.0,0.0,1.0,0.0,0.0,0.0,1.0,2.0,4.0,0.0,0.0,0.0,0.0,0.0,-307.0
50,27,treino,1 16 23 25 26 27 28 31,0 4 8 11 15,1,P,5.0,0.0,8.0,0.0,2.0,1.0,5.0,0.0,7.0,1.0,8.0,0.0,2.0,2.0,4.0,0.0,-394.0
50,110,treino,3 5 6,21,3 5 6 21,V,0.0,3.0,0.0,0.0,1.0,0.0,0.0,0.0,0.0,1.0,0.0,1.0,0.0,0.0,0.0,0.0,368.0
50,106,treino,0 1 3,30,0 1 3 30,V,0.0,3.0,0.0,0.0,1.0,0.0,0.0,0.0,0.0,1.0,0.0,0.0,0.0,0.0,0.0,0.0,368.0
50,81,treino,3 4 7,9,3 4 7 9,P,0.0,1.0,0.0,1.0,0.0,0.0,0.0,0.0,0.0,3.0,0.0,0.0,2.0,0.0,2.0,0.0,-364.0
51,26,treino,16 21 22 23 24 25 27 28 30,3 4 7 8 15,23,V,8.0,1.0,10.0,2.0,2.0,2.0,9.0,0.0,5.0,0.0,7.0,0.0,2.0,1.0,4.0,0.0,519.0
51,40,treino,9 10 20 21 22 27 28 30,13,,V,8.0,0.0,17.0,4.0,3.0,2.0,0.0,0.0,1.0,0.0,3.0,1.0,0.0,0.0,0.0,0.0,1600.0
51,35,treino,9 17 20 21 25 27 28 30,4 10,,P,2.0,0.0,3.0,1.0,1.0,0.0,0.0,0.0,8.0,0.0,14.0,3.0,3.0,2.0,4.0,0.0,-674.0
51,28,treino,16 20 21 22 23 25 27 28 30,3 4 7 8 18,23,V,8.0,1.0,11.0,2.0,3.0,2.0,8.0,0.0,5.0,0.0,8.0,1.0,2.0,1.0,4.0,1.0,613.0
51,34,treino,16 17 20 21 25 27 28 30,4 10 13,,V,8.0,0.0,12.0,2.0,3.0,2.0,6.0,1.0,3.0,0.0,6.0,2.0,1.0,0.0,0.0,1.0,668.0
51,25,treino,16 21 22 23 24 25 27 28 30,3 4 7 8 11,23,P,5.0,0.0,6.0,0.0,3.0,1.0,5.0,0.0,8.0,1.0,10.0,2.0,2.0,2.0,9.0,0.0,-525.0
51,38,treino,9 10 20 21 25 27 28 30,8,,V,8.0,0.0,16.0,3.0,3.0,2.0,3.0,0.0,1.0,0.0,2.0,0.0,0.0,0.0,0.0,0.0,778.0
51,11,treino,17 20 21 24 27 28 29 30 31,0 1 3 4 5 7 9 10 11,,P,9.0,0.0,9.0,2.0,3.0,3.0,9.0,0.0,9.0,0.0,9.0,2.0,3.0,4.0,8.0,0.0,9.0
51,22,treino,5 16 21 24 25 26 27 28 30,0 3 7 8 9 11 18,5,V,8.0,1.0,9.0,1.0,2.0,2.0,7.0,0.0,7.0,0.0,11.0,2.0,2.0,2.0,3.0,2.0,509.0
51,16,treino,17 20 21 24 25 26 27 28 30,0 3 4 6 7 9 10 11 14,,V,9.0,0.0,11.0,2.0,3.0,2.0,8.0,0.0,9.0,0.0,12.0,3.0,3.0,2.0,9.0,0.0,-8.0
51,39,treino,9 10 20 21 22 27 28 30,8,,P,1.0,0.0,2.0,0.0,0.0,0.0,0.0,0.0,8.0,0.0,17.0,4.0,3.0,2.0,0.0,0.0,-799.0
51,19,treino,1 16 21 24 25 26 27 28 30,0 3 4 7 9 11 15,1,P,7.0,0.0,9.0,1.0,3.0,2.0,6.0,0.0,8.0,1.0,9.0,1.0,2.0,2.0,7.0,0.0,101.0
51,7,treino,6 18 20 24 25 26 27 28 29 30 31,0 1 2 3 4 5 7 10 11 15,,P,10.0,0.0,10.0,1.0,3.0,4.0,10.0,0.0,11.0,0.0,15.0,1.0,3.0,4.0,9.0,2.0,8.0
51,31,treino,7 16 20 21 22 25 27 28 30,3 4 8,7,P,3.0,0.0,3.0,0.0,2.0,1.0,2.0,0.0,8.0,1.0,11.0,2.0,3.0,2.0,6.0,1.0,-563.0
51,9,treino,18 20 21 24 26 27 28 29 30 31,0 1 3 4 5 7 9 10 11 15,,P,10.0,0.0,12.0,2.0,3.0,3.0,10.0,0.0,10.0,0.0,10.0,2.0,3.0,4.0,9.0,1.0,-1.0
51,6,treino,18 20 22 24 25 26 27 28 29 30 31,0 1 2 3 4 5 7 9 10 11 15 17,,V,11.0,0.0,11.0,2.0,3.0,4.0,11.0,0.0,12.0,0.0,16.0,3.0,3.0,4.0,11.0,1.0,-30.0
51,20,treino,1 16 21 24 25 26 27 28 30,0 3 7 8 9 11 15,1,V,8.0,1.0,9.0,1.0,2.0,2.0,7.0,0.0,7.0,0.0,10.0,1.0,2.0,2.0,4.0,0.0,273.0
51,17,treino,16 17 21 24 25 26 27 28 30,0 3 4 6 7 9 10 11 14,,P,9.0,0.0,12.0,3.0,3.0,2.0,9.0,0.0,9.0,0.0,12.0,2.0,2.0,2.0,8.0,0.0,1.0
51,30,treino,14 16 20 21 22 25 27 28 30,3 4 8 10,14,V,8.0,1.0,11.0,3.0,3.0,2.0,6.0,1.0,4.0,0.0,5.0,1.0,2.0,1.0,2.0,1.0,548.0
51,10,treino,20 21 24 26 27 28 29 30 31,0 1 3 4 5 7 9 10 11 22,,V,9.0,0.0,7.0,1.0,3.0,4.0,9.0,0.0,10.0,0.0,14.0,3.0,3.0,3.0,9.0,1.0,-9.0
51,37,treino,9 10 20 21 25 27 28 30,4,,P,1.0,0.0,1.0,0.0,1.0,0.0,0.0,0.0,8.0,0.0,16.0,3.0,3.0,2.0,3.0,0.0,-787.0
51,41,treino,9 10 18 20 21 27 28 30,13,,P,1.0,0.0,3.0,1.0,0.0,0.0,0.0,0.0,8.0,0.0,18.0,4.0,3.0,2.0,0.0,0.0,-1600.0
51,5,treino,13 18 20 22 24 25 26 27 28 29 30 31,0 1 2 3 4 5 7 8 9 10 11 15,,P,12.0,0.0,14.0,2.0,3.0,4.0,12.0,1.0,12.0,0.0,15.0,3.0,3.0,4.0,11.0,1.0,30.0
51,24,treino,16 21 23 24 25 26 27 28 30,3 4 7 8 11,23,V,8.0,1.0,9.0,1.0,2.0,2.0,9.0,0.0,5.0,0.0,6.0,0.0,3.0,1.0,5.0,0.0,518.0
51,4,treino,17 18 20 22 24 25 26 27 28 29 30 31,0 1 2 3 4 5 7 8 9 10 11 15,,V,12.0,0.0,14.0,3.0,3.0,4.0,12.0,0.0,12.0,0.0,14.0,2.0,3.0,4.0,12.0,0.0,-4.0
51,14,treino,17 20 21 24 26 27 28 29 30,0 3 4 5 6 7 10 11 14,,V,9.0,0.0,10.0,2.0,3.0,3.0,8.0,0.0,9.0,0.0,11.0,2.0,3.0,2.0,9.0,0.0,-2.0
51,21,treino,5 16 21 24 25 26 27 28 30,0 3 7 8 9 11 15,5,P,7.0,0.0,10.0,1.0,2.0,2.0,4.0,2.0,8.0,1.0,9.0,1.0,2.0,2.0,7.0,0.0,-93.0
51,13,treino,17 20 21 24 26 27 28 29 30,0 3 4 5 6 7 9 10 11,,P,9.0,0.0,10.0,2.0,3.0,2.0,9.0,0.0,9.0,0.0,10.0,2.0,3.0,3.0,8.0,0.0,-4.0
51,42,treino,9 10 18 20 21 27 28 30,16,,V,8.0,0.0,18.0,4.0,3.0,2.0,0.0,1.0,1.0,0.0,4.0,0.0,0.0,0.0,0.0,1.0,1600.0
51,29,treino,14 16 20 21 22 25 27 28 30,3 4 7 8,14,P,4.0,0.0,4.0,0.0,2.0,1.0,4.0,0.0,8.0,1.0,11.0,3.0,3.0,2.0,6.0,0.0,-548.0
51,36,treino,9 17 20 21 25 27 28 30,4 14,,V,8.0,0.0,14.0,3.0,3.0,2.0,4.0,0.0,2.0,0.0,4.0,1.0,1.0,0.0,0.0,1.0,783.0
51,32,treino,16 20 21 22 25 27 28 30,4 8 10,,V,8.0,0.0,11.0,2.0,3.0,2.0,6.0,0.0,3.0,0.0,5.0,1.0,1.0,0.0,2.0,0.0,552.0
52,27,treino,18 23 24 26 27 28,0 1 2 7 8 12 15 25,,P,8.0,0.0,15.0,0.0,1.0,3.0,4.0,1.0,6.0,0.0,8.0,1.0,2.0,1.0,6.0,1.0,507.0
52,17,treino,13 23 24 26 27 28 30 31,0 1 2 3 4 8 9 15,,P,8.0,0.0,8.0,1.0,2.0,4.0,3.0,1.0,8.0,0.0,9.0,1.0,2.0,3.0,7.0,1.0,98.0
52,14,treino,23 24 25 26 27 28 30 31,0 1 2 3 4 6 8 15 21,,V,8.0,0.0,6.0,0.0,2.0,3.0,8.0,0.0,9.0,0.0,12.0,1.0,2.0,4.0,6.0,1.0,-5.0
52,35,treino,18 24 27,1 2 7 8 9 21 25 31,31,P,7.0,1.0,16.0,2.0,0.0,2.0,4.0,1.0,3.0,0.0,5.0,1.0,1.0,0.0,0.0,1.0,788.0
52,33,treino,16 18 27 28,1 2 7 8 9 12 25 31,31,P,7.0,1.0,14.0,1.0,1.0,2.0,4.0,0.0,4.0,0.0,7.0,1.0,2.0,1.0,0.0,1.0,627.0
52,20,treino,22 23 24 27 28 30 31,0 1 2 4 7 8 15 16,,V,7.0,0.0,6.0,1.0,2.0,3.0,5.0,0.0,8.0,0.0,11.0,0.0,1.0,3.0,5.0,0.0,-96.0
52,6,treino,22 23 24 25 26 27 28 29 30 31,0 1 2 3 4 6 7 8 10 11 21,,V,10.0,0.0,8.0,1.0,2.0,4.0,10.0,0.0,11.0,0.0,14.0,2.0,3.0,4.0,10.0,1.0,-9.0
52,46,treino,15,2 6 8 9 14 24 27 28,24 27 28,V,1.0,0.0,4.0,0.0,0.0,0.0,0.0,0.0,5.0,3.0,8.0,2.0,2.0,1.0,6.0,0.0,-997.0
52,11,treino,10 22 23 24 25 26 27 28 30 31,0 1 2 3 4 6 7 8 15,,P,9.0,0.0,8.0,0.0,2.0,4.0,8.0,0.0,10.0,0.0,13.0,2.0,2.0,3.0,9.0,1.0,-123.0
52,47,treino,10,2 6 8 9 14 24 27 28,24 27 28,P,5.0,3.0,8.0,2.0,2.0,1.0,6.0,1.0,1.0,0.0,5.0,1.0,0.0,0.0,0.0,1.0,1600.0
52,36,treino,18 27,1 2 7 8 9 25 28 31,28 31,V,2.0,0.0,4.0,1.0,1.0,0.0,0.0,0.0,6.0,2.0,11.0,1.0,1.0,2.0,2.0,0.0,-850.0
52,19,treino,22 23 24 27 28 30 31,0 1 2 3 4 8 15 16,,P,8.0,0.0,10.0,0.0,2.0,4.0,3.0,0.0,7.0,0.0,6.0,1.0,2.0,3.0,5.0,0.0,106.0
52,7,treino,17 22 23 25 26 27 28 29 30 31,0 1 2 3 4 6 7 8 10 11,,P,10.0,0.0,9.0,1.0,3.0,4.0,10.0,0.0,10.0,0.0,10.0,2.0,2.0,4.0,9.0,0.0,9.0
52,43,treino,10 19,2 6 7 8 9 27 28 29,27 28 29,P,5.0,3.0,6.0,1.0,2.0,1.0,4.0,2.0,2.0,0.0,8.0,1.0,1.0,0.0,0.0,1.0,984.0
52,5,treino,17 22 23 24 25 26 27 28 29 30 31,0 1 2 3 4 6 7 8 10 11 14,,P,11.0,0.0,12.0,2.0,3.0,4.0,11.0,0.0,11.0,0.0,11.0,2.0,2.0,4.0,11.0,1.0,-4.0
52,15,treino,16 23 24 26 27 28 30 31,0 1 2 3 4 6 8 15,,P,8.0,0.0,7.0,0.0,2.0,4.0,6.0,0.0,8.0,0.0,8.0,0.0,2.0,3.0,7.0,0.0,1.0
52,22,treino,22 23 24 26 27 28 30,0 1 2 4 7 12 15 16,,V,7.0,0.0,7.0,1.0,2.0,2.0,7.0,0.0,8.0,0.0,12.0,0.0,2.0,3.0,6.0,0.0,-96.0
52,9,treino,17 22 23 24 25 26 27 28 30 31,0 1 2 3 4 6 7 8 10 15,,P,10.0,0.0,10.0,1.0,2.0,4.0,10.0,0.0,10.0,0.0,11.0,2.0,2.0,3.0,10.0,0.0,8.0
52,28,treino,23 24 27 28,0 1 2 7 8 12 25 31,31,V,4.0,0.0,4.0,0.0,2.0,1.0,4.0,0.0,7.0,1.0,12.0,0.0,1.0,3.0,4.0,0.0,-569.0
52,18,treino,23 24 26 27 28 30 31,0 1 2 3 4 8 15 16,,V,7.0,0.0,5.0,0.0,2.0,3.0,7.0,0.0,8.0,0.0,10.0,0.0,2.0,4.0,3.0,0.0,-99.0
52,4,treino,21 22 23 24 25 26 27 28 29 30 31,0 1 2 3 4 6 7 8 10 11 14,,V,11.0,0.0,10.0,2.0,2.0,4.0,11.0,0.0,11.0,0.0,12.0,2.0,3.0,4.0,11.0,0.0,11.0
52,44,treino,19,2 6 8 9 14 27 28 29,27 28 29,V,1.0,0.0,3.0,0.0,1.0,0.0,0.0,0.0,5.0,3.0,8.0,2.0,2.0,1.0,4.0,0.0,-996.0
52,16,treino,16 23 24 26 27 28 30 31,0 1 2 3 4 8 9 15,,V,8.0,0.0,8.0,0.0,2.0,3.0,7.0,0.0,8.0,0.0,8.0,1.0,2.0,4.0,3.0,0.0,8.0
52,39,treino,15 23,1 2 7 8 9 28 29 31,28 29 31,P,5.0,3.0,5.0,1.0,1.0,2.0,2.0,0.0,2.0,0.0,6.0,0.0,0.0,0.0,0.0,0.0,870.0
52,45,treino,15,2 6 8 9 14 27 28 29,27 28 29,P,5.0,3.0,8.0,2.0,2.0,1.0,4.0,0.0,1.0,0.0,4.0,0.0,0.0,0.0,0.0,0.0,991.0
52,41,treino,15 19,2 6 7 8 9 28 29 31,28 29 31,P,5.0,3.0,6.0,1.0,1.0,1.0,4.0,0.0,2.0,0.0,7.0,0.0,1.0,0.0,2.0,0.0,866.0
52,34,treino,18 27 28,1 2 7 8 9 21 25 31,31,V,3.0,0.0,4.0,1.0,2.0,1.0,0.0,0.0,7.0,1.0,16.0,2.0,0.0,2.0,4.0,0.0,-683.0
52,13,treino,17 23 24 25 26 27 28 30 31,0 1 2 3 4 6 8 14 15,,P,9.0,0.0,10.0,1.0,2.0,4.0,6.0,1.0,9.0,0.0,9.0,1.0,2.0,3.0,8.0,1.0,-5.0
52,26,treino,22 23 24 26 27 28,0 1 2 7 8 12 15 25,,V,6.0,0.0,7.0,1.0,2.0,1.0,6.0,0.0,8.0,0.0,15.0,0.0,1.0,3.0,4.0,0.0,-228.0
52,12,treino,22 23 24 25 26 27 28 30 31,0 1 2 3 4 6 8 14 15,,V,9.0,0.0,8.0,1.0,2.0,3.0,9.0,0.0,9.0,0.0,10.0,1.0,2.0,4.0,6.0,0.0,123.0
52,30,treino,18 24 27 28,1 2 5 7 8 12 25 31,31,V,4.0,0.0,5.0,1.0,2.0,1.0,2.0,0.0,7.0,1.0,13.0,0.0,1.0,2.0,6.0,0.0,-571.0
52,40,treino,15 23,2 6 7 8 9 28 29 31,28 29 31,V,2.0,0.0,6.0,0.0,0.0,0.0,0.0,0.0,5.0,3.0,6.0,1.0,1.0,1.0,4.0,0.0,-871.0
53,9,teste,19 20 22 23 24 25 26 27 28 29 30,0 2 3 4 6 7 8 9 10 11,,P,10.0,0.0,11.0,2.0,3.0,3.0,10.0,0.0,11.0,0.0,13.0,1.0,4.0,3.0,11.0,0.0,-105.0
53,34,teste,12 20 23 24 27 28,3 9 13 29,29,V,6.0,0.0,10.0,0.0,4.0,1.0,5.0,0.0,3.0,1.0,5.0,2.0,1.0,1.0,2.0,0.0,141.0
53,66,teste,2 12 13 14 20 28,22 27 30,2 14 27 30,V,4.0,2.0,10.0,2.0,3.0,1.0,0.0,0.0,1.0,2.0,5.0,1.0,1.0,0.0,0.0,0.0,333.0
53,85,teste,12 15 22,31,15 22 31,P,0.0,1.0,0.0,0.0,0.0,0.0,0.0,0.0,1.0,2.0,4.0,1.0,1.0,0.0,0.0,0.0,-310.0
53,6,teste,12 19 20 22 23 24 25 27 28 29 30 31,0 1 2 3 4 6 7 8 9 10 11,,V,12.0,0.0,16.0,1.0,5.0,4.0,11.0,0.0,11.0,0.0,11.0,2.0,3.0,4.0,11.0,1.0,106.0
53,61,teste,6 9 12 13 20 28,17 26 30,9 26 30,P,1.0,2.0,4.0,1.0,0.0,0.0,2.0,0.0,5.0,1.0,16.0,2.0,3.0,1.0,3.0,0.0,-328.0
53,55,teste,9 10 12 16 24 28,17 21 30,9 21 30,P,1.0,2.0,4.0,2.0,0.0,0.0,2.0,0.0,5.0,1.0,13.0,2.0,2.0,1.0,4.0,0.0,-277.0
53,17,teste,13 20 23 24 25 26 27 28 29 30,2 3 4 5 7 15,,P,6.0,0.0,6.0,0.0,2.0,2.0,3.0,0.0,10.0,0.0,12.0,1.0,3.0,3.0,9.0,0.0,-428.0
53,22,teste,20 22 23 24 25 27 28 29 30,3 4 7 9 19,,V,9.0,0.0,9.0,1.0,3.0,3.0,9.0,1.0,5.0,0.0,8.0,1.0,3.0,1.0,2.0,0.0,445.0
53,27,teste,20 21 22 23 24 25 27 28,3 4 9 11,,P,4.0,0.0,5.0,1.0,3.0,1.0,0.0,0.0,8.0,0.0,11.0,2.0,3.0,1.0,8.0,0.0,-451.0
53,12,teste,1 20 22 23 24 25 26 27 28 29 30,2 3 4 5 7 8 9 11,1,V,10.0,1.0,10.0,1.0,3.0,3.0,10.0,0.0,8.0,0.0,9.0,1.0,3.0,2.0,8.0,0.0,374.0
53,60,teste,6 9 12 13 24 28,17 26 30,9 26 30,V,5.0,1.0,15.0,2.0,2.0,1.0,5.0,0.0,1.0,2.0,4.0,1.0,0.0,0.0,2.0,0.0,329.0
53,36,teste,12 19 20 24 27 28,7 9 13 29,29,V,6.0,0.0,11.0,0.0,5.0,1.0,3.0,0.0,3.0,1.0,6.0,2.0,0.0,0.0,2.0,0.0,138.0
53,82,teste,9 12 15,21 31,9 15 21 31,V,1.0,2.0,4.0,1.0,1.0,0.0,0.0,0.0,0.0,2.0,0.0,1.0,0.0,0.0,0.0,0.0,118.0
53,8,teste,19 20 22 23 24 25 27 28 29 30 31,0 2 3 4 6 7 8 9 10 11,,V,11.0,0.0,12.0,1.0,4.0,4.0,11.0,0.0,10.0,0.0,11.0,2.0,3.0,3.0,10.0,0.0,100.0
53,79,teste,2 9 12 15 16 24,21 26 29,2 15 21 26 29,P,0.0,3.0,0.0,1.0,0.0,0.0,0.0,1.0,4.0,2.0,13.0,1.0,1.0,0.0,2.0,1.0,-114.0
53,68,teste,2 10 12 13 20 28,25 27 30,2 10 27 30,V,4.0,2.0,10.0,2.0,3.0,1.0,0.0,0.0,1.0,2.0,6.0,0.0,1.0,0.0,2.0,0.0,280.0
53,42,teste,6 12 20 23 24 28,13 17 29,29,V,6.0,0.0,15.0,0.0,3.0,1.0,3.0,0.0,2.0,1.0,7.0,2.0,0.0,0.0,2.0,0.0,307.0
53,20,teste,20 23 24 25 26 27 28 29 30,3 4 7 9 15,,V,9.0,0.0,8.0,0.0,3.0,3.0,9.0,0.0,5.0,0.0,7.0,1.0,2.0,1.0,2.0,0.0,428.0
53,30,teste,16 20 22 23 24 25 27 28,3 8 9 15,,V,8.0,0.0,12.0,1.0,3.0,1.0,8.0,0.0,4.0,0.0,7.0,1.0,1.0,1.0,0.0,0.0,430.0
53,50,teste,6 12 15 20 24 28,17 21 22,6 21,V,5.0,1.0,11.0,0.0,3.0,1.0,3.0,0.0,2.0,1.0,9.0,3.0,0.0,0.0,3.0,0.0,316.0
53,33,teste,12 20 23 24 27 28,3 8 9 29,29,P,3.0,1.0,4.0,1.0,1.0,1.0,0.0,1.0,6.0,0.0,10.0,0.0,4.0,1.0,5.0,0.0,-141.0
53,35,teste,12 19 20 24 27 28,3 9 13 29,29,P,3.0,1.0,5.0,2.0,1.0,1.0,2.0,0.0,6.0,0.0,11.0,0.0,5.0,1.0,3.0,0.0,-144.0
53,86,teste,12 15 22,26,15 22 26,V,1.0,2.0,4.0,1.0,1.0,0.0,0.0,1.0,0.0,1.0,0.0,0.0,0.0,0.0,0.0,1.0,1600.0
53,56,teste,9 10 12 16 24 28,17 25 30,9 25 30,V,5.0,1.0,13.0,2.0,2.0,1.0,4.0,0.0,1.0,2.0,4.0,1.0,0.0,0.0,2.0,0.0,285.0
53,38,teste,12 19 20 23 24 28,7 13 14 29,29,V,6.0,0.0,12.0,0.0,4.0,1.0,5.0,0.0,3.0,1.0,7.0,2.0,0.0,0.0,0.0,0.0,136.0
53,64,teste,6 12 13 14 20 28,22 30 31,14 30 31,V,5.0,1.0,16.0,2.0,3.0,1.0,0.0,0.0,1.0,2.0,5.0,1.0,0.0,0.0,0.0,0.0,322.0
53,53,teste,6 10 12 16 24 28,17 21 26,6 21,P,2.0,1.0,10.0,2.0,0.0,0.0,2.0,0.0,5.0,1.0,13.0,1.0,2.0,1.0,6.0,0.0,-264.0
53,69,teste,2 6 12 13 20 28,25 27 30,2 6 27 30,P,1.0,2.0,6.0,0.0,1.0,0.0,2.0,0.0,4.0,2.0,10.0,1.0,3.0,1.0,2.0,0.0,-280.0
53,59,teste,6 9 12 13 24 28,17 22 30,9 22 30,P,1.0,2.0,4.0,2.0,0.0,0.0,2.0,0.0,5.0,1.0,15.0,2.0,2.0,1.0,5.0,0.0,-326.0
53,62,teste,6 9 12 13 20 28,22 26 30,9 26 30,V,5.0,1.0,16.0,2.0,3.0,1.0,3.0,0.0,1.0,2.0,5.0,1.0,0.0,0.0,3.0,0.0,328.0
53,13,teste,6 20 22 23 24 25 26 27 28 29 30,2 3 4 5 7 8 9 11,6,P,8.0,0.0,9.0,1.0,3.0,2.0,8.0,1.0,10.0,1.0,10.0,1.0,3.0,3.0,10.0,0.0,-390.0
54,9,treino,11 14 20 21 22 24 25 26 27 28 29 31,0 1 2 3 4 5 6 7 9 12,,P,10.0,0.0,9.0,1.0,3.0,4.0,9.0,0.0,12.0,0.0,19.0,3.0,4.0,3.0,10.0,1.0,-243.0
54,36,treino,2 16 18 22 28 29,1 9,2,V,5.0,1.0,8.0,2.0,1.0,2.0,2.0,0.0,2.0,0.0,2.0,1.0,0.0,1.0,0.0,0.0,516.0
54,4,treino,18 20 21 22 23 24 26 27 28 29 30 31,0 1 2 3 4 5 6 7 9 10 12 15,,V,12.0,0.0,14.0,3.0,3.0,4.0,12.0,0.0,12.0,0.0,14.0,2.0,3.0,4.0,11.0,1.0,114.0
54,22,treino,11 15 22 24 25 27 28 29,0 1 2 3 7 13,,V,8.0,0.0,14.0,1.0,3.0,2.0,7.0,0.0,6.0,0.0,4.0,1.0,1.0,4.0,3.0,0.0,250.0
54,33,treino,11 16 18 22 28 29,1 3 5,,P,3.0,0.0,1.0,0.0,1.0,2.0,2.0,0.0,6.0,0.0,13.0,2.0,2.0,2.0,2.0,0.0,-352.0
54,41,treino,2 9 18 21 22 28,6,2,P,1.0,0.0,1.0,0.0,0.0,0.0,0.0,0.0,5.0,1.0,12.0,4.0,1.0,1.0,2.0,1.0,-538.0
54,29,treino,11 22 23 25 28 29,0 1 3 16,,P,4.0,0.0,4.0,0.0,1.0,3.0,0.0,0.0,6.0,0.0,10.0,1.0,2.0,2.0,3.0,0.0,-238.0
54,8,treino,11 20 21 22 23 24 25 26 27 28 29 31,0 1 2 3 4 5 6 7 9 12 18,,V,12.0,0.0,17.0,2.0,4.0,3.0,11.0,0.0,11.0,0.0,13.0,2.0,3.0,4.0,9.0,1.0,243.0
54,31,treino,11 18 22 25 28 29,1 3 5 16,,P,4.0,0.0,5.0,0.0,1.0,2.0,2.0,0.0,6.0,0.0,11.0,2.0,2.0,2.0,4.0,0.0,-236.0
54,20,treino,11 15 17 22 24 25 27 28 29,0 1 2 3 4 7 13,,V,9.0,0.0,17.0,2.0,3.0,2.0,8.0,0.0,7.0,0.0,5.0,1.0,2.0,4.0,5.0,1.0,238.0
54,37,treino,2 16 18 22 25 28,1 9,2,P,2.0,0.0,2.0,1.0,0.0,1.0,0.0,0.0,5.0,1.0,9.0,2.0,1.0,1.0,3.0,0.0,-525.0
54,30,treino,11 22 23 25 28 29,1 3 5 16,,V,6.0,0.0,10.0,1.0,2.0,2.0,3.0,0.0,4.0,0.0,5.0,0.0,1.0,2.0,2.0,0.0,233.0
54,27,treino,6 11 13 22 25 27 28 29,0 1 2 3,,P,4.0,0.0,0.0,0.0,1.0,4.0,0.0,0.0,8.0,0.0,19.0,2.0,3.0,2.0,3.0,1.0,-232.0
54,32,treino,11 18 22 25 28 29,1 3 5 21,,V,6.0,0.0,11.0,2.0,2.0,2.0,4.0,1.0,4.0,0.0,6.0,1.0,1.0,2.0,2.0,1.0,347.0
54,35,treino,2 16 18 22 28 29,1 5,2,P,2.0,0.0,1.0,0.0,0.0,1.0,2.0,0.0,5.0,1.0,8.0,2.0,1.0,2.0,2.0,0.0,-521.0
54,19,treino,11 15 17 22 24 25 27 28 29,0 1 2 3 4 7 9,,P,7.0,0.0,4.0,1.0,2.0,4.0,5.0,0.0,9.0,0.0,17.0,2.0,3.0,2.0,8.0,0.0,-234.0
54,10,treino,11 20 21 22 24 25 26 27 28 29 31,0 1 2 3 4 5 6 7 12 18,,V,11.0,0.0,15.0,2.0,4.0,3.0,10.0,0.0,10.0,0.0,11.0,1.0,3.0,4.0,8.0,1.0,221.0
54,24,treino,11 15 20 22 25 27 28 29,0 1 2 3 7 16,,V,8.0,0.0,15.0,1.0,4.0,2.0,5.0,0.0,6.0,0.0,5.0,0.0,1.0,4.0,3.0,1.0,230.0
54,13,treino,11 15 20 21 22 24 25 27 28 29 31,0 1 2 3 4 6 7 8 12,,P,9.0,0.0,8.0,0.0,3.0,4.0,9.0,0.0,11.0,0.0,18.0,2.0,4.0,3.0,11.0,0.0,-126.0
54,26,treino,11 13 15 22 25 27 28 29,0 1 2 3 10,,V,8.0,0.0,17.0,2.0,3.0,2.0,5.0,1.0,5.0,0.0,2.0,1.0,1.0,4.0,0.0,1.0,230.0
54,16,treino,11 15 21 24 25 27 28 29 31,0 1 2 3 4 6 7 26,,V,9.0,0.0,14.0,1.0,3.0,3.0,9.0,0.0,8.0,0.0,9.0,0.0,2.0,4.0,7.0,1.0,226.0
54,18,treino,11 15 21 22 24 25 27 28 29,0 1 2 3 4 7 9,,V,9.0,0.0,16.0,2.0,3.0,2.0,8.0,0.0,7.0,0.0,4.0,1.0,2.0,4.0,5.0,0.0,234.0
54,39,treino,2 16 18 21 22 28,6 9,2,P,2.0,0.0,3.0,1.0,0.0,0.0,2.0,0.0,5.0,1.0,10.0,3.0,1.0,1.0,4.0,0.0,-516.0
54,34,treino,11 16 18 22 28 29,1 5 7,,V,6.0,0.0,13.0,2.0,2.0,2.0,2.0,0.0,3.0,0.0,2.0,0.0,0.0,1.0,2.0,1.0,516.0
54,44,treino,2 18 22 28,20,2,V,3.0,1.0,5.0,2.0,1.0,1.0,2.0,0.0,1.0,0.0,5.0,0.0,1.0,0.0,0.0,0.0,1600.0
54,14,treino,11 15 20 21 22 24 25 27 28 29 31,0 1 2 3 4 6 7 8 16,,V,11.0,0.0,18.0,2.0,4.0,3.0,11.0,0.0,9.0,0.0,9.0,0.0,2.0,4.0,8.0,1.0,349.0
54,42,treino,2 18 21 22 28,13,2,V,4.0,1.0,7.0,3.0,1.0,1.0,2.0,0.0,1.0,0.0,3.0,1.0,0.0,0.0,0.0,0.0,1600.0
54,12,treino,11 15 20 21 24 25 26 27 28 29 31,0 1 2 3 4 6 7 8 12,,V,11.0,0.0,17.0,1.0,4.0,3.0,11.0,0.0,9.0,0.0,8.0,0.0,3.0,4.0,9.0,0.0,224.0
54,43,treino,2 16 18 22 28,13,2,P,1.0,0.0,3.0,1.0,0.0,0.0,0.0,1.0,4.0,1.0,8.0,2.0,1.0,1.0,2.0,1.0,-402.0
54,17,treino,11 15 21 22 24 25 27 28 29,0 1 2 3 4 6 7,,P,7.0,0.0,3.0,0.0,2.0,4.0,7.0,0.0,9.0,0.0,16.0,2.0,3.0,2.0,8.0,0.0,-128.0
54,5,treino,11 20 21 22 23 24 26 27 28 29 30 31,0 1 2 3 4 5 6 7 9 10 12,,P,11.0,0.0,11.0,2.0,3.0,4.0,10.0,0.0,12.0,0.0,16.0,2.0,4.0,4.0,11.0,0.0,-123.0
54,6,treino,11 20 21 22 23 24 26 27 28 29 30 31,0 1 2 3 4 5 6 7 9 12 14,,V,12.0,0.0,16.0,2.0,4.0,4.0,11.0,0.0,11.0,0.0,12.0,2.0,3.0,4.0,10.0,0.0,136.0
55,23,treino,23 24 28 30 31,0 1 3 4 5 11 16 27,,P,8.0,0.0,14.0,0.0,4.0,3.0,4.0,0.0,5.0,0.0,3.0,0.0,1.0,3.0,2.0,0.0,347.0
55,44,treino,1 17,0 4 5 7 8 31,1 8 31,V,1.0,1.0,3.0,1.0,0.0,0.0,0.0,0.0,4.0,2.0,3.0,0.0,1.0,1.0,4.0,0.0,-497.0
55,32,treino,16 23 31,0 3 4 5 6 15 22 27,22,V,3.0,0.0,5.0,0.0,0.0,1.0,0.0,0.0,7.0,1.0,12.0,1.0,3.0,2.0,3.0,0.0,-636.0
55,17,treino,13 16 21 24 26 28 30 31,0 1 2 3 4 5 8 9 10 27,,P,10.0,0.0,14.0,2.0,3.0,4.0,6.0,1.0,8.0,0.0,11.0,2.0,1.0,3.0,8.0,1.0,235.0
55,4,treino,20 21 22 24 25 26 27 28 29 30 31,0 1 2 3 4 5 6 7 8 9 14 18,,V,11.0,0.0,10.0,2.0,3.0,4.0,11.0,0.0,12.0,0.0,15.0,3.0,2.0,4.0,12.0,1.0,-26.0
55,35,treino,13 19 31,0 3 4 5 6 15 17 27,17,P,7.0,1.0,12.0,1.0,3.0,2.0,3.0,1.0,3.0,0.0,7.0,1.0,1.0,1.0,0.0,1.0,446.0
55,6,treino,15 20 21 24 25 26 27 28 29 30 31,0 1 2 3 4 5 6 7 8 9 18,,V,11.0,0.0,12.0,1.0,3.0,4.0,10.0,0.0,11.0,0.0,12.0,2.0,2.0,4.0,10.0,0.0,16.0
55,45,treino,1 14,0 4 5 7 8 31,1 8 31,P,4.0,2.0,3.0,0.0,1.0,1.0,4.0,0.0,1.0,1.0,4.0,1.0,0.0,0.0,0.0,0.0,566.0
55,20,treino,16 24 26 28 30 31,0 1 3 4 5 9 11 27,,V,6.0,0.0,5.0,0.0,1.0,3.0,5.0,0.0,8.0,0.0,12.0,1.0,4.0,3.0,5.0,0.0,-230.0
55,10,treino,15 20 21 22 24 26 27 28 30 31,0 1 2 3 4 5 6 8 9 11,,V,10.0,0.0,13.0,2.0,3.0,3.0,9.0,1.0,10.0,0.0,9.0,1.0,3.0,4.0,8.0,0.0,9.0
55,11,treino,15 17 20 21 24 26 27 28 30 31,0 1 2 3 4 5 6 8 9 11,,P,10.0,0.0,9.0,1.0,3.0,4.0,8.0,0.0,10.0,0.0,14.0,2.0,3.0,3.0,9.0,1.0,86.0
55,24,treino,23 24 28 30 31,0 1 3 4 5 11 20 27,,V,5.0,0.0,3.0,0.0,1.0,3.0,2.0,1.0,8.0,0.0,15.0,0.0,5.0,3.0,4.0,0.0,-350.0
55,9,treino,15 20 21 22 24 26 27 28 30 31,0 1 2 3 4 5 6 7 8 9,,P,10.0,0.0,8.0,1.0,2.0,4.0,10.0,0.0,10.0,0.0,13.0,2.0,3.0,3.0,9.0,0.0,-2.0
55,36,treino,19 31,0 3 4 5 6 8 15 27,8,V,2.0,0.0,3.0,0.0,1.0,1.0,0.0,0.0,7.0,1.0,12.0,0.0,3.0,2.0,4.0,1.0,-523.0
55,31,treino,16 23 31,0 3 4 5 6 11 22 27,22,P,7.0,1.0,11.0,1.0,4.0,2.0,3.0,0.0,3.0,0.0,5.0,0.0,0.0,1.0,0.0,0.0,632.0
55,21,treino,13 24 26 28 30 31,0 1 3 4 5 9 11 27,,P,8.0,0.0,12.0,1.0,4.0,3.0,5.0,1.0,6.0,0.0,6.0,1.0,1.0,3.0,5.0,1.0,324.0
55,47,treino,1 9,0 4 5 8 11 31,1 8 31,P,4.0,2.0,4.0,0.0,2.0,1.0,4.0,0.0,1.0,1.0,5.0,1.0,0.0,0.0,0.0,1.0,621.0
55,19,treino,7 16 24 26 28 30 31,0 1 2 3 4 5 9 27,,P,8.0,0.0,10.0,1.0,3.0,4.0,5.0,0.0,7.0,0.0,11.0,0.0,1.0,3.0,5.0,1.0,226.0
55,43,treino,1 17,0 4 5 7 8 27,1 8 27,P,4.0,2.0,3.0,0.0,2.0,1.0,4.0,0.0,1.0,1.0,3.0,1.0,0.0,0.0,0.0,0.0,1600.0
55,33,treino,13 23 31,0 3 4 5 6 15 22 27,22,P,7.0,1.0,12.0,1.0,3.0,2.0,3.0,0.0,3.0,0.0,6.0,1.0,0.0,1.0,0.0,0.0,728.0
55,40,treino,1 26,0 4 5 7 8 31,1 8 31,V,1.0,1.0,1.0,0.0,0.0,0.0,0.0,1.0,4.0,2.0,3.0,0.0,1.0,1.0,4.0,0.0,-572.0
55,7,treino,15 20 21 22 24 26 27 28 29 30 31,0 1 2 3 4 5 6 7 8 9 18,,P,11.0,0.0,12.0,2.0,2.0,4.0,10.0,0.0,11.0,0.0,13.0,2.0,3.0,4.0,10.0,1.0,-16.0
55,49,treino,5,0 4 8 11 14 31,5 8 31,P,4.0,2.0,6.0,1.0,2.0,1.0,3.0,1.0,0.0,1.0,0.0,0.0,0.0,0.0,0.0,1.0,1600.0
55,34,treino,13 23 31,0 3 4 5 6 15 17 27,17,V,3.0,0.0,6.0,1.0,0.0,1.0,0.0,1.0,7.0,1.0,12.0,1.0,3.0,2.0,3.0,0.0,-446.0
55,12,treino,17 20 21 24 26 27 28 30 31,0 1 2 3 4 5 6 8 9 18,,V,9.0,0.0,10.0,2.0,3.0,3.0,9.0,0.0,10.0,0.0,11.0,2.0,2.0,4.0,8.0,0.0,-112.0
55,46,treino,1 14,0 4 5 8 11 31,1 8 31,V,1.0,1.0,4.0,1.0,0.0,0.0,0.0,0.0,4.0,2.0,4.0,0.0,2.0,1.0,4.0,0.0,-568.0
55,38,treino,1 31,0 4 5 7 8 27,1 8,V,1.0,1.0,0.0,0.0,0.0,1.0,0.0,0.0,5.0,1.0,9.0,0.0,2.0,1.0,4.0,0.0,-520.0
55,13,treino,16 17 21 24 26 27 28 30 31,0 1 2 3 4 5 6 8 9 18,,P,10.0,0.0,11.0,2.0,2.0,4.0,8.0,0.0,9.0,0.0,11.0,2.0,2.0,3.0,9.0,0.0,406.0
55,16,treino,16 17 21 24 26 28 30 31,0 1 2 3 4 5 8 9 10 27,,V,8.0,0.0,10.0,2.0,1.0,3.0,8.0,0.0,10.0,0.0,14.0,2.0,3.0,4.0,6.0,0.0,-231.0
55,25,treino,21 23 28 30 31,0 1 3 4 5 11 20 27,,P,8.0,0.0,15.0,0.0,5.0,3.0,4.0,0.0,5.0,0.0,4.0,1.0,1.0,3.0,0.0,0.0,341.0
55,22,treino,24 26 28 30 31,0 1 3 4 5 11 16 27,,V,5.0,0.0,2.0,0.0,1.0,3.0,5.0,0.0,8.0,0.0,14.0,0.0,4.0,3.0,4.0,0.0,-331.0
55,27,treino,21 23 24 30 31,0 3 4 5 6 11 20 27,,P,8.0,0.0,16.0,0.0,5.0,2.0,3.0,0.0,5.0,0.0,5.0,1.0,0.0,2.0,2.0,1.0,503.0
56,39,treino,3 4 21 30,0 11 23,3,P,3.0,0.0,7.0,0.0,1.0,1.0,0.0,0.0,3.0,1.0,8.0,1.0,2.0,1.0,0.0,0.0,-191.0
56,59,treino,0 3 9 12,27,0 3 27,P,0.0,1.0,0.0,0.0,1.0,0.0,0.0,0.0,2.0,2.0,9.0,1.0,2.0,0.0,0.0,0.0,-423.0
56,51,treino,0 7 9 16,19,0 7,P,1.0,0.0,4.0,0.0,1.0,0.0,0.0,0.0,2.0,2.0,8.0,1.0,0.0,0.0,0.0,0.0,-490.0
56,56,treino,0 3 9 12,31,0 3 31,V,2.0,2.0,9.0,1.0,2.0,0.0,0.0,0.0,0.0,1.0,0.0,0.0,0.0,0.0,0.0,0.0,421.0
56,13,treino,13 21 23 24 25 26 28 29 30 31,0 1 2 4 5 6 11 12 14 15,,P,10.0,0.0,14.0,1.0,3.0,3.0,8.0,0.0,10.0,0.0,11.0,2.0,1.0,4.0,9.0,0.0,23.0
56,82,treino,0 2,12,0 2 12,V,0.0,2.0,0.0,0.0,0.0,0.0,0.0,0.0,0.0,1.0,0.0,0.0,1.0,0.0,0.0,0.0,182.0
56,16,treino,13 21 24 25 26 28 29 30 31,0 1 4 5 6 7 11 12 14 22,,V,9.0,0.0,9.0,2.0,1.0,4.0,8.0,0.0,10.0,0.0,17.0,2.0,3.0,2.0,7.0,1.0,276.0
56,8,treino,14 16 21 24 25 26 27 28 29 30 31,0 1 2 3 4 5 6 10 11 12 15,,V,11.0,0.0,13.0,2.0,2.0,4.0,10.0,1.0,11.0,0.0,13.0,1.0,4.0,4.0,9.0,1.0,-7.0
56,80,treino,0 2 6 8,14,0 2 6 14,V,1.0,3.0,5.0,0.0,0.0,0.0,2.0,0.0,0.0,1.0,0.0,1.0,0.0,0.0,0.0,0.0,1600.0
56,36,treino,3 4 22 25 30,0 11 14,3,V,4.0,1.0,9.0,1.0,2.0,1.0,3.0,0.0,3.0,0.0,5.0,1.0,1.0,1.0,0.0,0.0,303.0
56,54,treino,0 7 9 12,27,0 7,V,2.0,2.0,9.0,1.0,1.0,0.0,0.0,0.0,1.0,0.0,6.0,0.0,1.0,0.0,0.0,0.0,421.0
56,67,treino,0 5 8 10,26,0 10 26,P,0.0,1.0,0.0,0.0,0.0,0.0,0.0,0.0,2.0,2.0,11.0,1.0,0.0,0.0,3.0,0.0,-475.0
56,28,treino,3 24 25 26 29 30,0 5 6 11 16 17,3,V,5.0,1.0,3.0,0.0,1.0,2.0,5.0,0.0,6.0,0.0,12.0,1.0,1.0,1.0,2.0,0.0,195.0
56,73,treino,0 1 8 10,23,0 1 10 23,P,0.0,1.0,0.0,0.0,0.0,0.0,0.0,0.0,1.0,3.0,5.0,1.0,0.0,0.0,0.0,0.0,-487.0
56,66,treino,0 5 7 8,26,0 7 26,V,2.0,2.0,11.0,0.0,0.0,0.0,3.0,0.0,0.0,1.0,0.0,0.0,0.0,0.0,0.0,0.0,469.0
56,42,treino,3 4 21 23,5 11,3,V,3.0,1.0,10.0,1.0,2.0,0.0,0.0,0.0,2.0,0.0,3.0,0.0,1.0,0.0,0.0,0.0,360.0
56,84,treino,2 5,8,2 5 8,V,0.0,2.0,0.0,0.0,0.0,0.0,0.0,1.0,0.0,1.0,0.0,0.0,0.0,0.0,0.0,1.0,1600.0
56,34,treino,3 4 25 26 30,0 9 11,3,V,4.0,1.0,8.0,0.0,2.0,1.0,3.0,0.0,3.0,0.0,4.0,1.0,1.0,1.0,0.0,0.0,301.0
56,6,treino,16 21 23 24 25 26 27 28 29 30 31,0 1 2 3 4 5 6 7 11 12 15 18,,V,11.0,0.0,11.0,1.0,2.0,4.0,11.0,0.0,12.0,0.0,16.0,1.0,4.0,4.0,11.0,1.0,-14.0
56,58,treino,3 5 9 12,27,3 5 27,V,2.0,2.0,9.0,1.0,2.0,0.0,2.0,0.0,0.0,1.0,0.0,0.0,1.0,0.0,0.0,0.0,427.0
56,25,treino,3 17 24 25 26 29 30,0 1 6 8 11 16,3,P,6.0,0.0,9.0,0.0,1.0,2.0,2.0,0.0,6.0,1.0,6.0,1.0,1.0,2.0,5.0,0.0,-193.0
56,31,treino,3 13 25 26 30,0 5 6 11,3,P,4.0,0.0,4.0,0.0,1.0,1.0,2.0,0.0,4.0,1.0,6.0,1.0,1.0,1.0,3.0,0.0,-183.0
56,60,treino,0 3 9 12,23,0 3 23,V,2.0,2.0,9.0,1.0,2.0,0.0,0.0,0.0,0.0,1.0,0.0,0.0,0.0,0.0,0.0,0.0,417.0
56,74,treino,0 1 8 10,27,0 1 10 27,V,1.0,3.0,5.0,1.0,0.0,0.0,0.0,0.0,0.0,1.0,0.0,0.0,1.0,0.0,0.0,0.0,493.0
56,5,treino,14 16 21 23 24 25 26 27 28 29 30 31,0 1 2 3 4 5 6 7 9 11 12 15,,P,12.0,0.0,14.0,1.0,4.0,4.0,11.0,0.0,12.0,0.0,15.0,2.0,2.0,4.0,11.0,1.0,-11.0
56,70,treino,0 5 7 8,19,0 7 19,V,2.0,2.0,11.0,0.0,0.0,0.0,3.0,0.0,0.0,1.0,0.0,0.0,1.0,0.0,0.0,0.0,475.0
56,64,treino,0 3 5 8,23,0 3 23,V,2.0,2.0,11.0,0.0,1.0,0.0,3.0,0.0,0.0,1.0,0.0,0.0,0.0,0.0,0.0,0.0,471.0
56,35,treino,3 4 22 25 30,0 9 11,3,P,3.0,0.0,4.0,1.0,1.0,1.0,0.0,0.0,4.0,1.0,9.0,1.0,2.0,1.0,3.0,0.0,-303.0
56,81,treino,0 2 8 9,14,0 2 9 14,P,0.0,1.0,0.0,1.0,0.0,0.0,0.0,1.0,1.0,3.0,5.0,1.0,0.0,0.0,0.0,1.0,-180.0
56,23,treino,3 17 24 25 29 30 31,0 1 4 6 11 16,3,P,6.0,0.0,8.0,0.0,2.0,2.0,4.0,0.0,6.0,1.0,5.0,1.0,1.0,3.0,4.0,0.0,-186.0
56,24,treino,3 17 24 25 29 30 31,0 1 6 8 11 16,3,V,6.0,1.0,5.0,1.0,1.0,3.0,4.0,0.0,6.0,0.0,9.0,0.0,1.0,2.0,2.0,0.0,301.0
56,27,treino,3 13 24 25 26 29 30,0 5 6 8 11 16,3,P,6.0,0.0,10.0,0.0,1.0,1.0,3.0,1.0,6.0,1.0,7.0,1.0,1.0,2.0,5.0,1.0,-195.0
57,7,teste,17 18 20 21 22 24 26 28 29 30 31,0 1 2 3 4 6 7 8 9 10 11,,P,11.0,0.0,11.0,2.0,3.0,4.0,11.0,0.0,11.0,0.0,14.0,4.0,2.0,4.0,11.0,0.0,-3.0
57,47,teste,0 11,8,0,P,1.0,0.0,2.0,0.0,0.0,0.0,0.0,0.0,1.0,1.0,5.0,0.0,1.0,0.0,0.0,0.0,-184.0
57,20,teste,19 20 22 24 25 26 28 31,0 2 3 4 5 11 14 17,,V,8.0,0.0,10.0,1.0,3.0,2.0,7.0,0.0,8.0,0.0,11.0,2.0,3.0,3.0,5.0,1.0,91.0
57,17,teste,19 20 22 24 25 28 30 31,0 1 2 3 4 11 13 14,,P,8.0,0.0,9.0,2.0,3.0,4.0,2.0,0.0,8.0,0.0,9.0,1.0,3.0,3.0,6.0,0.0,8.0
57,68,teste,12 15,30,12 15 30,V,0.0,2.0,0.0,0.0,1.0,0.0,0.0,0.0,0.0,1.0,0.0,0.0,0.0,0.0,0.0,0.0,188.0
57,56,teste,0 10,28,0 10 28,V,0.0,2.0,0.0,1.0,0.0,0.0,0.0,0.0,0.0,1.0,0.0,0.0,1.0,0.0,0.0,0.0,188.0
57,45,teste,4 11,5,,P,1.0,0.0,1.0,0.0,0.0,0.0,0.0,0.0,2.0,0.0,11.0,0.0,2.0,0.0,0.0,0.0,-185.0
57,31,teste,3 17 20 25 26 31,2 4 5 14,3,P,4.0,0.0,5.0,1.0,1.0,1.0,0.0,1.0,5.0,1.0,7.0,1.0,2.0,1.0,2.0,1.0,-93.0
57,19,teste,19 20 22 24 25 26 28 31,0 2 3 4 5 11 13 14,,P,8.0,0.0,10.0,2.0,3.0,3.0,3.0,0.0,8.0,0.0,10.0,1.0,3.0,2.0,7.0,0.0,11.0
57,51,teste,0 2,16,0 2,P,1.0,0.0,4.0,0.0,0.0,0.0,0.0,0.0,0.0,2.0,0.0,0.0,0.0,0.0,0.0,0.0,-241.0
57,58,teste,4 10,24,4 10 24,V,0.0,2.0,0.0,1.0,1.0,0.0,0.0,0.0,0.0,1.0,0.0,0.0,0.0,0.0,0.0,0.0,182.0
57,8,teste,17 18 20 21 22 24 26 28 29 30 31,0 1 2 3 4 6 7 8 9 11 14,,V,11.0,0.0,14.0,4.0,2.0,4.0,11.0,1.0,11.0,0.0,12.0,2.0,3.0,4.0,11.0,1.0,6.0
57,28,teste,10 20 21 25 26 31,0 2 4 7 14,,V,6.0,0.0,11.0,2.0,1.0,1.0,4.0,0.0,5.0,0.0,5.0,1.0,1.0,2.0,4.0,1.0,287.0
57,6,teste,17 18 20 21 24 25 26 28 29 30 31,0 1 2 3 4 6 7 8 9 10 11,,V,11.0,0.0,13.0,3.0,2.0,4.0,10.0,0.0,11.0,0.0,11.0,2.0,3.0,4.0,11.0,0.0,3.0
57,38,teste,16 27,4 5 11 26,26,V,2.0,0.0,4.0,0.0,1.0,0.0,0.0,0.0,3.0,1.0,4.0,0.0,2.0,0.0,0.0,0.0,-286.0
57,35,teste,16 26 31,4 5 11 30,30,P,3.0,1.0,4.0,0.0,2.0,0.0,0.0,0.0,3.0,0.0,4.0,0.0,0.0,1.0,2.0,1.0,266.0
57,55,teste,0 10,24,0 10,P,1.0,0.0,6.0,0.0,0.0,0.0,0.0,0.0,0.0,2.0,0.0,1.0,0.0,0.0,0.0,0.0,-186.0
57,36,teste,16 31,4 5 11 23,23,V,2.0,0.0,3.0,0.0,0.0,1.0,0.0,0.0,3.0,1.0,4.0,0.0,2.0,0.0,0.0,0.0,-287.0
57,22,teste,13 19 20 24 25 26 28 31,0 2 3 4 8 11 14,,V,8.0,0.0,12.0,1.0,3.0,2.0,5.0,1.0,7.0,0.0,8.0,1.0,3.0,3.0,3.0,0.0,120.0
57,53,teste,0 6,20,0 6,P,1.0,0.0,5.0,0.0,1.0,0.0,0.0,0.0,0.0,2.0,0.0,0.0,0.0,0.0,0.0,0.0,-248.0
57,25,teste,19 20 21 25 26 31,0 2 3 4 11 14,,P,6.0,0.0,6.0,1.0,3.0,3.0,2.0,0.0,6.0,0.0,9.0,1.0,2.0,1.0,4.0,0.0,-3.0
57,61,teste,8 15,29,8 15 29,P,0.0,1.0,0.0,0.0,0.0,0.0,0.0,0.0,0.0,2.0,0.0,0.0,0.0,0.0,0.0,0.0,-186.0
57,42,teste,13 18,5 8 11,,V,2.0,0.0,7.0,2.0,0.0,0.0,0.0,1.0,3.0,0.0,5.0,0.0,1.0,0.0,2.0,1.0,15.0
57,24,teste,19 20 25 26 28 31,0 2 3 4 11 14 24,,V,6.0,0.0,7.0,0.0,3.0,2.0,2.0,0.0,7.0,0.0,12.0,1.0,3.0,3.0,2.0,1.0,-3.0
57,43,teste,4 18,5 11,,P,2.0,0.0,3.0,0.0,1.0,0.0,0.0,0.0,2.0,0.0,9.0,1.0,1.0,0.0,0.0,0.0,-75.0
57,23,teste,13 19 20 21 25 26 28 31,0 2 3 4 8 11 14,,P,7.0,0.0,8.0,1.0,3.0,3.0,3.0,0.0,8.0,0.0,13.0,2.0,3.0,2.0,4.0,1.0,-5.0
57,16,teste,19 20 22 24 28 29 30 31,0 1 2 3 4 11 13 14,,V,8.0,0.0,8.0,1.0,3.0,4.0,4.0,0.0,8.0,0.0,9.0,2.0,3.0,4.0,2.0,0.0,-5.0
57,14,teste,16 19 20 22 24 28 29 30 31,0 1 2 3 4 6 11 13 14,,V,9.0,0.0,11.0,1.0,3.0,4.0,5.0,0.0,9.0,0.0,10.0,2.0,3.0,4.0,5.0,1.0,-3.0
57,4,teste,17 20 21 24 25 26 27 28 29 30 31,0 1 2 3 4 5 6 7 8 10 11 23,,V,11.0,0.0,11.0,2.0,3.0,4.0,11.0,0.0,12.0,0.0,15.0,1.0,3.0,4.0,11.0,1.0,0.0
57,69,teste,11 12,30,11 12 30,P,0.0,1.0,0.0,0.0,0.0,0.0,0.0,0.0,0.0,2.0,0.0,0.0,2.0,0.0,0.0,0.0,-182.0
57,29,teste,3 20 21 25 26 31,0 2 4 14,3,P,4.0,0.0,4.0,1.0,1.0,2.0,2.0,0.0,5.0,1.0,6.0,1.0,2.0,1.0,4.0,0.0,-297.0
57,10,teste,20 21 22 24 26 28 29 30 31,0 1 2 3 4 6 8 9 11 23,,V,9.0,0.0,8.0,2.0,2.0,4.0,9.0,0.0,10.0,0.0,13.0,1.0,3.0,4.0,7.0,1.0,-3.0
58,70,treino,8 9 13 14 18 20,31,9 13 31,V,4.0,2.0,14.0,4.0,1.0,0.0,5.0,0.0,0.0,1.0,0.0,0.0,0.0,0.0,0.0,0.0,665.0
58,23,treino,15 21 22 24 28 29 30,0 2 3 4 7 8 14 20,,P,8.0,0.0,12.0,1.0,3.0,3.0,6.0,0.0,7.0,0.0,9.0,2.0,1.0,3.0,4.0,0.0,127.0
58,54,treino,6 13 17 20 22 24,16 27,6 13,V,4.0,2.0,8.0,3.0,1.0,0.0,5.0,0.0,2.0,0.0,10.0,0.0,1.0,0.0,0.0,0.0,565.0
58,35,treino,2 13 24 25 28 29,0 4 8 10 17 20,2,P,6.0,0.0,14.0,2.0,2.0,1.0,3.0,0.0,5.0,1.0,6.0,1.0,1.0,2.0,4.0,0.0,-55.0
58,30,treino,11 21 24 25 28 29,0 3 4 8 10 14 20,,V,6.0,0.0,9.0,1.0,2.0,2.0,5.0,0.0,7.0,0.0,13.0,2.0,3.0,2.0,5.0,0.0,-120.0
58,57,treino,6 13 14 17 20 22,27,6 13,P,1.0,0.0,6.0,0.0,1.0,0.0,0.0,0.0,4.0,2.0,11.0,4.0,1.0,0.0,4.0,0.0,-660.0
58,27,treino,15 21 24 25 28 29,0 2 3 4 8 14 20,,P,7.0,0.0,11.0,1.0,3.0,3.0,3.0,0.0,6.0,0.0,8.0,1.0,1.0,2.0,5.0,0.0,107.0
58,52,treino,6 13 17 20 22 28,16 23,6 13,V,4.0,2.0,7.0,3.0,2.0,1.0,3.0,0.0,2.0,0.0,9.0,0.0,0.0,0.0,0.0,0.0,589.0
58,74,treino,8 9 10 13 16 18,22,9 13 22,V,4.0,2.0,16.0,4.0,0.0,0.0,4.0,1.0,0.0,1.0,0.0,1.0,0.0,0.0,0.0,0.0,1600.0
58,73,treino,8 9 10 13 16 18,26,9 13 26,P,0.0,1.0,0.0,0.0,0.0,0.0,0.0,0.0,4.0,2.0,16.0,4.0,0.0,0.0,4.0,0.0,-673.0
58,14,treino,20 22 24 25 26 28 29 30 31,0 2 3 4 7 8 9 13 14 18,,V,9.0,0.0,7.0,1.0,2.0,4.0,9.0,0.0,10.0,0.0,16.0,4.0,2.0,3.0,10.0,1.0,-38.0
58,53,treino,6 13 17 20 22 24,16 23,6 13,P,2.0,0.0,9.0,0.0,0.0,0.0,0.0,0.0,4.0,2.0,8.0,3.0,1.0,0.0,5.0,0.0,-422.0
58,64,treino,9 14 16 17 18 20,27,9 16 27,V,4.0,2.0,12.0,4.0,1.0,0.0,6.0,0.0,0.0,1.0,0.0,0.0,1.0,0.0,0.0,0.0,663.0
58,18,treino,15 20 24 25 28 29 30 31,0 2 3 4 7 8 9 14 26,,V,8.0,0.0,8.0,0.0,2.0,4.0,6.0,0.0,9.0,0.0,15.0,2.0,2.0,3.0,8.0,1.0,-18.0
58,10,treino,20 22 23 24 25 26 28 29 30 31,0 2 3 4 5 7 8 11 13 14,,V,10.0,0.0,9.0,1.0,2.0,4.0,10.0,0.0,10.0,0.0,13.0,2.0,3.0,3.0,9.0,0.0,-5.0
58,58,treino,6 13 14 17 20 22,31,6 13 31,V,4.0,2.0,11.0,4.0,1.0,0.0,4.0,0.0,0.0,1.0,0.0,0.0,0.0,0.0,0.0,0.0,658.0
58,47,treino,6 9 17 22 28 29,12 19 20,6 9,P,3.0,0.0,12.0,0.0,3.0,0.0,0.0,0.0,4.0,2.0,5.0,3.0,1.0,2.0,4.0,0.0,-469.0
58,76,treino,8 9 12 13,6,6 9 13,V,2.0,2.0,9.0,2.0,1.0,0.0,4.0,0.0,0.0,1.0,0.0,0.0,0.0,0.0,0.0,1.0,1600.0
58,17,treino,15 20 22 24 25 28 29 30 31,0 2 3 4 7 8 9 14 17,,P,9.0,0.0,13.0,3.0,2.0,3.0,9.0,1.0,9.0,0.0,10.0,1.0,2.0,4.0,7.0,1.0,6.0
58,45,treino,2 9 17 22 28 29,12 15 20,2 9,P,3.0,0.0,11.0,0.0,2.0,0.0,0.0,0.0,4.0,2.0,5.0,3.0,1.0,2.0,2.0,0.0,-471.0
58,7,treino,9 20 22 24 25 26 27 28 29 30 31,0 1 2 3 4 6 7 8 11 14,,P,10.0,0.0,10.0,1.0,3.0,4.0,9.0,0.0,11.0,0.0,13.0,2.0,3.0,4.0,10.0,1.0,-121.0
58,22,treino,15 22 24 25 28 29 30,0 2 3 4 7 8 14 20,,V,7.0,0.0,8.0,1.0,1.0,3.0,6.0,0.0,8.0,0.0,12.0,1.0,3.0,3.0,6.0,0.0,-110.0
58,4,treino,16 18 20 22 24 25 26 27 28 29 30 31,0 1 2 3 4 5 6 7 8 11 13 14,,V,12.0,0.0,14.0,2.0,3.0,4.0,12.0,1.0,12.0,0.0,14.0,2.0,3.0,4.0,11.0,2.0,-12.0
58,19,treino,15 20 22 24 25 28 29 30,0 2 3 4 7 8 9 14,,P,8.0,0.0,9.0,2.0,2.0,3.0,8.0,0.0,8.0,0.0,10.0,1.0,2.0,3.0,7.0,0.0,6.0
58,26,treino,21 22 24 25 28 29,0 2 3 4 8 14 18 20,,V,6.0,0.0,6.0,2.0,1.0,2.0,6.0,0.0,8.0,0.0,15.0,2.0,3.0,3.0,5.0,1.0,-117.0
58,72,treino,8 9 13 14 16 18,26,9 13 26,V,4.0,2.0,15.0,4.0,0.0,0.0,6.0,0.0,0.0,1.0,0.0,0.0,0.0,0.0,0.0,0.0,661.0
58,49,treino,6 9 17 20 22 28,12 19,6 9,P,2.0,0.0,7.0,0.0,2.0,0.0,0.0,0.0,4.0,2.0,7.0,3.0,2.0,1.0,4.0,0.0,-596.0
58,16,treino,15 20 24 25 26 28 29 30 31,0 2 3 4 7 8 9 14 17,,V,9.0,0.0,9.0,0.0,2.0,4.0,8.0,0.0,9.0,0.0,13.0,3.0,2.0,3.0,9.0,0.0,-6.0
58,46,treino,2 9 17 22 28 29,12 19 20,2 9,V,4.0,2.0,5.0,3.0,1.0,2.0,2.0,0.0,3.0,0.0,12.0,0.0,3.0,0.0,0.0,0.0,466.0
58,67,treino,8 9 14 16 18 20,31,9 16 31,P,0.0,1.0,0.0,0.0,0.0,0.0,0.0,0.0,4.0,2.0,14.0,3.0,1.0,0.0,5.0,0.0,-661.0
58,38,treino,2 13 17 25 28 29,0 4 10 12 20,2,V,5.0,1.0,8.0,2.0,1.0,2.0,4.0,0.0,5.0,0.0,11.0,1.0,3.0,1.0,2.0,0.0,192.0
58,5,treino,9 16 20 22 24 25 26 27 28 29 30 31,0 1 2 3 4 5 6 7 8 11 13,,P,11.0,0.0,11.0,1.0,3.0,4.0,11.0,0.0,12.0,0.0,16.0,2.0,3.0,4.0,11.0,1.0,12.0
59,17,treino,13 20 23 24 27 29 30 31,0 1 2 3 7 10 11,,P,7.0,0.0,5.0,1.0,2.0,4.0,5.0,0.0,8.0,0.0,10.0,1.0,2.0,3.0,6.0,0.0,-115.0
59,41,treino,16,2 3 11 12 30,12 30,P,3.0,2.0,2.0,0.0,3.0,2.0,0.0,0.0,1.0,0.0,3.0,0.0,0.0,0.0,0.0,1.0,1600.0
59,26,treino,16 19 24 25 27 29 31,2 3 7 11 14 15,,V,7.0,0.0,9.0,0.0,2.0,2.0,5.0,0.0,6.0,0.0,9.0,1.0,2.0,2.0,5.0,1.0,197.0
59,36,treino,20 23 31,2 3 11 12 14,12,V,3.0,0.0,4.0,0.0,1.0,1.0,0.0,0.0,4.0,1.0,5.0,1.0,3.0,2.0,0.0,0.0,-298.0
59,40,treino,20,2 3 11 12 30,12 30,V,1.0,0.0,2.0,0.0,1.0,0.0,0.0,0.0,3.0,2.0,2.0,0.0,3.0,2.0,0.0,0.0,-1600.0
59,7,treino,9 17 20 23 25 26 27 28 29 30 31,0 1 2 3 4 5 6 7 10 11,,P,10.0,0.0,8.0,1.0,3.0,4.0,10.0,0.0,11.0,0.0,15.0,2.0,3.0,4.0,7.0,1.0,6.0
59,27,treino,10 16 24 25 27 29 31,2 3 7 11 14,,P,5.0,0.0,6.0,1.0,2.0,2.0,4.0,0.0,7.0,0.0,11.0,1.0,1.0,2.0,5.0,0.0,-98.0
59,20,treino,13 20 23 24 25 27 29 31,1 2 3 5 7 11 15,,V,8.0,0.0,11.0,1.0,2.0,2.0,7.0,0.0,7.0,0.0,7.0,0.0,2.0,3.0,7.0,0.0,126.0
59,5,treino,16 17 20 23 25 26 27 28 29 30 31,0 1 2 3 4 5 6 7 8 10 11,,P,11.0,0.0,10.0,1.0,3.0,4.0,11.0,0.0,11.0,0.0,13.0,1.0,3.0,4.0,9.0,0.0,6.0
59,32,treino,16 20 27 29 31,2 3 11 14 24,,V,5.0,0.0,6.0,0.0,2.0,2.0,4.0,0.0,5.0,0.0,11.0,1.0,2.0,2.0,0.0,0.0,-70.0
59,37,treino,18 20 31,2 3 11 12 14,12,P,4.0,1.0,5.0,1.0,3.0,2.0,0.0,1.0,3.0,0.0,5.0,1.0,1.0,1.0,0.0,1.0,386.0
59,31,treino,16 20 21 27 29 31,2 3 11 14 17,,P,5.0,0.0,9.0,2.0,2.0,2.0,2.0,0.0,6.0,0.0,8.0,1.0,2.0,2.0,5.0,1.0,6.0
59,38,treino,20 31,2 3 11 12 23,12,V,2.0,0.0,2.0,0.0,1.0,1.0,0.0,0.0,4.0,1.0,7.0,0.0,3.0,2.0,0.0,0.0,-405.0
59,15,treino,20 22 23 24 27 29 30 31,0 1 2 3 7 10 11 13,,P,8.0,0.0,8.0,2.0,2.0,4.0,5.0,0.0,8.0,0.0,8.0,1.0,2.0,3.0,6.0,0.0,0.0
59,33,treino,16 20 23 29 31,2 3 11 14 24,,P,5.0,0.0,11.0,1.0,2.0,2.0,0.0,0.0,5.0,0.0,7.0,0.0,1.0,2.0,2.0,0.0,71.0
59,39,treino,20 26,2 3 11 12 23,12,P,4.0,1.0,7.0,0.0,3.0,2.0,0.0,1.0,2.0,0.0,3.0,0.0,1.0,0.0,0.0,1.0,1600.0
59,6,treino,16 17 20 23 25 26 27 28 29 30 31,0 1 2 3 4 5 6 7 10 11 13,,V,11.0,0.0,13.0,1.0,3.0,4.0,9.0,1.0,11.0,0.0,11.0,2.0,3.0,4.0,10.0,1.0,-6.0
59,28,treino,10 16 24 25 27 29 31,2 3 7 11 17,,V,7.0,0.0,11.0,1.0,1.0,2.0,5.0,1.0,5.0,0.0,7.0,1.0,2.0,2.0,4.0,0.0,106.0
59,10,treino,17 20 23 25 27 28 29 30 31,0 1 2 3 4 7 9 10 11,,V,9.0,0.0,9.0,1.0,3.0,4.0,6.0,0.0,9.0,0.0,8.0,2.0,3.0,4.0,7.0,0.0,1.0
59,23,treino,6 19 20 24 25 27 29 31,1 2 3 7 11 15,,P,6.0,0.0,6.0,0.0,2.0,3.0,5.0,1.0,8.0,0.0,14.0,0.0,3.0,2.0,6.0,1.0,-94.0
59,4,treino,16 20 23 24 25 26 27 28 29 30 31,0 1 2 3 4 5 6 7 8 10 11 21,,V,11.0,0.0,11.0,0.0,3.0,4.0,11.0,0.0,12.0,0.0,15.0,2.0,3.0,4.0,11.0,1.0,-15.0
59,14,treino,20 22 23 27 28 29 30 31,0 1 2 3 7 10 11 13,,V,8.0,0.0,7.0,1.0,3.0,4.0,3.0,0.0,8.0,0.0,8.0,2.0,2.0,4.0,5.0,0.0,-6.0
59,35,treino,16 20 23 24 31,2 3 11 14 28,28,P,4.0,1.0,5.0,1.0,3.0,2.0,0.0,0.0,5.0,0.0,8.0,0.0,1.0,1.0,3.0,1.0,290.0
59,19,treino,13 20 23 24 25 27 29 31,0 1 2 3 7 11 15,,P,7.0,0.0,6.0,0.0,2.0,4.0,5.0,0.0,8.0,0.0,11.0,1.0,2.0,2.0,7.0,0.0,-132.0
59,25,treino,16 19 24 25 27 29 31,2 3 7 10 11 15,,P,6.0,0.0,8.0,1.0,2.0,2.0,6.0,0.0,7.0,0.0,9.0,0.0,2.0,2.0,5.0,0.0,-102.0
59,9,treino,17 20 23 25 27 28 29 30 31,0 1 2 3 4 5 7 10 11,,P,9.0,0.0,7.0,1.0,3.0,4.0,9.0,0.0,9.0,0.0,9.0,1.0,3.0,4.0,6.0,0.0,3.0
59,12,treino,17 20 22 23 27 28 29 30 31,0 1 2 3 4 7 10 11 13,,V,9.0,0.0,10.0,2.0,3.0,4.0,5.0,0.0,9.0,0.0,9.0,2.0,3.0,4.0,7.0,1.0,-13.0
59,29,treino,10 16 20 25 27 29 31,2 3 7 11 17,,P,5.0,0.0,7.0,1.0,2.0,2.0,4.0,0.0,7.0,0.0,12.0,1.0,2.0,2.0,6.0,1.0,-111.0
59,8,treino,20 23 25 26 27 28 29 30 31,0 1 2 3 4 5 7 10 11 22,,V,9.0,0.0,7.0,0.0,3.0,4.0,7.0,0.0,10.0,0.0,12.0,2.0,3.0,4.0,9.0,1.0,-6.0
59,11,treino,17 20 22 23 27 28 29 30 31,0 1 2 3 4 7 9 10 11,,P,9.0,0.0,8.0,2.0,3.0,4.0,7.0,0.0,9.0,0.0,10.0,2.0,3.0,4.0,5.0,0.0,13.0
59,24,treino,19 20 24 25 27 29 31,2 3 7 10 11 15,,V,7.0,0.0,8.0,0.0,3.0,2.0,6.0,0.0,6.0,0.0,8.0,1.0,2.0,2.0,6.0,0.0,103.0
59,22,treino,13 19 20 24 25 27 29 31,1 2 3 7 9 11 15,,V,8.0,0.0,12.0,1.0,3.0,2.0,6.0,1.0,7.0,0.0,8.0,1.0,2.0,3.0,5.0,2.0,94.0
60,36,treino,4 17 24 27 30 31,7 11 26,,V,6.0,0.0,11.0,1.0,2.0,2.0,2.0,0.0,3.0,0.0,9.0,0.0,1.0,0.0,2.0,1.0,445.0
60,6,treino,17 21 23 24 25 26 27 28 29 30 31,0 1 2 3 4 6 7 8 10 14 15,,V,11.0,0.0,11.0,2.0,2.0,4.0,11.0,0.0,11.0,0.0,13.0,2.0,2.0,4.0,11.0,0.0,9.0
60,14,treino,15 17 20 21 23 25 26 27 28 30 31,0 2 3 4 5 6 7 10 13 19,,V,11.0,0.0,16.0,2.0,3.0,3.0,8.0,1.0,10.0,0.0,13.0,2.0,3.0,3.0,8.0,1.0,312.0
60,38,treino,4 17 23 24 27 31,10 11,,V,6.0,0.0,13.0,1.0,2.0,1.0,3.0,0.0,2.0,0.0,4.0,1.0,1.0,0.0,0.0,0.0,495.0
60,16,treino,1 15 20 21 23 25 26 27 28 30 31,0 2 3 6 7 8 10 19,1,V,10.0,1.0,13.0,1.0,3.0,3.0,7.0,0.0,8.0,0.0,10.0,1.0,2.0,3.0,5.0,0.0,400.0
60,20,treino,15 20 21 22 23 26 27 28 30 31,2 3 6 8 9 10 11 19,,V,10.0,0.0,14.0,2.0,3.0,3.0,6.0,1.0,8.0,0.0,13.0,2.0,3.0,2.0,4.0,0.0,339.0
60,12,treino,17 20 21 22 23 25 26 27 28 30 31,0 2 3 4 5 6 7 8 10 18 19,,V,11.0,0.0,14.0,3.0,3.0,3.0,9.0,0.0,11.0,0.0,16.0,2.0,3.0,3.0,9.0,1.0,105.0
60,11,treino,17 20 21 22 23 25 26 27 28 30 31,0 2 3 4 5 6 7 8 10 14 19,,P,11.0,0.0,15.0,2.0,3.0,3.0,10.0,0.0,11.0,0.0,14.0,3.0,3.0,3.0,9.0,0.0,-10.0
60,41,treino,0 10 23 24 27 31,11,0,P,1.0,0.0,2.0,0.0,1.0,0.0,0.0,0.0,5.0,1.0,9.0,1.0,1.0,1.0,3.0,0.0,-628.0
60,10,treino,17 21 22 23 24 25 26 27 28 30 31,0 2 3 4 5 6 7 8 10 14 19,,V,11.0,0.0,13.0,3.0,2.0,3.0,11.0,0.0,11.0,0.0,15.0,2.0,3.0,3.0,10.0,0.0,20.0
60,30,treino,16 20 23 24 26 27 30 31,7 8 9 11 17 19,,V,8.0,0.0,10.0,0.0,2.0,2.0,8.0,0.0,6.0,0.0,15.0,2.0,2.0,0.0,2.0,0.0,311.0
60,35,treino,4 17 23 24 27 30 31,7 11 19,,P,3.0,0.0,7.0,0.0,2.0,0.0,2.0,0.0,7.0,0.0,13.0,1.0,2.0,2.0,3.0,1.0,-448.0
60,23,treino,9 15 20 21 23 26 27 28 30 31,2 3 6 8 10 11 19,,P,7.0,0.0,11.0,1.0,3.0,2.0,3.0,0.0,10.0,0.0,17.0,2.0,3.0,3.0,5.0,2.0,-193.0
60,19,treino,15 20 21 22 23 26 27 28 30 31,2 3 6 7 8 9 10 19,,P,8.0,0.0,12.0,2.0,2.0,2.0,6.0,0.0,10.0,0.0,14.0,2.0,3.0,3.0,6.0,0.0,-219.0
60,42,treino,0 10 23 24 27 31,15,0,V,5.0,1.0,9.0,1.0,1.0,1.0,3.0,0.0,1.0,0.0,3.0,0.0,0.0,0.0,0.0,0.0,613.0
60,29,treino,16 20 23 24 26 27 30 31,7 8 9 11 13 19,,P,6.0,0.0,14.0,2.0,2.0,0.0,5.0,0.0,8.0,0.0,10.0,0.0,2.0,2.0,8.0,0.0,-200.0
60,39,treino,0 17 23 24 27 31,10 11,0,P,2.0,0.0,4.0,1.0,1.0,0.0,0.0,0.0,5.0,1.0,7.0,1.0,1.0,1.0,3.0,0.0,-510.0
60,37,treino,4 17 23 24 27 31,7 11,,P,2.0,0.0,3.0,0.0,1.0,0.0,2.0,0.0,6.0,0.0,13.0,1.0,2.0,1.0,3.0,0.0,-502.0
60,40,treino,0 17 23 24 27 31,11 14,0,V,5.0,1.0,7.0,1.0,1.0,1.0,3.0,1.0,2.0,0.0,5.0,1.0,1.0,0.0,0.0,1.0,619.0
60,22,treino,15 18 20 21 23 26 27 28 30 31,2 3 6 8 10 11 14 19,,V,10.0,0.0,15.0,2.0,3.0,3.0,7.0,0.0,8.0,0.0,14.0,2.0,3.0,2.0,4.0,1.0,193.0
60,15,treino,1 15 20 21 23 25 26 27 28 30 31,0 2 3 4 6 7 10 19,1,P,8.0,0.0,9.0,1.0,3.0,3.0,7.0,0.0,10.0,1.0,13.0,1.0,3.0,3.0,7.0,0.0,-312.0
60,44,treino,5 10 23 24 27 31,18,5,V,5.0,1.0,9.0,1.0,1.0,1.0,3.0,0.0,1.0,0.0,4.0,1.0,0.0,0.0,0.0,1.0,1600.0
60,32,treino,20 23 24 26 27 30 31,7 8 11 16 17 19,,V,7.0,0.0,7.0,0.0,2.0,2.0,7.0,0.0,6.0,0.0,17.0,1.0,2.0,0.0,2.0,1.0,308.0
60,5,treino,9 17 21 23 24 25 26 27 28 29 30 31,0 1 2 3 4 5 6 7 8 10 15,,P,11.0,0.0,11.0,1.0,2.0,4.0,11.0,0.0,12.0,0.0,16.0,3.0,2.0,4.0,11.0,1.0,-9.0
60,18,treino,15 20 21 23 25 26 27 28 30 31,2 3 6 7 8 9 10 19,,V,10.0,0.0,13.0,1.0,3.0,3.0,7.0,0.0,8.0,0.0,12.0,2.0,2.0,2.0,6.0,0.0,199.0
60,26,treino,20 21 23 26 27 28 30 31,3 8 9 11 13 19,,V,8.0,0.0,8.0,1.0,3.0,3.0,5.0,0.0,6.0,0.0,13.0,2.0,3.0,1.0,3.0,0.0,224.0
60,17,treino,5 15 20 21 23 25 26 27 28 30 31,0 2 3 6 7 8 10 19,5,P,8.0,0.0,10.0,1.0,2.0,3.0,5.0,1.0,10.0,1.0,13.0,1.0,3.0,3.0,7.0,1.0,-218.0
60,4,treino,16 17 21 23 24 25 26 27 28 29 30 31,0 1 2 3 4 5 6 7 8 10 13 15,,V,12.0,0.0,14.0,2.0,2.0,4.0,12.0,2.0,12.0,0.0,14.0,2.0,2.0,4.0,12.0,1.0,-6.0
60,28,treino,16 20 23 26 27 28 30 31,7 8 9 11 13 19,,V,8.0,0.0,9.0,0.0,3.0,3.0,7.0,0.0,6.0,0.0,14.0,2.0,2.0,0.0,5.0,0.0,302.0
60,9,treino,17 21 22 23 24 25 26 27 28 30 31,0 2 3 4 5 6 7 8 10 14 15,,P,11.0,0.0,14.0,2.0,2.0,3.0,11.0,0.0,11.0,0.0,13.0,3.0,2.0,3.0,11.0,0.0,-20.0
60,25,treino,6 20 21 23 26 27 28 30 31,2 3 8 11 13 19,,P,6.0,0.0,11.0,1.0,3.0,2.0,2.0,0.0,9.0,0.0,14.0,1.0,3.0,3.0,5.0,1.0,-224.0
60,43,treino,5 10 23 24 27 31,15,5,P,1.0,0.0,3.0,0.0,0.0,0.0,0.0,0.0,5.0,1.0,9.0,1.0,1.0,1.0,3.0,0.0,-1600.0
61,61,teste,14,10 22 28 31,14 22 28 31,P,1.0,3.0,2.0,2.0,1.0,0.0,0.0,1.0,0.0,1.0,0.0,1.0,0.0,0.0,0.0,1.0,1600.0
61,6,teste,13 18 20 23 24 25 26 27 28 29 30 31,0 1 2 3 4 5 6 7 8 11 15 17,,V,12.0,0.0,15.0,2.0,3.0,4.0,11.0,1.0,12.0,0.0,15.0,1.0,3.0,4.0,11.0,0.0,16.0
61,25,teste,16 19 21 23 27 28,1 3 4 5 6 8 9 11 26,,P,9.0,0.0,15.0,1.0,3.0,2.0,6.0,0.0,6.0,0.0,11.0,1.0,3.0,1.0,5.0,0.0,381.0
61,21,teste,14 19 20 22 23 24 27 28,1 2 3 4 5 8 9 10 11,,P,9.0,0.0,10.0,2.0,3.0,3.0,5.0,1.0,8.0,0.0,15.0,2.0,4.0,1.0,6.0,1.0,324.0
61,7,teste,13 18 20 22 23 24 25 27 28 29 30 31,0 1 2 3 4 5 6 7 8 11 15 17,,P,12.0,0.0,15.0,1.0,3.0,4.0,11.0,0.0,12.0,0.0,16.0,3.0,3.0,4.0,11.0,1.0,232.0
61,34,teste,17 23 24 27,1 3 4 5 8 15 20 31,31,V,4.0,0.0,7.0,1.0,1.0,0.0,2.0,1.0,7.0,1.0,12.0,0.0,3.0,2.0,4.0,0.0,-513.0
61,10,teste,18 20 23 24 25 27 28 29 30,0 1 2 3 4 5 6 7 11 15 26,,V,9.0,0.0,10.0,1.0,3.0,3.0,9.0,1.0,11.0,0.0,15.0,0.0,3.0,4.0,10.0,0.0,-201.0
61,23,teste,16 19 23 24 27 28,1 2 3 4 5 8 9 11 26,,P,9.0,0.0,14.0,1.0,3.0,3.0,5.0,0.0,6.0,0.0,10.0,0.0,3.0,1.0,5.0,0.0,379.0
61,15,teste,18 19 20 23 24 27 28 29,0 1 2 3 4 6 7 8 11,,P,9.0,0.0,7.0,0.0,3.0,4.0,9.0,0.0,8.0,0.0,12.0,1.0,4.0,2.0,8.0,0.0,96.0
61,5,teste,13 18 20 23 24 25 26 27 28 29 30 31,0 1 2 3 4 5 6 7 8 10 11 17,,P,12.0,0.0,14.0,2.0,3.0,4.0,11.0,0.0,12.0,0.0,15.0,2.0,3.0,4.0,11.0,0.0,17.0
61,55,teste,8,3 25 28 31,8 25 28 31,P,1.0,3.0,0.0,0.0,2.0,1.0,0.0,0.0,0.0,1.0,0.0,0.0,0.0,0.0,0.0,0.0,468.0
61,50,teste,10 18,3 5 13 24 25 31,10 25 31,V,1.0,1.0,3.0,2.0,0.0,0.0,0.0,0.0,4.0,2.0,10.0,1.0,1.0,1.0,0.0,0.0,-560.0
61,13,teste,19 20 23 24 25 27 28 29,0 1 2 3 4 5 6 7 11 22,,P,10.0,0.0,11.0,1.0,3.0,4.0,9.0,1.0,8.0,0.0,10.0,0.0,4.0,2.0,8.0,0.0,206.0
61,45,teste,6 23,3 5 8 17 25 31,6 25 31,P,4.0,2.0,7.0,1.0,1.0,1.0,2.0,0.0,1.0,1.0,2.0,0.0,0.0,0.0,0.0,0.0,519.0
61,16,teste,18 19 20 23 24 27 28 29,1 2 3 4 5 6 7 8 11,,V,8.0,0.0,12.0,1.0,4.0,2.0,8.0,0.0,9.0,0.0,8.0,0.0,3.0,3.0,9.0,0.0,-91.0
61,47,teste,10 23,3 5 13 17 25 31,10 25 31,P,4.0,2.0,8.0,2.0,1.0,1.0,2.0,0.0,1.0,1.0,2.0,1.0,0.0,0.0,0.0,0.0,519.0
61,22,teste,19 20 23 24 27 28,1 2 3 4 5 8 9 11 26,,V,6.0,0.0,9.0,0.0,4.0,1.0,6.0,0.0,9.0,0.0,14.0,1.0,3.0,3.0,5.0,0.0,-386.0
61,42,teste,10 23,3 5 6 8 17 29 31,29 31,V,2.0,0.0,7.0,1.0,0.0,0.0,0.0,1.0,5.0,2.0,8.0,1.0,1.0,1.0,2.0,1.0,-531.0
61,20,teste,18 19 20 22 23 24 27 28,1 2 3 4 5 8 9 10 11,,V,8.0,0.0,14.0,2.0,4.0,1.0,8.0,0.0,9.0,0.0,10.0,2.0,3.0,3.0,5.0,0.0,-96.0
61,46,teste,6 23,3 5 13 17 25 31,6 25 31,V,1.0,1.0,2.0,0.0,0.0,0.0,0.0,0.0,4.0,2.0,8.0,2.0,1.0,1.0,2.0,0.0,-529.0
61,31,teste,13 17 23 27 28,1 3 4 5 8 9 15 31,31,P,7.0,1.0,9.0,1.0,2.0,2.0,5.0,1.0,5.0,0.0,10.0,2.0,2.0,1.0,4.0,1.0,484.0
61,27,teste,10 16 21 23 27 28,1 3 4 5 6 8 9 26,,P,8.0,0.0,13.0,1.0,2.0,2.0,6.0,0.0,6.0,0.0,13.0,2.0,2.0,1.0,4.0,1.0,313.0
61,53,teste,9 10,3 5 13 25 28 31,10 25 28 31,P,3.0,3.0,4.0,1.0,2.0,1.0,0.0,1.0,1.0,1.0,5.0,2.0,0.0,0.0,0.0,1.0,468.0
61,54,teste,10,3 13 14 25 28 31,10 25 28 31,V,0.0,1.0,0.0,1.0,0.0,0.0,0.0,0.0,3.0,3.0,6.0,2.0,2.0,1.0,0.0,1.0,-474.0
61,49,teste,10 18,3 5 13 21 25 31,10 25 31,P,4.0,2.0,9.0,2.0,1.0,1.0,2.0,0.0,1.0,1.0,3.0,2.0,0.0,0.0,0.0,0.0,510.0
61,57,teste,13,7 25 28 31,13 25 28 31,P,1.0,3.0,1.0,0.0,1.0,0.0,0.0,0.0,0.0,1.0,0.0,1.0,0.0,0.0,0.0,0.0,468.0
61,38,teste,19 27,1 3 4 5 15 17 29 31,29 31,V,2.0,0.0,4.0,0.0,2.0,0.0,0.0,0.0,6.0,2.0,9.0,1.0,2.0,2.0,2.0,1.0,-680.0
61,36,teste,13 23 27,1 3 4 5 8 15 29 31,29 31,V,3.0,0.0,7.0,1.0,1.0,0.0,2.0,1.0,6.0,2.0,7.0,0.0,2.0,2.0,4.0,0.0,-676.0
61,8,teste,13 18 20 23 24 25 27 28 29 30 31,0 1 2 3 4 5 6 7 8 11 15 26,,V,11.0,0.0,14.0,2.0,3.0,4.0,10.0,2.0,12.0,0.0,17.0,0.0,3.0,4.0,11.0,1.0,-232.0
61,58,teste,13,7 22 28 31,13 22 28 31,V,0.0,1.0,0.0,1.0,0.0,0.0,0.0,0.0,1.0,3.0,1.0,1.0,1.0,0.0,0.0,0.0,-474.0
61,32,teste,17 23 27 28,1 3 4 5 8 15 16 31,31,V,4.0,0.0,6.0,1.0,2.0,1.0,2.0,0.0,7.0,1.0,11.0,0.0,2.0,2.0,4.0,0.0,-509.0
61,39,teste,10 27,1 3 4 5 17 29 31,29 31,P,5.0,2.0,6.0,1.0,2.0,2.0,2.0,0.0,2.0,0.0,6.0,1.0,1.0,0.0,0.0,0.0,783.0
62,27,treino,5 20 21 23 27 28 29,0 3 4 6 11 13,,P,6.0,0.0,7.0,1.0,3.0,2.0,2.0,0.0,7.0,0.0,13.0,1.0,3.0,2.0,2.0,1.0,0.0
62,42,treino,5 20 24 28,7 8 10 31,5 31,V,3.0,1.0,3.0,0.0,2.0,1.0,3.0,0.0,3.0,1.0,5.0,1.0,0.0,0.0,2.0,1.0,105.0
62,10,treino,18 20 21 22 24 26 28 29 30 31,0 1 2 3 4 7 9 10 11 13,,V,10.0,0.0,11.0,3.0,2.0,4.0,10.0,0.0,10.0,0.0,11.0,3.0,3.0,4.0,9.0,0.0,10.0
62,23,treino,16 20 21 23 27 28 29,0 3 4 5 6 9 11,,P,7.0,0.0,7.0,1.0,3.0,2.0,5.0,0.0,7.0,0.0,10.0,1.0,3.0,2.0,5.0,0.0,-8.0
62,108,treino,2 5 9,18 21 23,2 5 9 18 21 23,V,0.0,3.0,0.0,1.0,0.0,0.0,2.0,0.0,0.0,3.0,0.0,2.0,0.0,0.0,2.0,0.0,-3.0
62,84,treino,0 7 9,24 26 27,0 7 24 26,V,1.0,2.0,5.0,1.0,0.0,0.0,0.0,0.0,1.0,2.0,6.0,0.0,1.0,0.0,0.0,0.0,-59.0
62,12,treino,16 18 20 22 24 26 28 29 30 31,0 1 3 4 6 7 9 10 11 13,,V,10.0,0.0,12.0,2.0,2.0,4.0,10.0,0.0,10.0,0.0,12.0,3.0,3.0,3.0,10.0,0.0,-1.0
62,123,treino,4 21,6,4 6 21,P,0.0,1.0,0.0,0.0,0.0,0.0,0.0,0.0,0.0,2.0,0.0,1.0,1.0,0.0,0.0,0.0,-182.0
62,107,treino,2 5 9,18 21 27,2 5 9 18 21 27,P,0.0,3.0,0.0,2.0,1.0,0.0,0.0,0.0,0.0,3.0,0.0,1.0,0.0,0.0,2.0,0.0,3.0
62,124,treino,4 21,9,4 9 21,V,0.0,2.0,0.0,1.0,1.0,0.0,0.0,0.0,0.0,1.0,0.0,1.0,0.0,0.0,0.0,0.0,188.0
62,137,treino,0 22,9,0 9 22,P,0.0,1.0,0.0,1.0,0.0,0.0,0.0,0.0,0.0,2.0,0.0,1.0,0.0,0.0,0.0,0.0,-182.0
62,69,treino,1 4 17 28,19 25 31,1 4 25 31,P,1.0,2.0,4.0,0.0,1.0,0.0,0.0,0.0,2.0,2.0,3.0,1.0,2.0,1.0,0.0,0.0,-106.0
62,91,treino,6 9 10,20 30 31,9 10 20 30 31,P,0.0,3.0,0.0,0.0,1.0,0.0,0.0,0.0,1.0,2.0,6.0,2.0,0.0,0.0,3.0,0.0,-4.0
62,34,treino,5 20 27 28 29,3 4 10 18,,V,5.0,0.0,9.0,0.0,3.0,2.0,0.0,0.0,4.0,0.0,7.0,2.0,2.0,1.0,0.0,0.0,153.0
62,62,treino,8 9 21 28,19 26 27,8 27,V,3.0,1.0,7.0,2.0,1.0,1.0,0.0,0.0,2.0,1.0,10.0,0.0,2.0,0.0,0.0,0.0,49.0
62,104,treino,1 6 9,21 22 27,1 6 9 21 22 27,V,0.0,3.0,0.0,1.0,0.0,0.0,3.0,0.0,0.0,3.0,0.0,2.0,1.0,0.0,0.0,0.0,-5.0
62,37,treino,0 20 23 28 29,4 7 10 18,0,P,4.0,0.0,8.0,2.0,1.0,0.0,2.0,1.0,4.0,1.0,4.0,0.0,2.0,2.0,0.0,1.0,-60.0
62,32,treino,5 18 20 27 28 29,3 4 10 11,,V,6.0,0.0,12.0,1.0,3.0,2.0,0.0,0.0,4.0,0.0,5.0,1.0,3.0,1.0,0.0,0.0,268.0
62,70,treino,1 4 17 28,19 29 31,1 4 29 31,V,2.0,2.0,3.0,1.0,2.0,1.0,0.0,0.0,1.0,2.0,4.0,0.0,1.0,0.0,0.0,0.0,110.0
62,135,treino,0 17,5,0 5 17,P,0.0,1.0,0.0,0.0,0.0,0.0,0.0,1.0,0.0,2.0,0.0,1.0,0.0,0.0,0.0,0.0,-182.0
62,113,treino,2 4 16,18 23,2 4 16 18 23,P,0.0,2.0,0.0,1.0,0.0,0.0,2.0,0.0,0.0,3.0,0.0,0.0,1.0,0.0,0.0,0.0,-180.0
62,82,treino,4 7 9,24 27 31,4 7 24 31,V,1.0,2.0,5.0,1.0,1.0,0.0,0.0,0.0,1.0,2.0,6.0,0.0,1.0,0.0,2.0,0.0,-3.0
62,22,treino,16 20 23 24 27 28 29,0 3 4 5 6 9 11,,V,7.0,0.0,9.0,0.0,3.0,2.0,7.0,0.0,7.0,0.0,7.0,1.0,3.0,2.0,5.0,0.0,19.0
62,16,treino,16 17 18 20 24 28 29 30 31,0 1 3 4 6 7 9 11 14,,V,9.0,0.0,12.0,2.0,2.0,4.0,5.0,2.0,9.0,0.0,10.0,2.0,3.0,3.0,9.0,1.0,-125.0
62,117,treino,4 6 20,15 19,4 6 15 19 20,P,0.0,2.0,0.0,0.0,1.0,0.0,2.0,0.0,0.0,3.0,0.0,0.0,2.0,0.0,0.0,0.0,-178.0
62,109,treino,0 2 9,18 21 23,0 2 9 18 21 23,P,0.0,3.0,0.0,2.0,0.0,0.0,2.0,0.0,0.0,3.0,0.0,1.0,0.0,0.0,0.0,0.0,6.0
62,126,treino,4 25,14,4 14 25,V,0.0,2.0,0.0,0.0,1.0,0.0,0.0,0.0,0.0,1.0,0.0,1.0,0.0,0.0,0.0,0.0,182.0
62,43,treino,12 20 24 28,7 10 31,12 31,P,2.0,1.0,3.0,1.0,0.0,0.0,2.0,0.0,3.0,1.0,3.0,0.0,3.0,1.0,3.0,0.0,-109.0
62,24,treino,16 20 21 23 27 28 29,0 3 4 6 8 9 11,,V,7.0,0.0,10.0,1.0,3.0,2.0,5.0,0.0,7.0,0.0,8.0,1.0,3.0,2.0,5.0,0.0,2.0
62,63,treino,4 9 21 28,19 26 27,4 27,P,2.0,1.0,10.0,0.0,2.0,0.0,0.0,0.0,3.0,1.0,7.0,2.0,2.0,1.0,0.0,0.0,-42.0
62,138,treino,0 22,13,0 13 22,V,0.0,2.0,0.0,1.0,0.0,0.0,0.0,0.0,0.0,1.0,0.0,1.0,0.0,0.0,0.0,0.0,186.0
62,61,treino,8 9 21 28,19 23 27,8 27,P,2.0,1.0,9.0,0.0,2.0,0.0,3.0,0.0,3.0,1.0,7.0,2.0,1.0,1.0,0.0,0.0,-116.0
63,31,treino,19 21 24 31,0 2 6 8 10 23,,P,6.0,0.0,10.0,1.0,0.0,2.0,3.0,0.0,4.0,0.0,6.0,1.0,1.0,1.0,2.0,0.0,223.0
63,40,treino,18,2 4 10 19 28,28,V,1.0,0.0,3.0,1.0,0.0,0.0,0.0,0.0,4.0,1.0,7.0,1.0,3.0,1.0,0.0,0.0,-1600.0
63,10,treino,17 18 19 20 26 27 28 29 30 31,0 1 2 3 4 5 6 7 9 14,,V,10.0,0.0,13.0,2.0,4.0,4.0,4.0,2.0,10.0,0.0,9.0,2.0,2.0,4.0,10.0,1.0,-2.0
63,42,treino,15,4 7 10 19 28,28,V,1.0,0.0,4.0,0.0,0.0,0.0,0.0,0.0,4.0,1.0,8.0,1.0,3.0,0.0,2.0,1.0,-395.0
63,15,treino,18 19 20 25 26 28 30 31,0 1 2 4 5 6 7 9,,P,8.0,0.0,6.0,1.0,1.0,3.0,8.0,0.0,8.0,0.0,10.0,1.0,3.0,3.0,4.0,0.0,5.0
63,7,treino,16 18 19 20 24 26 27 28 29 30 31,0 1 2 3 4 5 6 7 9 10 12,,P,11.0,0.0,11.0,2.0,3.0,4.0,10.0,0.0,11.0,0.0,14.0,1.0,4.0,4.0,9.0,1.0,-1.0
63,48,treino,6,8 15 19 28,6 28,V,0.0,1.0,0.0,0.0,0.0,0.0,0.0,0.0,3.0,1.0,9.0,0.0,2.0,0.0,2.0,0.0,-336.0
63,11,treino,10 18 19 20 26 27 28 29 30 31,0 1 2 3 4 5 6 7 9,,P,9.0,0.0,6.0,1.0,2.0,4.0,9.0,0.0,10.0,0.0,15.0,2.0,4.0,4.0,4.0,1.0,2.0
63,19,treino,9 19 20 23 25 28 30 31,0 1 2 4 5 6 10,,P,7.0,0.0,5.0,1.0,1.0,3.0,7.0,0.0,8.0,0.0,13.0,1.0,3.0,3.0,4.0,1.0,10.0
63,47,treino,6,8 11 19 28,6 28,P,3.0,1.0,8.0,0.0,3.0,0.0,0.0,0.0,0.0,1.0,0.0,0.0,0.0,0.0,0.0,0.0,331.0
63,28,treino,16 19 21 24 30 31,0 2 6 8 9 10 23,,V,6.0,0.0,9.0,1.0,1.0,2.0,3.0,0.0,7.0,0.0,12.0,2.0,0.0,2.0,4.0,0.0,-123.0
63,23,treino,16 19 21 23 28 30 31,0 2 4 5 6 10 14,,P,7.0,0.0,8.0,2.0,1.0,2.0,7.0,0.0,7.0,0.0,10.0,1.0,2.0,3.0,4.0,0.0,7.0
63,33,treino,15 21 24 31,2 4 6 8 10 23,,P,6.0,0.0,11.0,1.0,1.0,1.0,5.0,0.0,4.0,0.0,7.0,1.0,0.0,1.0,2.0,1.0,323.0
63,41,treino,15,2 4 10 19 28,28,P,4.0,1.0,7.0,1.0,3.0,1.0,0.0,1.0,1.0,0.0,4.0,0.0,0.0,0.0,0.0,0.0,1600.0
63,12,treino,19 20 26 27 28 29 30 31,0 1 2 3 4 5 6 9 23,,V,8.0,0.0,7.0,0.0,4.0,4.0,4.0,0.0,9.0,0.0,10.0,1.0,2.0,4.0,7.0,1.0,-7.0
63,13,treino,18 19 20 26 28 29 30 31,0 1 2 3 4 5 6 9,,P,8.0,0.0,5.0,1.0,2.0,4.0,7.0,0.0,8.0,0.0,9.0,1.0,3.0,4.0,3.0,0.0,7.0
63,37,treino,18 21 24,2 4 6 12 19,,P,5.0,0.0,9.0,0.0,3.0,1.0,2.0,0.0,3.0,0.0,6.0,2.0,0.0,0.0,2.0,0.0,211.0
63,49,treino,10,8 15 19 28,10 28,P,3.0,1.0,9.0,0.0,2.0,0.0,2.0,0.0,0.0,1.0,0.0,1.0,0.0,0.0,0.0,0.0,340.0
63,16,treino,18 19 20 25 26 28 30 31,0 1 2 4 5 6 9 10,,V,8.0,0.0,10.0,1.0,3.0,3.0,4.0,0.0,8.0,0.0,7.0,2.0,1.0,3.0,8.0,0.0,-5.0
63,17,treino,18 19 20 23 25 28 30 31,0 1 2 4 5 6 9 10,,P,8.0,0.0,7.0,2.0,1.0,3.0,8.0,0.0,8.0,0.0,11.0,1.0,3.0,3.0,5.0,0.0,14.0
63,26,treino,16 19 21 28 30 31,0 2 4 6 9 10 23,,V,6.0,0.0,8.0,1.0,2.0,3.0,2.0,0.0,7.0,0.0,11.0,2.0,1.0,2.0,6.0,0.0,-115.0
63,29,treino,13 19 21 24 30 31,0 2 6 8 9 10 23,,P,7.0,0.0,12.0,2.0,0.0,2.0,4.0,1.0,6.0,0.0,10.0,2.0,1.0,2.0,2.0,1.0,217.0
63,25,treino,16 18 19 21 28 30 31,0 2 4 6 9 10 14,,P,7.0,0.0,9.0,3.0,1.0,2.0,7.0,0.0,7.0,0.0,11.0,2.0,2.0,3.0,2.0,1.0,104.0
63,43,treino,6,4 7 19 28,28,P,3.0,1.0,6.0,0.0,3.0,0.0,0.0,0.0,1.0,0.0,6.0,0.0,0.0,0.0,0.0,0.0,333.0
63,30,treino,19 24 30 31,0 2 6 8 10 23 25,,V,4.0,0.0,4.0,0.0,1.0,2.0,0.0,0.0,7.0,0.0,16.0,1.0,0.0,2.0,3.0,1.0,-226.0
63,5,treino,18 19 20 21 24 26 27 28 29 30 31,0 1 2 3 4 5 6 7 8 9 10,,P,11.0,0.0,10.0,2.0,2.0,4.0,11.0,0.0,11.0,0.0,13.0,2.0,4.0,4.0,9.0,0.0,5.0
63,14,treino,18 19 20 26 28 29 30 31,0 1 2 4 5 6 7 9,,V,8.0,0.0,9.0,1.0,3.0,4.0,3.0,0.0,8.0,0.0,6.0,1.0,1.0,3.0,8.0,0.0,1.0
63,4,treino,19 20 21 24 25 26 27 28 29 30 31,0 1 2 3 4 5 6 7 8 9 10 22,,V,11.0,0.0,11.0,1.0,4.0,4.0,10.0,0.0,12.0,0.0,15.0,3.0,2.0,4.0,11.0,1.0,-9.0
63,51,treino,14,8 15 19 24,14 24,P,3.0,1.0,9.0,0.0,1.0,0.0,2.0,0.0,0.0,1.0,0.0,1.0,0.0,0.0,0.0,0.0,1600.0
63,34,treino,21 24 31,2 4 6 8 19 23,,V,3.0,0.0,3.0,1.0,0.0,1.0,2.0,0.0,6.0,0.0,13.0,0.0,2.0,1.0,6.0,0.0,-336.0
63,46,treino,1,8 11 19 28,1 28,V,0.0,1.0,0.0,0.0,0.0,0.0,0.0,0.0,3.0,1.0,8.0,0.0,3.0,0.0,0.0,0.0,-339.0
63,21,treino,16 19 23 25 28 30 31,0 1 2 4 6 10 14,,P,7.0,0.0,7.0,2.0,1.0,3.0,7.0,0.0,7.0,0.0,9.0,0.0,2.0,3.0,4.0,0.0,9.0
64,4,teste,16 20 22 24 25 26 27 28 29 30 31,0 1 2 3 4 5 6 7 8 10 11 23,,V,11.0,0.0,11.0,1.0,3.0,4.0,11.0,0.0,12.0,0.0,15.0,1.0,3.0,4.0,11.0,1.0,-5.0
64,5,teste,16 19 20 22 24 25 27 28 29 30 31,0 1 2 3 4 5 6 7 8 10 11,,P,11.0,0.0,10.0,1.0,3.0,4.0,11.0,0.0,11.0,0.0,13.0,1.0,4.0,4.0,10.0,0.0,7.0
64,6,teste,16 19 20 22 24 25 27 28 29 30 31,0 1 2 3 4 5 6 7 10 11 13,,V,11.0,0.0,13.0,1.0,4.0,4.0,10.0,0.0,11.0,0.0,11.0,2.0,3.0,4.0,10.0,1.0,-7.0
64,7,teste,9 19 20 22 24 25 27 28 29 30 31,0 1 2 3 4 5 6 7 10 11,,P,10.0,0.0,8.0,1.0,3.0,4.0,10.0,0.0,11.0,0.0,15.0,2.0,4.0,4.0,9.0,1.0,0.0
64,8,teste,19 20 22 24 25 27 28 29 30 31,0 1 2 3 4 5 7 10 11 13,,V,10.0,0.0,10.0,1.0,4.0,4.0,9.0,0.0,10.0,0.0,10.0,2.0,3.0,4.0,9.0,0.0,2.0
64,9,teste,19 20 22 24 25 26 27 28 29 31,0 1 2 3 4 5 7 10 11 13,,P,10.0,0.0,10.0,2.0,3.0,4.0,9.0,0.0,10.0,0.0,11.0,1.0,4.0,3.0,9.0,0.0,1.0
64,10,teste,19 20 22 24 25 26 27 28 29 31,0 1 2 3 4 7 8 10 11 13,,V,10.0,0.0,11.0,1.0,4.0,3.0,9.0,0.0,10.0,0.0,11.0,2.0,3.0,4.0,9.0,0.0,4.0
64,11,teste,17 19 20 24 25 26 27 28 29 31,0 1 2 3 4 7 8 10 11 13,,P,10.0,0.0,11.0,2.0,3.0,4.0,9.0,0.0,10.0,0.0,12.0,1.0,4.0,3.0,8.0,1.0,-4.0
64,12,teste,19 20 24 25 26 27 28 29 31,0 1 2 3 4 7 8 10 11 22,,V,9.0,0.0,9.0,0.0,4.0,3.0,8.0,0.0,10.0,0.0,13.0,2.0,3.0,4.0,8.0,1.0,-278.0
64,13,teste,18 19 20 24 26 27 28 29 31,0 1 2 3 4 7 8 10 11,,P,9.0,0.0,8.0,1.0,3.0,4.0,8.0,0.0,9.0,0.0,11.0,1.0,4.0,3.0,7.0,0.0,278.0
64,14,teste,18 19 20 24 26 27 28 29 31,1 2 3 4 5 7 8 10 11,,V,9.0,0.0,11.0,1.0,4.0,3.0,7.0,0.0,9.0,0.0,9.0,1.0,3.0,3.0,9.0,0.0,11.0
64,15,teste,18 19 20 21 26 27 28 29 31,1 2 3 4 5 7 8 10 11,,P,9.0,0.0,9.0,1.0,3.0,3.0,9.0,0.0,9.0,0.0,12.0,2.0,4.0,3.0,3.0,0.0,283.0
64,16,teste,18 19 20 21 26 27 28 29 31,1 2 3 4 5 7 8 11 15,,V,9.0,0.0,12.0,2.0,4.0,3.0,3.0,1.0,9.0,0.0,10.0,0.0,3.0,3.0,9.0,1.0,-283.0
64,17,teste,10 18 20 21 26 27 28 29 31,1 2 3 4 5 7 8 11,,P,8.0,0.0,7.0,0.0,3.0,3.0,8.0,0.0,9.0,0.0,14.0,3.0,3.0,3.0,3.0,1.0,203.0
64,18,teste,20 21 27 28 29 31,1 2 3 4 5 8 11 30,30,V,6.0,0.0,5.0,1.0,3.0,3.0,2.0,0.0,7.0,1.0,6.0,0.0,3.0,3.0,4.0,0.0,-203.0
64,19,teste,20 21 24 27 29 31,1 2 3 4 5 8 11 30,30,P,7.0,1.0,6.0,0.0,3.0,3.0,4.0,0.0,6.0,0.0,6.0,1.0,2.0,2.0,6.0,0.0,202.0
64,20,teste,20 21 24 27 29 31,1 2 3 4 5 11 13 30,30,V,6.0,0.0,6.0,1.0,2.0,2.0,6.0,0.0,7.0,1.0,7.0,1.0,3.0,3.0,2.0,0.0,-197.0
64,21,teste,16 20 24 27 29 31,1 2 3 4 5 11 13 30,30,P,7.0,1.0,7.0,1.0,3.0,3.0,2.0,1.0,6.0,0.0,7.0,0.0,2.0,2.0,6.0,0.0,209.0
64,22,teste,16 20 24 27 29 31,1 2 3 4 5 11 17 30,30,V,6.0,0.0,7.0,0.0,2.0,2.0,6.0,0.0,7.0,1.0,8.0,1.0,3.0,3.0,2.0,0.0,-203.0
64,23,teste,16 20 24 25 27 31,1 2 3 4 5 11 17 30,30,P,7.0,1.0,8.0,1.0,3.0,3.0,2.0,0.0,6.0,0.0,8.0,0.0,2.0,1.0,5.0,1.0,509.0
64,24,teste,20 24 27 31,1 2 3 4 5 11 12 17,12,V,4.0,0.0,4.0,0.0,2.0,1.0,4.0,0.0,7.0,1.0,8.0,1.0,4.0,3.0,2.0,0.0,-517.0
64,25,teste,20 23 24 31,1 2 3 4 5 11 12 17,12,P,7.0,1.0,8.0,1.0,4.0,3.0,2.0,0.0,4.0,0.0,5.0,0.0,1.0,1.0,2.0,0.0,508.0
64,26,teste,20 23 24 31,1 2 3 4 5 11 12 22,12,V,4.0,0.0,5.0,0.0,1.0,1.0,2.0,0.0,7.0,1.0,9.0,1.0,4.0,3.0,2.0,0.0,-511.0
64,27,teste,20 23 24 27,1 2 3 4 5 11 12 22,12,P,7.0,1.0,9.0,1.0,4.0,3.0,2.0,0.0,4.0,0.0,6.0,0.0,2.0,0.0,4.0,0.0,510.0
64,28,teste,20 23 24 27,1 3 4 5 6 11 12 22,12,V,4.0,0.0,6.0,0.0,2.0,0.0,4.0,0.0,7.0,1.0,10.0,1.0,4.0,2.0,3.0,0.0,-513.0
64,29,teste,16 23 24 27,1 3 4 5 6 11 12 22,12,P,7.0,1.0,10.0,1.0,4.0,2.0,3.0,0.0,4.0,0.0,7.0,0.0,1.0,0.0,2.0,1.0,721.0
64,30,teste,23 27,1 3 4 5 6 11 22 28,28,V,2.0,0.0,3.0,0.0,1.0,0.0,2.0,0.0,7.0,1.0,10.0,1.0,4.0,2.0,3.0,0.0,-730.0
64,31,teste,19 27,1 3 4 5 6 11 22 28,28,P,7.0,1.0,10.0,1.0,4.0,2.0,3.0,0.0,2.0,0.0,4.0,0.0,2.0,0.0,0.0,0.0,731.0
64,32,teste,19 27,1 3 4 6 9 11 22 28,28,V,2.0,0.0,4.0,0.0,2.0,0.0,0.0,0.0,7.0,1.0,11.0,2.0,4.0,2.0,3.0,0.0,-733.0
64,33,teste,15 27,1 3 4 6 9 11 22 28,28,P,7.0,1.0,11.0,2.0,4.0,2.0,3.0,0.0,2.0,0.0,5.0,0.0,1.0,0.0,0.0,1.0,1600.0
64,34,teste,27,1 3 4 6 9 18 22 28,28,V,1.0,0.0,1.0,0.0,1.0,0.0,0.0,0.0,7.0,1.0,13.0,3.0,3.0,2.0,5.0,0.0,-1600.0
64,35,teste,23,1 3 4 6 9 18 22 28,28,P,7.0,1.0,13.0,3.0,3.0,2.0,5.0,1.0,1.0,0.0,2.0,0.0,0.0,0.0,0.0,1.0,1600.0
65,14,treino,12 18 23 24 27 28 29 30 31,0 1 3 4 5 6 7 10 11 22,,V,9.0,0.0,11.0,1.0,3.0,4.0,7.0,0.0,10.0,0.0,13.0,2.0,3.0,3.0,9.0,0.0,-106.0
65,12,treino,12 17 23 24 25 27 28 29 30 31,0 1 3 4 5 6 7 10 11 13 22,,V,10.0,0.0,12.0,1.0,3.0,4.0,8.0,0.0,11.0,0.0,16.0,3.0,3.0,3.0,9.0,2.0,-0.0
65,10,treino,12 18 22 23 24 25 27 28 29 30 31,0 1 3 4 5 6 7 10 11 13 15,,V,11.0,0.0,14.0,2.0,3.0,4.0,10.0,0.0,11.0,0.0,14.0,2.0,3.0,3.0,10.0,0.0,-8.0
65,13,treino,12 17 18 23 24 27 28 29 30 31,0 1 3 4 5 6 7 10 11 13,,P,10.0,0.0,11.0,2.0,3.0,3.0,9.0,1.0,10.0,0.0,14.0,2.0,3.0,4.0,7.0,1.0,96.0
65,33,treino,20 24 28,1 6 7 10 11 13 27,,P,7.0,0.0,15.0,2.0,2.0,1.0,5.0,0.0,3.0,0.0,3.0,0.0,2.0,1.0,3.0,0.0,514.0
65,29,treino,18 20 23 28 29,1 3 6 9 10 11 13,,P,7.0,0.0,10.0,3.0,2.0,2.0,5.0,0.0,5.0,0.0,7.0,1.0,2.0,2.0,2.0,0.0,349.0
65,5,treino,12 22 23 24 25 26 27 28 29 30 31,0 1 2 3 4 5 6 7 8 11 15,,P,11.0,0.0,11.0,0.0,3.0,4.0,11.0,0.0,11.0,0.0,12.0,1.0,3.0,4.0,10.0,0.0,10.0
65,8,treino,12 18 22 24 25 26 27 28 29 30 31,0 1 3 4 5 6 7 8 10 11 15,,V,11.0,0.0,13.0,2.0,3.0,4.0,10.0,0.0,11.0,0.0,13.0,1.0,3.0,3.0,11.0,0.0,10.0
65,19,treino,12 15 20 23 27 28 29 30,0 1 3 4 6 7 9 10 11 31,31,P,9.0,1.0,9.0,2.0,3.0,3.0,9.0,0.0,8.0,0.0,13.0,0.0,4.0,3.0,2.0,1.0,400.0
65,34,treino,20 24 28,1 6 7 10 11 13 31,31,V,3.0,0.0,3.0,0.0,2.0,1.0,3.0,0.0,6.0,1.0,9.0,2.0,1.0,1.0,5.0,0.0,-523.0
65,6,treino,12 22 23 24 25 26 27 28 29 30 31,0 1 2 3 4 5 6 8 10 11 15,,V,11.0,0.0,12.0,1.0,3.0,4.0,10.0,0.0,11.0,0.0,12.0,1.0,3.0,4.0,10.0,0.0,12.0
65,37,treino,24,1 6 7 10 11 29 31,29 31,P,5.0,2.0,6.0,1.0,1.0,1.0,5.0,0.0,1.0,0.0,1.0,0.0,0.0,0.0,0.0,1.0,1600.0
65,30,treino,18 20 23 28 29,1 6 7 9 10 11 13,,V,5.0,0.0,7.0,1.0,2.0,2.0,2.0,0.0,7.0,0.0,11.0,3.0,1.0,1.0,7.0,0.0,-238.0
65,21,treino,5 12 20 27 28 29 30,0 1 3 4 6 7 10 31,31,P,7.0,1.0,5.0,1.0,2.0,3.0,7.0,0.0,7.0,0.0,13.0,0.0,4.0,3.0,0.0,1.0,309.0
65,28,treino,18 20 28 29 30,1 3 6 9 10 11 13 26,26,V,5.0,0.0,5.0,1.0,2.0,3.0,0.0,0.0,7.0,1.0,10.0,3.0,2.0,2.0,5.0,1.0,-246.0
65,16,treino,12 18 20 23 27 28 29 30 31,0 1 3 4 6 7 9 10 11 22,,V,9.0,0.0,12.0,1.0,4.0,4.0,4.0,0.0,10.0,0.0,14.0,3.0,3.0,3.0,9.0,0.0,-122.0
65,25,treino,20 23 28 29 30,1 3 6 7 9 10 13 31,31,P,7.0,1.0,9.0,3.0,1.0,2.0,7.0,0.0,5.0,0.0,4.0,0.0,2.0,3.0,0.0,0.0,423.0
65,17,treino,12 18 20 23 26 27 28 29 30,0 1 3 4 6 7 9 10 11 22,,P,10.0,0.0,14.0,3.0,3.0,3.0,9.0,1.0,9.0,0.0,13.0,1.0,4.0,3.0,5.0,1.0,285.0
65,23,treino,8 20 27 28 29 30,1 3 4 6 7 9 10 31,31,P,7.0,1.0,7.0,2.0,2.0,2.0,6.0,0.0,6.0,0.0,8.0,0.0,3.0,3.0,0.0,1.0,421.0
65,36,treino,28,1 6 7 10 11 29 31,29 31,V,1.0,0.0,0.0,0.0,1.0,1.0,0.0,0.0,5.0,2.0,6.0,1.0,1.0,1.0,5.0,0.0,-1600.0
65,22,treino,12 20 27 28 29 30,1 3 4 6 7 9 10 31,31,V,6.0,0.0,7.0,0.0,4.0,3.0,0.0,0.0,7.0,1.0,7.0,2.0,2.0,2.0,6.0,0.0,-302.0
65,20,treino,12 20 23 27 28 29 30,0 1 3 4 6 7 9 10 18 31,31,V,7.0,0.0,9.0,0.0,4.0,3.0,2.0,0.0,9.0,1.0,11.0,3.0,2.0,3.0,8.0,1.0,-309.0
65,26,treino,20 23 28 29 30,1 3 6 7 9 10 13 26,26,V,5.0,0.0,4.0,0.0,2.0,3.0,0.0,1.0,7.0,1.0,9.0,3.0,1.0,2.0,7.0,0.0,-429.0
65,35,treino,16 24 28,1 6 7 10 11 13 31,31,P,6.0,1.0,9.0,2.0,1.0,1.0,5.0,1.0,3.0,0.0,4.0,0.0,1.0,1.0,2.0,1.0,1600.0
65,32,treino,20 28 29,1 6 7 10 11 13 27,,V,3.0,0.0,2.0,0.0,2.0,2.0,0.0,0.0,7.0,0.0,15.0,2.0,2.0,1.0,5.0,0.0,-514.0
65,15,treino,12 18 20 23 27 28 29 30 31,0 1 3 4 5 6 7 10 11 22,,P,10.0,0.0,13.0,2.0,3.0,3.0,9.0,0.0,9.0,0.0,12.0,1.0,4.0,4.0,4.0,0.0,131.0
65,18,treino,12 18 20 23 27 28 29 30,0 1 3 4 6 7 9 10 11 31,31,V,8.0,0.0,12.0,1.0,4.0,3.0,3.0,0.0,9.0,1.0,9.0,2.0,3.0,3.0,9.0,0.0,-301.0
65,27,treino,18 20 28 29 30,1 3 6 7 9 10 13 26,26,P,7.0,1.0,9.0,3.0,1.0,2.0,7.0,1.0,5.0,0.0,5.0,1.0,2.0,3.0,0.0,0.0,535.0
65,9,treino,12 18 22 23 24 25 27 28 29 30 31,0 1 3 4 5 6 7 8 10 11 15,,P,11.0,0.0,13.0,1.0,3.0,3.0,11.0,0.0,11.0,0.0,14.0,2.0,3.0,4.0,10.0,0.0,6.0
65,24,treino,20 27 28 29 30,1 3 6 7 9 10 13 31,31,V,5.0,0.0,3.0,0.0,3.0,3.0,0.0,0.0,7.0,1.0,9.0,3.0,1.0,2.0,7.0,0.0,-424.0
65,4,treino,21 22 23 24 25 26 27 28 29 30 31,0 1 2 3 4 5 6 7 8 11 15 16,,V,11.0,0.0,10.0,2.0,2.0,4.0,11.0,0.0,12.0,0.0,15.0,0.0,3.0,4.0,11.0,1.0,-10.0
65,7,treino,12 18 22 24 25 26 27 28 29 30 31,0 1 2 3 4 5 6 8 10 11 15,,P,11.0,0.0,12.0,1.0,3.0,4.0,10.0,0.0,11.0,0.0,13.0,2.0,3.0,4.0,10.0,0.0,16.0
66,50,validacao,12 17 18 20,11 19 23,12 23,V,3.0,1.0,8.0,2.0,2.0,0.0,0.0,1.0,2.0,1.0,6.0,0.0,2.0,0.0,2.0,0.0,125.0
66,5,validacao,11 19 20 21 24 25 26 27 28 29 30 31,0 1 2 3 4 5 6 7 9 10 13,,P,11.0,0.0,11.0,3.0,2.0,4.0,11.0,0.0,12.0,0.0,16.0,1.0,5.0,4.0,10.0,0.0,-101.0
66,25,validacao,7 20 21 25 29 31,0 1 4 5 6 11 27,,P,7.0,0.0,11.0,0.0,3.0,2.0,5.0,0.0,6.0,0.0,11.0,1.0,1.0,2.0,3.0,0.0,49.0
66,4,validacao,18 19 20 21 24 25 26 27 28 29 30 31,0 1 2 3 4 5 6 7 9 10 13 15,,V,12.0,0.0,14.0,2.0,4.0,4.0,10.0,1.0,12.0,0.0,14.0,3.0,2.0,4.0,12.0,1.0,101.0
66,34,validacao,0 16 20 22 29 31,4 8 11 15 27,0,V,5.0,1.0,7.0,1.0,1.0,2.0,2.0,0.0,5.0,0.0,14.0,0.0,3.0,0.0,4.0,0.0,159.0
66,41,validacao,0 20 21 22,4 11 19 31,0 31,P,3.0,1.0,7.0,0.0,3.0,0.0,0.0,0.0,3.0,1.0,6.0,2.0,1.0,0.0,0.0,0.0,-7.0
66,51,validacao,16 17 18 20,11 19 23,16 23,P,2.0,1.0,6.0,0.0,2.0,0.0,2.0,0.0,3.0,1.0,8.0,2.0,1.0,0.0,2.0,1.0,1600.0
66,33,validacao,0 16 20 22 29 31,4 8 10 11 27,0,P,5.0,0.0,13.0,1.0,3.0,0.0,2.0,0.0,5.0,1.0,7.0,1.0,1.0,2.0,2.0,0.0,-170.0
66,16,validacao,20 21 22 23 24 25 28 29 31,0 1 4 5 6 9 10 11 13 14,,V,9.0,0.0,10.0,2.0,2.0,3.0,7.0,0.0,10.0,0.0,15.0,4.0,2.0,2.0,9.0,0.0,-111.0
66,26,validacao,7 20 21 25 29 31,0 1 5 6 8 11 27,,V,6.0,0.0,11.0,1.0,1.0,2.0,3.0,0.0,7.0,0.0,12.0,0.0,2.0,2.0,5.0,0.0,-50.0
66,15,validacao,7 20 21 22 23 24 25 28 29 31,0 1 2 4 5 6 9 10 13 14,,P,10.0,0.0,13.0,4.0,1.0,3.0,10.0,0.0,10.0,0.0,16.0,2.0,2.0,3.0,7.0,1.0,111.0
66,6,validacao,11 19 20 21 24 25 26 27 28 29 30 31,0 1 2 3 4 5 6 7 9 13 14,,V,12.0,0.0,16.0,1.0,5.0,4.0,10.0,0.0,11.0,0.0,12.0,3.0,2.0,4.0,11.0,0.0,112.0
66,8,validacao,11 19 20 21 22 24 25 27 28 29 30 31,0 1 2 3 4 5 6 9 10 13 14,,V,12.0,0.0,17.0,2.0,5.0,4.0,10.0,0.0,11.0,0.0,13.0,4.0,2.0,4.0,10.0,0.0,122.0
66,9,validacao,11 19 20 21 22 23 24 25 28 29 30 31,0 1 2 3 4 5 6 9 10 13 14,,P,11.0,0.0,13.0,4.0,2.0,4.0,10.0,0.0,12.0,0.0,18.0,2.0,4.0,4.0,10.0,0.0,-105.0
66,21,validacao,7 14 20 23 24 25 28 29 31,0 1 4 5 6 9 11 17,,P,8.0,0.0,11.0,2.0,2.0,2.0,6.0,0.0,9.0,0.0,16.0,1.0,2.0,3.0,5.0,1.0,41.0
66,39,validacao,0 20 22 24,4 11 15 31,0 31,P,3.0,1.0,6.0,0.0,2.0,0.0,2.0,0.0,3.0,1.0,5.0,1.0,1.0,0.0,2.0,0.0,6.0
66,52,validacao,20,11 12 19,12,V,1.0,0.0,2.0,0.0,1.0,0.0,0.0,0.0,2.0,1.0,6.0,0.0,3.0,0.0,0.0,0.0,-1600.0
66,46,validacao,12 20 21 22,11 19 31,12 31,V,3.0,1.0,6.0,2.0,2.0,0.0,0.0,0.0,2.0,1.0,6.0,0.0,2.0,0.0,0.0,0.0,114.0
66,28,validacao,7 20 21 22 29 31,0 1 5 8 10 11 27,,V,6.0,0.0,12.0,2.0,1.0,2.0,0.0,0.0,7.0,0.0,13.0,1.0,2.0,2.0,4.0,0.0,-54.0
66,29,validacao,2 20 21 22 29 31,0 1 5 8 10 11 27,2,P,7.0,0.0,13.0,1.0,2.0,2.0,4.0,0.0,5.0,1.0,6.0,2.0,1.0,2.0,0.0,0.0,131.0
66,24,validacao,7 20 25 28 29 31,0 1 4 5 6 11 24 27,,V,6.0,0.0,9.0,0.0,2.0,3.0,2.0,0.0,8.0,0.0,17.0,0.0,3.0,2.0,5.0,1.0,-113.0
66,53,validacao,16,11 12 19,12,P,2.0,1.0,6.0,0.0,3.0,0.0,0.0,0.0,1.0,0.0,3.0,0.0,0.0,0.0,0.0,1.0,1600.0
66,43,validacao,5 20 21 22,4 11 19 27,5 27,P,3.0,1.0,7.0,0.0,4.0,0.0,0.0,0.0,3.0,1.0,6.0,2.0,1.0,0.0,0.0,0.0,-5.0
66,30,validacao,2 20 21 22 29 31,1 4 5 8 10 11 27,2,V,5.0,1.0,6.0,2.0,1.0,2.0,0.0,0.0,7.0,0.0,14.0,1.0,3.0,1.0,4.0,0.0,-49.0
66,47,validacao,12 17 20 22,11 19 31,12 31,P,2.0,1.0,6.0,0.0,2.0,0.0,0.0,0.0,3.0,1.0,7.0,2.0,2.0,0.0,2.0,0.0,-121.0
66,32,validacao,2 16 20 22 29 31,4 5 6 8 10 11 27,2,V,5.0,1.0,7.0,1.0,1.0,2.0,2.0,0.0,7.0,0.0,15.0,1.0,3.0,0.0,5.0,1.0,151.0
66,20,validacao,7 18 20 23 24 25 28 29 31,0 1 4 5 6 9 11 17,,V,9.0,0.0,15.0,1.0,2.0,3.0,7.0,0.0,8.0,0.0,11.0,2.0,2.0,2.0,6.0,0.0,171.0
66,48,validacao,12 17 20 22,11 19 26,12 26,V,3.0,1.0,7.0,2.0,2.0,0.0,2.0,0.0,2.0,1.0,6.0,0.0,2.0,0.0,0.0,0.0,121.0
66,42,validacao,0 20 21 22,4 11 19 27,0 27,V,3.0,1.0,6.0,2.0,1.0,0.0,0.0,0.0,3.0,1.0,7.0,0.0,4.0,0.0,0.0,0.0,5.0
66,11,validacao,11 15 20 21 22 23 24 25 28 29 30 31,0 1 2 4 5 6 7 9 10 13 14,,P,11.0,0.0,14.0,4.0,1.0,3.0,11.0,0.0,12.0,0.0,19.0,2.0,3.0,4.0,10.0,1.0,2.0
66,13,validacao,11 20 21 22 23 24 25 28 29 31,0 1 2 4 5 6 7 9 13 14,,P,10.0,0.0,12.0,3.0,1.0,3.0,10.0,0.0,10.0,0.0,15.0,2.0,3.0,3.0,7.0,0.0,107.0
66,40,validacao,0 20 22 24,4 11 19 31,0 31,V,3.0,1.0,5.0,1.0,1.0,0.0,2.0,0.0,3.0,1.0,7.0,0.0,3.0,0.0,0.0,0.0,3.0
67,7,treino,18 20 22 23 24 25 26 28 29 30 31,0 1 2 3 4 6 7 9 11 12 15,,P,11.0,0.0,13.0,1.0,4.0,4.0,10.0,0.0,11.0,0.0,12.0,2.0,2.0,4.0,11.0,0.0,7.0
67,4,treino,17 18 20 22 24 25 26 27 28 29 30 31,0 1 2 3 4 5 6 7 9 11 13 15,,V,12.0,0.0,14.0,3.0,3.0,4.0,12.0,0.0,12.0,0.0,14.0,2.0,3.0,4.0,12.0,1.0,-4.0
67,14,treino,18 19 20 21 22 24 25 26 28 30 31,1 3 4 6 7 8 9 10 11 12 15,,V,11.0,0.0,15.0,3.0,3.0,3.0,10.0,0.0,11.0,0.0,17.0,2.0,4.0,2.0,11.0,0.0,4.0
67,17,treino,8 18 19 20 22 24 25 26 28 30 31,1 3 4 6 7 9 10 11 12 15,,P,10.0,0.0,15.0,2.0,4.0,2.0,8.0,0.0,11.0,0.0,18.0,2.0,3.0,3.0,9.0,1.0,5.0
67,16,treino,17 18 19 20 22 24 25 26 28 30 31,1 3 4 6 7 9 10 11 12 13 15,,V,11.0,0.0,16.0,3.0,3.0,3.0,10.0,0.0,11.0,0.0,18.0,3.0,4.0,2.0,9.0,1.0,-14.0
67,11,treino,18 20 21 22 23 24 25 26 28 30 31,0 1 3 4 6 7 9 10 11 12 15,,P,11.0,0.0,15.0,2.0,4.0,3.0,10.0,0.0,11.0,0.0,14.0,3.0,2.0,3.0,11.0,0.0,-3.0
67,6,treino,18 20 22 24 25 26 27 28 29 30 31,0 1 2 3 4 6 7 9 11 12 15,,V,11.0,0.0,11.0,2.0,3.0,4.0,11.0,0.0,11.0,0.0,13.0,1.0,4.0,4.0,10.0,0.0,10.0
67,12,treino,18 20 21 22 23 24 25 26 28 30 31,1 3 4 5 6 7 9 10 11 12 15,,V,11.0,0.0,14.0,3.0,2.0,3.0,11.0,0.0,11.0,0.0,16.0,2.0,4.0,2.0,9.0,0.0,8.0
67,20,treino,18 19 20 21 22 24 26 28 30 31,1 3 6 7 9 10 11 12 15 16,,V,10.0,0.0,14.0,3.0,3.0,3.0,9.0,1.0,10.0,0.0,18.0,2.0,3.0,2.0,10.0,1.0,10.0
67,5,treino,8 18 20 22 24 25 26 27 28 29 30 31,0 1 2 3 4 5 6 7 9 11 15,,P,11.0,0.0,11.0,1.0,3.0,4.0,11.0,0.0,12.0,0.0,16.0,2.0,3.0,4.0,11.0,1.0,-8.0
67,35,treino,1 12 13 18 24 26 28 31,11,1 18,P,1.0,0.0,2.0,0.0,1.0,0.0,0.0,0.0,6.0,2.0,10.0,2.0,2.0,2.0,4.0,0.0,-1600.0
67,27,treino,2 12 19 22 24 26 28 31,1 3 7 11 15,2,P,5.0,0.0,6.0,0.0,2.0,2.0,4.0,1.0,7.0,1.0,11.0,1.0,3.0,2.0,5.0,0.0,-405.0
67,26,treino,12 18 19 22 24 26 28 31,1 3 6 7 11 14 15,,V,8.0,0.0,14.0,2.0,3.0,2.0,6.0,1.0,7.0,0.0,10.0,1.0,2.0,2.0,6.0,2.0,400.0
67,15,treino,17 18 19 20 22 24 25 26 28 30 31,1 3 4 6 7 8 9 10 11 12 15,,P,11.0,0.0,17.0,2.0,4.0,2.0,11.0,0.0,11.0,0.0,16.0,3.0,3.0,3.0,10.0,0.0,14.0
67,23,treino,18 19 21 22 24 26 28 31,1 3 6 7 10 11 12 15,,P,8.0,0.0,12.0,1.0,3.0,2.0,7.0,0.0,8.0,0.0,12.0,3.0,2.0,2.0,7.0,0.0,-12.0
67,19,treino,18 19 20 21 22 24 26 28 30 31,1 3 6 7 9 10 11 12 13 15,,P,10.0,0.0,17.0,3.0,3.0,2.0,9.0,0.0,10.0,0.0,14.0,3.0,3.0,3.0,9.0,0.0,26.0
67,32,treino,1 12 18 22 24 26 28 31,7,1 18,V,6.0,2.0,8.0,2.0,2.0,2.0,6.0,0.0,1.0,0.0,1.0,0.0,0.0,0.0,0.0,0.0,918.0
67,24,treino,18 19 21 22 24 26 28 31,1 3 6 7 10 11 15 16,,V,8.0,0.0,12.0,3.0,2.0,2.0,7.0,1.0,8.0,0.0,13.0,1.0,2.0,2.0,7.0,1.0,117.0
67,25,treino,12 18 19 22 24 26 28 31,1 3 6 7 10 11 15,,P,7.0,0.0,9.0,1.0,2.0,2.0,7.0,0.0,8.0,0.0,14.0,2.0,3.0,2.0,6.0,0.0,-120.0
67,31,treino,1 12 18 22 24 26 28 31,3,1 18,P,1.0,0.0,0.0,0.0,1.0,1.0,0.0,0.0,6.0,2.0,8.0,2.0,2.0,2.0,6.0,0.0,-926.0
67,30,treino,1 2 12 22 24 26 28 31,3 7 15,1 2,V,6.0,2.0,8.0,1.0,2.0,2.0,5.0,0.0,3.0,0.0,4.0,0.0,1.0,1.0,2.0,1.0,923.0
67,33,treino,1 12 17 18 24 26 28 31,7,1 18,P,1.0,0.0,1.0,0.0,0.0,0.0,0.0,0.0,6.0,2.0,9.0,2.0,2.0,2.0,4.0,0.0,-927.0
67,34,treino,1 12 17 18 24 26 28 31,11,1 18,V,6.0,2.0,9.0,2.0,2.0,2.0,4.0,0.0,1.0,0.0,2.0,0.0,1.0,0.0,0.0,0.0,1600.0
67,28,treino,2 12 19 22 24 26 28 31,3 6 7 11 15,2,V,7.0,1.0,11.0,1.0,3.0,2.0,5.0,0.0,5.0,0.0,7.0,0.0,2.0,1.0,4.0,2.0,691.0
67,36,treino,1 12 13 18 24 26 28 31,15,1 18,V,6.0,2.0,10.0,2.0,2.0,2.0,4.0,1.0,1.0,0.0,3.0,0.0,0.0,0.0,0.0,1.0,1600.0
67,21,treino,13 18 19 21 22 24 26 28 30 31,1 3 6 7 9 10 11 12 15,,P,9.0,0.0,14.0,2.0,3.0,2.0,8.0,0.0,10.0,0.0,16.0,4.0,2.0,3.0,8.0,1.0,-10.0
67,13,treino,18 19 20 21 22 24 25 26 28 30 31,1 3 4 5 6 7 9 10 11 12 15,,P,11.0,0.0,16.0,2.0,4.0,2.0,9.0,0.0,11.0,0.0,15.0,3.0,3.0,3.0,10.0,0.0,16.0
67,22,treino,18 19 22 24 26 28 30 31,1 3 6 7 10 11 12 15 25,,V,8.0,0.0,10.0,2.0,2.0,3.0,7.0,0.0,9.0,0.0,18.0,1.0,3.0,2.0,7.0,1.0,7.0
67,9,treino,18 20 21 22 23 25 26 28 29 30 31,0 1 2 3 4 6 9 10 11 12 15,,P,11.0,0.0,14.0,2.0,4.0,4.0,9.0,0.0,11.0,0.0,13.0,3.0,2.0,4.0,9.0,0.0,7.0
67,10,treino,18 20 21 22 23 25 26 28 29 30 31,0 1 3 4 6 7 9 10 11 12 15,,V,11.0,0.0,13.0,3.0,2.0,4.0,9.0,0.0,11.0,0.0,15.0,2.0,4.0,3.0,10.0,0.0,3.0
67,29,treino,1 2 12 22 24 26 28 31,3 7 11,1 2,P,3.0,0.0,3.0,0.0,2.0,1.0,3.0,0.0,6.0,2.0,8.0,1.0,2.0,2.0,5.0,0.0,-713.0
67,8,treino,18 20 22 23 24 25 26 28 29 30 31,0 1 2 3 4 6 9 10 11 12 15,,V,11.0,0.0,12.0,2.0,2.0,4.0,11.0,0.0,11.0,0.0,14.0,2.0,4.0,4.0,9.0,0.0,5.0
68,33,treino,16 22 23 28,1 3 4 7 10 15 29,29,P,6.0,1.0,7.0,1.0,2.0,2.0,4.0,0.0,4.0,0.0,7.0,1.0,1.0,1.0,0.0,0.0,385.0
68,16,treino,14 20 24 27 28 29 30 31,1 2 3 4 6 7 11 13,,V,8.0,0.0,8.0,1.0,3.0,4.0,6.0,0.0,8.0,0.0,8.0,1.0,3.0,3.0,6.0,0.0,-12.0
68,8,treino,17 20 23 24 25 27 28 29 30 31,0 1 2 3 4 6 7 8 10 11 18,,V,10.0,0.0,10.0,1.0,3.0,4.0,9.0,0.0,11.0,0.0,13.0,2.0,3.0,4.0,10.0,1.0,-19.0
68,30,treino,21 22 23 28 29,1 3 4 7 10 15 20,,V,5.0,0.0,6.0,2.0,1.0,2.0,0.0,0.0,7.0,0.0,12.0,1.0,3.0,2.0,4.0,0.0,-215.0
68,25,treino,21 23 26 28 29 30,1 3 4 6 7 11 19 20,,P,8.0,0.0,14.0,0.0,5.0,2.0,5.0,0.0,6.0,0.0,5.0,1.0,1.0,3.0,3.0,0.0,227.0
68,15,treino,14 20 24 27 28 29 30 31,0 1 2 3 6 7 11 13,,P,8.0,0.0,7.0,1.0,2.0,4.0,6.0,0.0,8.0,0.0,8.0,1.0,3.0,4.0,6.0,0.0,18.0
68,39,treino,16 24,1 3 4 10 19 25 29,29,P,6.0,1.0,13.0,1.0,3.0,2.0,2.0,0.0,2.0,0.0,4.0,0.0,0.0,0.0,0.0,1.0,1600.0
68,17,treino,10 20 24 27 28 29 30 31,1 2 3 4 6 7 11 13,,P,8.0,0.0,8.0,1.0,3.0,3.0,6.0,0.0,8.0,0.0,9.0,1.0,3.0,4.0,6.0,1.0,115.0
68,19,treino,16 24 27 28 29 30 31,1 2 3 4 7 11 13 15,,P,8.0,0.0,10.0,1.0,3.0,3.0,5.0,1.0,7.0,0.0,5.0,0.0,2.0,4.0,5.0,1.0,228.0
68,21,treino,23 24 28 29 30 31,1 2 3 4 7 11 15 20,,P,8.0,0.0,12.0,0.0,4.0,3.0,5.0,0.0,6.0,0.0,3.0,0.0,1.0,4.0,3.0,0.0,230.0
68,35,treino,16 18 22 28,1 3 4 10 11 15 29,29,P,6.0,1.0,8.0,1.0,3.0,2.0,3.0,0.0,4.0,0.0,8.0,2.0,1.0,1.0,2.0,0.0,378.0
68,34,treino,16 22 23 28,1 3 4 10 11 15 29,29,V,4.0,0.0,7.0,1.0,1.0,1.0,0.0,0.0,6.0,1.0,8.0,1.0,3.0,2.0,3.0,0.0,-387.0
68,26,treino,21 23 26 28 29 30,1 3 4 7 10 11 19 20,,V,6.0,0.0,5.0,1.0,1.0,3.0,3.0,0.0,8.0,0.0,15.0,1.0,5.0,2.0,4.0,0.0,-227.0
68,6,treino,17 18 20 23 24 25 27 28 29 30 31,0 1 2 3 4 6 7 8 9 10 11,,V,11.0,0.0,13.0,2.0,3.0,4.0,10.0,0.0,11.0,0.0,11.0,2.0,3.0,4.0,11.0,0.0,15.0
68,24,treino,23 24 26 28 29 30,1 3 4 6 7 11 19 20,,V,6.0,0.0,4.0,0.0,1.0,3.0,6.0,0.0,8.0,0.0,14.0,0.0,5.0,2.0,5.0,0.0,-221.0
68,31,treino,21 22 23 24 28,1 3 4 7 10 15 20,,P,7.0,0.0,12.0,1.0,3.0,2.0,4.0,0.0,5.0,0.0,7.0,2.0,1.0,1.0,3.0,1.0,364.0
68,13,treino,14 20 21 24 27 28 29 30 31,0 1 2 3 6 7 10 11 13,,P,9.0,0.0,9.0,2.0,2.0,4.0,7.0,0.0,9.0,0.0,10.0,2.0,3.0,4.0,7.0,1.0,-5.0
68,37,treino,15 16 22 28,1 3 4 10 11 19 29,29,P,6.0,1.0,9.0,1.0,4.0,2.0,0.0,1.0,4.0,0.0,9.0,1.0,1.0,1.0,0.0,1.0,621.0
68,29,treino,21 22 23 28 29,1 3 4 7 10 11 20,,P,7.0,0.0,11.0,1.0,4.0,2.0,4.0,0.0,5.0,0.0,6.0,2.0,1.0,2.0,0.0,0.0,214.0
68,9,treino,14 17 20 24 25 27 28 29 30 31,0 1 2 3 4 6 7 8 10 11,,P,10.0,0.0,9.0,1.0,3.0,4.0,10.0,0.0,10.0,0.0,12.0,2.0,3.0,4.0,10.0,0.0,19.0
68,18,treino,20 24 27 28 29 30 31,1 2 3 4 7 11 13 15,,V,7.0,0.0,4.0,0.0,3.0,4.0,6.0,0.0,8.0,0.0,10.0,1.0,3.0,3.0,5.0,0.0,-122.0
68,23,treino,23 24 26 28 29 30,1 2 3 4 7 11 19 20,,P,8.0,0.0,13.0,0.0,5.0,3.0,4.0,0.0,6.0,0.0,4.0,0.0,1.0,3.0,6.0,0.0,221.0
68,36,treino,16 18 22 28,1 3 4 10 11 19 29,29,V,4.0,0.0,8.0,2.0,1.0,1.0,2.0,0.0,6.0,1.0,9.0,1.0,4.0,2.0,0.0,0.0,-378.0
68,7,treino,14 17 20 23 24 25 27 28 29 30 31,0 1 2 3 4 6 7 8 9 10 11,,P,11.0,0.0,11.0,2.0,3.0,4.0,11.0,1.0,11.0,0.0,14.0,2.0,3.0,4.0,11.0,1.0,-15.0
68,10,treino,14 17 20 24 25 27 28 29 30 31,0 1 2 3 4 6 7 10 11 13,,V,10.0,0.0,12.0,2.0,3.0,4.0,10.0,1.0,10.0,0.0,10.0,2.0,3.0,4.0,9.0,1.0,-19.0
68,38,treino,16 28,1 3 4 10 19 25 29,29,V,2.0,0.0,3.0,0.0,1.0,1.0,0.0,0.0,6.0,1.0,13.0,1.0,3.0,2.0,2.0,0.0,-677.0
68,12,treino,14 20 24 25 27 28 29 30 31,0 1 2 3 6 7 10 11 13,,V,9.0,0.0,9.0,1.0,3.0,4.0,8.0,1.0,9.0,0.0,9.0,2.0,2.0,4.0,7.0,0.0,5.0
68,20,treino,24 27 28 29 30 31,1 2 3 4 7 11 15 20,,V,6.0,0.0,2.0,0.0,2.0,4.0,5.0,0.0,8.0,0.0,12.0,0.0,4.0,3.0,5.0,0.0,-234.0
68,14,treino,20 21 24 27 28 29 30 31,0 1 2 3 6 7 11 13 17,,V,8.0,0.0,6.0,1.0,3.0,4.0,7.0,0.0,9.0,0.0,11.0,2.0,2.0,4.0,8.0,1.0,-18.0
68,5,treino,17 18 20 23 24 25 27 28 29 30 31,0 1 2 3 4 5 6 7 8 10 11,,P,11.0,0.0,10.0,1.0,3.0,4.0,11.0,0.0,11.0,0.0,13.0,2.0,3.0,4.0,10.0,0.0,1.0
68,27,treino,21 22 23 28 29 30,1 3 4 7 10 11 19 20,,P,8.0,0.0,15.0,1.0,5.0,2.0,4.0,0.0,6.0,0.0,6.0,2.0,1.0,3.0,0.0,1.0,227.0
68,32,treino,21 22 23 28,1 3 4 7 10 15 29,29,V,4.0,0.0,6.0,2.0,1.0,1.0,0.0,0.0,6.0,1.0,7.0,1.0,2.0,2.0,4.0,0.0,-382.0
69,28,treino,11 21 24 27 28 29 31,2 3 4 10 16 20 22,,V,7.0,0.0,9.0,1.0,3.0,3.0,6.0,1.0,7.0,0.0,17.0,2.0,3.0,2.0,2.0,1.0,57.0
69,15,treino,11 21 22 23 24 25 27 28 29 31,0 1 2 3 4 7 9 12 15 20,,P,10.0,0.0,15.0,1.0,4.0,4.0,5.0,0.0,10.0,0.0,14.0,2.0,3.0,3.0,9.0,0.0,-15.0
69,37,treino,5 11 20 21 27 28,3 6 10 31,31,P,3.0,1.0,3.0,1.0,1.0,1.0,2.0,0.0,6.0,0.0,16.0,1.0,4.0,1.0,0.0,0.0,-218.0
69,41,treino,2 5 20 21 23 28,6 15 31,2 31,P,2.0,1.0,4.0,0.0,0.0,0.0,0.0,1.0,5.0,1.0,12.0,1.0,2.0,1.0,0.0,0.0,-332.0
69,69,treino,4 15 20,1 25,1 15 25,P,0.0,2.0,0.0,0.0,0.0,1.0,0.0,0.0,2.0,1.0,8.0,0.0,2.0,0.0,0.0,0.0,-98.0
69,76,treino,4 11 20,2 18,2 4 11 18,V,1.0,2.0,2.0,0.0,3.0,0.0,0.0,0.0,0.0,2.0,0.0,1.0,0.0,1.0,0.0,0.0,103.0
69,91,treino,0 20,3 11,0 3 11,P,0.0,2.0,0.0,0.0,2.0,1.0,0.0,0.0,1.0,1.0,2.0,0.0,1.0,0.0,0.0,0.0,82.0
69,30,treino,11 12 24 27 28 29 31,3 4 6 10 20 22,,V,7.0,0.0,11.0,0.0,4.0,3.0,5.0,0.0,6.0,0.0,14.0,2.0,3.0,1.0,2.0,0.0,95.0
69,72,treino,0 15 20,6 22,0 6 15 22,V,1.0,2.0,2.0,0.0,1.0,0.0,0.0,0.0,0.0,2.0,0.0,1.0,0.0,0.0,0.0,0.0,98.0
69,65,treino,8 18 20,1 25,1 18 25,P,0.0,2.0,0.0,0.0,0.0,1.0,0.0,0.0,2.0,1.0,7.0,1.0,1.0,0.0,0.0,0.0,-44.0
69,4,treino,11 20 21 22 24 25 26 27 28 29 30 31,0 1 2 3 4 5 6 7 8 9 14,,V,12.0,0.0,15.0,2.0,4.0,4.0,11.0,0.0,11.0,0.0,11.0,2.0,2.0,4.0,11.0,0.0,126.0
69,83,treino,1 20,10 11,1 10 11,P,0.0,2.0,0.0,1.0,1.0,0.0,0.0,0.0,1.0,1.0,2.0,0.0,1.0,0.0,0.0,0.0,83.0
69,57,treino,14 16 24,1 25,1 14 25,P,0.0,2.0,0.0,0.0,0.0,1.0,0.0,0.0,2.0,1.0,4.0,1.0,0.0,0.0,0.0,0.0,-43.0
69,73,treino,0 11 20,6 22,0 6 11 22,P,0.0,2.0,0.0,1.0,0.0,0.0,0.0,0.0,1.0,2.0,2.0,0.0,2.0,0.0,0.0,0.0,-100.0
69,20,treino,11 17 22 24 25 27 28 29 31,1 2 3 4 7 9 16 20,,V,9.0,0.0,13.0,2.0,3.0,3.0,8.0,0.0,8.0,0.0,13.0,1.0,3.0,3.0,5.0,0.0,227.0
69,45,treino,5 9 17 20 28,26 31,9 31,P,1.0,1.0,6.0,0.0,0.0,0.0,2.0,0.0,4.0,1.0,11.0,2.0,2.0,1.0,2.0,0.0,-335.0
69,116,treino,5 8,2 7,2 5 7,V,1.0,1.0,5.0,0.0,0.0,0.0,2.0,0.0,0.0,2.0,0.0,0.0,0.0,1.0,2.0,0.0,-69.0
69,87,treino,8 20,10 11,8 10 11,P,0.0,2.0,0.0,1.0,1.0,0.0,0.0,0.0,1.0,1.0,2.0,0.0,1.0,0.0,0.0,0.0,78.0
69,39,treino,5 11 20 21 23 28,3 6 15 31,31,P,3.0,1.0,4.0,0.0,1.0,1.0,0.0,0.0,6.0,0.0,17.0,1.0,3.0,1.0,0.0,0.0,-216.0
69,13,treino,11 21 23 24 25 26 27 28 29 31,0 1 2 3 4 5 7 12 15 20,,P,10.0,0.0,14.0,0.0,4.0,4.0,7.0,0.0,10.0,0.0,13.0,1.0,3.0,3.0,9.0,0.0,-7.0
69,34,treino,11 12 21 27 28 29,3 6 8 10 20 31,31,V,6.0,0.0,12.0,1.0,4.0,2.0,0.0,0.0,5.0,1.0,10.0,1.0,2.0,1.0,2.0,1.0,35.0
69,80,treino,8 20,6 11,6 8 11,V,1.0,1.0,2.0,0.0,1.0,0.0,0.0,0.0,0.0,2.0,0.0,0.0,1.0,0.0,0.0,0.0,-74.0
69,100,treino,8 13,7 11,7 8 11,V,1.0,1.0,4.0,1.0,0.0,0.0,2.0,0.0,0.0,2.0,0.0,0.0,1.0,0.0,2.0,0.0,-67.0
69,49,treino,1 9 13 20 28,26 30,1 9 26 30,P,0.0,2.0,0.0,0.0,0.0,0.0,2.0,0.0,3.0,2.0,6.0,2.0,2.0,1.0,2.0,0.0,-342.0
69,118,treino,1 8,6 7,1 6 7,V,1.0,1.0,5.0,0.0,0.0,0.0,0.0,0.0,0.0,2.0,0.0,0.0,0.0,0.0,0.0,1.0,1600.0
69,9,treino,11 20 21 23 24 25 27 28 29 30 31,0 1 2 3 4 5 7 9 12 15,,P,10.0,0.0,11.0,1.0,3.0,4.0,8.0,0.0,11.0,0.0,14.0,1.0,4.0,4.0,10.0,0.0,-114.0
69,82,treino,5 20,10 11,5 10 11,V,1.0,1.0,2.0,0.0,1.0,0.0,0.0,0.0,0.0,2.0,0.0,1.0,1.0,0.0,0.0,0.0,-78.0
69,10,treino,11 20 21 23 24 25 27 28 29 30 31,0 1 2 3 4 5 7 12 13 15,,V,11.0,0.0,14.0,1.0,4.0,4.0,10.0,0.0,10.0,0.0,12.0,1.0,3.0,4.0,7.0,0.0,123.0
69,92,treino,0 20,3 15,0 3 15,V,1.0,1.0,2.0,0.0,1.0,0.0,0.0,0.0,0.0,2.0,0.0,0.0,1.0,1.0,0.0,0.0,-82.0
69,36,treino,5 11 21 27 28 29,3 6 10 24 31,31,V,6.0,0.0,14.0,1.0,3.0,2.0,0.0,0.0,4.0,1.0,9.0,1.0,1.0,1.0,2.0,1.0,156.0
69,48,treino,5 9 13 20 28,26 30,9 26 30,V,4.0,1.0,12.0,2.0,2.0,1.0,3.0,0.0,0.0,2.0,0.0,0.0,0.0,0.0,2.0,0.0,338.0
69,106,treino,5 13,2 11,2 5 11,V,1.0,1.0,4.0,1.0,0.0,0.0,0.0,0.0,0.0,2.0,0.0,0.0,1.0,1.0,0.0,0.0,-60.0
70,12,treino,17 20 22 23 24 26 28 29 30 31,0 1 2 4 5 6 8 11 15 16,,V,10.0,0.0,11.0,2.0,2.0,4.0,10.0,0.0,10.0,0.0,14.0,0.0,2.0,3.0,9.0,1.0,107.0
70,39,treino,2 20 21 22 27,4 9 15 23,2,P,4.0,0.0,11.0,1.0,1.0,0.0,0.0,1.0,4.0,1.0,7.0,2.0,2.0,0.0,0.0,0.0,-189.0
70,18,treino,17 21 22 23 26 28 29 30 31,0 2 4 5 8 10 11 19,,V,9.0,0.0,10.0,3.0,1.0,4.0,7.0,0.0,8.0,0.0,12.0,1.0,3.0,2.0,4.0,0.0,120.0
70,40,treino,2 20 21 22 27,4 13 15 23,2,V,4.0,1.0,7.0,2.0,2.0,0.0,0.0,0.0,4.0,0.0,12.0,1.0,1.0,0.0,0.0,1.0,402.0
70,14,treino,13 17 22 23 24 26 28 29 30 31,0 1 2 4 5 6 8 11 19,,V,10.0,0.0,13.0,3.0,1.0,4.0,10.0,0.0,9.0,0.0,11.0,0.0,3.0,3.0,7.0,0.0,124.0
70,4,treino,16 17 20 23 24 25 26 27 28 29 30 31,0 1 2 3 4 5 6 8 9 10 11 15,,V,12.0,0.0,14.0,1.0,3.0,4.0,11.0,0.0,12.0,0.0,14.0,2.0,3.0,4.0,11.0,0.0,10.0
70,15,treino,13 17 21 22 23 26 28 29 30 31,0 1 2 4 5 6 8 11 19,,P,9.0,0.0,11.0,0.0,3.0,3.0,7.0,0.0,10.0,0.0,14.0,4.0,1.0,4.0,8.0,0.0,-113.0
70,44,treino,2 11 16 20 22,8 17,2,V,4.0,1.0,12.0,1.0,2.0,0.0,2.0,1.0,2.0,0.0,6.0,1.0,0.0,0.0,0.0,1.0,1600.0
70,42,treino,2 11 20 21 22,8 13,2,V,4.0,1.0,11.0,2.0,2.0,0.0,0.0,0.0,2.0,0.0,5.0,1.0,0.0,0.0,2.0,0.0,527.0
70,13,treino,13 17 22 23 24 26 28 29 30 31,0 1 2 4 5 6 8 11 15,,P,9.0,0.0,10.0,0.0,2.0,3.0,9.0,0.0,10.0,0.0,13.0,3.0,1.0,4.0,10.0,0.0,-109.0
70,19,treino,13 21 22 23 26 28 29 30 31,0 2 4 5 8 10 11 19,,P,8.0,0.0,12.0,1.0,3.0,2.0,4.0,0.0,9.0,0.0,11.0,3.0,1.0,4.0,5.0,1.0,-1.0
70,22,treino,20 22 23 26 28 30 31,0 2 4 8 10 11 19,,V,7.0,0.0,7.0,1.0,2.0,3.0,5.0,0.0,7.0,0.0,11.0,1.0,3.0,2.0,3.0,0.0,-3.0
70,37,treino,2 20 21 22 31,4 9 15 19,2,P,4.0,0.0,10.0,1.0,2.0,0.0,2.0,0.0,4.0,1.0,6.0,2.0,1.0,1.0,0.0,0.0,-185.0
70,35,treino,2 20 21 26 31,4 9 10 19,2,P,4.0,0.0,9.0,2.0,2.0,0.0,0.0,0.0,4.0,1.0,5.0,1.0,1.0,1.0,2.0,0.0,-177.0
70,28,treino,18 20 26 28 30 31,4 5 7 10 11 17 19,,V,6.0,0.0,6.0,1.0,2.0,3.0,3.0,0.0,7.0,0.0,15.0,2.0,3.0,0.0,3.0,0.0,11.0
70,43,treino,2 11 16 20 22,8 13,2,P,2.0,0.0,5.0,1.0,0.0,0.0,2.0,1.0,4.0,1.0,12.0,1.0,2.0,0.0,2.0,0.0,-527.0
70,6,treino,16 17 20 22 23 24 26 27 28 29 30 31,0 1 2 3 4 5 6 8 9 10 11 18,,V,12.0,0.0,15.0,2.0,3.0,4.0,12.0,1.0,12.0,0.0,15.0,3.0,3.0,4.0,9.0,1.0,118.0
70,7,treino,7 16 17 20 22 24 26 27 28 29 30 31,0 1 2 3 4 5 6 8 9 11,,P,10.0,0.0,9.0,1.0,3.0,4.0,8.0,0.0,12.0,0.0,19.0,2.0,3.0,4.0,11.0,1.0,-131.0
70,24,treino,17 20 23 26 28 30 31,0 4 7 8 10 11 19,,V,7.0,0.0,8.0,1.0,2.0,3.0,4.0,0.0,7.0,0.0,12.0,1.0,3.0,1.0,6.0,0.0,1.0
70,26,treino,20 23 26 28 30 31,0 4 7 10 11 17 19,,V,6.0,0.0,5.0,0.0,2.0,3.0,4.0,0.0,7.0,0.0,14.0,2.0,3.0,1.0,5.0,0.0,-115.0
70,30,treino,18 20 25 26 28 31,4 5 7 10 15 17 19,,V,6.0,0.0,7.0,1.0,2.0,2.0,2.0,1.0,7.0,0.0,16.0,2.0,2.0,0.0,4.0,1.0,149.0
70,32,treino,2 20 25 26 28 31,4 9 10 17 19,2,V,5.0,1.0,4.0,0.0,2.0,2.0,2.0,0.0,5.0,0.0,13.0,3.0,2.0,0.0,0.0,0.0,404.0
70,34,treino,2 20 26 28 31,4 9 10 19 24,2,V,4.0,1.0,3.0,0.0,2.0,2.0,2.0,0.0,5.0,0.0,15.0,2.0,2.0,0.0,0.0,1.0,161.0
70,23,treino,17 20 23 26 28 30 31,0 2 4 8 10 11 19,,P,7.0,0.0,11.0,1.0,3.0,2.0,3.0,0.0,7.0,0.0,8.0,1.0,2.0,3.0,4.0,0.0,14.0
70,36,treino,2 20 21 26 31,4 9 15 19,2,V,4.0,1.0,5.0,1.0,1.0,1.0,2.0,0.0,4.0,0.0,10.0,1.0,2.0,0.0,2.0,0.0,186.0
70,20,treino,22 23 26 28 29 30 31,0 2 4 5 10 11 19 24,,V,7.0,0.0,5.0,1.0,1.0,4.0,5.0,0.0,8.0,0.0,16.0,1.0,3.0,2.0,3.0,1.0,-9.0
70,8,treino,16 17 20 22 24 26 27 28 29 30 31,0 1 2 4 5 6 8 9 10 11,,V,11.0,0.0,13.0,2.0,3.0,4.0,11.0,0.0,10.0,0.0,11.0,2.0,2.0,3.0,9.0,0.0,131.0
70,27,treino,18 20 26 28 30 31,0 4 7 10 11 17 19,,P,7.0,0.0,14.0,2.0,3.0,1.0,5.0,0.0,6.0,0.0,6.0,1.0,2.0,3.0,3.0,0.0,117.0
70,16,treino,13 17 21 22 23 26 28 29 30 31,0 1 2 4 5 8 9 11 19,,V,10.0,0.0,14.0,4.0,1.0,4.0,8.0,1.0,9.0,0.0,12.0,1.0,3.0,3.0,6.0,1.0,113.0
70,9,treino,16 17 20 22 23 24 26 28 29 30 31,0 1 2 4 5 6 8 9 10 11,,P,10.0,0.0,11.0,2.0,2.0,3.0,9.0,0.0,11.0,0.0,14.0,2.0,2.0,4.0,11.0,0.0,-100.0
70,11,treino,13 17 20 22 23 24 26 28 29 30 31,0 1 2 4 5 6 8 9 11 15,,P,10.0,0.0,12.0,1.0,2.0,3.0,10.0,0.0,11.0,0.0,15.0,3.0,2.0,4.0,11.0,1.0,-132.0
70,29,treino,18 20 25 26 28 31,4 5 7 10 11 17 19,,P,7.0,0.0,15.0,2.0,3.0,0.0,3.0,0.0,6.0,0.0,7.0,1.0,2.0,2.0,2.0,0.0,105.0
71,16,treino,17 19 20 24 25 28 29 30 31,0 2 3 4 7 9 10 13 15 27,,V,9.0,0.0,10.0,1.0,3.0,4.0,6.0,1.0,10.0,0.0,18.0,3.0,3.0,3.0,9.0,1.0,-145.0
71,15,treino,17 19 20 24 25 28 29 30 31,0 2 3 4 7 8 9 10 15 27,,P,10.0,0.0,17.0,2.0,3.0,3.0,8.0,0.0,9.0,0.0,10.0,1.0,3.0,4.0,6.0,0.0,145.0
71,66,treino,4,7 11 30,30,V,1.0,0.0,6.0,0.0,1.0,0.0,0.0,0.0,2.0,1.0,3.0,0.0,1.0,0.0,2.0,0.0,-220.0
71,22,treino,19 22 24 28 29 30 31,0 3 7 9 10 15 27,,V,7.0,0.0,6.0,1.0,2.0,4.0,3.0,0.0,7.0,0.0,14.0,2.0,2.0,2.0,4.0,0.0,-23.0
71,55,treino,2 12,5 7 11 13 22 26,2 13 26,P,4.0,2.0,9.0,2.0,1.0,0.0,4.0,0.0,1.0,1.0,4.0,0.0,1.0,0.0,0.0,0.0,641.0
71,13,treino,19 20 22 24 25 28 29 30 31,0 2 3 4 6 7 8 10 15 27,,P,10.0,0.0,16.0,1.0,3.0,3.0,9.0,0.0,9.0,0.0,9.0,1.0,3.0,4.0,7.0,0.0,126.0
71,25,treino,18 19 21 28 29 30 31,0 3 7 10 14 15 27,,P,7.0,0.0,15.0,2.0,2.0,2.0,5.0,2.0,7.0,0.0,8.0,2.0,2.0,4.0,0.0,1.0,138.0
71,58,treino,6 12,5 7 8 11 22 31,6 8 31,V,1.0,1.0,4.0,0.0,1.0,0.0,0.0,0.0,4.0,2.0,9.0,1.0,1.0,0.0,4.0,0.0,-515.0
71,70,treino,5,10 11 26,5 26,V,0.0,1.0,0.0,0.0,0.0,0.0,0.0,0.0,2.0,1.0,4.0,1.0,1.0,0.0,0.0,0.0,-221.0
71,43,treino,6 16,3 5 8 11 18 23,8,P,5.0,1.0,12.0,1.0,2.0,1.0,4.0,0.0,2.0,0.0,9.0,0.0,0.0,0.0,0.0,0.0,459.0
71,74,treino,4,10 11 18,4 18,V,0.0,1.0,0.0,0.0,1.0,0.0,0.0,0.0,2.0,1.0,4.0,2.0,1.0,0.0,0.0,0.0,-236.0
71,29,treino,17 19 26 28 29 30,0 3 10 11 15 23 27,,P,7.0,0.0,18.0,1.0,3.0,2.0,5.0,0.0,6.0,0.0,7.0,1.0,2.0,3.0,2.0,0.0,185.0
71,20,treino,19 20 22 24 28 29 30 31,0 2 3 7 9 10 15 16 27,,V,8.0,0.0,8.0,1.0,3.0,4.0,4.0,0.0,9.0,0.0,18.0,2.0,2.0,3.0,5.0,1.0,-25.0
71,31,treino,17 19 25 26 28 30,0 3 10 11 15 23 31,31,P,6.0,1.0,12.0,1.0,2.0,2.0,3.0,0.0,6.0,0.0,8.0,1.0,2.0,2.0,3.0,1.0,416.0
71,41,treino,10 16,3 5 8 11 14 23,8,P,5.0,1.0,11.0,1.0,2.0,1.0,2.0,0.0,2.0,0.0,8.0,1.0,0.0,0.0,0.0,0.0,507.0
71,77,treino,5,10 11 23,5 23,P,2.0,1.0,4.0,1.0,1.0,0.0,0.0,0.0,0.0,1.0,0.0,0.0,0.0,0.0,0.0,0.0,221.0
71,68,treino,0,7 11 26,0 26,V,0.0,1.0,0.0,0.0,0.0,0.0,0.0,0.0,2.0,1.0,3.0,0.0,1.0,0.0,2.0,0.0,-221.0
71,81,treino,4,10 11 14,4 14,P,2.0,1.0,4.0,2.0,1.0,0.0,2.0,0.0,0.0,1.0,0.0,0.0,1.0,0.0,0.0,0.0,236.0
71,36,treino,19 24,3 5 10 11 13 15 23,13,V,2.0,0.0,4.0,0.0,1.0,0.0,0.0,0.0,6.0,1.0,13.0,2.0,2.0,1.0,3.0,0.0,-644.0
71,10,treino,17 19 20 23 24 25 26 28 29 30 31,0 2 3 4 6 7 8 9 10 15,,V,11.0,0.0,13.0,1.0,3.0,4.0,10.0,0.0,10.0,0.0,12.0,2.0,2.0,3.0,10.0,0.0,112.0
71,17,treino,8 19 20 24 25 28 29 30 31,0 2 3 4 7 9 10 15 27,,P,9.0,0.0,15.0,2.0,3.0,3.0,7.0,0.0,9.0,0.0,12.0,0.0,3.0,4.0,6.0,1.0,139.0
71,64,treino,8,7 11 26,26,V,1.0,0.0,5.0,0.0,0.0,0.0,0.0,0.0,2.0,1.0,3.0,0.0,1.0,0.0,2.0,0.0,-283.0
71,69,treino,5,7 11 26,5 26,P,2.0,1.0,3.0,0.0,1.0,0.0,2.0,0.0,0.0,1.0,0.0,0.0,0.0,0.0,0.0,0.0,217.0
71,49,treino,6 12,5 7 8 11 18 31,6 8 31,P,4.0,2.0,8.0,1.0,1.0,0.0,4.0,0.0,1.0,1.0,4.0,0.0,1.0,0.0,0.0,0.0,513.0
71,52,treino,2 12,5 7 8 11 22 26,2 8 26,V,1.0,1.0,4.0,0.0,1.0,0.0,0.0,0.0,4.0,2.0,9.0,1.0,1.0,0.0,6.0,0.0,-1600.0
71,23,treino,19 21 22 28 29 30 31,0 3 7 9 10 15 27,,P,7.0,0.0,14.0,2.0,2.0,2.0,4.0,0.0,7.0,0.0,7.0,2.0,2.0,4.0,0.0,0.0,20.0
71,53,treino,6 12,5 7 8 11 22 26,6 8 26,P,4.0,2.0,9.0,1.0,1.0,0.0,6.0,0.0,1.0,1.0,4.0,0.0,1.0,0.0,0.0,0.0,1600.0
71,46,treino,2 16,3 5 8 11 18 31,2 8 31,V,1.0,1.0,3.0,0.0,0.0,0.0,0.0,0.0,4.0,2.0,7.0,1.0,2.0,1.0,2.0,0.0,-514.0
71,35,treino,19 24,0 3 10 11 13 15 23,13,P,6.0,1.0,12.0,2.0,2.0,2.0,3.0,0.0,2.0,0.0,4.0,0.0,1.0,0.0,0.0,0.0,632.0
71,12,treino,19 20 24 25 26 28 29 30 31,0 2 3 4 6 7 8 10 15 27,,V,9.0,0.0,8.0,0.0,3.0,4.0,8.0,0.0,10.0,0.0,16.0,1.0,3.0,3.0,9.0,0.0,-126.0
71,8,treino,12 17 19 20 23 24 25 26 28 29 30 31,0 1 2 3 4 6 7 8 9 10 15,,V,12.0,0.0,17.0,1.0,4.0,4.0,10.0,0.0,11.0,0.0,12.0,2.0,2.0,4.0,11.0,1.0,103.0
71,5,treino,17 19 20 21 23 24 25 26 28 29 30 31,0 1 2 3 4 5 6 7 9 10 12 15,,P,12.0,0.0,14.0,2.0,3.0,4.0,11.0,0.0,12.0,0.0,15.0,2.0,3.0,4.0,12.0,0.0,8.0
72,29,treino,12 19 25 26 28 31,0 3 5 9 11 20,,P,6.0,0.0,10.0,1.0,3.0,2.0,3.0,0.0,6.0,0.0,9.0,0.0,3.0,2.0,2.0,0.0,3.0
72,41,treino,19 27 28,5 7 12 16 20 25,,P,6.0,0.0,20.0,0.0,2.0,0.0,3.0,0.0,3.0,0.0,4.0,0.0,3.0,1.0,0.0,0.0,406.0
72,8,treino,12 22 23 24 26 27 28 29 30 31,0 1 2 3 4 6 7 10 11 14,,V,10.0,0.0,11.0,1.0,3.0,4.0,9.0,0.0,10.0,0.0,10.0,2.0,3.0,4.0,10.0,0.0,13.0
72,6,treino,12 22 23 24 25 26 27 28 29 30 31,0 1 2 3 4 5 6 7 10 11 13 21,,V,11.0,0.0,12.0,1.0,3.0,4.0,10.0,0.0,12.0,0.0,16.0,3.0,3.0,4.0,10.0,1.0,-4.0
72,13,treino,12 14 20 22 25 26 27 28 29 31,0 2 3 4 5 6 7 10 11,,P,9.0,0.0,8.0,1.0,3.0,3.0,9.0,0.0,10.0,0.0,15.0,2.0,4.0,3.0,6.0,1.0,-120.0
72,20,treino,12 20 23 25 26 28 29 31,0 2 3 5 7 10 13 15,,V,8.0,0.0,10.0,0.0,3.0,3.0,5.0,0.0,8.0,0.0,10.0,2.0,1.0,3.0,7.0,0.0,284.0
72,40,treino,23 27 28,5 7 12 16 20 25,,V,3.0,0.0,3.0,0.0,2.0,1.0,2.0,0.0,6.0,0.0,20.0,0.0,2.0,0.0,3.0,0.0,-409.0
72,27,treino,6 12 23 25 26 28 31,0 2 3 5 11 20,,P,6.0,0.0,8.0,0.0,3.0,3.0,2.0,0.0,7.0,0.0,14.0,0.0,2.0,2.0,3.0,1.0,2.0
72,43,treino,19 23 28,5 10 12 16 20 25,,P,6.0,0.0,21.0,1.0,2.0,0.0,3.0,0.0,3.0,0.0,5.0,0.0,2.0,1.0,2.0,0.0,412.0
72,31,treino,12 19 22 26 28 31,0 5 7 9 11 20,,P,6.0,0.0,11.0,1.0,2.0,1.0,5.0,0.0,6.0,0.0,10.0,1.0,3.0,2.0,3.0,0.0,6.0
72,24,treino,12 22 23 26 28 29 31,0 2 3 5 10 11 15 20,,V,7.0,0.0,9.0,1.0,2.0,3.0,4.0,0.0,8.0,0.0,13.0,1.0,3.0,3.0,5.0,0.0,-111.0
72,26,treino,12 22 23 25 26 28 31,0 2 3 5 10 11 18 20,,V,7.0,0.0,10.0,1.0,2.0,2.0,5.0,1.0,8.0,0.0,14.0,2.0,3.0,3.0,2.0,1.0,0.0
72,5,treino,12 17 22 23 24 25 26 27 28 29 30 31,0 1 2 3 4 5 6 7 10 11 13 14,,P,12.0,0.0,14.0,3.0,3.0,4.0,11.0,1.0,12.0,0.0,15.0,2.0,3.0,4.0,11.0,1.0,4.0
72,23,treino,12 22 23 26 28 29 31,0 2 3 5 7 10 15 20,,P,8.0,0.0,12.0,1.0,2.0,3.0,7.0,0.0,7.0,0.0,9.0,1.0,2.0,3.0,4.0,0.0,131.0
72,45,treino,19 23 24,5 10 12 16 20 30,30,P,5.0,1.0,15.0,1.0,2.0,0.0,3.0,0.0,3.0,0.0,6.0,0.0,1.0,0.0,2.0,1.0,578.0
72,21,treino,12 16 23 25 26 28 29 31,0 2 3 5 7 10 13 15,,P,8.0,0.0,10.0,2.0,1.0,3.0,7.0,1.0,8.0,0.0,11.0,0.0,2.0,3.0,7.0,1.0,115.0
72,4,treino,12 21 22 23 24 25 26 27 28 29 30 31,0 1 2 3 4 5 6 7 10 11 13 14,,V,12.0,0.0,14.0,2.0,3.0,4.0,11.0,0.0,12.0,0.0,14.0,3.0,3.0,4.0,11.0,0.0,13.0
72,10,treino,12 20 22 23 26 27 28 29 30 31,0 2 3 4 5 6 7 10 11 14,,V,10.0,0.0,12.0,1.0,4.0,4.0,6.0,0.0,10.0,0.0,11.0,2.0,3.0,3.0,10.0,0.0,10.0
72,16,treino,12 13 20 25 26 27 28 29 31,0 2 3 4 5 7 10 11,,V,9.0,0.0,13.0,1.0,4.0,3.0,5.0,0.0,8.0,0.0,7.0,1.0,3.0,3.0,8.0,0.0,103.0
72,9,treino,12 20 22 23 26 27 28 29 30 31,0 1 2 3 4 6 7 10 11 14,,P,10.0,0.0,10.0,2.0,3.0,4.0,10.0,0.0,10.0,0.0,12.0,1.0,4.0,4.0,6.0,0.0,24.0
72,14,treino,12 20 22 25 26 27 28 29 31,0 2 3 4 5 6 7 11 17,,V,9.0,0.0,11.0,1.0,4.0,3.0,6.0,0.0,9.0,0.0,10.0,1.0,3.0,3.0,8.0,1.0,95.0
72,22,treino,12 23 25 26 28 29 31,0 2 3 5 7 10 15 20,,V,7.0,0.0,8.0,0.0,2.0,3.0,5.0,0.0,8.0,0.0,12.0,1.0,2.0,3.0,7.0,0.0,-115.0
72,38,treino,23 28 31,0 7 12 16 20 25,,V,3.0,0.0,2.0,0.0,1.0,2.0,0.0,0.0,6.0,0.0,19.0,0.0,2.0,1.0,3.0,0.0,-411.0
72,32,treino,12 19 22 26 28 31,0 5 7 11 13 20,,V,6.0,0.0,10.0,1.0,3.0,2.0,3.0,0.0,6.0,0.0,12.0,1.0,2.0,1.0,4.0,0.0,3.0
72,47,treino,15 23,5 10 12 16 29 30,29 30,P,4.0,2.0,10.0,1.0,1.0,0.0,2.0,1.0,2.0,0.0,6.0,0.0,0.0,0.0,0.0,1.0,1600.0
72,7,treino,9 12 22 23 24 26 27 28 29 30 31,0 1 2 3 4 5 6 7 10 11,,P,10.0,0.0,8.0,1.0,3.0,4.0,10.0,0.0,11.0,0.0,16.0,2.0,3.0,4.0,9.0,1.0,-6.0
72,42,treino,19 27 28,5 10 12 16 20 25,,V,3.0,0.0,4.0,0.0,3.0,1.0,0.0,0.0,6.0,0.0,21.0,1.0,2.0,0.0,3.0,0.0,-415.0
72,15,treino,12 13 20 25 26 27 28 29 31,0 2 3 4 5 6 7 11,,P,8.0,0.0,6.0,0.0,3.0,3.0,8.0,0.0,9.0,0.0,13.0,1.0,4.0,3.0,5.0,0.0,-100.0
72,39,treino,23 27 28,0 7 12 16 20 25,,P,6.0,0.0,19.0,0.0,2.0,1.0,3.0,0.0,3.0,0.0,3.0,0.0,2.0,1.0,2.0,0.0,410.0
72,44,treino,19 23 28,5 10 12 16 20 30,30,V,3.0,0.0,5.0,0.0,2.0,1.0,2.0,0.0,5.0,1.0,15.0,1.0,2.0,0.0,3.0,0.0,-421.0
72,34,treino,12 19 22 23 28 31,0 5 7 11 16 20,,V,6.0,0.0,11.0,1.0,3.0,2.0,2.0,0.0,6.0,0.0,13.0,0.0,2.0,1.0,6.0,0.0,-10.0
72,11,treino,12 20 22 23 25 26 27 28 29 31,0 2 3 4 5 6 7 10 11 14,,P,10.0,0.0,11.0,2.0,3.0,3.0,10.0,0.0,10.0,0.0,13.0,1.0,4.0,3.0,7.0,0.0,20.0
73,4,teste,16 19 21 22 24 25 26 27 28 29 30 31,0 1 2 3 4 5 6 7 9 10 13 15,,V,12.0,0.0,14.0,2.0,3.0,4.0,11.0,1.0,12.0,0.0,14.0,3.0,2.0,4.0,12.0,0.0,-14.0
73,5,teste,16 19 20 21 22 25 26 27 28 29 30 31,0 1 2 3 4 5 6 7 9 10 13 15,,P,12.0,0.0,14.0,3.0,2.0,4.0,12.0,0.0,12.0,0.0,15.0,2.0,4.0,4.0,10.0,0.0,14.0
73,6,teste,16 19 20 21 22 25 26 27 28 29 30 31,0 1 2 3 5 6 7 8 9 10 13 15,,V,12.0,0.0,15.0,2.0,4.0,4.0,10.0,0.0,12.0,0.0,15.0,3.0,1.0,4.0,12.0,0.0,117.0
73,7,teste,16 19 20 21 22 24 25 26 27 29 30 31,0 1 2 3 5 6 7 8 9 10 13 15,,P,12.0,0.0,15.0,3.0,1.0,4.0,12.0,0.0,12.0,0.0,16.0,2.0,3.0,3.0,11.0,0.0,15.0
73,8,teste,16 19 20 21 22 24 25 26 27 29 30 31,0 1 2 3 5 6 7 9 10 12 13 15,,V,12.0,0.0,16.0,2.0,3.0,3.0,11.0,0.0,12.0,0.0,16.0,3.0,2.0,4.0,11.0,0.0,118.0
73,9,teste,16 17 19 20 22 24 25 26 27 29 30 31,0 1 2 3 5 6 7 9 10 12 13 15,,P,12.0,0.0,16.0,3.0,2.0,4.0,11.0,1.0,12.0,0.0,17.0,2.0,3.0,3.0,11.0,1.0,299.0
73,10,teste,17 19 20 22 25 26 27 29 30 31,0 1 2 3 5 6 7 9 10 13 15 28,28,V,10.0,0.0,13.0,2.0,3.0,3.0,8.0,0.0,11.0,1.0,13.0,3.0,2.0,4.0,11.0,1.0,-299.0
73,11,teste,8 19 20 22 25 26 27 29 30 31,0 1 2 3 5 6 7 9 10 15 28,28,P,10.0,1.0,10.0,2.0,2.0,4.0,10.0,0.0,10.0,0.0,15.0,1.0,3.0,3.0,7.0,1.0,293.0
73,12,teste,19 20 22 25 26 27 29 30 31,0 1 2 3 6 7 9 10 12 15 28,28,V,9.0,0.0,10.0,1.0,3.0,3.0,7.0,0.0,10.0,1.0,12.0,2.0,3.0,4.0,8.0,0.0,-293.0
73,13,teste,19 20 22 23 25 26 29 30 31,0 1 2 3 6 7 9 10 12 15 28,28,P,10.0,1.0,12.0,2.0,3.0,4.0,8.0,0.0,9.0,0.0,11.0,1.0,2.0,3.0,8.0,0.0,300.0
73,14,teste,19 20 22 23 25 26 29 30 31,1 2 3 4 6 7 9 10 12 15 28,28,V,9.0,0.0,11.0,1.0,2.0,3.0,8.0,0.0,10.0,1.0,13.0,2.0,4.0,3.0,8.0,0.0,-290.0
73,15,teste,17 19 20 23 25 26 29 30 31,1 2 3 4 6 7 9 10 12 15 28,28,P,10.0,1.0,13.0,2.0,4.0,3.0,8.0,0.0,9.0,0.0,12.0,1.0,2.0,3.0,7.0,0.0,306.0
73,16,teste,17 19 20 23 25 26 29 30 31,2 3 4 5 6 7 9 10 12 15 28,28,V,9.0,0.0,12.0,1.0,2.0,3.0,7.0,0.0,10.0,1.0,14.0,2.0,4.0,2.0,8.0,0.0,-282.0
73,17,teste,17 19 20 22 23 26 29 30 31,2 3 4 5 6 7 9 10 12 15 28,28,P,10.0,1.0,14.0,2.0,4.0,2.0,8.0,0.0,9.0,0.0,13.0,2.0,2.0,3.0,7.0,0.0,286.0
73,18,teste,17 19 20 22 23 26 29 30 31,2 3 4 5 6 7 10 12 14 15 28,28,V,9.0,0.0,13.0,2.0,2.0,3.0,7.0,1.0,10.0,1.0,15.0,2.0,4.0,2.0,7.0,0.0,-314.0
73,19,teste,17 19 20 22 23 26 27 29 30,2 3 4 5 6 7 10 12 14 15 28,28,P,10.0,1.0,15.0,2.0,4.0,2.0,7.0,0.0,9.0,0.0,14.0,2.0,3.0,2.0,7.0,1.0,385.0
73,20,teste,19 20 22 23 26 27 29 30,2 3 4 5 6 7 10 12 15 21 28,28,V,8.0,0.0,11.0,1.0,3.0,2.0,6.0,0.0,10.0,1.0,17.0,2.0,4.0,2.0,6.0,0.0,-283.0
73,21,teste,16 19 22 23 26 27 29 30,2 3 4 5 6 7 10 12 15 21 28,28,P,10.0,1.0,17.0,2.0,4.0,2.0,6.0,0.0,8.0,0.0,12.0,1.0,2.0,2.0,6.0,0.0,399.0
73,22,teste,16 19 22 23 26 27 29 30,2 3 4 6 7 8 10 12 15 21 28,28,V,8.0,0.0,12.0,1.0,2.0,2.0,6.0,0.0,10.0,1.0,18.0,2.0,4.0,2.0,9.0,0.0,-404.0
73,23,teste,16 19 22 23 25 26 27 29,2 3 4 6 7 8 10 12 15 21 28,28,P,10.0,1.0,18.0,2.0,4.0,2.0,9.0,0.0,8.0,0.0,13.0,1.0,2.0,1.0,7.0,1.0,574.0
73,24,teste,16 19 22 23 26 27 29,2 3 4 6 7 8 10 12 15 28 30,28 30,V,7.0,0.0,12.0,1.0,2.0,1.0,5.0,1.0,9.0,2.0,13.0,1.0,4.0,2.0,9.0,0.0,-574.0
73,25,teste,16 18 19 22 26 27 29,2 3 4 6 7 8 10 12 15 28 30,28 30,P,9.0,2.0,13.0,1.0,4.0,2.0,9.0,1.0,7.0,0.0,13.0,2.0,2.0,1.0,3.0,2.0,924.0
73,26,teste,16 19 22 27 29,2 3 4 6 7 8 10 12 14 15 28,14 28,V,5.0,0.0,9.0,1.0,2.0,1.0,0.0,1.0,9.0,2.0,13.0,2.0,4.0,2.0,10.0,0.0,-924.0
73,27,teste,13 19 22 27 29,2 3 4 6 7 8 10 12 14 15 28,14 28,P,9.0,2.0,13.0,2.0,4.0,2.0,10.0,0.0,5.0,0.0,10.0,2.0,2.0,1.0,0.0,1.0,1033.0
73,28,teste,19 27 29,2 3 4 6 7 10 12 14 15 26 28,14 28,V,3.0,0.0,4.0,0.0,2.0,1.0,0.0,0.0,9.0,2.0,17.0,2.0,4.0,2.0,7.0,0.0,-1095.0
73,29,teste,19 23 29,2 3 4 6 7 10 12 14 15 26 28,14 28,P,9.0,2.0,17.0,2.0,4.0,2.0,7.0,0.0,3.0,0.0,5.0,0.0,1.0,1.0,2.0,0.0,1203.0
73,30,teste,19 23 29,2 3 4 6 7 10 12 14 15 28 31,14 28 31,V,3.0,0.0,5.0,0.0,1.0,1.0,2.0,0.0,8.0,3.0,11.0,2.0,4.0,2.0,7.0,0.0,-1121.0
73,31,teste,19 23 24,2 3 4 6 7 10 12 14 15 28 31,14 28 31,P,8.0,3.0,11.0,2.0,4.0,2.0,7.0,0.0,3.0,0.0,6.0,0.0,1.0,0.0,2.0,1.0,1600.0
73,32,teste,19 23,2 3 4 6 7 10 12 14 15 21 31,14 21 31,V,2.0,0.0,5.0,0.0,1.0,0.0,2.0,0.0,8.0,3.0,11.0,3.0,3.0,2.0,7.0,0.0,-1600.0
73,33,teste,18 19,2 3 4 6 7 10 12 14 15 21 31,14 21 31,P,8.0,3.0,11.0,3.0,3.0,2.0,7.0,2.0,2.0,0.0,6.0,1.0,1.0,0.0,0.0,1.0,1600.0
74,34,validacao,5 20 23 24 30 31,4 7 9 15,,V,6.0,0.0,11.0,0.0,1.0,2.0,2.0,0.0,4.0,0.0,7.0,1.0,1.0,0.0,0.0,0.0,261.0
74,44,validacao,0 16 17 24 31,8 11,0,V,4.0,1.0,7.0,1.0,0.0,1.0,0.0,0.0,2.0,0.0,4.0,0.0,1.0,0.0,0.0,0.0,514.0
74,6,validacao,16 19 22 24 25 26 27 28 29 30 31,0 1 2 3 4 5 7 8 9 10 11 20,,V,11.0,0.0,12.0,1.0,3.0,4.0,9.0,0.0,12.0,0.0,16.0,2.0,4.0,4.0,11.0,0.0,-123.0
74,10,validacao,16 19 20 21 22 25 26 27 28 30 31,0 1 2 3 4 5 7 8 10 11 13,,V,11.0,0.0,15.0,2.0,4.0,3.0,9.0,0.0,11.0,0.0,12.0,2.0,3.0,4.0,11.0,1.0,-5.0
74,55,validacao,5 9 12 13 31,23,5,P,1.0,0.0,5.0,0.0,0.0,0.0,0.0,0.0,4.0,1.0,13.0,2.0,1.0,1.0,3.0,0.0,-1600.0
74,46,validacao,0 16 17 21 31,11 12,0,V,4.0,1.0,8.0,2.0,0.0,1.0,3.0,0.0,2.0,0.0,5.0,0.0,2.0,0.0,0.0,0.0,418.0
74,13,validacao,15 20 21 22 25 26 27 28 30 31,0 1 2 3 4 7 8 10 11 14,,P,10.0,0.0,11.0,2.0,3.0,4.0,9.0,1.0,10.0,0.0,13.0,2.0,3.0,3.0,7.0,1.0,93.0
74,51,validacao,0 9 12 17 31,15,0,P,1.0,0.0,3.0,0.0,0.0,0.0,0.0,0.0,4.0,1.0,12.0,2.0,1.0,1.0,0.0,0.0,-525.0
74,9,validacao,16 19 20 21 22 25 26 27 28 30 31,0 1 2 3 4 5 7 8 9 10 11,,P,11.0,0.0,11.0,2.0,3.0,4.0,11.0,0.0,11.0,0.0,15.0,2.0,4.0,3.0,9.0,0.0,5.0
74,18,validacao,20 21 23 25 26 28 30 31,0 2 3 4 7 8 14 15,,V,8.0,0.0,8.0,1.0,2.0,3.0,6.0,0.0,8.0,0.0,10.0,1.0,2.0,3.0,6.0,0.0,3.0
74,30,validacao,16 20 23 24 30 31,3 4 8 9 11,,V,6.0,0.0,8.0,0.0,1.0,2.0,3.0,0.0,5.0,0.0,7.0,1.0,3.0,1.0,2.0,0.0,100.0
74,22,validacao,16 20 23 26 28 30 31,0 2 3 4 7 8 18,,V,7.0,0.0,8.0,0.0,2.0,3.0,6.0,1.0,7.0,0.0,8.0,1.0,2.0,3.0,6.0,1.0,103.0
74,52,validacao,0 9 12 17 31,18,0,V,4.0,1.0,12.0,2.0,1.0,1.0,0.0,0.0,1.0,0.0,4.0,1.0,0.0,0.0,0.0,0.0,522.0
74,42,validacao,0 17 20 24 31,4 11,0,V,4.0,1.0,6.0,1.0,1.0,1.0,2.0,0.0,2.0,0.0,3.0,0.0,2.0,0.0,0.0,0.0,411.0
74,28,validacao,14 16 20 23 24 30 31,0 3 4 8 9 11,,V,7.0,0.0,12.0,1.0,1.0,2.0,3.0,1.0,6.0,0.0,7.0,1.0,3.0,2.0,3.0,1.0,100.0
74,45,validacao,0 16 17 21 31,8 11,0,P,2.0,0.0,4.0,0.0,1.0,0.0,0.0,0.0,4.0,1.0,8.0,2.0,0.0,1.0,3.0,0.0,-419.0
74,29,validacao,5 16 20 23 24 30 31,0 3 4 8 11,,P,5.0,0.0,5.0,0.0,3.0,2.0,3.0,0.0,7.0,0.0,14.0,0.0,1.0,2.0,3.0,1.0,-118.0
74,7,validacao,16 19 21 22 25 26 27 28 29 30 31,0 1 2 3 4 5 7 8 9 10 11 20,,P,12.0,0.0,16.0,2.0,4.0,4.0,11.0,0.0,11.0,0.0,13.0,2.0,3.0,4.0,9.0,0.0,123.0
74,27,validacao,14 16 20 23 24 30 31,0 3 4 6 8 11,,P,6.0,0.0,6.0,0.0,3.0,2.0,3.0,0.0,7.0,0.0,12.0,1.0,1.0,2.0,3.0,0.0,-99.0
74,48,validacao,0 13 17 21 31,11 16,0,V,4.0,1.0,9.0,3.0,0.0,1.0,3.0,1.0,2.0,0.0,6.0,0.0,1.0,0.0,0.0,1.0,528.0
74,17,validacao,20 21 23 25 26 28 30 31,0 2 3 4 7 8 10 14,,P,8.0,0.0,9.0,2.0,2.0,3.0,8.0,0.0,8.0,0.0,8.0,1.0,2.0,3.0,6.0,0.0,15.0
74,35,validacao,5 20 23 24 26 31,4 7 9 15,,P,4.0,0.0,7.0,1.0,1.0,0.0,0.0,0.0,6.0,0.0,12.0,0.0,1.0,1.0,5.0,0.0,-222.0
74,37,validacao,5 14 20 24 26 31,4 7 9,,P,3.0,0.0,4.0,1.0,1.0,0.0,0.0,0.0,6.0,0.0,14.0,1.0,1.0,1.0,4.0,1.0,-284.0
74,19,validacao,17 20 23 25 26 28 30 31,0 2 3 4 7 8 14 15,,P,8.0,0.0,10.0,1.0,2.0,3.0,6.0,1.0,8.0,0.0,9.0,1.0,2.0,3.0,5.0,1.0,-3.0
74,40,validacao,0 20 24 26 31,4 7 22,0,V,4.0,1.0,4.0,0.0,1.0,1.0,4.0,0.0,3.0,0.0,7.0,1.0,1.0,0.0,0.0,1.0,399.0
74,56,validacao,5 9 12 13 31,26,5,V,4.0,1.0,13.0,2.0,1.0,1.0,3.0,0.0,1.0,0.0,6.0,0.0,0.0,0.0,0.0,1.0,1600.0
74,21,validacao,16 20 23 26 28 30 31,0 2 3 4 7 8 15,,P,7.0,0.0,7.0,0.0,2.0,3.0,6.0,0.0,7.0,0.0,8.0,0.0,2.0,3.0,6.0,0.0,-4.0
74,49,validacao,0 12 13 17 31,11,0,P,1.0,0.0,2.0,0.0,1.0,0.0,0.0,0.0,4.0,1.0,11.0,2.0,1.0,1.0,2.0,0.0,-532.0
74,4,validacao,19 21 22 24 25 26 27 28 29 30 31,0 1 2 3 4 5 6 7 8 10 11 20,,V,11.0,0.0,11.0,2.0,3.0,4.0,10.0,0.0,12.0,0.0,15.0,1.0,4.0,4.0,11.0,0.0,-114.0
74,50,validacao,0 12 13 17 31,15,0,V,4.0,1.0,11.0,2.0,1.0,1.0,2.0,0.0,1.0,0.0,3.0,0.0,0.0,0.0,0.0,0.0,523.0
74,11,validacao,9 19 20 21 22 25 26 27 28 30 31,0 1 2 3 4 5 7 8 10 11,,P,10.0,0.0,9.0,1.0,3.0,4.0,10.0,0.0,11.0,0.0,17.0,3.0,4.0,3.0,7.0,1.0,-7.0
74,15,validacao,6 20 21 25 26 27 28 30 31,0 1 2 3 4 7 8 14,,P,8.0,0.0,7.0,1.0,2.0,4.0,6.0,0.0,9.0,0.0,13.0,1.0,3.0,3.0,6.0,1.0,4.0
75,24,treino,9 16 17 20 23 24 27 28 30 31,2 3 5 11,17,V,9.0,1.0,14.0,2.0,3.0,3.0,7.0,1.0,4.0,0.0,3.0,0.0,2.0,2.0,0.0,1.0,906.0
75,13,treino,16 17 18 19 20 24 26 27 28 30 31,0 2 3 4 5 6 7 8 9 10,,P,10.0,0.0,10.0,2.0,2.0,3.0,10.0,0.0,11.0,0.0,17.0,2.0,4.0,3.0,8.0,0.0,-116.0
75,28,treino,0 16 20 22 23 24 27 28 30 31,3 6 15,0 22,V,8.0,2.0,9.0,1.0,3.0,3.0,7.0,0.0,3.0,0.0,4.0,0.0,1.0,1.0,0.0,0.0,921.0
75,7,treino,16 19 20 21 25 26 27 28 29 30 31,0 1 2 3 4 5 6 7 8 9 18,,P,11.0,0.0,12.0,2.0,2.0,4.0,10.0,0.0,11.0,0.0,13.0,1.0,4.0,4.0,9.0,0.0,17.0
75,33,treino,5 10 16 20 22 24 27 28 30 31,3 14,5 22,P,2.0,0.0,3.0,1.0,1.0,1.0,0.0,0.0,8.0,2.0,12.0,2.0,3.0,3.0,6.0,0.0,-1138.0
75,17,treino,1 16 17 18 20 23 24 27 28 30 31,0 2 3 4 5 8 9 11,1,P,8.0,0.0,8.0,1.0,3.0,3.0,5.0,0.0,10.0,1.0,15.0,2.0,3.0,3.0,8.0,0.0,-202.0
75,14,treino,16 17 18 19 20 24 26 27 28 30 31,0 2 3 4 5 6 7 8 9 15,,V,11.0,0.0,17.0,2.0,4.0,3.0,8.0,1.0,10.0,0.0,11.0,1.0,2.0,3.0,9.0,1.0,218.0
75,32,treino,5 16 19 20 22 24 27 28 30 31,3 14 15,5 22,V,8.0,2.0,10.0,1.0,4.0,3.0,6.0,0.0,3.0,0.0,6.0,1.0,1.0,1.0,0.0,1.0,1138.0
75,34,treino,5 10 16 20 22 24 27 28 30 31,7 14,5 22,V,8.0,2.0,12.0,2.0,3.0,3.0,6.0,0.0,2.0,0.0,4.0,1.0,0.0,0.0,0.0,1.0,1600.0
75,6,treino,16 19 21 24 25 26 27 28 29 30 31,0 1 2 3 4 5 6 7 8 9 18,,V,11.0,0.0,12.0,1.0,3.0,4.0,10.0,0.0,11.0,0.0,12.0,2.0,2.0,4.0,10.0,0.0,16.0
75,16,treino,1 16 17 18 20 24 26 27 28 30 31,0 2 3 4 5 8 9 11,1,V,10.0,1.0,14.0,2.0,3.0,3.0,8.0,0.0,8.0,0.0,8.0,1.0,3.0,3.0,5.0,0.0,429.0
75,11,treino,16 17 19 20 24 25 26 27 28 30 31,0 2 3 4 5 6 7 8 9 10 18,,P,11.0,0.0,14.0,3.0,2.0,3.0,10.0,0.0,11.0,0.0,15.0,1.0,4.0,3.0,9.0,0.0,300.0
75,9,treino,16 19 20 21 24 25 26 27 28 30 31,0 1 2 3 4 5 7 8 9 10 18,,P,11.0,0.0,13.0,3.0,2.0,4.0,10.0,0.0,11.0,0.0,14.0,1.0,4.0,3.0,10.0,0.0,18.0
75,18,treino,1 16 17 18 20 23 24 27 28 30 31,0 2 3 4 5 9 11 13,1,V,10.0,1.0,15.0,2.0,3.0,3.0,8.0,1.0,8.0,0.0,9.0,2.0,3.0,3.0,5.0,2.0,410.0
75,27,treino,0 16 20 22 23 24 27 28 30 31,2 3 15,0 22,P,3.0,0.0,3.0,0.0,1.0,2.0,0.0,0.0,8.0,2.0,9.0,1.0,3.0,3.0,7.0,0.0,-924.0
75,25,treino,0 16 17 20 23 24 27 28 30 31,2 3 11,0 17,P,3.0,0.0,2.0,0.0,2.0,2.0,0.0,0.0,8.0,2.0,9.0,1.0,3.0,3.0,7.0,0.0,-918.0
75,23,treino,9 16 17 20 23 24 27 28 30 31,0 2 3 11,17,P,4.0,0.0,2.0,0.0,2.0,3.0,0.0,0.0,9.0,1.0,14.0,2.0,3.0,3.0,7.0,0.0,-758.0
75,26,treino,0 16 17 20 23 24 27 28 30 31,2 3 15,0 17,V,8.0,2.0,9.0,1.0,3.0,3.0,7.0,0.0,3.0,0.0,3.0,0.0,1.0,2.0,0.0,0.0,913.0
75,35,treino,3 5 16 20 22 24 27 28 30 31,14,3 5 22,P,1.0,0.0,3.0,1.0,0.0,0.0,0.0,0.0,7.0,3.0,7.0,1.0,4.0,3.0,6.0,0.0,-1600.0
75,36,treino,3 5 16 20 22 24 27 28 30 31,18,3 5 22,V,7.0,3.0,7.0,1.0,4.0,3.0,6.0,1.0,1.0,0.0,4.0,1.0,0.0,0.0,0.0,1.0,1600.0
75,15,treino,1 16 17 18 20 24 26 27 28 30 31,0 2 3 4 5 7 8 9,1,P,8.0,0.0,7.0,1.0,2.0,3.0,8.0,0.0,10.0,1.0,14.0,2.0,3.0,3.0,8.0,0.0,-216.0
75,12,treino,16 17 19 20 24 25 26 27 28 30 31,0 2 3 4 5 6 7 8 9 10 22,,V,11.0,0.0,15.0,1.0,4.0,3.0,9.0,1.0,11.0,0.0,15.0,3.0,2.0,3.0,10.0,1.0,101.0
75,30,treino,0 16 19 20 22 24 27 28 30 31,3 10 15,0 22,V,8.0,2.0,10.0,1.0,4.0,3.0,6.0,0.0,3.0,0.0,5.0,1.0,1.0,1.0,2.0,0.0,907.0
75,19,treino,1 8 16 18 20 23 24 27 28 30 31,0 2 3 4 5 9 11,1,P,7.0,0.0,6.0,1.0,3.0,3.0,4.0,0.0,10.0,1.0,17.0,1.0,3.0,3.0,8.0,1.0,-410.0
75,8,treino,16 19 20 21 25 26 27 28 29 30 31,0 1 2 3 4 5 7 8 9 10 18,,V,11.0,0.0,13.0,1.0,4.0,4.0,9.0,0.0,11.0,0.0,13.0,3.0,2.0,4.0,10.0,0.0,96.0
75,22,treino,16 17 18 20 23 24 27 28 30 31,0 2 3 11 14,17,V,9.0,1.0,12.0,2.0,3.0,3.0,8.0,1.0,5.0,0.0,5.0,1.0,2.0,3.0,0.0,1.0,743.0
75,4,treino,16 19 21 22 24 25 26 27 28 29 30 31,0 1 2 3 4 5 6 7 8 9 11 18,,V,12.0,0.0,14.0,2.0,3.0,4.0,11.0,0.0,12.0,0.0,14.0,2.0,3.0,4.0,11.0,1.0,-4.0
75,21,treino,16 17 18 20 23 24 27 28 30 31,0 2 3 9 11,17,P,5.0,0.0,4.0,1.0,2.0,3.0,0.0,0.0,9.0,1.0,12.0,2.0,3.0,3.0,8.0,0.0,-647.0
75,31,treino,5 16 19 20 22 24 27 28 30 31,3 10 15,5 22,P,3.0,0.0,5.0,1.0,1.0,1.0,2.0,0.0,8.0,2.0,10.0,1.0,4.0,3.0,6.0,0.0,-907.0
75,10,treino,16 19 20 21 24 25 26 27 28 30 31,0 2 3 4 5 6 7 8 9 10 18,,V,11.0,0.0,14.0,1.0,4.0,3.0,10.0,0.0,11.0,0.0,14.0,3.0,2.0,3.0,10.0,0.0,-5.0
75,29,treino,0 16 19 20 22 24 27 28 30 31,3 6 15,0 22,P,3.0,0.0,4.0,0.0,1.0,1.0,0.0,1.0,8.0,2.0,10.0,1.0,4.0,3.0,6.0,0.0,-907.0
75,5,treino,15 16 19 21 24 25 26 27 28 29 30 31,0 1 2 3 4 5 6 7 8 9 11,,P,11.0,0.0,10.0,1.0,3.0,4.0,11.0,0.0,12.0,0.0,16.0,1.0,3.0,4.0,12.0,1.0,-21.0
76,36,treino,12 21 29,3 4 5 9 18 20,18,V,3.0,0.0,6.0,1.0,1.0,1.0,0.0,0.0,5.0,1.0,9.0,2.0,3.0,1.0,2.0,0.0,-404.0
76,52,treino,1 5,12 14 18 24,1 5 18 24,V,0.0,2.0,0.0,0.0,0.0,0.0,2.0,0.0,2.0,2.0,6.0,2.0,1.0,0.0,2.0,0.0,-238.0
76,21,treino,16 19 24 26 27 28 29 30,1 3 4 7 9 11 15 20,,P,8.0,0.0,14.0,1.0,4.0,2.0,4.0,1.0,8.0,0.0,9.0,0.0,3.0,3.0,5.0,0.0,26.0
76,48,treino,0 5,10 12 18 29,0 18 29,V,1.0,1.0,6.0,0.0,0.0,0.0,2.0,0.0,2.0,2.0,5.0,2.0,1.0,0.0,0.0,0.0,-238.0
76,73,treino,4,28 29 31,4 28 29 31,P,0.0,3.0,0.0,0.0,1.0,0.0,0.0,0.0,0.0,1.0,0.0,0.0,1.0,0.0,0.0,0.0,368.0
76,59,treino,1 5,12 18 22 29,1 5 22 29,P,2.0,2.0,7.0,2.0,1.0,0.0,2.0,0.0,0.0,2.0,0.0,0.0,0.0,0.0,2.0,0.0,238.0
76,112,treino,24,25,24 25,V,0.0,1.0,0.0,0.0,0.0,0.0,0.0,0.0,0.0,1.0,0.0,0.0,0.0,0.0,0.0,0.0,0.0
76,94,treino,14,18 23 28,14 18 23 28,V,0.0,1.0,0.0,1.0,0.0,0.0,0.0,1.0,0.0,3.0,0.0,1.0,1.0,0.0,2.0,0.0,-366.0
76,91,treino,10,22 26 28,10 22 26 28,P,0.0,3.0,0.0,1.0,1.0,0.0,2.0,0.0,0.0,1.0,0.0,1.0,0.0,0.0,0.0,0.0,368.0
76,108,treino,20,24 26,20 24 26,V,0.0,1.0,0.0,0.0,1.0,0.0,0.0,0.0,0.0,2.0,0.0,0.0,0.0,0.0,0.0,1.0,-2.0
76,75,treino,0,24 28 31,0 24 28 31,P,0.0,3.0,0.0,0.0,1.0,0.0,2.0,0.0,0.0,1.0,0.0,0.0,0.0,0.0,0.0,0.0,368.0
76,84,treino,8,28 30 31,8 28 30 31,V,0.0,1.0,0.0,0.0,0.0,0.0,0.0,0.0,0.0,3.0,0.0,0.0,1.0,0.0,0.0,0.0,-362.0
76,92,treino,10,22 23 28,10 22 23 28,V,0.0,1.0,0.0,1.0,0.0,0.0,0.0,0.0,0.0,3.0,0.0,1.0,1.0,0.0,0.0,0.0,-380.0
76,24,treino,16 24 26 27 28 29 30,3 4 5 9 11 14 20,,V,7.0,0.0,6.0,0.0,2.0,3.0,5.0,0.0,7.0,0.0,14.0,2.0,4.0,1.0,3.0,0.0,-25.0
76,28,treino,12 23 24 26 28 29 30,3 4 5 9 15 17 20,,V,7.0,0.0,8.0,0.0,2.0,3.0,6.0,0.0,7.0,0.0,16.0,2.0,3.0,1.0,2.0,0.0,-6.0
76,88,treino,9,22 28 31,9 22 28 31,V,0.0,1.0,0.0,1.0,0.0,0.0,0.0,0.0,0.0,3.0,0.0,1.0,1.0,0.0,0.0,0.0,-368.0
76,83,treino,8,26 28 30,8 26 28 30,P,0.0,3.0,0.0,0.0,1.0,0.0,2.0,0.0,0.0,1.0,0.0,0.0,0.0,0.0,0.0,0.0,362.0
76,62,treino,1 9,18 20 22 29,1 9 22 29,V,0.0,2.0,0.0,1.0,0.0,0.0,0.0,0.0,2.0,2.0,9.0,2.0,1.0,0.0,2.0,0.0,-232.0
76,66,treino,1 23,20 22 28,1 22 23 28,V,0.0,2.0,0.0,0.0,0.0,0.0,0.0,0.0,1.0,2.0,5.0,1.0,2.0,0.0,0.0,0.0,-130.0
76,35,treino,12 21 29,3 4 5 9 20 22,22,P,5.0,1.0,9.0,2.0,3.0,1.0,2.0,0.0,3.0,0.0,6.0,1.0,1.0,1.0,0.0,0.0,406.0
76,16,treino,21 22 23 24 26 27 28 29 30,1 2 3 4 7 9 11 14 15 20,,V,9.0,0.0,9.0,2.0,2.0,3.0,9.0,0.0,10.0,0.0,17.0,2.0,4.0,3.0,7.0,0.0,-100.0
76,69,treino,5,20 28 31,5 28 31,P,1.0,2.0,5.0,0.0,2.0,0.0,0.0,0.0,0.0,1.0,0.0,0.0,0.0,0.0,0.0,0.0,300.0
76,15,treino,16 21 22 23 24 26 27 28 29 30,1 2 3 4 7 9 11 13 14 15,,P,10.0,0.0,15.0,3.0,3.0,3.0,8.0,0.0,10.0,0.0,12.0,2.0,2.0,3.0,10.0,1.0,100.0
76,80,treino,8,25 26 28,8 25 26 28,V,0.0,1.0,0.0,0.0,0.0,0.0,0.0,0.0,0.0,3.0,0.0,0.0,1.0,0.0,0.0,0.0,-368.0
76,22,treino,16 19 24 26 27 28 29 30,3 4 5 7 9 11 15 20,,V,8.0,0.0,9.0,0.0,3.0,3.0,5.0,0.0,8.0,0.0,15.0,1.0,4.0,1.0,6.0,1.0,-26.0
76,68,treino,1,20 28 31,1 28 31,V,0.0,1.0,0.0,0.0,0.0,0.0,0.0,0.0,1.0,2.0,5.0,0.0,2.0,0.0,0.0,0.0,-306.0
76,14,treino,16 21 23 24 25 26 27 28 29 30,1 2 3 4 7 9 11 13 14 15,,V,10.0,0.0,11.0,1.0,2.0,3.0,10.0,1.0,10.0,0.0,15.0,3.0,3.0,3.0,8.0,0.0,-10.0
76,57,treino,5 6,12 14 22 29,5 6 22 29,P,2.0,2.0,6.0,2.0,1.0,0.0,0.0,0.0,0.0,2.0,0.0,0.0,0.0,0.0,0.0,0.0,229.0
76,27,treino,12 23 24 26 28 29 30,3 4 5 9 14 15 20,,P,7.0,0.0,15.0,2.0,3.0,1.0,3.0,0.0,7.0,0.0,8.0,0.0,2.0,3.0,6.0,0.0,28.0
76,45,treino,0 14,3 9 12 18 29,0 18 29,P,3.0,2.0,5.0,2.0,2.0,1.0,0.0,1.0,1.0,1.0,4.0,1.0,0.0,0.0,0.0,0.0,397.0
76,110,treino,29,22,22 29,V,0.0,1.0,0.0,0.0,0.0,1.0,0.0,0.0,0.0,1.0,0.0,1.0,0.0,0.0,0.0,0.0,-6.0
76,49,treino,0 1,10 12 18 29,0 1 18 29,P,2.0,2.0,5.0,2.0,1.0,0.0,0.0,0.0,0.0,2.0,0.0,0.0,0.0,0.0,0.0,0.0,232.0
77,26,treino,1 20 21 22 27 30 31,0 3 4 6 9 11 15,1,V,6.0,1.0,7.0,2.0,2.0,2.0,2.0,0.0,7.0,0.0,9.0,1.0,3.0,2.0,6.0,1.0,289.0
77,32,treino,9 19 20 22 27 30 31,0 4 10 11,19,V,6.0,1.0,10.0,2.0,3.0,2.0,2.0,0.0,4.0,0.0,5.0,1.0,2.0,1.0,2.0,0.0,405.0
77,23,treino,5 20 21 22 27 30 31,0 2 3 4 9 10 11,,P,7.0,0.0,7.0,2.0,3.0,3.0,2.0,0.0,7.0,0.0,13.0,2.0,2.0,2.0,2.0,0.0,-63.0
77,37,treino,0 10 20 22 26 27 31,4 11,0 10,P,2.0,0.0,3.0,0.0,2.0,0.0,0.0,0.0,5.0,2.0,6.0,2.0,2.0,1.0,4.0,0.0,-714.0
77,16,treino,14 16 20 21 26 27 29 30 31,0 2 3 4 5 7 8 9 11,,V,9.0,0.0,13.0,2.0,2.0,3.0,7.0,1.0,9.0,0.0,9.0,1.0,3.0,3.0,9.0,0.0,16.0
77,24,treino,5 20 21 22 27 30 31,0 3 4 6 9 10 11,,V,7.0,0.0,13.0,2.0,2.0,2.0,2.0,0.0,7.0,0.0,8.0,2.0,3.0,2.0,5.0,0.0,-7.0
77,4,treino,20 21 23 24 25 26 27 28 29 30 31,0 1 2 3 4 5 7 8 9 11 15,,V,11.0,0.0,10.0,1.0,3.0,4.0,11.0,0.0,11.0,0.0,12.0,1.0,3.0,4.0,11.0,0.0,9.0
77,6,treino,20 21 24 25 26 27 28 29 30 31,0 1 2 3 4 5 7 8 9 11 22,,V,10.0,0.0,8.0,1.0,3.0,4.0,10.0,0.0,11.0,0.0,14.0,2.0,3.0,4.0,10.0,1.0,-3.0
77,18,treino,16 20 21 27 29 30 31,0 2 3 4 5 7 8 11 25,,V,7.0,0.0,8.0,1.0,2.0,3.0,5.0,0.0,9.0,0.0,13.0,0.0,3.0,3.0,8.0,1.0,-112.0
77,27,treino,19 20 21 22 27 30 31,0 3 4 9 11,19,P,5.0,0.0,5.0,1.0,3.0,2.0,2.0,0.0,6.0,1.0,7.0,2.0,3.0,2.0,2.0,0.0,-298.0
77,12,treino,14 16 20 24 26 27 28 29 30 31,0 2 3 4 5 6 7 8 11 17,,V,10.0,0.0,12.0,1.0,3.0,4.0,9.0,0.0,10.0,0.0,12.0,1.0,3.0,3.0,9.0,0.0,19.0
77,36,treino,0 19 20 22 26 27 31,4 11 15,0 19,V,5.0,2.0,6.0,1.0,3.0,1.0,4.0,0.0,3.0,0.0,6.0,0.0,2.0,0.0,2.0,1.0,696.0
77,30,treino,16 19 20 22 27 30 31,0 4 7 11 13,19,V,6.0,1.0,8.0,1.0,3.0,2.0,4.0,0.0,5.0,0.0,7.0,1.0,2.0,1.0,4.0,1.0,407.0
77,29,treino,16 19 20 22 27 30 31,0 3 4 11 13,19,P,5.0,0.0,6.0,1.0,3.0,2.0,2.0,1.0,6.0,1.0,8.0,1.0,3.0,2.0,4.0,0.0,-410.0
77,25,treino,1 20 21 22 27 30 31,0 3 4 6 9 10 11,1,P,7.0,0.0,8.0,2.0,3.0,2.0,5.0,0.0,6.0,1.0,7.0,2.0,2.0,2.0,2.0,0.0,17.0
77,38,treino,0 10 20 22 26 27 31,4 15,0 10,V,5.0,2.0,6.0,2.0,2.0,1.0,4.0,0.0,2.0,0.0,4.0,0.0,1.0,0.0,0.0,1.0,800.0
77,5,treino,18 20 21 24 25 26 27 28 29 30 31,0 1 2 3 4 5 7 8 9 11 15,,P,11.0,0.0,12.0,1.0,3.0,4.0,11.0,0.0,11.0,0.0,11.0,2.0,3.0,4.0,10.0,1.0,-9.0
77,8,treino,18 20 21 24 26 27 28 29 30 31,0 1 2 3 4 5 7 8 11 13,,V,10.0,0.0,10.0,2.0,3.0,4.0,9.0,0.0,10.0,0.0,10.0,1.0,3.0,4.0,10.0,0.0,12.0
77,19,treino,16 20 21 22 27 30 31,0 2 3 4 5 7 8 11,,P,8.0,0.0,7.0,0.0,3.0,3.0,8.0,0.0,7.0,0.0,10.0,2.0,2.0,2.0,5.0,0.0,112.0
77,39,treino,0 19 20 22 26 27 31,4,0 19,P,1.0,0.0,1.0,0.0,1.0,0.0,0.0,0.0,5.0,2.0,6.0,1.0,3.0,1.0,4.0,0.0,-818.0
77,14,treino,14 16 20 26 27 28 29 30 31,0 2 3 4 5 6 7 8 11 24,,V,9.0,0.0,11.0,1.0,3.0,4.0,6.0,0.0,10.0,0.0,14.0,0.0,3.0,3.0,9.0,1.0,-6.0
77,15,treino,14 16 20 21 26 27 29 30 31,0 2 3 4 5 6 7 8 11,,P,9.0,0.0,8.0,0.0,3.0,3.0,9.0,0.0,9.0,0.0,13.0,2.0,2.0,3.0,7.0,0.0,1.0
77,21,treino,12 20 21 22 27 30 31,0 2 3 4 7 8 9 11,,P,8.0,0.0,8.0,1.0,3.0,3.0,7.0,1.0,7.0,0.0,11.0,2.0,3.0,2.0,2.0,0.0,120.0
77,9,treino,14 20 21 24 26 27 28 29 30 31,0 1 2 3 4 5 7 8 11 13,,P,10.0,0.0,10.0,1.0,3.0,4.0,10.0,0.0,10.0,0.0,11.0,2.0,3.0,4.0,9.0,0.0,11.0
77,43,treino,0 17 20 23 26 27 31,13,0 23,P,1.0,0.0,3.0,1.0,0.0,0.0,0.0,1.0,5.0,2.0,7.0,1.0,2.0,1.0,4.0,1.0,-1600.0
77,11,treino,14 16 20 24 26 27 28 29 30 31,0 1 2 3 4 5 7 8 11 17,,P,10.0,0.0,11.0,1.0,3.0,4.0,9.0,0.0,10.0,0.0,12.0,1.0,3.0,4.0,9.0,0.0,11.0
77,42,treino,0 20 22 23 26 27 31,13,0 23,V,5.0,2.0,6.0,1.0,2.0,1.0,5.0,0.0,1.0,0.0,3.0,1.0,0.0,0.0,0.0,0.0,1600.0
77,28,treino,19 20 21 22 27 30 31,0 3 4 11 13,19,V,6.0,1.0,7.0,2.0,3.0,2.0,2.0,0.0,5.0,0.0,6.0,1.0,3.0,2.0,2.0,0.0,410.0
77,44,treino,0 20 23 26 27 31,22,0 23,V,4.0,2.0,4.0,0.0,2.0,1.0,4.0,0.0,1.0,0.0,5.0,1.0,0.0,0.0,0.0,1.0,1600.0
77,33,treino,9 19 20 22 26 27 31,0 4 10 11,19,P,4.0,0.0,5.0,1.0,2.0,1.0,2.0,0.0,6.0,1.0,11.0,2.0,3.0,1.0,4.0,0.0,-413.0
77,22,treino,12 20 21 22 27 30 31,0 2 3 4 8 9 10 11,,V,7.0,0.0,11.0,2.0,3.0,2.0,2.0,0.0,8.0,0.0,9.0,2.0,3.0,3.0,3.0,1.0,-13.0
77,20,treino,16 20 21 22 27 30 31,0 2 3 4 7 8 9 11,,V,7.0,0.0,10.0,2.0,2.0,2.0,5.0,0.0,8.0,0.0,8.0,1.0,3.0,3.0,7.0,0.0,-107.0
78,68,treino,10 11,5 12 24 25,10 11 25,V,0.0,2.0,0.0,1.0,1.0,0.0,0.0,0.0,3.0,1.0,10.0,0.0,1.0,0.0,0.0,0.0,-208.0
78,35,treino,11 21 23 24,1 2 4 7 8 14 15,14,P,6.0,1.0,7.0,1.0,1.0,2.0,4.0,0.0,4.0,0.0,10.0,1.0,1.0,0.0,2.0,0.0,496.0
78,7,treino,11 17 20 22 23 24 25 27 28 29 30 31,0 1 2 3 4 5 6 7 9 13 15,,P,11.0,0.0,12.0,2.0,2.0,4.0,10.0,1.0,12.0,0.0,17.0,2.0,4.0,4.0,11.0,0.0,-91.0
78,72,treino,10 11,5 16 24 30,10 11 30,V,0.0,2.0,0.0,1.0,1.0,0.0,0.0,0.0,3.0,1.0,11.0,0.0,0.0,0.0,0.0,0.0,-205.0
78,16,treino,11 22 23 25 27 28 29 30 31,0 1 2 4 6 7 10 15 18,,V,9.0,0.0,11.0,1.0,3.0,4.0,7.0,0.0,9.0,0.0,12.0,2.0,1.0,3.0,9.0,1.0,13.0
78,81,treino,15 21,27,15 21 27,P,0.0,1.0,0.0,0.0,1.0,0.0,0.0,0.0,0.0,2.0,0.0,1.0,0.0,0.0,0.0,0.0,-192.0
78,59,treino,3 11,5 8 21 29,3 11 29,P,3.0,1.0,8.0,1.0,0.0,0.0,2.0,0.0,0.0,2.0,0.0,0.0,2.0,0.0,0.0,0.0,154.0
78,46,treino,2 14 20,1 4 8 10 13 25,2 13,V,2.0,1.0,6.0,1.0,1.0,0.0,0.0,1.0,5.0,1.0,11.0,2.0,1.0,1.0,3.0,1.0,-278.0
78,47,treino,2 7 20,1 4 8 13 25,2 13,P,4.0,1.0,9.0,1.0,1.0,1.0,3.0,0.0,2.0,1.0,8.0,0.0,1.0,0.0,2.0,0.0,220.0
78,42,treino,11 17 20,1 2 4 7 8 13 25,13,V,3.0,0.0,10.0,1.0,2.0,0.0,0.0,1.0,6.0,1.0,10.0,1.0,1.0,2.0,5.0,0.0,-560.0
78,64,treino,10 11,5 12 21 30,10 11 30,V,0.0,2.0,0.0,1.0,1.0,0.0,0.0,0.0,3.0,1.0,9.0,1.0,1.0,0.0,0.0,0.0,-152.0
78,54,treino,3 7,4 5 17 29,3 7 29,V,0.0,2.0,0.0,0.0,1.0,0.0,2.0,0.0,3.0,1.0,6.0,1.0,1.0,0.0,0.0,0.0,-147.0
78,38,treino,11 17 23 24,1 2 4 7 8 13 15,13,V,4.0,0.0,11.0,1.0,1.0,0.0,0.0,1.0,6.0,1.0,7.0,1.0,1.0,2.0,5.0,0.0,-209.0
78,52,treino,3 7 20,4 5 8 16 29,3 7 16 29,V,1.0,2.0,2.0,0.0,2.0,0.0,2.0,0.0,3.0,2.0,4.0,0.0,1.0,0.0,3.0,1.0,-138.0
78,44,treino,11 14 20,1 4 6 7 8 13 25,13,V,3.0,0.0,11.0,1.0,2.0,0.0,0.0,0.0,6.0,1.0,11.0,1.0,1.0,1.0,5.0,1.0,-331.0
78,65,treino,11 14,5 12 21 30,11 14 30,P,3.0,1.0,9.0,1.0,1.0,0.0,0.0,0.0,0.0,2.0,0.0,1.0,1.0,0.0,0.0,0.0,150.0
78,60,treino,3 11,5 12 21 29,3 11 29,V,0.0,2.0,0.0,0.0,2.0,0.0,0.0,0.0,3.0,1.0,9.0,1.0,1.0,0.0,0.0,0.0,-156.0
78,6,treino,11 20 21 22 23 24 25 27 28 29 30 31,0 1 2 3 4 5 6 7 9 13 15,,V,12.0,0.0,16.0,2.0,4.0,4.0,11.0,0.0,11.0,0.0,12.0,2.0,2.0,4.0,10.0,0.0,122.0
78,41,treino,11 17 20,1 2 4 7 8 13 22,13,P,6.0,1.0,9.0,2.0,1.0,2.0,5.0,0.0,3.0,0.0,10.0,1.0,2.0,0.0,0.0,0.0,608.0
78,84,treino,10 21,26,10 21 26,V,0.0,2.0,0.0,2.0,0.0,0.0,0.0,0.0,0.0,1.0,0.0,0.0,0.0,0.0,0.0,0.0,192.0
78,77,treino,11 25,26,11 25 26,P,0.0,1.0,0.0,0.0,0.0,0.0,0.0,0.0,0.0,2.0,0.0,0.0,1.0,0.0,0.0,0.0,-188.0
78,24,treino,11 22 23 26 27 28 29,1 2 4 7 8 10 15,,V,7.0,0.0,11.0,1.0,3.0,2.0,4.0,0.0,7.0,0.0,9.0,1.0,1.0,2.0,6.0,0.0,7.0
78,86,treino,7 21,30,7 21 30,V,0.0,2.0,0.0,1.0,0.0,0.0,0.0,0.0,0.0,1.0,0.0,0.0,0.0,0.0,0.0,0.0,192.0
78,85,treino,7 21,26,7 21 26,P,0.0,1.0,0.0,0.0,0.0,0.0,0.0,0.0,0.0,2.0,0.0,1.0,0.0,0.0,0.0,0.0,-186.0
78,79,treino,15 25,31,15 25 31,P,0.0,1.0,0.0,0.0,0.0,0.0,0.0,0.0,0.0,2.0,0.0,0.0,0.0,0.0,0.0,0.0,-184.0
78,43,treino,11 14 20,1 2 4 7 8 13 25,13,P,6.0,1.0,10.0,1.0,1.0,2.0,5.0,0.0,3.0,0.0,11.0,1.0,2.0,0.0,0.0,0.0,661.0
78,13,treino,11 17 22 23 25 27 28 29 30 31,0 1 2 3 4 6 9 10 15,,P,9.0,0.0,9.0,2.0,2.0,4.0,8.0,0.0,10.0,0.0,14.0,2.0,3.0,4.0,8.0,0.0,-110.0
78,28,treino,11 18 27 28 29,1 2 4 7 8 10 26,26,V,5.0,0.0,9.0,1.0,3.0,2.0,0.0,0.0,6.0,1.0,6.0,1.0,1.0,2.0,5.0,0.0,-299.0
78,62,treino,7 11,5 12 21 25,7 11 25,V,0.0,2.0,0.0,0.0,1.0,0.0,2.0,0.0,3.0,1.0,9.0,1.0,1.0,0.0,2.0,0.0,-162.0
78,18,treino,11 25 27 28 29 30 31,0 1 2 4 6 7 15 26,,V,7.0,0.0,7.0,0.0,3.0,4.0,5.0,0.0,8.0,0.0,12.0,0.0,1.0,3.0,6.0,1.0,1.0
78,40,treino,11 17 24,1 2 4 7 8 13 22,13,V,3.0,0.0,9.0,1.0,1.0,0.0,0.0,0.0,6.0,1.0,9.0,2.0,1.0,2.0,5.0,0.0,-507.0
78,70,treino,6 11,5 16 24 25,6 11 25,V,0.0,2.0,0.0,0.0,1.0,0.0,0.0,0.0,3.0,1.0,11.0,0.0,0.0,0.0,0.0,0.0,-160.0
79,14,validacao,14 20 24 26 27 28 29 30 31,0 1 2 3 4 9 11 15,,V,9.0,0.0,9.0,1.0,3.0,4.0,8.0,1.0,8.0,0.0,8.0,1.0,3.0,4.0,4.0,1.0,104.0
79,19,validacao,16 24 25 26 27 28 30 31,1 3 4 6 9 11 15,,P,7.0,0.0,9.0,1.0,3.0,2.0,5.0,0.0,8.0,0.0,7.0,0.0,2.0,3.0,7.0,0.0,-105.0
79,9,validacao,20 21 22 24 26 27 28 29 30 31,0 1 2 3 4 5 8 11 14 15,,P,10.0,0.0,12.0,1.0,3.0,4.0,7.0,0.0,10.0,0.0,9.0,2.0,3.0,4.0,10.0,0.0,10.0
79,24,validacao,23 24 25 26 28 30 31,3 4 5 10 11 15 16,,V,7.0,0.0,5.0,0.0,1.0,3.0,7.0,0.0,7.0,0.0,13.0,1.0,3.0,1.0,3.0,0.0,-0.0
79,43,validacao,1 3 8 16 26 28 30,15,1 3,P,1.0,0.0,3.0,0.0,0.0,0.0,0.0,0.0,5.0,2.0,9.0,0.0,2.0,2.0,2.0,0.0,-1600.0
79,8,validacao,20 21 24 25 26 27 28 29 30 31,0 1 2 3 4 5 8 11 14 15,,V,10.0,0.0,8.0,1.0,3.0,4.0,10.0,0.0,10.0,0.0,12.0,1.0,3.0,4.0,7.0,0.0,3.0
79,42,validacao,3 5 8 16 26 28 30,15,3,V,6.0,1.0,15.0,0.0,2.0,2.0,4.0,0.0,1.0,0.0,3.0,0.0,0.0,0.0,0.0,0.0,787.0
79,25,validacao,21 23 25 26 28 30 31,3 4 5 10 11 15 16,,P,7.0,0.0,13.0,1.0,3.0,1.0,3.0,1.0,7.0,0.0,6.0,1.0,1.0,3.0,6.0,0.0,7.0
79,5,validacao,17 20 21 24 25 26 27 28 29 30 31,0 1 2 3 4 5 7 8 9 11 15,,P,11.0,0.0,12.0,1.0,3.0,4.0,11.0,0.0,11.0,0.0,11.0,2.0,3.0,4.0,11.0,0.0,16.0
79,6,validacao,17 20 21 24 25 26 27 28 29 30 31,0 1 2 3 4 5 7 8 11 14 15,,V,11.0,0.0,11.0,2.0,3.0,4.0,11.0,0.0,11.0,0.0,13.0,1.0,3.0,4.0,10.0,1.0,-3.0
79,7,validacao,10 20 21 24 25 26 27 28 29 30 31,0 1 2 3 4 5 7 8 11 15,,P,10.0,0.0,10.0,0.0,3.0,4.0,10.0,0.0,11.0,0.0,13.0,2.0,3.0,4.0,10.0,1.0,-6.0
79,12,validacao,20 21 24 26 27 28 29 30 31,0 1 2 3 4 5 11 15 17,,V,9.0,0.0,7.0,1.0,3.0,4.0,9.0,0.0,9.0,0.0,11.0,1.0,3.0,4.0,6.0,1.0,104.0
79,27,validacao,12 23 25 26 28 30 31,3 5 8 10 11 15,,P,6.0,0.0,10.0,1.0,2.0,1.0,5.0,0.0,7.0,0.0,8.0,0.0,2.0,3.0,5.0,0.0,-102.0
79,23,validacao,13 23 24 25 26 28 30 31,3 4 5 9 10 11 15,,P,7.0,0.0,11.0,2.0,3.0,1.0,5.0,1.0,8.0,0.0,9.0,1.0,1.0,3.0,7.0,1.0,-8.0
79,41,validacao,3 5 8 16 26 28 30,11,3,P,1.0,0.0,2.0,0.0,1.0,0.0,0.0,0.0,6.0,1.0,15.0,0.0,2.0,2.0,4.0,0.0,-796.0
79,35,validacao,12 16 19 23 26 28 30,3 9 10 11 15,,P,5.0,0.0,9.0,2.0,2.0,1.0,3.0,0.0,7.0,0.0,13.0,0.0,3.0,2.0,6.0,0.0,-212.0
79,38,validacao,8 16 19 23 26 28 30,7 9 10 11 18,,V,7.0,0.0,14.0,0.0,2.0,2.0,4.0,1.0,5.0,0.0,11.0,3.0,1.0,0.0,3.0,1.0,445.0
79,26,validacao,21 23 25 26 28 30 31,3 5 8 10 11 15 16,,V,7.0,0.0,6.0,1.0,1.0,3.0,6.0,0.0,7.0,0.0,14.0,1.0,2.0,1.0,5.0,1.0,93.0
79,16,validacao,20 24 26 27 28 29 30 31,1 2 3 4 9 11 15,,V,8.0,0.0,5.0,0.0,3.0,4.0,8.0,0.0,7.0,0.0,8.0,1.0,3.0,3.0,2.0,0.0,102.0
79,17,validacao,20 24 25 26 27 28 30 31,1 2 3 4 9 11 15,,P,7.0,0.0,8.0,1.0,3.0,3.0,2.0,0.0,8.0,0.0,6.0,0.0,3.0,3.0,8.0,0.0,-107.0
79,31,validacao,12 19 25 26 27 28 30,3 9 10 11 13 15,,P,6.0,0.0,12.0,3.0,2.0,1.0,5.0,0.0,7.0,0.0,10.0,0.0,4.0,2.0,3.0,0.0,-87.0
79,20,validacao,16 24 25 26 27 28 30 31,1 3 4 9 10 11 15,,V,8.0,0.0,7.0,0.0,2.0,3.0,7.0,0.0,7.0,0.0,10.0,2.0,3.0,2.0,3.0,0.0,99.0
79,13,validacao,14 20 24 26 27 28 29 30 31,0 1 2 3 4 5 11 15,,P,8.0,0.0,7.0,0.0,3.0,4.0,6.0,0.0,9.0,0.0,9.0,1.0,3.0,4.0,8.0,0.0,-104.0
79,18,validacao,20 24 25 26 27 28 30 31,1 3 4 6 9 11 15,,V,8.0,0.0,6.0,0.0,3.0,3.0,8.0,0.0,7.0,0.0,9.0,1.0,3.0,2.0,5.0,0.0,104.0
79,39,validacao,5 8 16 19 26 28 30,7 10 11,,P,3.0,0.0,5.0,1.0,1.0,0.0,3.0,0.0,7.0,0.0,18.0,0.0,2.0,2.0,4.0,0.0,-501.0
79,22,validacao,16 23 24 25 26 28 30 31,3 4 5 9 10 11 15,,V,8.0,0.0,8.0,0.0,1.0,3.0,7.0,0.0,7.0,0.0,11.0,2.0,3.0,1.0,5.0,0.0,97.0
79,40,validacao,5 8 16 19 26 28 30,7 11 15,,V,7.0,0.0,18.0,0.0,2.0,2.0,4.0,0.0,3.0,0.0,6.0,0.0,1.0,0.0,3.0,1.0,740.0
79,28,validacao,12 23 25 26 28 30 31,3 5 10 11 13 15,,V,7.0,0.0,8.0,0.0,2.0,3.0,5.0,0.0,6.0,0.0,11.0,2.0,2.0,1.0,3.0,0.0,87.0
79,15,validacao,5 20 24 26 27 28 29 30 31,0 1 2 3 4 11 15,,P,7.0,0.0,6.0,0.0,3.0,4.0,4.0,0.0,9.0,0.0,11.0,0.0,3.0,4.0,8.0,1.0,-107.0
79,33,validacao,12 19 23 25 26 28 30,3 9 10 11 15 17,,P,6.0,0.0,13.0,3.0,2.0,1.0,3.0,0.0,7.0,0.0,11.0,0.0,3.0,2.0,5.0,0.0,-103.0
79,32,validacao,12 19 25 26 27 28 30,3 9 10 11 15 17,,V,7.0,0.0,10.0,0.0,4.0,2.0,3.0,0.0,6.0,0.0,13.0,3.0,2.0,1.0,3.0,0.0,99.0
79,36,validacao,12 16 19 23 26 28 30,7 9 10 11 15,,V,7.0,0.0,13.0,0.0,3.0,2.0,6.0,0.0,5.0,0.0,10.0,2.0,1.0,0.0,4.0,0.0,212.0
80,40,teste,4 11 18 22 23 24 26,9 15,11,V,6.0,1.0,15.0,2.0,2.0,0.0,4.0,0.0,2.0,0.0,5.0,1.0,0.0,0.0,0.0,0.0,750.0
80,15,teste,14 18 20 22 26 27 28 30 31,0 1 2 3 5 6 7 11 12 19,,P,10.0,0.0,12.0,0.0,4.0,4.0,8.0,0.0,9.0,0.0,13.0,3.0,3.0,3.0,7.0,0.0,111.0
80,20,teste,13 18 20 24 26 27 30 31,0 1 2 3 5 7 12 15 19,,V,8.0,0.0,12.0,2.0,2.0,2.0,6.0,1.0,9.0,0.0,12.0,0.0,3.0,4.0,8.0,1.0,-4.0
80,38,teste,11 18 20 22 23 24 26,8 9 10 16,11,V,6.0,1.0,11.0,2.0,2.0,0.0,6.0,0.0,4.0,0.0,10.0,2.0,0.0,0.0,0.0,1.0,624.0
80,24,teste,11 13 20 24 25 26 27 31,1 2 3 4 7 9 12 19,,V,8.0,0.0,15.0,1.0,3.0,1.0,5.0,1.0,8.0,0.0,11.0,1.0,4.0,3.0,3.0,1.0,-9.0
80,4,teste,16 22 23 24 25 26 27 28 29 30 31,0 1 2 3 4 5 6 7 8 10 11 21,,V,11.0,0.0,11.0,1.0,2.0,4.0,10.0,0.0,12.0,0.0,15.0,2.0,3.0,4.0,11.0,1.0,-12.0
80,45,teste,4 10 15 18 22 24 26,16,15,P,1.0,0.0,4.0,0.0,0.0,0.0,0.0,0.0,6.0,1.0,18.0,3.0,1.0,0.0,5.0,0.0,-761.0
80,16,teste,14 18 20 22 26 27 28 30 31,0 1 2 3 5 7 10 11 12 19,,V,9.0,0.0,13.0,3.0,3.0,3.0,7.0,1.0,10.0,0.0,13.0,1.0,4.0,4.0,8.0,0.0,-99.0
80,46,teste,4 10 15 18 22 24 26,21,15,V,6.0,1.0,18.0,3.0,1.0,0.0,5.0,1.0,1.0,0.0,5.0,1.0,0.0,0.0,0.0,1.0,1600.0
80,7,teste,16 17 21 22 23 26 27 28 29 30 31,0 1 2 3 4 5 6 7 8 11 15,,P,11.0,0.0,11.0,0.0,3.0,4.0,11.0,0.0,11.0,0.0,14.0,3.0,2.0,4.0,9.0,0.0,6.0
80,13,teste,13 14 18 21 22 26 27 28 29 30 31,0 1 2 3 5 6 7 8 11 12 19,,P,11.0,0.0,14.0,0.0,4.0,4.0,10.0,1.0,11.0,0.0,17.0,5.0,2.0,4.0,7.0,1.0,86.0
80,37,teste,11 18 20 22 23 24 26,8 9 10 12,11,P,4.0,0.0,9.0,2.0,1.0,0.0,2.0,0.0,6.0,1.0,11.0,2.0,2.0,0.0,6.0,0.0,-394.0
80,36,teste,11 18 20 22 24 26 27,8 9 10 12,11,V,6.0,1.0,10.0,2.0,3.0,0.0,5.0,0.0,4.0,0.0,9.0,2.0,1.0,0.0,2.0,0.0,393.0
80,39,teste,4 11 18 22 23 24 26,9 10,11,P,2.0,0.0,4.0,2.0,0.0,0.0,0.0,0.0,6.0,1.0,15.0,2.0,2.0,0.0,4.0,0.0,-680.0
80,28,teste,2 20 24 25 26 27 31,3 4 6 9 12 19,2,V,6.0,1.0,6.0,0.0,2.0,1.0,5.0,0.0,6.0,0.0,11.0,1.0,4.0,1.0,2.0,0.0,180.0
80,26,teste,11 20 24 25 26 27 31,1 3 4 7 9 12 19,,V,7.0,0.0,11.0,0.0,3.0,1.0,5.0,0.0,7.0,0.0,11.0,1.0,4.0,2.0,2.0,1.0,162.0
80,5,teste,16 17 22 23 25 26 27 28 29 30 31,0 1 2 3 4 5 6 7 8 10 11,,P,11.0,0.0,10.0,1.0,3.0,4.0,11.0,0.0,11.0,0.0,13.0,2.0,2.0,4.0,9.0,0.0,12.0
80,34,teste,11 18 20 22 24 26 31,6 8 9 12,11,V,6.0,1.0,9.0,2.0,2.0,1.0,6.0,0.0,4.0,0.0,8.0,1.0,1.0,0.0,4.0,0.0,398.0
80,43,teste,4 10 11 18 22 24 26,13,11,P,1.0,0.0,3.0,1.0,0.0,0.0,0.0,0.0,6.0,1.0,18.0,3.0,2.0,0.0,3.0,0.0,-813.0
80,44,teste,4 10 11 18 22 24 26,16,11,V,6.0,1.0,18.0,3.0,2.0,0.0,3.0,0.0,1.0,0.0,4.0,0.0,0.0,0.0,0.0,0.0,792.0
80,6,teste,16 17 22 23 25 26 27 28 29 30 31,0 1 2 3 4 5 6 7 8 11 15,,V,11.0,0.0,13.0,2.0,2.0,4.0,9.0,0.0,11.0,0.0,11.0,0.0,3.0,4.0,11.0,0.0,13.0
80,41,teste,4 11 18 19 22 24 26,9 15,11,P,2.0,0.0,5.0,1.0,0.0,0.0,0.0,1.0,6.0,1.0,16.0,2.0,3.0,0.0,3.0,0.0,-750.0
80,10,teste,16 17 18 21 22 26 27 28 29 30 31,0 1 2 3 5 6 7 8 11 12 15,,V,11.0,0.0,15.0,4.0,2.0,4.0,9.0,0.0,11.0,0.0,13.0,0.0,3.0,4.0,11.0,0.0,30.0
80,42,teste,4 11 18 19 22 24 26,13 15,11,V,6.0,1.0,16.0,2.0,3.0,0.0,3.0,0.0,2.0,0.0,6.0,1.0,0.0,0.0,0.0,1.0,753.0
80,32,teste,2 18 20 22 24 26 31,4 6 7 9 12,2,V,6.0,1.0,9.0,2.0,1.0,1.0,6.0,0.0,5.0,0.0,8.0,1.0,2.0,0.0,2.0,1.0,401.0
80,33,teste,11 18 20 22 24 26 31,4 6 9 12,11,P,4.0,0.0,7.0,1.0,2.0,0.0,2.0,0.0,6.0,1.0,9.0,2.0,2.0,1.0,6.0,0.0,-404.0
80,30,teste,2 20 22 24 26 27 31,3 4 6 9 12 23,2,V,6.0,1.0,7.0,1.0,2.0,1.0,6.0,1.0,6.0,0.0,12.0,1.0,3.0,1.0,2.0,1.0,161.0
80,12,teste,14 16 18 21 22 26 27 28 29 30 31,0 1 2 3 5 6 7 8 11 12 19,,V,11.0,0.0,16.0,4.0,2.0,4.0,9.0,0.0,11.0,0.0,14.0,0.0,4.0,4.0,10.0,0.0,33.0
80,31,teste,2 18 20 22 24 26 31,3 4 6 9 12,2,P,5.0,0.0,7.0,1.0,3.0,1.0,2.0,0.0,6.0,1.0,9.0,2.0,1.0,1.0,6.0,0.0,-161.0
80,18,teste,18 20 22 24 26 27 30 31,0 1 2 3 5 7 11 12 17 19,,V,8.0,0.0,10.0,2.0,2.0,2.0,8.0,0.0,10.0,0.0,15.0,1.0,4.0,4.0,7.0,1.0,-117.0
80,22,teste,11 13 20 24 26 27 30 31,1 2 3 4 5 7 12 19,,V,8.0,0.0,14.0,1.0,3.0,2.0,6.0,0.0,8.0,0.0,10.0,0.0,4.0,3.0,5.0,0.0,25.0
80,27,teste,2 20 24 25 26 27 31,1 3 4 9 12 19,2,P,6.0,0.0,10.0,1.0,4.0,2.0,0.0,0.0,6.0,1.0,6.0,0.0,2.0,1.0,5.0,0.0,-178.0
81,9,teste,11 13 17 22 23 24 25 27 28 29 30 31,0 1 2 3 4 5 6 7 9 15,,P,10.0,0.0,9.0,1.0,2.0,4.0,9.0,0.0,12.0,0.0,19.0,3.0,3.0,4.0,11.0,1.0,-154.0
81,10,teste,11 17 22 23 24 25 27 28 29 30 31,0 1 2 3 4 5 6 7 15 16,,V,11.0,0.0,15.0,2.0,3.0,4.0,10.0,0.0,10.0,0.0,11.0,0.0,2.0,4.0,8.0,0.0,146.0
81,71,teste,7 19,21 28 31,21 28 31,P,0.0,3.0,0.0,1.0,1.0,0.0,0.0,0.0,2.0,0.0,9.0,0.0,1.0,0.0,0.0,0.0,259.0
81,17,teste,8 11 22 25 27 28 29 30 31,0 1 2 3 4 5 16,,P,7.0,0.0,6.0,0.0,2.0,4.0,4.0,0.0,9.0,0.0,14.0,1.0,3.0,4.0,6.0,1.0,-121.0
81,67,teste,15 19,21 28 31,21 28 31,P,0.0,3.0,0.0,1.0,1.0,0.0,0.0,0.0,2.0,0.0,7.0,0.0,1.0,0.0,2.0,0.0,320.0
81,24,teste,11 22 25 27 29 30 31,2 3 4 8 13,,V,7.0,0.0,9.0,1.0,2.0,3.0,6.0,0.0,5.0,0.0,6.0,1.0,2.0,2.0,3.0,0.0,228.0
81,14,teste,11 22 24 25 27 28 29 30 31,0 1 2 3 4 5 9 16 21,,V,9.0,0.0,10.0,1.0,3.0,4.0,8.0,0.0,9.0,0.0,13.0,2.0,2.0,4.0,7.0,1.0,110.0
81,65,teste,18 19,21 26 28,21 28,P,1.0,2.0,6.0,1.0,1.0,0.0,0.0,0.0,2.0,0.0,6.0,1.0,1.0,0.0,0.0,0.0,315.0
81,26,teste,11 18 25 27 29 30 31,3 4 6 8 13,,V,7.0,0.0,10.0,1.0,2.0,3.0,5.0,0.0,5.0,0.0,7.0,1.0,2.0,1.0,3.0,0.0,217.0
81,41,teste,18 23 26 27,8 9 13 17,,P,4.0,0.0,11.0,3.0,0.0,0.0,4.0,0.0,4.0,0.0,7.0,1.0,1.0,0.0,4.0,0.0,24.0
81,18,teste,11 22 25 27 28 29 30 31,0 1 2 3 5 13 16,,V,8.0,0.0,9.0,1.0,3.0,4.0,6.0,0.0,7.0,0.0,8.0,1.0,1.0,4.0,5.0,0.0,121.0
81,48,teste,6 23 27,13 16 26,,V,3.0,0.0,9.0,0.0,1.0,0.0,2.0,0.0,3.0,0.0,13.0,1.0,0.0,0.0,2.0,0.0,-16.0
81,12,teste,11 17 19 22 24 25 27 28 29 30 31,0 1 2 3 4 5 7 9 15 16,,V,11.0,0.0,16.0,2.0,4.0,4.0,9.0,0.0,10.0,0.0,12.0,1.0,2.0,4.0,8.0,1.0,126.0
81,47,teste,6 23 27,12 13 26,,P,3.0,0.0,12.0,1.0,1.0,0.0,0.0,0.0,3.0,0.0,9.0,0.0,1.0,0.0,2.0,0.0,9.0
81,84,teste,7 10,9 28 31,7 9 28 31,V,1.0,1.0,5.0,1.0,0.0,0.0,2.0,0.0,0.0,3.0,0.0,1.0,1.0,0.0,0.0,0.0,-261.0
81,50,teste,1 23 27,16 17 26,1,V,2.0,1.0,3.0,0.0,1.0,0.0,2.0,0.0,3.0,0.0,14.0,1.0,0.0,0.0,0.0,0.0,-10.0
81,58,teste,15 19 27,17 24 25,15 25,V,2.0,1.0,4.0,0.0,2.0,0.0,2.0,0.0,2.0,1.0,10.0,1.0,0.0,0.0,0.0,0.0,-78.0
81,52,teste,6 23 27,16 17 30,6 30,V,2.0,1.0,3.0,0.0,1.0,0.0,2.0,0.0,2.0,1.0,8.0,1.0,0.0,0.0,0.0,0.0,-23.0
81,66,teste,18 19,21 28 31,21 28 31,V,2.0,0.0,6.0,1.0,1.0,0.0,0.0,0.0,0.0,3.0,0.0,1.0,1.0,0.0,0.0,0.0,-319.0
81,46,teste,9 23 27,12 13 26,,V,3.0,0.0,8.0,1.0,1.0,0.0,2.0,0.0,3.0,0.0,12.0,1.0,1.0,0.0,0.0,0.0,-65.0
81,40,teste,18 23 26 31,8 9 13 17,,V,4.0,0.0,6.0,1.0,0.0,1.0,4.0,0.0,4.0,0.0,11.0,3.0,0.0,0.0,4.0,0.0,-0.0
81,82,teste,2 10,13 28 31,2 13 28 31,V,1.0,1.0,5.0,1.0,0.0,0.0,0.0,0.0,0.0,3.0,0.0,1.0,1.0,0.0,0.0,0.0,-243.0
81,44,teste,9 23 26 27,12 13 17,,V,4.0,0.0,9.0,1.0,1.0,0.0,3.0,0.0,3.0,0.0,10.0,2.0,1.0,0.0,2.0,0.0,90.0
81,30,teste,11 18 26 27 29 31,3 4 6 8 25,,V,6.0,0.0,10.0,1.0,2.0,2.0,3.0,0.0,5.0,0.0,10.0,0.0,2.0,1.0,2.0,1.0,236.0
81,68,teste,15 19,17 28 31,17 28 31,V,2.0,0.0,7.0,0.0,1.0,0.0,2.0,0.0,0.0,3.0,0.0,1.0,1.0,0.0,0.0,0.0,-322.0
81,61,teste,18 19 23,17 25 28,18 25 28,P,1.0,2.0,4.0,1.0,1.0,0.0,0.0,0.0,2.0,1.0,5.0,1.0,1.0,0.0,3.0,0.0,79.0
81,74,teste,7 15,16 24 31,16 24 31,V,2.0,0.0,10.0,0.0,0.0,0.0,0.0,0.0,0.0,3.0,0.0,0.0,0.0,0.0,0.0,0.0,-258.0
81,8,teste,11 17 20 22 23 24 25 27 28 29 30 31,0 1 2 3 4 5 6 7 9 15 16,,V,12.0,0.0,17.0,2.0,4.0,4.0,11.0,0.0,11.0,0.0,13.0,1.0,2.0,4.0,9.0,1.0,132.0
81,38,teste,22 23 26 31,6 8 13 17,,V,4.0,0.0,5.0,1.0,0.0,1.0,4.0,0.0,4.0,0.0,10.0,2.0,0.0,0.0,3.0,0.0,-17.0
81,57,teste,15 19 27,17 21 25,15 25,P,2.0,1.0,9.0,2.0,0.0,0.0,3.0,0.0,2.0,1.0,4.0,0.0,2.0,0.0,2.0,0.0,25.0
81,70,teste,11 19,21 28 31,21 28 31,V,2.0,0.0,8.0,0.0,2.0,0.0,0.0,0.0,0.0,3.0,0.0,1.0,1.0,0.0,0.0,0.0,-317.0
81,20,teste,11 22 24 25 27 29 30 31,0 1 2 3 8 13 16,,V,8.0,0.0,10.0,1.0,2.0,3.0,7.0,0.0,7.0,0.0,9.0,1.0,1.0,4.0,3.0,0.0,128.0
82,10,treino,19 20 21 24 25 26 27 28 29 31,0 1 2 4 5 6 7 11 12 13,,V,10.0,0.0,11.0,1.0,4.0,3.0,9.0,0.0,10.0,0.0,12.0,1.0,3.0,3.0,8.0,0.0,11.0
82,26,treino,16 19 21 23 24 27 29 31,0 4 6 7 10 12 15 22,,V,8.0,0.0,12.0,1.0,2.0,2.0,8.0,0.0,8.0,0.0,16.0,2.0,2.0,1.0,6.0,0.0,-7.0
82,16,treino,12 19 20 21 23 25 27 28 29 31,0 1 2 4 7 8 10 11 13,,V,10.0,0.0,15.0,1.0,5.0,3.0,7.0,0.0,9.0,0.0,11.0,2.0,2.0,3.0,8.0,1.0,99.0
82,34,treino,16 19 21 23 24 25 29 31,5 12 13,25,V,7.0,1.0,11.0,1.0,1.0,2.0,7.0,1.0,3.0,0.0,7.0,1.0,1.0,0.0,0.0,1.0,1600.0
82,22,treino,19 20 21 22 23 24 27 29 31,0 4 6 7 10 11 12 13,,V,9.0,0.0,13.0,2.0,3.0,2.0,8.0,0.0,8.0,0.0,13.0,2.0,3.0,1.0,6.0,0.0,107.0
82,30,treino,2 16 19 21 24 27 29 31,0 7 8 12 15 22,2,V,7.0,1.0,10.0,1.0,2.0,2.0,6.0,0.0,6.0,0.0,14.0,1.0,1.0,1.0,2.0,2.0,618.0
82,18,treino,19 20 21 23 25 27 28 29 31,0 2 4 7 8 10 11 13,,V,9.0,0.0,11.0,1.0,4.0,3.0,7.0,0.0,8.0,0.0,11.0,2.0,2.0,2.0,8.0,0.0,111.0
82,9,treino,19 20 21 24 25 26 27 28 29 31,0 1 2 4 5 6 7 9 11 12,,P,10.0,0.0,11.0,1.0,3.0,3.0,9.0,0.0,10.0,0.0,11.0,1.0,4.0,3.0,9.0,0.0,-2.0
82,36,treino,0 19 21 23 24 25 29 31,16,0 25,V,6.0,2.0,8.0,1.0,1.0,2.0,6.0,0.0,1.0,0.0,4.0,0.0,0.0,0.0,0.0,1.0,1600.0
82,11,treino,19 20 21 23 24 25 27 28 29 31,0 1 2 4 5 6 7 11 12 13,,P,10.0,0.0,12.0,1.0,3.0,3.0,8.0,0.0,10.0,0.0,12.0,1.0,4.0,3.0,10.0,0.0,-11.0
82,8,treino,19 20 21 24 25 27 28 29 30 31,0 1 2 4 5 6 7 9 11 12,,V,10.0,0.0,10.0,1.0,4.0,4.0,9.0,0.0,10.0,0.0,11.0,1.0,3.0,3.0,9.0,0.0,2.0
82,23,treino,17 19 20 21 23 24 27 29 31,0 4 6 7 10 11 12 13,,P,8.0,0.0,13.0,2.0,3.0,1.0,6.0,1.0,9.0,0.0,14.0,2.0,3.0,2.0,9.0,1.0,5.0
82,21,treino,19 20 21 22 23 24 27 29 31,0 4 6 7 8 10 11 13,,P,8.0,0.0,12.0,2.0,2.0,1.0,8.0,0.0,9.0,0.0,13.0,2.0,3.0,2.0,8.0,0.0,-109.0
82,31,treino,16 19 21 24 25 27 29 31,0 8 12,25,P,3.0,0.0,5.0,0.0,1.0,1.0,2.0,0.0,7.0,1.0,10.0,1.0,2.0,2.0,7.0,0.0,-624.0
82,20,treino,19 20 21 23 24 25 27 29 31,0 4 6 7 8 10 11 13,,V,9.0,0.0,12.0,1.0,3.0,2.0,9.0,0.0,8.0,0.0,12.0,2.0,2.0,1.0,8.0,0.0,118.0
82,12,treino,19 20 21 23 24 25 27 28 29 31,0 1 2 4 5 6 7 11 13 16,,V,10.0,0.0,12.0,1.0,4.0,3.0,10.0,0.0,10.0,0.0,13.0,1.0,2.0,3.0,10.0,1.0,102.0
82,32,treino,16 19 21 24 25 27 29 31,5 8 12,25,V,7.0,1.0,10.0,1.0,2.0,2.0,7.0,0.0,3.0,0.0,6.0,0.0,1.0,0.0,3.0,0.0,626.0
82,17,treino,5 19 20 21 23 25 27 28 29 31,0 1 2 4 7 10 11 13,,P,8.0,0.0,9.0,2.0,2.0,3.0,6.0,0.0,10.0,0.0,17.0,1.0,4.0,3.0,7.0,1.0,-114.0
82,19,treino,19 20 21 23 24 25 27 29 31,0 2 4 7 8 10 11 13,,P,8.0,0.0,11.0,2.0,2.0,2.0,8.0,0.0,9.0,0.0,12.0,1.0,3.0,2.0,9.0,0.0,-102.0
82,4,treino,17 18 20 21 24 25 26 27 28 29 30 31,0 1 2 3 4 5 6 7 9 11 12 14,,V,12.0,0.0,14.0,3.0,3.0,4.0,11.0,1.0,12.0,0.0,14.0,2.0,4.0,4.0,11.0,1.0,7.0
82,29,treino,2 16 19 21 24 27 29 31,0 4 7 12 15 22,2,P,6.0,0.0,13.0,1.0,2.0,1.0,2.0,2.0,7.0,1.0,10.0,1.0,2.0,2.0,6.0,0.0,-288.0
82,7,treino,19 20 21 24 25 27 28 29 30 31,0 1 2 3 4 5 6 9 11 12,,P,10.0,0.0,10.0,1.0,4.0,4.0,7.0,0.0,10.0,0.0,10.0,1.0,4.0,4.0,9.0,0.0,-3.0
82,35,treino,0 19 21 23 24 25 29 31,12,0 25,P,1.0,0.0,3.0,0.0,1.0,0.0,0.0,0.0,6.0,2.0,8.0,1.0,1.0,2.0,6.0,0.0,-1600.0
82,13,treino,12 19 20 23 24 25 27 28 29 31,0 1 2 4 5 6 7 11 13,,P,9.0,0.0,9.0,1.0,2.0,3.0,8.0,0.0,10.0,0.0,14.0,0.0,5.0,3.0,9.0,0.0,-102.0
82,24,treino,19 20 21 23 24 27 29 31,0 4 6 7 10 11 12 22,,V,8.0,0.0,11.0,1.0,3.0,2.0,8.0,0.0,8.0,0.0,15.0,2.0,3.0,1.0,6.0,0.0,-11.0
82,14,treino,12 19 20 23 24 25 27 28 29 31,0 1 2 4 5 7 10 11 13,,V,10.0,0.0,14.0,0.0,5.0,3.0,9.0,0.0,9.0,0.0,10.0,2.0,2.0,3.0,8.0,0.0,105.0
82,25,treino,16 19 21 23 24 27 29 31,0 4 6 7 10 11 12 22,,P,8.0,0.0,15.0,2.0,3.0,1.0,6.0,0.0,8.0,0.0,12.0,1.0,2.0,2.0,8.0,0.0,10.0
82,28,treino,16 18 19 21 24 27 29 31,0 4 6 7 12 14 15 22,,V,8.0,0.0,13.0,2.0,2.0,2.0,6.0,1.0,8.0,0.0,17.0,2.0,2.0,1.0,2.0,2.0,291.0
82,15,treino,12 19 20 21 23 25 27 28 29 31,0 1 2 4 5 7 10 11 13,,P,9.0,0.0,10.0,2.0,2.0,3.0,8.0,0.0,10.0,0.0,15.0,1.0,5.0,3.0,7.0,0.0,-99.0
82,5,treino,10 18 20 21 24 25 26 27 28 29 30 31,0 1 2 3 4 5 6 7 9 11 12,,P,11.0,0.0,11.0,1.0,4.0,4.0,10.0,0.0,12.0,0.0,16.0,3.0,3.0,4.0,10.0,1.0,-7.0
82,27,treino,16 18 19 21 24 27 29 31,0 4 6 7 10 12 15 22,,P,8.0,0.0,16.0,2.0,2.0,1.0,6.0,1.0,8.0,0.0,13.0,2.0,2.0,2.0,6.0,0.0,-172.0
82,33,treino,16 19 21 23 24 25 29 31,5 8 12,25,P,3.0,0.0,6.0,0.0,1.0,0.0,3.0,0.0,7.0,1.0,11.0,1.0,1.0,2.0,7.0,0.0,-620.0
83,34,treino,2 24 26 30,3 6 21 25,2,V,3.0,1.0,2.0,0.0,0.0,1.0,2.0,1.0,4.0,0.0,12.0,1.0,1.0,1.0,2.0,2.0,228.0
83,23,treino,17 22 23 28 30 31,1 3 6 7 11 12,,P,6.0,0.0,7.0,0.0,3.0,2.0,5.0,0.0,6.0,0.0,7.0,2.0,1.0,3.0,2.0,0.0,-9.0
83,26,treino,17 18 22 28 30 31,3 5 6 7 11 16,,V,6.0,0.0,8.0,3.0,1.0,3.0,3.0,0.0,6.0,0.0,9.0,0.0,2.0,1.0,3.0,0.0,18.0
83,15,treino,22 23 26 28 29 30 31,0 1 2 3 6 8 11 21,,P,8.0,0.0,10.0,1.0,2.0,4.0,3.0,0.0,7.0,0.0,5.0,1.0,1.0,4.0,5.0,0.0,99.0
83,49,treino,13 14 16 26,22,14,P,1.0,0.0,5.0,1.0,0.0,0.0,0.0,1.0,3.0,1.0,8.0,2.0,0.0,0.0,2.0,1.0,-242.0
83,43,treino,6 16 17 26,11,6,P,1.0,0.0,2.0,0.0,1.0,0.0,0.0,0.0,3.0,1.0,7.0,1.0,0.0,0.0,0.0,0.0,-420.0
83,11,treino,17 19 22 26 27 28 29 30 31,0 1 2 3 4 6 7 11 15,,P,9.0,0.0,8.0,0.0,3.0,4.0,9.0,1.0,9.0,0.0,10.0,2.0,3.0,4.0,6.0,0.0,117.0
83,41,treino,6 17 21 26,7,6,P,1.0,0.0,1.0,0.0,0.0,0.0,0.0,0.0,3.0,1.0,6.0,2.0,0.0,0.0,2.0,0.0,-420.0
83,13,treino,10 17 22 26 27 28 29 30 31,0 1 2 3 6 7 8 11,,P,8.0,0.0,6.0,0.0,2.0,4.0,6.0,0.0,9.0,0.0,12.0,3.0,2.0,4.0,6.0,1.0,91.0
83,30,treino,17 18 22 24 26 30,3 6 7 9 15 16,,V,6.0,0.0,10.0,3.0,0.0,1.0,5.0,0.0,6.0,0.0,11.0,1.0,1.0,1.0,4.0,1.0,265.0
83,46,treino,10 16 17 26,18,10,V,3.0,1.0,7.0,2.0,0.0,0.0,0.0,0.0,1.0,0.0,4.0,1.0,0.0,0.0,0.0,0.0,1600.0
83,24,treino,17 22 23 28 30 31,3 5 6 7 11 12,,V,6.0,0.0,7.0,2.0,1.0,3.0,2.0,0.0,6.0,0.0,8.0,0.0,3.0,1.0,3.0,0.0,7.0
83,10,treino,17 22 23 26 27 28 29 30 31,0 1 2 3 4 6 7 11 15,,V,9.0,0.0,9.0,2.0,2.0,4.0,7.0,0.0,9.0,0.0,8.0,0.0,3.0,4.0,9.0,0.0,10.0
83,47,treino,14 16 17 26,18,14,P,1.0,0.0,4.0,1.0,0.0,0.0,0.0,1.0,3.0,1.0,7.0,2.0,0.0,0.0,2.0,0.0,-401.0
83,50,treino,13 14 16,31,14 31,V,2.0,1.0,7.0,2.0,0.0,0.0,2.0,0.0,0.0,1.0,0.0,0.0,0.0,0.0,0.0,0.0,240.0
83,8,treino,22 23 24 26 27 28 29 30 31,0 1 2 3 4 6 7 10 11 21,,V,9.0,0.0,7.0,1.0,2.0,4.0,9.0,0.0,10.0,0.0,12.0,2.0,3.0,4.0,9.0,1.0,-2.0
83,37,treino,9 17 26 30,3 29,9 29,P,1.0,1.0,0.0,0.0,1.0,1.0,0.0,0.0,3.0,1.0,4.0,2.0,0.0,1.0,2.0,0.0,-237.0
83,14,treino,22 26 27 28 29 30 31,0 1 2 3 6 8 11 21,,V,7.0,0.0,4.0,1.0,2.0,4.0,5.0,0.0,8.0,0.0,10.0,1.0,2.0,4.0,3.0,0.0,16.0
83,7,treino,8 16 22 23 24 26 27 28 29 30 31,0 1 2 3 4 5 6 7 10 11,,P,10.0,0.0,8.0,1.0,3.0,4.0,10.0,0.0,11.0,0.0,15.0,1.0,2.0,4.0,9.0,1.0,108.0
83,22,treino,17 23 26 28 30 31,1 3 6 7 11 12,,V,6.0,0.0,6.0,1.0,1.0,3.0,4.0,0.0,6.0,0.0,7.0,0.0,3.0,2.0,5.0,0.0,0.0
83,17,treino,22 23 24 26 28 30 31,0 1 2 3 6 11 13 21,,P,8.0,0.0,11.0,2.0,2.0,4.0,3.0,1.0,7.0,0.0,6.0,1.0,1.0,3.0,7.0,0.0,-1.0
83,33,treino,2 14 22 24 26 30,3 6 9 21,2,P,4.0,0.0,8.0,2.0,1.0,1.0,2.0,2.0,5.0,1.0,8.0,2.0,0.0,1.0,3.0,2.0,-213.0
83,20,treino,8 22 23 26 28 30 31,1 3 5 6 7 11,,V,7.0,0.0,10.0,1.0,1.0,3.0,5.0,1.0,6.0,0.0,5.0,0.0,2.0,2.0,6.0,0.0,116.0
83,52,treino,13 16 17,26,17 26,V,2.0,1.0,7.0,2.0,0.0,0.0,3.0,0.0,0.0,1.0,0.0,0.0,0.0,0.0,0.0,0.0,244.0
83,44,treino,6 16 17 26,15,6,V,3.0,1.0,7.0,1.0,0.0,0.0,0.0,0.0,1.0,0.0,3.0,0.0,0.0,0.0,0.0,0.0,408.0
83,21,treino,8 17 23 26 28 30 31,1 3 5 6 7 11,,P,6.0,0.0,5.0,0.0,2.0,2.0,6.0,0.0,7.0,0.0,11.0,1.0,1.0,3.0,4.0,1.0,-6.0
83,56,treino,10 13 16,18,10 18,V,2.0,1.0,7.0,2.0,0.0,0.0,2.0,0.0,0.0,1.0,0.0,1.0,0.0,0.0,0.0,0.0,1600.0
83,9,treino,17 22 23 26 27 28 29 30 31,0 1 2 3 4 6 7 10 11,,P,9.0,0.0,7.0,1.0,3.0,4.0,9.0,0.0,9.0,0.0,9.0,2.0,2.0,4.0,7.0,0.0,2.0
83,36,treino,2 17 26 30,3 6 29,2 29,V,3.0,1.0,4.0,1.0,0.0,1.0,2.0,0.0,2.0,1.0,1.0,0.0,1.0,1.0,0.0,1.0,228.0
83,38,treino,9 17 26 30,3 25,9 25,V,3.0,1.0,4.0,2.0,0.0,1.0,2.0,0.0,1.0,1.0,0.0,0.0,1.0,1.0,0.0,1.0,419.0
83,48,treino,14 16 17 26,22,14,V,3.0,1.0,7.0,2.0,0.0,0.0,2.0,1.0,1.0,0.0,5.0,1.0,0.0,0.0,0.0,0.0,404.0
83,42,treino,6 17 21 26,11,6,V,3.0,1.0,6.0,2.0,0.0,0.0,2.0,0.0,1.0,0.0,2.0,0.0,1.0,0.0,0.0,0.0,1600.0
84,21,treino,14 18 19 24 28 29 30 31,0 1 3 5 6 8 11 20,,P,8.0,0.0,11.0,0.0,3.0,3.0,5.0,0.0,8.0,0.0,11.0,2.0,2.0,4.0,5.0,0.0,10.0
84,29,treino,18 19 24 28 29 31,1 3 4 10 11 12 20 23,,P,8.0,0.0,18.0,1.0,5.0,2.0,0.0,0.0,6.0,0.0,7.0,1.0,2.0,3.0,3.0,0.0,232.0
84,28,treino,19 22 24 28 29 31,1 3 4 10 11 12 20 23,,V,6.0,0.0,6.0,1.0,2.0,3.0,3.0,0.0,8.0,0.0,18.0,1.0,5.0,2.0,0.0,0.0,-231.0
84,8,treino,18 20 23 24 26 27 28 29 30 31,0 1 2 3 4 5 6 7 11 17,,V,10.0,0.0,10.0,1.0,3.0,4.0,10.0,0.0,10.0,0.0,10.0,1.0,3.0,4.0,9.0,0.0,20.0
84,22,treino,14 18 19 24 28 29 30 31,1 3 4 5 6 8 11 20,,V,8.0,0.0,11.0,2.0,2.0,4.0,5.0,0.0,8.0,0.0,12.0,0.0,4.0,2.0,5.0,0.0,-6.0
84,45,treino,6,1 4 10 25 27 31,31,P,5.0,1.0,15.0,1.0,2.0,1.0,2.0,0.0,1.0,0.0,6.0,0.0,0.0,0.0,0.0,0.0,627.0
84,16,treino,16 17 18 19 23 24 28 29 30 31,0 1 2 3 5 6 8 11 14,,V,10.0,0.0,15.0,2.0,2.0,4.0,6.0,1.0,9.0,0.0,9.0,1.0,2.0,4.0,6.0,1.0,-6.0
84,26,treino,19 24 25 28 29 31,1 3 4 6 11 12 20 23,,V,6.0,0.0,5.0,0.0,2.0,3.0,4.0,0.0,8.0,0.0,17.0,0.0,5.0,2.0,2.0,0.0,-230.0
84,14,treino,16 17 18 19 24 27 28 29 30 31,0 1 2 3 5 6 8 10 11,,V,10.0,0.0,14.0,2.0,3.0,4.0,5.0,0.0,9.0,0.0,8.0,1.0,2.0,4.0,7.0,0.0,119.0
84,36,treino,9 10 25 28 31,1 3 4 12 27 29,29,V,5.0,0.0,11.0,2.0,1.0,2.0,0.0,1.0,5.0,1.0,10.0,0.0,4.0,2.0,0.0,0.0,-178.0
84,9,treino,18 19 20 24 26 27 28 29 30 31,0 1 2 3 4 5 6 7 11 17,,P,10.0,0.0,10.0,1.0,3.0,4.0,9.0,0.0,10.0,0.0,11.0,1.0,4.0,4.0,8.0,0.0,-13.0
84,17,treino,9 16 17 19 23 24 28 29 30 31,0 1 2 3 5 6 8 11,,P,8.0,0.0,6.0,0.0,2.0,4.0,6.0,0.0,10.0,0.0,17.0,2.0,2.0,4.0,5.0,1.0,-10.0
84,25,treino,9 18 19 24 25 28 29 31,1 3 4 5 6 11 12 20,,P,8.0,0.0,13.0,0.0,5.0,2.0,3.0,2.0,8.0,0.0,13.0,2.0,2.0,3.0,4.0,1.0,215.0
84,30,treino,18 19 24 28 29 31,1 3 4 11 12 14 20 23,,V,6.0,0.0,7.0,1.0,2.0,3.0,3.0,0.0,8.0,0.0,19.0,1.0,5.0,2.0,0.0,1.0,-115.0
84,48,treino,2,1 4 14 27 29 31,2 29 31,V,0.0,1.0,0.0,0.0,0.0,0.0,0.0,0.0,4.0,2.0,10.0,1.0,2.0,1.0,2.0,0.0,-633.0
84,4,treino,18 20 21 22 23 24 26 27 28 29 30 31,0 1 2 3 4 5 6 7 8 10 11 17,,V,12.0,0.0,14.0,3.0,3.0,4.0,12.0,0.0,12.0,0.0,14.0,2.0,3.0,4.0,11.0,1.0,3.0
84,46,treino,6,1 4 14 25 27 31,31,V,1.0,0.0,6.0,0.0,0.0,0.0,0.0,1.0,5.0,1.0,16.0,1.0,2.0,1.0,2.0,0.0,-630.0
84,49,treino,6,1 4 14 27 29 31,6 29 31,P,4.0,2.0,10.0,1.0,2.0,1.0,2.0,0.0,0.0,1.0,0.0,0.0,0.0,0.0,0.0,1.0,1600.0
84,43,treino,7 9,1 3 4 25 27 31,31,P,5.0,1.0,13.0,0.0,3.0,2.0,2.0,0.0,2.0,0.0,11.0,1.0,0.0,0.0,0.0,1.0,627.0
84,27,treino,19 22 24 28 29 31,1 3 4 6 11 12 20 23,,P,8.0,0.0,17.0,0.0,5.0,2.0,2.0,0.0,6.0,0.0,6.0,1.0,2.0,3.0,3.0,0.0,229.0
84,34,treino,9 10 24 28 29 31,1 3 4 12 20 27,,V,6.0,0.0,11.0,2.0,1.0,3.0,3.0,0.0,6.0,0.0,15.0,0.0,5.0,2.0,0.0,0.0,1.0
84,7,treino,14 18 20 23 24 26 27 28 29 30 31,0 1 2 3 4 5 6 7 10 11,,P,10.0,0.0,8.0,1.0,3.0,4.0,10.0,0.0,11.0,0.0,14.0,2.0,3.0,4.0,11.0,1.0,-20.0
84,44,treino,9,1 4 10 25 27 31,31,V,1.0,0.0,5.0,1.0,0.0,0.0,0.0,0.0,5.0,1.0,15.0,1.0,2.0,1.0,2.0,0.0,-689.0
84,37,treino,9 10 25 26 28,1 3 4 12 27 29,29,P,5.0,1.0,10.0,0.0,4.0,2.0,0.0,0.0,5.0,0.0,12.0,2.0,1.0,1.0,0.0,1.0,381.0
84,35,treino,9 10 24 25 28 31,1 3 4 12 20 27,,P,6.0,0.0,15.0,0.0,5.0,2.0,0.0,0.0,6.0,0.0,12.0,2.0,1.0,2.0,2.0,1.0,162.0
84,11,treino,16 18 19 24 26 27 28 29 30 31,0 1 2 3 5 6 7 8 11 17,,P,10.0,0.0,11.0,1.0,2.0,4.0,9.0,0.0,10.0,0.0,12.0,1.0,3.0,4.0,7.0,0.0,16.0
84,38,treino,9 10 28,1 3 4 12 27 31,31,V,3.0,0.0,10.0,2.0,1.0,1.0,0.0,0.0,5.0,1.0,10.0,0.0,4.0,2.0,2.0,0.0,-388.0
84,20,treino,17 18 19 24 28 29 30 31,0 1 3 5 6 8 11 20,,V,8.0,0.0,10.0,2.0,2.0,4.0,3.0,0.0,8.0,0.0,11.0,0.0,3.0,3.0,5.0,0.0,1.0
84,12,treino,16 18 19 24 26 27 28 29 30 31,0 1 2 3 5 6 7 8 11 22,,V,10.0,0.0,12.0,1.0,3.0,4.0,7.0,0.0,10.0,0.0,12.0,1.0,2.0,4.0,9.0,1.0,105.0
84,33,treino,9 10 24 28 29 31,1 3 4 12 20 23,,P,6.0,0.0,14.0,0.0,4.0,2.0,0.0,0.0,6.0,0.0,11.0,2.0,1.0,3.0,3.0,0.0,-8.0
84,31,treino,9 19 24 28 29 31,1 3 4 11 12 20 23,,P,7.0,0.0,16.0,0.0,5.0,2.0,0.0,0.0,6.0,0.0,9.0,1.0,2.0,3.0,3.0,0.0,113.0
84,32,treino,9 19 24 28 29 31,1 3 4 12 15 20 23,,V,6.0,0.0,9.0,1.0,2.0,3.0,3.0,0.0,7.0,0.0,17.0,0.0,4.0,2.0,0.0,1.0,3.0
85,33,treino,15 21 22 24 25,0 3 5 9 11 13 19 28,28,P,7.0,1.0,12.0,2.0,4.0,2.0,4.0,0.0,5.0,0.0,10.0,2.0,0.0,0.0,4.0,1.0,409.0
85,12,treino,16 20 21 22 24 25 27 29 30 31,0 1 2 3 4 5 7 12 14 15,,V,10.0,0.0,12.0,2.0,2.0,3.0,10.0,0.0,10.0,0.0,12.0,1.0,3.0,4.0,7.0,0.0,3.0
85,7,treino,16 18 20 21 22 24 25 26 27 29 30 31,0 1 2 3 4 5 6 7 10 12 14 15,,P,12.0,0.0,15.0,2.0,3.0,4.0,11.0,2.0,12.0,0.0,16.0,3.0,2.0,3.0,12.0,1.0,-127.0
85,37,treino,14 15 24 25,0 3 5 9 19 28,28,P,5.0,1.0,7.0,1.0,3.0,2.0,3.0,0.0,4.0,0.0,10.0,1.0,0.0,0.0,0.0,2.0,489.0
85,11,treino,10 16 20 21 22 24 25 27 29 30 31,0 1 2 3 4 5 6 7 12 14,,P,10.0,0.0,10.0,1.0,3.0,4.0,8.0,0.0,11.0,0.0,17.0,3.0,2.0,3.0,10.0,1.0,-28.0
85,20,treino,13 14 22 23 25 29 30 31,0 1 3 4 5 7 10 15 28,28,V,8.0,0.0,13.0,3.0,0.0,3.0,4.0,1.0,8.0,1.0,8.0,1.0,3.0,3.0,8.0,0.0,-96.0
85,18,treino,13 14 22 25 27 29 30 31,0 1 3 4 5 6 7 15 28,28,V,8.0,0.0,12.0,3.0,1.0,3.0,6.0,0.0,8.0,1.0,7.0,0.0,3.0,3.0,7.0,0.0,-76.0
85,23,treino,8 22 23 25 29 30,0 1 3 4 5 7 15 28,28,P,7.0,1.0,6.0,0.0,3.0,3.0,6.0,0.0,6.0,0.0,10.0,1.0,0.0,2.0,4.0,1.0,367.0
85,28,treino,18 21 22 29 30,0 1 3 5 11 13 19 28,28,V,5.0,0.0,7.0,3.0,0.0,2.0,2.0,0.0,7.0,1.0,10.0,1.0,4.0,3.0,3.0,0.0,-390.0
85,24,treino,22 23 25 29 30,0 1 3 5 7 13 15 28,28,V,5.0,0.0,5.0,1.0,0.0,2.0,4.0,0.0,7.0,1.0,8.0,1.0,2.0,3.0,5.0,0.0,-114.0
85,44,treino,15 16,0 3 5 19 24 30,24 30,V,2.0,0.0,7.0,0.0,0.0,0.0,0.0,0.0,4.0,2.0,5.0,0.0,2.0,2.0,2.0,0.0,-569.0
85,6,treino,16 20 21 22 23 24 25 26 27 29 30 31,0 1 2 3 4 5 6 7 10 12 14 15,,V,12.0,0.0,15.0,2.0,2.0,3.0,12.0,0.0,12.0,0.0,15.0,2.0,3.0,4.0,11.0,0.0,127.0
85,46,treino,10 16,0 3 9 19 24 30,24 30,V,2.0,0.0,8.0,1.0,0.0,0.0,0.0,0.0,4.0,2.0,6.0,1.0,2.0,2.0,0.0,0.0,-567.0
85,17,treino,13 14 16 22 24 25 27 29 30 31,0 1 3 4 5 6 7 12 15,,P,9.0,0.0,10.0,0.0,3.0,3.0,7.0,0.0,10.0,0.0,16.0,3.0,1.0,3.0,9.0,1.0,76.0
85,48,treino,10,0 3 16 19 24 30,24 30,V,1.0,0.0,5.0,1.0,0.0,0.0,0.0,0.0,4.0,2.0,8.0,0.0,2.0,2.0,0.0,0.0,-693.0
85,49,treino,7,0 3 16 19 24 30,24 30,P,4.0,2.0,8.0,0.0,2.0,2.0,0.0,0.0,1.0,0.0,6.0,0.0,0.0,0.0,0.0,1.0,1600.0
85,38,treino,15 24 25,0 3 5 18 19 28,28,V,3.0,0.0,6.0,0.0,0.0,0.0,0.0,1.0,5.0,1.0,9.0,1.0,3.0,2.0,2.0,0.0,-407.0
85,41,treino,15 20,0 3 5 19 25 28,28,P,5.0,1.0,11.0,0.0,3.0,2.0,2.0,0.0,2.0,0.0,6.0,0.0,1.0,0.0,0.0,0.0,566.0
85,4,treino,16 20 21 22 23 25 26 27 28 29 30 31,0 1 2 3 4 5 6 7 9 10 12 15,,V,12.0,0.0,14.0,2.0,3.0,4.0,11.0,0.0,12.0,0.0,14.0,2.0,3.0,4.0,11.0,0.0,10.0
85,36,treino,15 21 24 25,0 3 5 9 17 19 28,28,V,4.0,0.0,8.0,1.0,0.0,0.0,3.0,0.0,6.0,1.0,11.0,2.0,3.0,2.0,3.0,1.0,-514.0
85,22,treino,8 23 25 29 30 31,0 1 3 4 5 7 15 26 28,28,V,6.0,0.0,8.0,0.0,0.0,3.0,3.0,1.0,8.0,1.0,12.0,0.0,3.0,3.0,6.0,1.0,-400.0
85,13,treino,13 20 21 22 24 25 27 29 30 31,0 1 2 3 4 5 7 12 14 15,,P,10.0,0.0,12.0,1.0,3.0,4.0,7.0,0.0,10.0,0.0,13.0,3.0,2.0,3.0,9.0,0.0,11.0
85,45,treino,10 16,0 3 5 19 24 30,24 30,P,4.0,2.0,5.0,0.0,2.0,2.0,2.0,0.0,2.0,0.0,8.0,1.0,0.0,0.0,0.0,0.0,561.0
85,14,treino,13 20 21 22 24 25 27 29 30 31,0 1 2 3 4 5 7 12 15 17,,V,10.0,0.0,13.0,3.0,2.0,3.0,9.0,1.0,10.0,0.0,13.0,1.0,3.0,4.0,7.0,1.0,-0.0
85,19,treino,13 14 22 23 25 29 30 31,0 1 3 4 5 6 7 15 28,28,P,8.0,1.0,7.0,0.0,3.0,3.0,7.0,0.0,8.0,0.0,13.0,3.0,0.0,3.0,4.0,0.0,291.0
85,27,treino,18 21 22 29 30,0 1 3 5 11 13 15 28,28,P,7.0,1.0,9.0,1.0,3.0,3.0,5.0,0.0,5.0,0.0,7.0,3.0,0.0,2.0,2.0,0.0,385.0
85,5,treino,16 20 21 22 23 24 25 26 27 29 30 31,0 1 2 3 4 5 6 7 9 10 12 15,,P,12.0,0.0,14.0,2.0,3.0,4.0,11.0,0.0,12.0,0.0,15.0,2.0,2.0,3.0,12.0,0.0,9.0
85,21,treino,8 14 22 23 25 29 30 31,0 1 3 4 5 7 10 15 28,28,P,8.0,1.0,8.0,1.0,3.0,3.0,8.0,0.0,8.0,0.0,14.0,2.0,0.0,3.0,4.0,2.0,400.0
85,29,treino,18 21 22 25 29,0 1 3 5 11 13 19 28,28,P,7.0,1.0,10.0,1.0,4.0,3.0,3.0,0.0,5.0,0.0,8.0,3.0,0.0,1.0,5.0,0.0,381.0
85,25,treino,21 22 23 29 30,0 1 3 5 7 13 15 28,28,P,7.0,1.0,8.0,1.0,2.0,3.0,5.0,0.0,5.0,0.0,6.0,2.0,0.0,2.0,0.0,0.0,383.0
85,26,treino,21 22 23 29 30,0 1 3 5 11 13 15 28,28,V,5.0,0.0,6.0,2.0,0.0,2.0,0.0,0.0,7.0,1.0,9.0,1.0,3.0,3.0,5.0,0.0,-399.0
85,47,treino,10 13,0 3 9 19 24 30,24 30,P,4.0,2.0,6.0,1.0,2.0,2.0,0.0,1.0,2.0,0.0,9.0,2.0,0.0,0.0,0.0,1.0,678.0
86,39,treino,16 22,0 5 7 10,,P,4.0,0.0,4.0,1.0,0.0,1.0,4.0,0.0,2.0,0.0,5.0,1.0,0.0,0.0,0.0,0.0,211.0
86,37,treino,21 22,0 1 7 10,,P,4.0,0.0,3.0,1.0,0.0,2.0,2.0,0.0,2.0,0.0,4.0,2.0,0.0,0.0,0.0,0.0,201.0
86,38,treino,21 22,0 5 7 10,,V,2.0,0.0,4.0,2.0,0.0,0.0,0.0,0.0,4.0,0.0,4.0,1.0,0.0,1.0,4.0,0.0,-204.0
86,30,treino,17 24 28 29,0 1 7 9 10 20,,V,4.0,0.0,4.0,1.0,1.0,2.0,3.0,0.0,6.0,0.0,10.0,2.0,1.0,2.0,2.0,0.0,-223.0
86,34,treino,28 29,0 1 7 10 20 25,,V,2.0,0.0,0.0,0.0,1.0,2.0,0.0,0.0,6.0,0.0,14.0,1.0,1.0,2.0,2.0,1.0,-333.0
86,11,treino,16 20 22 23 24 25 27 28 29 31,0 1 3 4 5 6 7 8 9 15,,P,10.0,0.0,11.0,1.0,2.0,3.0,9.0,0.0,10.0,0.0,12.0,1.0,3.0,3.0,10.0,0.0,-16.0
86,41,treino,13 22,0 7 9 10,,P,4.0,0.0,5.0,2.0,0.0,1.0,2.0,1.0,2.0,0.0,6.0,2.0,0.0,0.0,0.0,1.0,322.0
86,14,treino,16 20 22 24 25 27 28 29 31,0 1 3 4 5 6 7 8 18,,V,9.0,0.0,10.0,1.0,3.0,3.0,9.0,0.0,9.0,0.0,10.0,1.0,2.0,3.0,8.0,1.0,98.0
86,6,treino,20 22 24 25 26 27 28 29 30 31,0 1 2 3 4 5 6 8 9 11 21,,V,10.0,0.0,8.0,1.0,3.0,4.0,10.0,0.0,11.0,0.0,14.0,2.0,3.0,4.0,8.0,1.0,-9.0
86,27,treino,8 16 21 24 28 29,0 1 4 6 7 9,,P,6.0,0.0,5.0,1.0,1.0,2.0,5.0,0.0,6.0,0.0,11.0,1.0,1.0,2.0,5.0,1.0,215.0
86,28,treino,21 24 28 29,0 1 6 7 9 20,,V,4.0,0.0,3.0,1.0,1.0,2.0,4.0,0.0,6.0,0.0,9.0,1.0,1.0,2.0,3.0,0.0,-227.0
86,21,treino,16 23 24 25 28 29 31,0 1 3 4 5 6 17 19,,P,8.0,0.0,11.0,1.0,3.0,3.0,5.0,0.0,7.0,0.0,7.0,0.0,1.0,3.0,4.0,1.0,-21.0
86,12,treino,16 20 22 23 24 25 27 28 29 31,0 1 3 4 5 6 7 8 9 18,,V,10.0,0.0,12.0,1.0,3.0,3.0,10.0,0.0,10.0,0.0,12.0,2.0,2.0,3.0,9.0,1.0,120.0
86,45,treino,15,0 7 10 20,,P,4.0,0.0,8.0,1.0,1.0,1.0,2.0,1.0,1.0,0.0,4.0,0.0,0.0,0.0,0.0,1.0,1600.0
86,18,treino,13 20 24 25 27 28 29 31,0 1 3 4 5 6 8 19,,V,8.0,0.0,9.0,1.0,3.0,3.0,7.0,1.0,8.0,0.0,9.0,0.0,3.0,3.0,6.0,0.0,12.0
86,22,treino,16 24 25 28 29 31,0 1 3 4 5 6 17 26,,V,6.0,0.0,5.0,0.0,1.0,3.0,4.0,0.0,8.0,0.0,13.0,1.0,2.0,3.0,5.0,1.0,-2.0
86,7,treino,16 20 22 24 26 27 28 29 30 31,0 1 2 3 4 5 6 8 9 11,,P,10.0,0.0,9.0,1.0,3.0,4.0,8.0,0.0,10.0,0.0,10.0,1.0,3.0,4.0,10.0,0.0,-3.0
86,16,treino,15 16 20 24 25 27 28 29 31,0 1 3 4 5 6 8 10,,V,9.0,0.0,12.0,0.0,3.0,3.0,8.0,1.0,8.0,0.0,7.0,1.0,2.0,3.0,7.0,0.0,101.0
86,36,treino,22 28,0 1 7 10 24,,V,2.0,0.0,2.0,1.0,1.0,1.0,0.0,0.0,5.0,0.0,9.0,1.0,0.0,2.0,2.0,1.0,-210.0
86,43,treino,18,0 7 10 16,,P,4.0,0.0,7.0,1.0,0.0,1.0,2.0,0.0,1.0,0.0,3.0,1.0,0.0,0.0,0.0,0.0,1600.0
86,24,treino,13 16 24 25 28 29,0 1 4 5 6 7,,V,6.0,0.0,9.0,1.0,1.0,2.0,6.0,0.0,6.0,0.0,4.0,0.0,1.0,2.0,5.0,0.0,7.0
86,8,treino,16 20 22 24 26 27 28 29 30 31,0 1 2 3 4 5 6 8 9 15,,V,10.0,0.0,10.0,1.0,3.0,4.0,10.0,0.0,10.0,0.0,10.0,1.0,2.0,4.0,8.0,0.0,12.0
86,15,treino,15 16 20 24 25 27 28 29 31,0 1 3 4 5 6 7 8,,P,8.0,0.0,6.0,0.0,2.0,3.0,8.0,0.0,9.0,0.0,12.0,0.0,3.0,3.0,8.0,0.0,-16.0
86,19,treino,13 16 24 25 27 28 29 31,0 1 3 4 5 6 8 19,,P,8.0,0.0,9.0,0.0,3.0,3.0,6.0,0.0,8.0,0.0,10.0,1.0,2.0,3.0,8.0,1.0,-21.0
86,5,treino,17 20 22 24 25 26 27 28 29 30 31,0 1 2 3 4 5 6 8 9 11 14,,P,11.0,0.0,12.0,2.0,3.0,4.0,9.0,1.0,11.0,0.0,11.0,2.0,3.0,4.0,11.0,1.0,-9.0
86,25,treino,13 16 21 24 28 29,0 1 4 5 6 7,,P,6.0,0.0,4.0,0.0,1.0,2.0,5.0,0.0,6.0,0.0,10.0,2.0,1.0,2.0,6.0,0.0,-7.0
86,17,treino,13 15 20 24 25 27 28 29 31,0 1 3 4 5 6 8 10,,P,8.0,0.0,7.0,1.0,2.0,3.0,7.0,0.0,9.0,0.0,13.0,1.0,3.0,3.0,7.0,2.0,-12.0
86,10,treino,16 20 22 24 25 26 27 28 29 31,0 1 3 4 5 6 7 8 9 15,,V,10.0,0.0,11.0,1.0,3.0,3.0,10.0,0.0,10.0,0.0,11.0,1.0,2.0,3.0,9.0,0.0,9.0
86,26,treino,13 16 21 24 28 29,0 1 4 6 7 9,,V,6.0,0.0,10.0,2.0,1.0,2.0,6.0,0.0,6.0,0.0,5.0,1.0,1.0,2.0,5.0,0.0,15.0
86,9,treino,16 20 22 24 25 26 27 28 29 31,0 1 2 3 4 5 6 8 9 15,,P,10.0,0.0,10.0,1.0,2.0,4.0,8.0,0.0,10.0,0.0,11.0,1.0,3.0,3.0,10.0,0.0,-1.0
86,44,treino,18,0 7 10 20,,V,1.0,0.0,3.0,1.0,0.0,0.0,0.0,0.0,4.0,0.0,8.0,1.0,1.0,1.0,2.0,0.0,-1600.0
86,33,treino,21 28 29,0 1 7 10 16 20,,P,6.0,0.0,12.0,1.0,1.0,2.0,4.0,1.0,3.0,0.0,2.0,1.0,1.0,2.0,0.0,1.0,328.0
87,13,validacao,10 17 20 24 27 28 29 30 31,0 1 2 3 5 6 7 9,,P,8.0,0.0,5.0,1.0,1.0,4.0,8.0,0.0,9.0,0.0,12.0,2.0,3.0,4.0,6.0,1.0,2.0
87,50,validacao,2 9 20 24,26,2,V,3.0,1.0,8.0,1.0,1.0,0.0,2.0,0.0,1.0,0.0,6.0,0.0,0.0,0.0,0.0,0.0,344.0
87,35,validacao,19 20 22 23 24,2 6 10 11 13,,P,5.0,0.0,8.0,2.0,1.0,1.0,3.0,0.0,5.0,0.0,10.0,1.0,2.0,0.0,4.0,0.0,-4.0
87,32,validacao,20 22 23 24 26,2 6 7 11 13,,V,5.0,0.0,8.0,1.0,1.0,0.0,5.0,0.0,5.0,0.0,7.0,1.0,1.0,1.0,4.0,0.0,-1.0
87,33,validacao,19 20 22 24 26,2 6 7 11 13,,P,5.0,0.0,7.0,1.0,1.0,1.0,4.0,0.0,5.0,0.0,9.0,1.0,2.0,0.0,4.0,0.0,5.0
87,20,validacao,17 20 21 24 25 27 29 31,0 2 3 6 7 8 9 18,,V,8.0,0.0,10.0,2.0,2.0,2.0,8.0,0.0,8.0,0.0,10.0,2.0,1.0,3.0,5.0,0.0,27.0
87,12,validacao,17 19 20 24 27 28 29 30 31,0 1 2 3 5 6 7 9 15,,V,9.0,0.0,10.0,1.0,4.0,4.0,6.0,0.0,9.0,0.0,8.0,1.0,1.0,4.0,8.0,1.0,-2.0
87,66,validacao,0 14 16 24,18,0 14 18,V,2.0,2.0,4.0,1.0,0.0,0.0,0.0,1.0,0.0,1.0,0.0,1.0,0.0,0.0,0.0,1.0,1600.0
87,22,validacao,20 21 24 25 27 29 31,0 2 3 6 7 9 17 18,,V,7.0,0.0,7.0,1.0,2.0,2.0,7.0,0.0,8.0,0.0,12.0,3.0,1.0,3.0,5.0,1.0,-16.0
87,53,validacao,9 10 20 24,30,10 30,P,0.0,1.0,0.0,0.0,0.0,0.0,0.0,0.0,3.0,1.0,8.0,2.0,1.0,0.0,2.0,0.0,-350.0
87,61,validacao,0 9 20 24,29,0 9 29,P,0.0,1.0,0.0,0.0,0.0,0.0,0.0,0.0,2.0,2.0,3.0,1.0,1.0,0.0,2.0,0.0,-1600.0
87,11,validacao,17 19 20 24 27 28 29 30 31,0 1 2 3 5 6 7 9 11,,P,9.0,0.0,7.0,1.0,2.0,4.0,9.0,0.0,9.0,0.0,10.0,1.0,4.0,4.0,6.0,0.0,2.0
87,52,validacao,6 9 20 24,30,6 30,V,3.0,1.0,8.0,1.0,1.0,0.0,4.0,0.0,0.0,1.0,0.0,0.0,0.0,0.0,0.0,0.0,344.0
87,36,validacao,19 20 22 23 24,2 6 11 13 15,,V,5.0,0.0,10.0,1.0,2.0,0.0,4.0,0.0,5.0,0.0,9.0,1.0,1.0,1.0,4.0,1.0,283.0
87,54,validacao,9 10 20 24,25,10 25,V,3.0,1.0,8.0,2.0,1.0,0.0,2.0,0.0,0.0,1.0,0.0,0.0,0.0,0.0,0.0,0.0,1600.0
87,26,validacao,20 24 25 26 27 29,2 3 6 9 11 18,,V,6.0,0.0,6.0,0.0,2.0,1.0,4.0,0.0,6.0,0.0,9.0,2.0,2.0,2.0,3.0,0.0,1.0
87,57,validacao,5 14 20 24,29,14 29,P,0.0,1.0,0.0,0.0,0.0,0.0,0.0,0.0,3.0,1.0,9.0,1.0,1.0,0.0,2.0,0.0,-1600.0
87,38,validacao,1 20 22 23 24,2 13 15,1,V,4.0,1.0,7.0,1.0,1.0,0.0,2.0,0.0,3.0,0.0,6.0,1.0,0.0,1.0,0.0,0.0,402.0
87,28,validacao,20 24 26 27 29,2 3 6 9 11 25,,V,5.0,0.0,5.0,0.0,2.0,1.0,3.0,0.0,6.0,0.0,11.0,1.0,2.0,2.0,3.0,1.0,-4.0
87,6,validacao,20 23 24 25 26 27 28 29 30 31,0 1 2 3 5 6 7 9 10 11 22,,V,10.0,0.0,8.0,0.0,3.0,4.0,10.0,0.0,11.0,0.0,14.0,3.0,2.0,4.0,10.0,1.0,-14.0
87,41,validacao,1 13 19 20 24,2 15,1,P,2.0,0.0,3.0,0.0,0.0,1.0,0.0,1.0,4.0,1.0,10.0,1.0,2.0,0.0,2.0,0.0,-407.0
87,62,validacao,0 9 20 24,25,0 9 25,V,2.0,2.0,3.0,1.0,1.0,0.0,2.0,0.0,0.0,1.0,0.0,0.0,0.0,0.0,0.0,0.0,1600.0
87,43,validacao,1 10 13 20 24,6,1,P,1.0,0.0,1.0,0.0,0.0,0.0,0.0,0.0,4.0,1.0,12.0,2.0,1.0,0.0,2.0,1.0,-409.0
87,44,validacao,1 13 20 24,15,1,V,3.0,1.0,7.0,1.0,1.0,0.0,2.0,0.0,1.0,0.0,3.0,0.0,0.0,0.0,0.0,0.0,400.0
87,25,validacao,20 24 25 26 27 29,2 3 6 7 9 18,,P,6.0,0.0,8.0,2.0,1.0,2.0,5.0,0.0,6.0,0.0,6.0,0.0,2.0,1.0,4.0,0.0,1.0
87,48,validacao,2 13 20 24,23,2,V,3.0,1.0,7.0,1.0,1.0,0.0,2.0,0.0,1.0,0.0,5.0,0.0,0.0,0.0,0.0,0.0,398.0
87,47,validacao,2 13 20 24,18,2,P,1.0,0.0,4.0,1.0,0.0,0.0,0.0,0.0,3.0,1.0,7.0,1.0,1.0,0.0,2.0,0.0,-397.0
87,14,validacao,17 20 24 27 28 29 30 31,0 1 2 3 5 7 9 15,,V,8.0,0.0,7.0,1.0,3.0,4.0,6.0,0.0,8.0,0.0,7.0,1.0,1.0,4.0,7.0,0.0,8.0
87,49,validacao,2 9 20 24,23,2,P,1.0,0.0,5.0,0.0,0.0,0.0,0.0,0.0,3.0,1.0,8.0,1.0,1.0,0.0,2.0,0.0,-404.0
87,64,validacao,0 14 20 24,22,0 14 22,V,2.0,2.0,3.0,1.0,1.0,0.0,2.0,0.0,0.0,1.0,0.0,1.0,0.0,0.0,0.0,0.0,405.0
87,58,validacao,5 14 20 24,25,14 25,V,3.0,1.0,9.0,1.0,1.0,0.0,2.0,0.0,0.0,1.0,0.0,0.0,0.0,0.0,0.0,0.0,1600.0
87,9,validacao,18 19 20 24 26 27 28 29 30 31,0 1 2 3 5 6 7 9 11 15,,P,10.0,0.0,10.0,1.0,2.0,4.0,10.0,1.0,10.0,0.0,11.0,1.0,4.0,4.0,8.0,1.0,-4.0
88,5,treino,18 20 21 22 23 24 25 26 27 28 29 30,0 1 2 3 4 6 7 8 9 10 11 12,,P,12.0,0.0,14.0,2.0,4.0,4.0,12.0,0.0,12.0,0.0,15.0,3.0,3.0,3.0,12.0,0.0,9.0
88,38,treino,11 17,2 3 4 5 6 7 12 19 31,31,V,2.0,0.0,8.0,1.0,1.0,0.0,0.0,0.0,8.0,1.0,11.0,0.0,4.0,2.0,4.0,0.0,-834.0
88,17,treino,17 18 19 21 22 23 25 26 28 30,1 2 3 4 5 6 7 10 11 12 29,29,P,10.0,1.0,11.0,1.0,4.0,3.0,8.0,0.0,10.0,0.0,17.0,4.0,2.0,2.0,9.0,0.0,159.0
88,24,treino,17 18 19 22 23 25 26 30,1 2 3 4 5 7 10 11 12 16 24,24,V,8.0,0.0,15.0,3.0,1.0,1.0,8.0,0.0,10.0,1.0,14.0,1.0,4.0,3.0,9.0,0.0,-362.0
88,36,treino,11 18 22 26,2 3 4 5 6 7 12 15 19,15,V,4.0,0.0,11.0,2.0,1.0,0.0,3.0,0.0,8.0,1.0,11.0,0.0,4.0,2.0,6.0,0.0,-619.0
88,32,treino,11 17 21 22 23 26,2 3 4 5 6 7 12 19 24,24,V,6.0,0.0,15.0,3.0,1.0,0.0,5.0,0.0,8.0,1.0,11.0,0.0,4.0,2.0,4.0,0.0,-364.0
88,6,treino,18 20 21 22 23 24 25 26 27 28 29 30,0 1 2 3 4 6 7 9 10 11 12 13,,V,12.0,0.0,15.0,3.0,3.0,3.0,12.0,0.0,12.0,0.0,15.0,3.0,4.0,4.0,11.0,0.0,-1.0
88,23,treino,17 18 19 22 23 25 26 30,1 2 3 4 5 7 10 11 12 16 20,20,P,10.0,1.0,14.0,1.0,5.0,3.0,10.0,0.0,8.0,0.0,15.0,3.0,1.0,1.0,8.0,0.0,513.0
88,37,treino,11 17 18 26,2 3 4 5 6 7 12 15 19,15,P,8.0,1.0,11.0,0.0,4.0,2.0,6.0,0.0,4.0,0.0,12.0,2.0,1.0,0.0,0.0,1.0,818.0
88,25,treino,17 18 19 21 22 23 26 30,1 2 3 4 5 7 10 11 12 16 24,24,P,10.0,1.0,14.0,1.0,4.0,3.0,9.0,0.0,8.0,0.0,16.0,4.0,1.0,1.0,8.0,1.0,362.0
88,35,treino,11 18 22 26,2 3 4 5 6 7 10 12 19,10,P,8.0,1.0,11.0,1.0,4.0,2.0,5.0,0.0,4.0,0.0,11.0,2.0,1.0,0.0,3.0,0.0,606.0
88,15,treino,17 18 19 21 22 24 25 26 27 28 30,1 2 3 4 5 6 7 10 11 12 20,,P,11.0,0.0,16.0,1.0,5.0,3.0,8.0,0.0,11.0,0.0,17.0,4.0,3.0,2.0,9.0,1.0,147.0
88,8,treino,17 18 20 22 23 24 25 26 27 28 29 30,0 1 2 3 4 6 7 9 10 11 12 16,,V,12.0,0.0,16.0,3.0,3.0,3.0,12.0,0.0,12.0,0.0,16.0,2.0,4.0,4.0,12.0,1.0,4.0
88,30,treino,11 17 19 21 22 23 26,2 3 4 5 6 7 10 12 24,24,V,7.0,0.0,18.0,3.0,2.0,0.0,6.0,0.0,8.0,1.0,9.0,1.0,3.0,2.0,5.0,0.0,-254.0
88,11,treino,17 18 21 22 23 25 26 27 28 29 30,0 1 2 3 4 6 7 10 11 12 16,,P,11.0,0.0,14.0,1.0,4.0,4.0,11.0,0.0,11.0,0.0,15.0,4.0,2.0,3.0,10.0,0.0,5.0
88,41,treino,7 13,2 3 4 5 6 10 12 19 31,31,P,8.0,1.0,12.0,1.0,4.0,2.0,3.0,0.0,2.0,0.0,10.0,1.0,0.0,0.0,0.0,1.0,1600.0
88,13,treino,17 18 19 21 22 25 26 27 28 29 30,1 2 3 4 5 6 7 10 11 12 16,,P,11.0,0.0,15.0,1.0,4.0,3.0,10.0,0.0,11.0,0.0,16.0,4.0,3.0,3.0,8.0,0.0,-11.0
88,27,treino,17 18 19 21 22 23 26,1 2 3 4 5 7 10 11 12 24,24,P,9.0,1.0,10.0,1.0,4.0,3.0,7.0,0.0,7.0,0.0,16.0,4.0,1.0,0.0,7.0,0.0,382.0
88,43,treino,9,3 4 5 6 10 11 12 19 31,31,P,8.0,1.0,14.0,1.0,5.0,1.0,2.0,2.0,1.0,0.0,5.0,1.0,0.0,0.0,0.0,1.0,1600.0
88,26,treino,17 18 19 22 23 26 30,1 2 3 4 5 7 10 11 12 24 25,24,V,7.0,0.0,14.0,3.0,1.0,1.0,7.0,0.0,10.0,1.0,16.0,1.0,4.0,3.0,7.0,1.0,-369.0
88,9,treino,13 17 18 22 23 24 25 26 27 28 29 30,0 1 2 3 4 6 7 9 10 11 12,,P,11.0,0.0,12.0,2.0,4.0,4.0,10.0,0.0,12.0,0.0,18.0,4.0,2.0,3.0,12.0,1.0,-24.0
88,19,treino,13 18 19 21 22 23 25 26 28 30,1 2 3 4 5 7 9 10 11 12 29,29,P,10.0,1.0,12.0,2.0,4.0,3.0,8.0,1.0,10.0,0.0,18.0,4.0,2.0,2.0,8.0,1.0,276.0
88,34,treino,11 22 23 26,2 3 4 5 6 7 10 12 19,10,V,4.0,0.0,10.0,1.0,1.0,0.0,3.0,0.0,8.0,1.0,11.0,1.0,4.0,2.0,5.0,0.0,-606.0
88,33,treino,11 14 21 22 23 26,2 3 4 5 6 7 12 19 24,24,P,8.0,1.0,11.0,0.0,4.0,2.0,4.0,0.0,6.0,0.0,16.0,3.0,1.0,0.0,3.0,1.0,594.0
88,12,treino,17 18 21 22 23 25 26 27 28 29 30,1 2 3 4 5 6 7 10 11 12 16,,V,11.0,0.0,15.0,4.0,2.0,3.0,10.0,0.0,11.0,0.0,15.0,1.0,4.0,3.0,10.0,0.0,25.0
88,28,treino,17 18 19 21 22 23 26,1 2 3 4 5 7 10 12 15 24,24,V,7.0,0.0,16.0,4.0,1.0,0.0,7.0,0.0,9.0,1.0,11.0,1.0,3.0,3.0,7.0,1.0,-277.0
88,31,treino,11 15 17 21 22 23 26,2 3 4 5 6 7 10 12 24,24,P,8.0,1.0,9.0,1.0,3.0,2.0,5.0,0.0,7.0,0.0,19.0,3.0,1.0,0.0,7.0,1.0,352.0
88,10,treino,17 18 22 23 24 25 26 27 28 29 30,0 1 2 3 4 6 7 10 11 12 16,,V,11.0,0.0,14.0,3.0,2.0,3.0,11.0,0.0,11.0,0.0,14.0,1.0,4.0,4.0,11.0,0.0,24.0
88,29,treino,11 17 19 21 22 23 26,1 2 3 4 5 7 10 12 24,24,P,8.0,1.0,8.0,1.0,3.0,3.0,6.0,0.0,7.0,0.0,18.0,3.0,2.0,0.0,6.0,0.0,277.0
88,22,treino,18 19 21 22 23 25 26 30,1 2 3 4 5 7 10 11 12 16 20,20,V,8.0,0.0,14.0,3.0,1.0,1.0,8.0,0.0,10.0,1.0,14.0,1.0,5.0,3.0,10.0,0.0,-391.0
88,16,treino,17 18 19 21 22 25 26 27 28 30,1 2 3 4 5 6 7 10 11 12 29,29,V,10.0,0.0,16.0,4.0,3.0,2.0,7.0,0.0,10.0,1.0,11.0,1.0,4.0,3.0,8.0,0.0,-156.0
88,14,treino,17 18 19 21 22 25 26 27 28 29 30,1 2 3 4 5 6 7 10 11 12 20,,V,11.0,0.0,16.0,4.0,3.0,3.0,8.0,0.0,11.0,0.0,16.0,1.0,5.0,3.0,8.0,0.0,14.0
89,27,teste,1 12 20 22 23 26 28 31,3 4 5 8 10,1,P,5.0,0.0,6.0,1.0,2.0,1.0,3.0,0.0,7.0,1.0,11.0,1.0,3.0,2.0,4.0,0.0,-417.0
89,58,teste,2 18,23 29,2 23 29,V,1.0,1.0,3.0,1.0,0.0,0.0,0.0,1.0,0.0,2.0,0.0,0.0,0.0,0.0,0.0,0.0,-84.0
89,50,teste,1 31,24 26 27,1 24 26,V,1.0,1.0,0.0,0.0,0.0,1.0,0.0,0.0,1.0,2.0,6.0,0.0,1.0,0.0,0.0,1.0,-68.0
89,7,teste,17 20 21 24 25 27 28 29 30 31,0 1 2 3 4 5 7 9 11 12,,P,10.0,0.0,10.0,1.0,4.0,4.0,9.0,0.0,10.0,0.0,10.0,2.0,3.0,4.0,10.0,0.0,3.0
89,36,teste,12 22 26 31,4 5 27 29,29,V,4.0,0.0,7.0,1.0,1.0,1.0,3.0,0.0,3.0,1.0,8.0,0.0,2.0,0.0,0.0,0.0,-75.0
89,28,teste,1 12 20 22 23 26 28 31,4 5 7 8 10,1,V,7.0,1.0,11.0,1.0,3.0,2.0,4.0,0.0,5.0,0.0,7.0,1.0,1.0,0.0,5.0,0.0,411.0
89,18,teste,12 17 20 22 27 28 29 30 31,0 3 5 6 7 8 14 15,,V,9.0,0.0,12.0,2.0,4.0,4.0,4.0,1.0,8.0,0.0,11.0,1.0,1.0,2.0,5.0,1.0,388.0
89,65,teste,10,14 28,10 14 28,P,0.0,2.0,0.0,1.0,1.0,0.0,0.0,1.0,0.0,1.0,0.0,1.0,0.0,0.0,0.0,1.0,1600.0
89,63,teste,7,14 24,7 14 24,P,0.0,2.0,0.0,1.0,0.0,0.0,0.0,0.0,0.0,1.0,0.0,0.0,0.0,0.0,0.0,0.0,190.0
89,46,teste,1 31,24 25 27,1 24,V,1.0,1.0,0.0,0.0,0.0,1.0,0.0,0.0,2.0,1.0,12.0,0.0,1.0,0.0,0.0,0.0,-202.0
89,38,teste,12 17 26 31,5 8 27 29,29,V,4.0,0.0,8.0,1.0,1.0,1.0,2.0,0.0,3.0,1.0,9.0,0.0,1.0,0.0,2.0,0.0,-73.0
89,11,teste,17 21 22 24 27 28 29 30 31,0 2 3 4 5 7 10 11,,P,8.0,0.0,7.0,1.0,3.0,3.0,8.0,0.0,9.0,0.0,9.0,3.0,2.0,4.0,8.0,0.0,-114.0
89,25,teste,1 12 20 22 26 27 28 31,0 3 5 8 10,1,P,5.0,0.0,5.0,1.0,1.0,2.0,3.0,0.0,7.0,1.0,10.0,1.0,4.0,2.0,4.0,0.0,-408.0
89,47,teste,5 31,24 25 27,5 24,P,2.0,1.0,12.0,0.0,1.0,0.0,0.0,0.0,1.0,1.0,0.0,0.0,0.0,1.0,0.0,0.0,196.0
89,32,teste,12 20 22 26 28 31,4 5 8 27,,V,6.0,0.0,9.0,1.0,3.0,2.0,3.0,0.0,4.0,0.0,10.0,0.0,2.0,0.0,3.0,0.0,324.0
89,31,teste,12 15 20 22 23 26 28 31,4 5 8 11,15,P,4.0,0.0,6.0,0.0,2.0,0.0,3.0,0.0,7.0,1.0,11.0,1.0,3.0,2.0,4.0,1.0,-216.0
89,41,teste,5 14 26 31,9 27 29,29,P,2.0,1.0,8.0,1.0,1.0,0.0,0.0,0.0,4.0,0.0,11.0,1.0,0.0,1.0,2.0,1.0,25.0
89,19,teste,1 12 20 22 27 28 29 30 31,0 3 5 7 8 15,1,P,6.0,0.0,7.0,0.0,1.0,2.0,5.0,0.0,8.0,1.0,9.0,1.0,4.0,4.0,2.0,0.0,-396.0
89,15,teste,12 17 22 24 27 28 29 30 31,0 3 4 5 6 7 10 15,,P,8.0,0.0,9.0,1.0,2.0,2.0,8.0,0.0,9.0,0.0,11.0,2.0,3.0,4.0,7.0,0.0,-106.0
89,64,teste,7,14 28,7 14 28,V,0.0,1.0,0.0,0.0,0.0,0.0,0.0,0.0,0.0,2.0,0.0,1.0,1.0,0.0,0.0,0.0,-186.0
89,13,teste,16 17 22 24 27 28 29 30 31,0 3 4 5 6 7 10 11,,P,8.0,0.0,8.0,1.0,3.0,2.0,8.0,0.0,9.0,0.0,10.0,2.0,2.0,4.0,7.0,0.0,-112.0
89,39,teste,12 14 26 31,5 8 27 29,29,P,3.0,1.0,9.0,0.0,1.0,0.0,2.0,0.0,4.0,0.0,9.0,1.0,1.0,1.0,2.0,0.0,70.0
89,42,teste,5 26 31,18 27 29,29,V,3.0,0.0,7.0,0.0,0.0,1.0,2.0,0.0,2.0,1.0,10.0,1.0,1.0,0.0,0.0,0.0,-25.0
89,26,teste,1 12 20 22 26 27 28 31,3 4 5 8 10,1,V,7.0,1.0,10.0,1.0,4.0,2.0,4.0,0.0,5.0,0.0,6.0,1.0,2.0,1.0,3.0,0.0,407.0
89,43,teste,1 26 31,18 27 29,1 29,P,2.0,1.0,10.0,1.0,1.0,0.0,0.0,0.0,2.0,1.0,1.0,0.0,0.0,1.0,2.0,0.0,12.0
89,20,teste,1 12 20 22 27 28 29 30 31,0 3 5 8 10 15,1,V,8.0,1.0,9.0,1.0,4.0,4.0,2.0,0.0,6.0,0.0,8.0,1.0,1.0,2.0,5.0,0.0,395.0
89,60,teste,7,14 29,7 14 29,V,0.0,1.0,0.0,0.0,0.0,0.0,0.0,0.0,0.0,2.0,0.0,1.0,0.0,0.0,0.0,0.0,-184.0
89,45,teste,1 22 31,18 24 27,1 24,P,2.0,1.0,10.0,1.0,1.0,0.0,0.0,1.0,2.0,1.0,2.0,1.0,0.0,1.0,0.0,1.0,134.0
89,12,teste,17 21 22 24 27 28 29 30 31,0 3 4 5 6 7 10 11,,V,9.0,0.0,9.0,3.0,2.0,4.0,8.0,0.0,8.0,0.0,8.0,1.0,3.0,2.0,8.0,0.0,114.0
89,17,teste,12 17 20 22 27 28 29 30 31,0 3 5 6 7 8 10 15,,P,8.0,0.0,10.0,1.0,1.0,2.0,8.0,0.0,9.0,0.0,12.0,2.0,4.0,4.0,4.0,0.0,-112.0
89,40,teste,12 14 26 31,8 9 27 29,29,V,4.0,0.0,9.0,1.0,1.0,1.0,2.0,1.0,3.0,1.0,10.0,1.0,1.0,0.0,0.0,2.0,30.0
89,37,teste,12 17 26 31,4 5 27 29,29,P,3.0,1.0,8.0,0.0,2.0,0.0,0.0,0.0,4.0,0.0,8.0,1.0,1.0,1.0,2.0,0.0,66.0
90,74,treino,3,5 22 30,3 5 30,V,0.0,1.0,0.0,0.0,1.0,0.0,0.0,0.0,1.0,2.0,5.0,1.0,0.0,0.0,0.0,0.0,-307.0
90,36,treino,5 17 20 22 24 25 27,6 7 9 10 12 18,,V,7.0,0.0,16.0,2.0,2.0,0.0,5.0,0.0,6.0,0.0,13.0,3.0,1.0,0.0,4.0,1.0,109.0
90,91,treino,8,23 31,8 23 31,P,0.0,2.0,0.0,0.0,0.0,0.0,0.0,0.0,0.0,1.0,0.0,0.0,0.0,0.0,0.0,0.0,182.0
90,83,treino,7,0 26 31,0 7 26 31,P,0.0,3.0,0.0,0.0,0.0,1.0,2.0,0.0,0.0,1.0,0.0,0.0,0.0,0.0,0.0,0.0,364.0
90,28,treino,12 20 21 22 23 24 25 27,4 5 6 7 8 10 11,,V,8.0,0.0,15.0,2.0,3.0,0.0,7.0,0.0,7.0,0.0,10.0,1.0,2.0,0.0,7.0,0.0,120.0
90,21,treino,12 20 21 22 25 26 27 28 30,1 3 4 5 8 10 11 15,,P,8.0,0.0,11.0,1.0,3.0,2.0,7.0,0.0,9.0,0.0,13.0,2.0,4.0,2.0,5.0,0.0,-95.0
90,64,treino,7,12 18 30,12 30,V,1.0,0.0,6.0,0.0,0.0,0.0,0.0,0.0,1.0,2.0,4.0,1.0,1.0,0.0,0.0,0.0,-301.0
90,18,treino,16 20 21 22 25 27 28 30 31,0 1 3 4 8 10 11 15,,V,9.0,0.0,11.0,2.0,3.0,3.0,8.0,0.0,8.0,0.0,10.0,1.0,3.0,3.0,6.0,0.0,116.0
90,50,treino,6 20 27,11 19 21 22,6 21,V,2.0,1.0,3.0,0.0,2.0,0.0,0.0,0.0,3.0,1.0,11.0,2.0,2.0,0.0,0.0,0.0,-137.0
90,99,treino,9,14 23,9 14 23,P,0.0,2.0,0.0,1.0,0.0,0.0,0.0,1.0,0.0,1.0,0.0,1.0,0.0,0.0,0.0,1.0,1600.0
90,56,treino,10 18,8 11 22,8 10,V,1.0,1.0,3.0,2.0,0.0,0.0,0.0,0.0,2.0,1.0,7.0,1.0,1.0,0.0,0.0,0.0,-105.0
90,26,treino,12 20 21 22 24 25 27 30,1 4 5 7 8 10 11 26,,V,8.0,0.0,13.0,2.0,3.0,1.0,6.0,0.0,8.0,0.0,15.0,1.0,2.0,1.0,7.0,1.0,109.0
90,59,treino,14 15,11 12 22,12 15,P,2.0,1.0,7.0,1.0,2.0,0.0,0.0,0.0,1.0,1.0,4.0,1.0,0.0,0.0,0.0,1.0,306.0
90,11,treino,14 16 20 21 26 27 28 29 30 31,0 1 2 3 4 5 6 7 15,,P,9.0,0.0,7.0,0.0,2.0,4.0,8.0,0.0,10.0,0.0,13.0,2.0,3.0,4.0,7.0,0.0,-108.0
90,23,treino,12 20 21 22 24 25 26 27 30,1 3 4 5 8 10 11 19,,P,8.0,0.0,12.0,1.0,4.0,2.0,4.0,0.0,9.0,0.0,14.0,2.0,3.0,1.0,7.0,0.0,-102.0
90,98,treino,5,14 23,5 14 23,V,0.0,1.0,0.0,0.0,0.0,0.0,0.0,0.0,0.0,2.0,0.0,1.0,0.0,0.0,0.0,0.0,-198.0
90,72,treino,7,8 22 30,7 8 30,V,0.0,1.0,0.0,0.0,0.0,0.0,0.0,0.0,1.0,2.0,5.0,1.0,0.0,0.0,0.0,0.0,-301.0
90,65,treino,3,12 18 30,3 12 30,P,1.0,2.0,4.0,1.0,1.0,0.0,0.0,0.0,0.0,1.0,0.0,0.0,1.0,0.0,0.0,0.0,303.0
90,73,treino,3,8 22 30,3 8 30,P,1.0,2.0,5.0,1.0,0.0,0.0,0.0,0.0,0.0,1.0,0.0,0.0,1.0,0.0,0.0,0.0,307.0
90,47,treino,10 20 27,11 18 19 24,10 24,P,3.0,1.0,10.0,1.0,2.0,0.0,0.0,0.0,2.0,1.0,3.0,1.0,2.0,0.0,0.0,0.0,123.0
90,25,treino,12 20 21 22 23 24 25 27 30,1 4 5 7 8 10 11 19,,P,8.0,0.0,13.0,1.0,3.0,1.0,7.0,0.0,9.0,0.0,15.0,2.0,3.0,1.0,8.0,1.0,-122.0
90,84,treino,7,0 23 31,0 7 23 31,V,0.0,1.0,0.0,0.0,0.0,0.0,0.0,0.0,0.0,3.0,0.0,0.0,0.0,1.0,0.0,0.0,-366.0
90,94,treino,4,14 31,4 14 31,V,0.0,1.0,0.0,0.0,1.0,0.0,0.0,0.0,0.0,2.0,0.0,1.0,0.0,0.0,0.0,0.0,-188.0
90,78,treino,3,5 30 31,3 5 30 31,V,0.0,1.0,0.0,0.0,1.0,0.0,0.0,0.0,0.0,3.0,0.0,0.0,0.0,0.0,0.0,0.0,-366.0
90,48,treino,10 20 27,11 19 22 24,10 24,V,2.0,1.0,3.0,1.0,2.0,0.0,0.0,0.0,3.0,1.0,11.0,1.0,2.0,0.0,0.0,0.0,-131.0
90,17,treino,16 20 21 22 25 27 28 30 31,0 1 3 4 6 8 11 15,,P,8.0,0.0,9.0,0.0,3.0,3.0,7.0,0.0,9.0,0.0,11.0,2.0,3.0,3.0,8.0,0.0,-111.0
90,19,treino,12 20 21 22 25 27 28 30 31,0 1 3 4 8 10 11 15,,P,8.0,0.0,10.0,1.0,3.0,3.0,6.0,1.0,9.0,0.0,12.0,2.0,4.0,3.0,6.0,0.0,-101.0
90,46,treino,1 20 27,6 11 18 19 24,1 24,V,2.0,1.0,3.0,0.0,2.0,0.0,0.0,0.0,4.0,1.0,11.0,1.0,2.0,0.0,0.0,1.0,-131.0
90,79,treino,7,5 30 31,5 7 30 31,P,0.0,3.0,0.0,0.0,0.0,0.0,0.0,0.0,0.0,1.0,0.0,0.0,0.0,0.0,0.0,0.0,360.0
90,55,treino,10 18,11 12 22,10 12,P,2.0,1.0,7.0,1.0,2.0,0.0,0.0,0.0,1.0,1.0,3.0,2.0,0.0,0.0,0.0,0.0,99.0
90,96,treino,0,14 27,0 14 27,V,0.0,1.0,0.0,0.0,0.0,0.0,0.0,0.0,0.0,2.0,0.0,1.0,1.0,0.0,0.0,0.0,-186.0
90,51,treino,6 16 27,11 19 21 22,6 21,P,3.0,1.0,11.0,2.0,2.0,0.0,0.0,0.0,2.0,1.0,4.0,0.0,1.0,0.0,0.0,1.0,234.0
91,27,teste,12 18 20 23 26 28 29,1 3 4 5 6 9 17,,P,7.0,0.0,9.0,2.0,2.0,2.0,4.0,0.0,7.0,0.0,12.0,1.0,3.0,2.0,3.0,0.0,11.0
91,115,teste,6 22,20 29,6 22 29,P,1.0,1.0,5.0,0.0,1.0,0.0,0.0,0.0,0.0,2.0,0.0,1.0,0.0,0.0,0.0,0.0,-68.0
91,50,teste,2 11 18 21 26,10 12 16,2,V,4.0,1.0,11.0,2.0,1.0,0.0,0.0,1.0,3.0,0.0,9.0,1.0,1.0,0.0,2.0,0.0,298.0
91,111,teste,1 13,20 22 24,1 13 22 24,P,1.0,2.0,5.0,1.0,1.0,0.0,2.0,0.0,0.0,2.0,0.0,1.0,0.0,0.0,0.0,0.0,123.0
91,48,teste,2 11 18 24 26,10 12 13,2,V,4.0,1.0,10.0,1.0,1.0,0.0,0.0,0.0,3.0,0.0,8.0,2.0,1.0,0.0,0.0,0.0,288.0
91,33,teste,6 18 23 25 26 28,1 3 5 10 17,,P,5.0,0.0,7.0,2.0,1.0,2.0,2.0,0.0,6.0,0.0,13.0,1.0,1.0,1.0,3.0,0.0,-102.0
91,8,teste,21 23 24 25 26 27 28 29 30 31,0 1 2 3 4 5 6 11 12 14 16,,V,10.0,0.0,8.0,1.0,2.0,4.0,10.0,0.0,11.0,0.0,15.0,1.0,4.0,4.0,8.0,0.0,-99.0
91,102,teste,5 6,20 24 29,5 6 24 29,V,0.0,2.0,0.0,0.0,0.0,0.0,0.0,0.0,1.0,2.0,5.0,0.0,1.0,0.0,3.0,0.0,-111.0
91,66,teste,3 10 22,20 23 29,3 10 29,V,1.0,2.0,2.0,2.0,1.0,0.0,0.0,0.0,2.0,1.0,10.0,0.0,1.0,0.0,0.0,0.0,64.0
91,43,teste,2 11 12 23 24 26,1 7 13,2,P,3.0,0.0,4.0,1.0,0.0,1.0,0.0,0.0,5.0,1.0,13.0,0.0,2.0,0.0,2.0,0.0,-409.0
91,32,teste,18 20 23 25 26 28,1 3 5 9 10 16 17,,V,6.0,0.0,9.0,1.0,2.0,1.0,3.0,0.0,7.0,0.0,13.0,3.0,1.0,2.0,3.0,1.0,102.0
91,67,teste,3 10 17,20 23 29,3 10 29,P,2.0,1.0,10.0,0.0,1.0,0.0,0.0,0.0,1.0,2.0,3.0,2.0,1.0,0.0,0.0,0.0,-73.0
91,104,teste,2 5,20 24 25,2 5 24 25,V,0.0,2.0,0.0,0.0,0.0,0.0,0.0,0.0,1.0,2.0,5.0,0.0,1.0,0.0,2.0,0.0,-126.0
91,110,teste,6 13,20 22 24,6 13 22 24,V,0.0,2.0,0.0,1.0,0.0,0.0,0.0,0.0,1.0,2.0,5.0,1.0,1.0,0.0,2.0,0.0,-111.0
91,21,teste,10 21 22 23 24 26 28 29,1 3 4 5 6 7 9 12,,P,8.0,0.0,9.0,1.0,3.0,2.0,6.0,0.0,8.0,0.0,13.0,3.0,1.0,2.0,7.0,1.0,88.0
91,46,teste,2 11 23 24 26,7 12 13,2,V,4.0,1.0,9.0,0.0,1.0,0.0,2.0,0.0,3.0,0.0,7.0,1.0,1.0,0.0,0.0,0.0,395.0
91,93,teste,5 7,17 20 24,5 7 17 24,P,1.0,2.0,5.0,1.0,1.0,0.0,2.0,0.0,0.0,2.0,0.0,0.0,0.0,0.0,0.0,0.0,129.0
91,63,teste,3 6 22,19 20 24,3 6 24,P,2.0,1.0,9.0,0.0,2.0,0.0,2.0,0.0,1.0,2.0,2.0,1.0,1.0,0.0,0.0,0.0,-62.0
91,17,teste,19 21 22 23 24 28 29 31,0 1 3 4 6 7 9 11 12,,P,9.0,0.0,10.0,1.0,4.0,3.0,8.0,0.0,8.0,0.0,10.0,2.0,2.0,3.0,6.0,0.0,119.0
91,106,teste,2 9,20 21 24,2 9 21 24,V,0.0,2.0,0.0,1.0,0.0,0.0,0.0,0.0,1.0,2.0,5.0,1.0,1.0,0.0,3.0,0.0,-117.0
91,36,teste,6 16 18 23 26 28,1 3 8 10,,V,6.0,0.0,15.0,1.0,1.0,1.0,3.0,0.0,4.0,0.0,4.0,1.0,1.0,2.0,0.0,0.0,279.0
91,59,teste,2 3 26,16 19 29,2 3 29,P,2.0,1.0,8.0,0.0,1.0,0.0,0.0,0.0,1.0,2.0,1.0,0.0,1.0,0.0,0.0,0.0,-59.0
91,108,teste,6 9,20 24 25,6 9 24 25,V,0.0,2.0,0.0,1.0,0.0,0.0,2.0,0.0,1.0,2.0,5.0,0.0,1.0,0.0,2.0,0.0,-120.0
91,11,teste,19 21 24 25 27 28 29 30 31,0 1 2 3 4 5 6 11 12 16,,P,10.0,0.0,12.0,0.0,4.0,4.0,8.0,0.0,9.0,0.0,8.0,1.0,3.0,4.0,8.0,0.0,111.0
91,94,teste,5 7,17 20 29,5 7 17 29,V,0.0,2.0,0.0,0.0,0.0,0.0,0.0,0.0,1.0,2.0,5.0,1.0,1.0,0.0,0.0,0.0,-124.0
91,73,teste,3 11 13,20 26 29,3 11 29,P,2.0,1.0,11.0,0.0,1.0,0.0,0.0,0.0,1.0,2.0,4.0,1.0,2.0,0.0,0.0,0.0,-9.0
91,20,teste,19 21 22 23 24 26 28 29,1 3 4 5 6 7 9 12 15,,V,8.0,0.0,11.0,2.0,2.0,2.0,8.0,0.0,9.0,0.0,12.0,1.0,3.0,2.0,6.0,1.0,-107.0
91,68,teste,3 10 17,20 23 24,3 10 24,V,1.0,2.0,3.0,2.0,1.0,0.0,0.0,0.0,2.0,1.0,10.0,0.0,1.0,0.0,2.0,0.0,69.0
91,37,teste,2 16 18 23 26 28,1 3 8 10,2,P,4.0,0.0,4.0,1.0,1.0,2.0,0.0,0.0,5.0,1.0,9.0,1.0,1.0,1.0,3.0,0.0,-304.0
91,34,teste,6 18 23 25 26 28,1 3 5 10 21,,V,6.0,0.0,13.0,1.0,1.0,1.0,3.0,1.0,5.0,0.0,8.0,2.0,1.0,2.0,2.0,1.0,226.0
91,95,teste,0 7,17 20 29,0 7 17 29,P,1.0,2.0,5.0,1.0,1.0,0.0,0.0,0.0,0.0,2.0,0.0,0.0,0.0,0.0,0.0,0.0,124.0
91,44,teste,2 11 12 23 24 26,5 7 13,2,V,5.0,1.0,13.0,0.0,2.0,0.0,2.0,0.0,3.0,0.0,5.0,1.0,0.0,0.0,0.0,0.0,517.0
92,17,treino,20 22 24 28 29 30 31,0 1 2 3 5 6 8 17 23,,P,9.0,0.0,13.0,1.0,1.0,4.0,6.0,1.0,7.0,0.0,5.0,1.0,2.0,4.0,4.0,1.0,214.0
92,19,treino,20 22 24 28 29 30,0 1 2 3 5 6 8 23,,P,8.0,0.0,9.0,0.0,1.0,4.0,6.0,0.0,6.0,0.0,5.0,1.0,2.0,3.0,4.0,0.0,215.0
92,36,treino,0 16 25 30,2 4 9 15 23,0,V,3.0,1.0,4.0,0.0,0.0,1.0,2.0,0.0,5.0,0.0,11.0,1.0,1.0,1.0,0.0,0.0,-46.0
92,50,treino,10 16,8 29,29,V,2.0,0.0,8.0,1.0,0.0,0.0,0.0,0.0,1.0,1.0,2.0,0.0,0.0,0.0,0.0,0.0,-60.0
92,4,treino,19 20 21 24 25 26 27 28 29 30 31,0 1 2 3 4 5 6 7 8 10 11 22,,V,11.0,0.0,11.0,1.0,4.0,4.0,10.0,0.0,12.0,0.0,15.0,2.0,3.0,4.0,11.0,1.0,-1.0
92,37,treino,5 16 25 30,2 4 9 15 23,5,P,5.0,0.0,11.0,1.0,1.0,1.0,0.0,1.0,3.0,1.0,4.0,0.0,0.0,1.0,2.0,0.0,24.0
92,46,treino,14 21,4 24,,V,2.0,0.0,6.0,2.0,0.0,0.0,0.0,0.0,2.0,0.0,7.0,0.0,1.0,0.0,0.0,0.0,-48.0
92,12,treino,20 24 25 27 28 29 30 31,0 1 2 3 4 5 6 14 17,,V,8.0,0.0,5.0,0.0,3.0,4.0,8.0,0.0,9.0,0.0,10.0,2.0,2.0,4.0,8.0,0.0,-104.0
92,42,treino,25 30,4 18 20 23,,V,2.0,0.0,1.0,0.0,0.0,1.0,2.0,0.0,4.0,0.0,15.0,1.0,2.0,0.0,2.0,0.0,-225.0
92,20,treino,20 22 24 28 29 30,0 1 2 5 6 7 8 23,,V,6.0,0.0,5.0,1.0,2.0,3.0,4.0,0.0,8.0,0.0,10.0,0.0,0.0,3.0,7.0,0.0,-218.0
92,66,treino,6 10,16,10 16,V,1.0,1.0,6.0,1.0,0.0,0.0,2.0,0.0,0.0,1.0,0.0,0.0,0.0,0.0,0.0,0.0,180.0
92,27,treino,20 21 29 30,1 2 4 5 6 8 23,,P,7.0,0.0,10.0,0.0,1.0,2.0,6.0,0.0,4.0,0.0,4.0,1.0,1.0,2.0,0.0,0.0,331.0
92,71,treino,6 7,16,6 7 16,P,0.0,1.0,0.0,0.0,0.0,0.0,0.0,0.0,0.0,2.0,0.0,0.0,0.0,0.0,0.0,0.0,-186.0
92,39,treino,14 16 25 30,4 6 15 23,14,P,4.0,0.0,10.0,0.0,1.0,0.0,0.0,0.0,3.0,1.0,4.0,1.0,0.0,1.0,2.0,0.0,-81.0
92,48,treino,14 16,8 24,,V,2.0,0.0,7.0,1.0,0.0,0.0,0.0,0.0,2.0,0.0,8.0,0.0,0.0,0.0,0.0,0.0,-1.0
92,55,treino,2 9,25,2 25,P,0.0,1.0,0.0,0.0,0.0,0.0,0.0,0.0,1.0,1.0,5.0,1.0,0.0,0.0,0.0,0.0,-121.0
92,34,treino,0 20 25 30,2 4 9 10 23,0,V,3.0,1.0,3.0,0.0,1.0,1.0,2.0,0.0,5.0,0.0,10.0,2.0,1.0,1.0,0.0,0.0,-53.0
92,29,treino,16 20 29 30,1 2 4 5 8 10 23,,P,7.0,0.0,11.0,1.0,1.0,2.0,4.0,0.0,4.0,0.0,5.0,0.0,1.0,2.0,2.0,0.0,330.0
92,21,treino,20 21 22 28 29 30,0 1 2 5 6 7 8 23,,P,8.0,0.0,10.0,0.0,0.0,3.0,7.0,0.0,6.0,0.0,6.0,2.0,2.0,3.0,0.0,0.0,215.0
92,24,treino,17 20 21 28 29 30,1 2 4 5 6 8 10 23,,V,6.0,0.0,7.0,2.0,2.0,3.0,2.0,0.0,8.0,0.0,12.0,1.0,1.0,2.0,7.0,0.0,-223.0
92,38,treino,5 16 25 30,4 6 9 15 23,5,V,3.0,1.0,4.0,0.0,0.0,1.0,2.0,0.0,5.0,0.0,12.0,1.0,1.0,0.0,2.0,1.0,61.0
92,44,treino,21 30,4 18 20 26,,V,2.0,0.0,2.0,1.0,0.0,1.0,0.0,0.0,4.0,0.0,16.0,1.0,2.0,0.0,0.0,1.0,7.0
92,7,treino,13 19 20 21 24 25 27 28 29 30 31,0 1 2 3 4 5 6 7 8 10 15,,P,11.0,0.0,11.0,1.0,2.0,4.0,11.0,0.0,11.0,0.0,14.0,2.0,4.0,4.0,9.0,1.0,125.0
92,33,treino,0 20 25 30,2 4 6 10 23,0,P,5.0,0.0,9.0,1.0,1.0,1.0,3.0,0.0,3.0,1.0,3.0,0.0,1.0,1.0,2.0,0.0,49.0
92,5,treino,17 19 20 21 24 25 27 28 29 30 31,0 1 2 3 4 5 6 7 8 10 11,,P,11.0,0.0,10.0,1.0,3.0,4.0,11.0,0.0,11.0,0.0,13.0,2.0,4.0,4.0,10.0,0.0,2.0
92,8,treino,19 20 21 24 25 27 28 29 30 31,0 1 2 3 4 5 6 7 10 15 17,,V,10.0,0.0,10.0,1.0,4.0,4.0,9.0,0.0,11.0,0.0,13.0,2.0,2.0,4.0,10.0,1.0,-125.0
92,9,treino,14 19 20 24 25 27 28 29 30 31,0 1 2 3 4 5 6 7 10 15,,P,10.0,0.0,9.0,1.0,2.0,4.0,10.0,0.0,10.0,0.0,12.0,1.0,4.0,4.0,8.0,1.0,125.0
92,58,treino,7 9,24,7 24,V,1.0,1.0,5.0,1.0,0.0,0.0,0.0,0.0,0.0,1.0,0.0,0.0,0.0,0.0,0.0,0.0,121.0
92,25,treino,14 20 21 28 29 30,1 2 4 5 6 8 10 23,,P,8.0,0.0,12.0,1.0,1.0,2.0,7.0,1.0,6.0,0.0,8.0,2.0,2.0,3.0,0.0,1.0,330.0
92,47,treino,14 16,4 24,,P,2.0,0.0,7.0,0.0,1.0,0.0,0.0,0.0,2.0,0.0,7.0,1.0,0.0,0.0,0.0,0.0,51.0
92,65,treino,6 10,20,10 20,P,0.0,1.0,0.0,0.0,1.0,0.0,0.0,0.0,1.0,1.0,6.0,1.0,0.0,0.0,2.0,0.0,-186.0
92,59,treino,3 9,24,3 24,P,0.0,1.0,0.0,0.0,0.0,0.0,0.0,0.0,1.0,1.0,5.0,1.0,1.0,0.0,0.0,0.0,-115.0
93,34,validacao,16 25 28,0 2 4 6 7 17 19 23,23,V,3.0,0.0,4.0,0.0,1.0,1.0,0.0,0.0,7.0,1.0,11.0,1.0,2.0,2.0,7.0,0.0,-607.0
93,11,validacao,18 20 21 22 24 25 28 29 30,0 1 2 3 4 5 7 8 11 13,,P,10.0,0.0,10.0,1.0,3.0,4.0,10.0,0.0,9.0,0.0,11.0,3.0,2.0,3.0,9.0,0.0,97.0
93,15,validacao,18 21 23 24 25 28 29,0 1 2 3 4 5 7 11,,P,8.0,0.0,5.0,0.0,3.0,4.0,8.0,0.0,7.0,0.0,9.0,2.0,1.0,2.0,7.0,0.0,85.0
93,22,validacao,17 22 24 28 29,0 2 3 4 6 7 8 31,31,V,5.0,0.0,6.0,2.0,1.0,2.0,5.0,0.0,7.0,1.0,5.0,0.0,2.0,3.0,7.0,0.0,-390.0
93,27,validacao,15 17 24 25 28,0 2 3 4 6 8 10 26,26,P,7.0,1.0,6.0,1.0,2.0,3.0,6.0,0.0,5.0,0.0,9.0,1.0,1.0,1.0,2.0,1.0,489.0
93,23,validacao,17 18 24 28 29,0 2 3 4 6 7 8 31,31,P,7.0,1.0,5.0,0.0,2.0,3.0,7.0,0.0,5.0,0.0,7.0,2.0,1.0,2.0,3.0,0.0,390.0
93,43,validacao,14 24,0 4 7 13 18 19,18,P,5.0,1.0,9.0,2.0,2.0,1.0,2.0,0.0,2.0,0.0,5.0,1.0,0.0,0.0,0.0,1.0,627.0
93,41,validacao,21 24,0 4 7 13 17 19 23,23,P,6.0,1.0,13.0,2.0,2.0,1.0,6.0,1.0,2.0,0.0,3.0,1.0,0.0,0.0,2.0,0.0,636.0
93,45,validacao,21,0 4 7 9 13 19,9,P,5.0,1.0,9.0,2.0,2.0,1.0,4.0,0.0,1.0,0.0,2.0,1.0,0.0,0.0,0.0,0.0,1600.0
93,28,validacao,17 24 25 28,0 2 3 4 6 8 19 26,26,V,4.0,0.0,5.0,1.0,1.0,1.0,2.0,0.0,7.0,1.0,8.0,0.0,3.0,3.0,5.0,0.0,-505.0
93,24,validacao,17 18 24 28 29,0 2 3 4 6 7 8 26,26,V,5.0,0.0,7.0,2.0,1.0,2.0,3.0,0.0,7.0,1.0,5.0,0.0,2.0,3.0,7.0,0.0,-395.0
93,7,validacao,14 18 20 21 24 25 26 28 29 30 31,0 1 2 3 4 5 6 7 8 11 13,,P,11.0,0.0,11.0,1.0,3.0,4.0,11.0,0.0,11.0,0.0,14.0,3.0,2.0,4.0,11.0,0.0,7.0
93,6,validacao,17 18 20 21 24 25 26 28 29 30 31,0 1 2 3 4 5 6 7 8 11 13,,V,11.0,0.0,13.0,3.0,2.0,4.0,10.0,1.0,11.0,0.0,11.0,1.0,3.0,4.0,11.0,0.0,31.0
93,47,validacao,17,0 4 6 7 13 19,6,P,5.0,1.0,9.0,1.0,2.0,1.0,2.0,1.0,1.0,0.0,3.0,1.0,0.0,0.0,0.0,1.0,1600.0
93,16,validacao,18 21 23 24 25 28 29,0 1 2 3 4 7 8 11,,V,7.0,0.0,9.0,2.0,1.0,2.0,7.0,0.0,8.0,0.0,6.0,0.0,3.0,4.0,7.0,0.0,-88.0
93,13,validacao,13 18 21 22 24 25 28 29 30,0 1 2 3 4 5 7 8 11,,P,9.0,0.0,7.0,0.0,3.0,4.0,9.0,0.0,9.0,0.0,13.0,4.0,1.0,3.0,8.0,1.0,91.0
93,19,validacao,21 22 24 28 29,0 1 2 3 4 7 8 27,,P,8.0,0.0,10.0,0.0,3.0,4.0,6.0,0.0,5.0,0.0,5.0,2.0,1.0,2.0,4.0,0.0,375.0
93,36,validacao,13 25 28,0 2 4 7 9 17 19 23,23,V,3.0,0.0,5.0,1.0,1.0,1.0,0.0,1.0,7.0,1.0,12.0,2.0,2.0,2.0,6.0,1.0,-639.0
93,8,validacao,14 18 20 21 24 25 26 28 29 30 31,0 1 2 3 4 5 7 8 10 11 13,,V,11.0,0.0,14.0,3.0,2.0,4.0,11.0,1.0,11.0,0.0,12.0,2.0,3.0,4.0,11.0,0.0,22.0
93,30,validacao,17 21 25 28,0 2 4 6 7 8 19 26,26,V,4.0,0.0,6.0,2.0,1.0,1.0,3.0,0.0,7.0,1.0,9.0,0.0,2.0,2.0,6.0,0.0,-505.0
93,21,validacao,17 22 24 28 29,0 1 2 3 4 7 8 31,31,P,7.0,1.0,4.0,0.0,2.0,4.0,6.0,0.0,5.0,0.0,6.0,2.0,1.0,2.0,5.0,0.0,391.0
93,46,validacao,21,0 4 6 7 13 19,6,V,1.0,0.0,2.0,1.0,0.0,0.0,0.0,0.0,5.0,1.0,9.0,1.0,2.0,1.0,2.0,0.0,-1600.0
93,31,validacao,16 17 25 28,0 2 4 6 7 8 19 26,26,P,7.0,1.0,9.0,0.0,2.0,2.0,6.0,0.0,4.0,0.0,7.0,1.0,1.0,1.0,0.0,0.0,625.0
93,25,validacao,15 17 24 28 29,0 2 3 4 6 7 8 26,26,P,7.0,1.0,5.0,0.0,2.0,3.0,7.0,0.0,5.0,0.0,8.0,1.0,1.0,2.0,3.0,0.0,498.0
93,44,validacao,24,0 4 7 9 13 19,9,V,1.0,0.0,1.0,0.0,0.0,0.0,0.0,0.0,5.0,1.0,9.0,2.0,2.0,1.0,4.0,0.0,-640.0
93,9,validacao,14 18 20 21 22 24 25 28 29 30 31,0 1 2 3 4 5 7 8 10 11 13,,P,11.0,0.0,12.0,2.0,3.0,4.0,11.0,0.0,11.0,0.0,15.0,4.0,2.0,4.0,10.0,1.0,94.0
93,20,validacao,21 22 24 28 29,0 1 2 3 4 7 8 31,31,V,5.0,0.0,5.0,2.0,1.0,2.0,4.0,0.0,7.0,1.0,4.0,0.0,2.0,4.0,6.0,0.0,-384.0
93,29,validacao,17 21 25 28,0 2 3 4 6 8 19 26,26,P,7.0,1.0,8.0,0.0,3.0,3.0,5.0,0.0,4.0,0.0,6.0,2.0,1.0,1.0,3.0,0.0,505.0
93,35,validacao,13 25 28,0 2 4 6 7 17 19 23,23,P,7.0,1.0,11.0,1.0,2.0,2.0,7.0,0.0,3.0,0.0,5.0,1.0,1.0,1.0,0.0,0.0,639.0
93,14,validacao,18 21 24 25 28 29 30,0 1 2 3 4 5 7 11 26,,V,7.0,0.0,7.0,2.0,1.0,3.0,6.0,0.0,9.0,0.0,11.0,0.0,3.0,4.0,8.0,1.0,-94.0
93,37,validacao,6 25 28,0 2 4 7 17 19 23,23,P,6.0,1.0,10.0,1.0,2.0,2.0,6.0,0.0,3.0,0.0,7.0,0.0,1.0,1.0,0.0,1.0,618.0
93,17,validacao,15 21 23 24 25 28 29,0 1 2 3 4 7 8 11,,P,8.0,0.0,6.0,0.0,3.0,4.0,7.0,0.0,7.0,0.0,10.0,1.0,1.0,2.0,5.0,1.0,321.0
94,21,validacao,11 17 19 20 24 26 27 28 31,0 1 2 3 4 5 10 21,,P,8.0,0.0,9.0,2.0,2.0,4.0,4.0,0.0,9.0,0.0,16.0,1.0,5.0,2.0,6.0,0.0,-130.0
94,8,validacao,11 17 20 23 24 26 27 28 29 30 31,0 1 2 3 4 5 6 7 8 14,,V,11.0,0.0,15.0,1.0,4.0,4.0,9.0,1.0,10.0,0.0,9.0,1.0,2.0,4.0,9.0,1.0,116.0
94,32,validacao,11 16 19 20 23 26 31,0 1 4 5 6 7 30,30,V,7.0,0.0,16.0,0.0,3.0,1.0,6.0,0.0,6.0,1.0,4.0,0.0,1.0,2.0,5.0,1.0,45.0
94,45,validacao,12 16 22 27,0 4 9 15 26 30,30,P,5.0,1.0,12.0,1.0,1.0,1.0,4.0,0.0,4.0,0.0,10.0,1.0,2.0,0.0,2.0,0.0,347.0
94,39,validacao,6 12 20 23 26 31,0 1 4 9 19 30,6 30,P,5.0,1.0,7.0,1.0,2.0,2.0,2.0,1.0,5.0,1.0,9.0,0.0,2.0,1.0,3.0,1.0,182.0
94,26,validacao,11 19 20 26 27 28 31,0 1 2 3 4 5 24 25,,V,7.0,0.0,12.0,0.0,5.0,2.0,3.0,0.0,8.0,0.0,14.0,0.0,2.0,4.0,4.0,1.0,-65.0
94,24,validacao,11 19 20 24 26 27 28 31,0 1 2 3 4 5 17 25,,V,8.0,0.0,13.0,0.0,5.0,2.0,6.0,0.0,8.0,0.0,12.0,1.0,2.0,4.0,4.0,0.0,15.0
94,43,validacao,12 16 22 23 31,0 4 9 15 19 30,30,P,5.0,1.0,10.0,1.0,2.0,1.0,4.0,0.0,5.0,0.0,11.0,1.0,1.0,1.0,2.0,1.0,276.0
94,40,validacao,12 20 23 26 31,0 4 9 10 19 30,30,V,5.0,0.0,9.0,0.0,2.0,1.0,3.0,0.0,5.0,1.0,9.0,2.0,2.0,1.0,2.0,0.0,-191.0
94,47,validacao,12 16 17 27,0 4 9 15 30 31,30 31,P,4.0,2.0,6.0,1.0,1.0,1.0,2.0,0.0,4.0,0.0,11.0,1.0,2.0,0.0,2.0,0.0,334.0
94,13,validacao,11 20 21 23 24 26 27 28 30 31,0 1 2 3 4 5 6 8 17,,P,9.0,0.0,9.0,1.0,2.0,4.0,7.0,1.0,10.0,0.0,14.0,1.0,4.0,3.0,9.0,0.0,-222.0
94,9,validacao,10 11 20 23 24 26 27 28 29 30 31,0 1 2 3 4 5 6 7 8,,P,9.0,0.0,6.0,0.0,2.0,4.0,9.0,0.0,11.0,0.0,17.0,1.0,4.0,4.0,9.0,1.0,-129.0
94,23,validacao,11 14 19 20 24 26 27 28 31,0 1 2 3 4 5 10 25,,P,8.0,0.0,10.0,1.0,2.0,4.0,4.0,1.0,9.0,0.0,17.0,1.0,5.0,2.0,6.0,1.0,-15.0
94,30,validacao,11 19 20 21 23 26 31,0 1 2 4 5 7 30,30,V,7.0,0.0,15.0,1.0,3.0,1.0,4.0,0.0,6.0,1.0,3.0,0.0,1.0,3.0,6.0,0.0,-44.0
94,33,validacao,2 16 19 20 23 26 31,0 1 4 5 6 30,2 30,P,5.0,1.0,3.0,0.0,1.0,2.0,5.0,1.0,6.0,1.0,11.0,0.0,2.0,1.0,6.0,0.0,-45.0
94,41,validacao,12 16 23 26 31,0 4 9 10 19 30,30,P,5.0,1.0,9.0,2.0,2.0,1.0,2.0,0.0,5.0,0.0,10.0,0.0,1.0,1.0,5.0,0.0,190.0
94,11,validacao,11 20 23 24 25 26 27 28 30 31,0 1 2 3 4 5 6 8 14,,P,9.0,0.0,8.0,1.0,2.0,4.0,7.0,0.0,10.0,0.0,13.0,0.0,4.0,3.0,9.0,0.0,-119.0
94,27,validacao,11 19 20 21 26 27 31,0 1 2 3 4 5 25,,P,7.0,0.0,8.0,0.0,2.0,4.0,4.0,0.0,7.0,0.0,14.0,1.0,4.0,1.0,3.0,0.0,42.0
94,53,validacao,8 17,0 4 16 26 30 31,30 31,P,4.0,2.0,11.0,0.0,1.0,1.0,5.0,0.0,2.0,0.0,8.0,1.0,0.0,0.0,0.0,1.0,1600.0
94,17,validacao,11 17 20 21 23 24 26 27 28 31,0 1 2 3 4 5 8 10,,P,8.0,0.0,6.0,1.0,2.0,4.0,5.0,0.0,10.0,0.0,17.0,2.0,4.0,2.0,9.0,0.0,-231.0
94,35,validacao,2 15 16 20 23 26 31,0 1 4 5 10 30,2 30,P,5.0,1.0,4.0,1.0,1.0,2.0,4.0,1.0,6.0,1.0,12.0,0.0,1.0,1.0,5.0,1.0,-6.0
94,42,validacao,12 16 23 26 31,0 4 9 15 19 30,30,V,5.0,0.0,10.0,0.0,1.0,1.0,5.0,0.0,5.0,1.0,10.0,1.0,2.0,1.0,4.0,0.0,-187.0
94,18,validacao,11 17 20 21 23 24 26 27 28 31,0 1 2 3 4 5 10 12,,V,10.0,0.0,17.0,2.0,4.0,2.0,9.0,0.0,8.0,0.0,7.0,1.0,3.0,4.0,4.0,0.0,248.0
94,52,validacao,12 17,0 4 16 26 30 31,30 31,V,2.0,0.0,7.0,1.0,1.0,0.0,0.0,0.0,4.0,2.0,11.0,0.0,1.0,1.0,5.0,0.0,-591.0
94,22,validacao,11 17 19 20 24 26 27 28 31,0 1 2 3 4 5 10 25,,V,9.0,0.0,16.0,1.0,5.0,2.0,6.0,0.0,8.0,0.0,10.0,1.0,2.0,4.0,4.0,0.0,72.0
94,25,validacao,11 19 20 21 26 27 28 31,0 1 2 3 4 5 17 25,,P,8.0,0.0,12.0,1.0,2.0,4.0,4.0,1.0,8.0,0.0,14.0,1.0,5.0,2.0,3.0,1.0,-13.0
94,28,validacao,11 19 20 21 26 27 31,0 1 2 3 4 5 30,30,V,7.0,0.0,14.0,1.0,4.0,1.0,3.0,1.0,6.0,1.0,2.0,0.0,2.0,4.0,4.0,0.0,39.0
94,50,validacao,12 17 27,0 4 16 19 30 31,30 31,V,3.0,0.0,8.0,1.0,2.0,0.0,0.0,0.0,4.0,2.0,9.0,0.0,2.0,1.0,2.0,0.0,-473.0
94,44,validacao,12 16 22 31,0 4 9 15 26 30,30,V,4.0,0.0,9.0,1.0,1.0,1.0,2.0,0.0,5.0,1.0,12.0,1.0,1.0,1.0,4.0,0.0,-284.0
94,36,validacao,2 16 20 23 26 31,0 1 4 5 19 30,2 30,V,5.0,1.0,8.0,0.0,1.0,1.0,5.0,0.0,5.0,1.0,6.0,0.0,2.0,2.0,4.0,0.0,0.0
94,34,validacao,2 16 19 20 23 26 31,0 1 4 5 10 30,2 30,V,6.0,1.0,11.0,0.0,2.0,1.0,6.0,0.0,5.0,1.0,4.0,1.0,1.0,2.0,4.0,0.0,116.0
94,29,validacao,11 19 20 21 23 26 31,0 1 2 3 4 5 30,30,P,6.0,1.0,2.0,0.0,2.0,4.0,4.0,0.0,7.0,0.0,15.0,1.0,3.0,1.0,4.0,0.0,41.0
95,4,treino,12 21 22 23 24 25 26 27 28 29 30 31,0 1 2 3 4 5 6 7 8 9 14 15,,V,12.0,0.0,14.0,2.0,3.0,4.0,11.0,0.0,12.0,0.0,14.0,2.0,2.0,4.0,11.0,0.0,129.0
95,20,treino,12 20 21 25 27 28 29 30,0 1 2 5 6 9 13 19,,V,8.0,0.0,10.0,1.0,4.0,3.0,4.0,0.0,8.0,0.0,11.0,2.0,1.0,3.0,7.0,0.0,-4.0
95,10,treino,12 21 22 24 25 26 27 28 29 30,0 1 2 4 5 6 7 8 9 14,,V,10.0,0.0,12.0,2.0,3.0,3.0,8.0,0.0,10.0,0.0,11.0,2.0,1.0,3.0,10.0,0.0,14.0
95,48,treino,21,5 9 19 20 24,19,V,1.0,0.0,2.0,1.0,0.0,0.0,0.0,0.0,4.0,1.0,14.0,1.0,2.0,0.0,4.0,0.0,-587.0
95,32,treino,16 18 24 25 27 29,0 2 6 8 14 26,,V,6.0,0.0,9.0,1.0,1.0,1.0,3.0,1.0,6.0,0.0,12.0,1.0,0.0,2.0,2.0,1.0,-125.0
95,42,treino,16 21 23 29,5 6 8 20 26,26,V,4.0,0.0,7.0,1.0,0.0,1.0,2.0,1.0,4.0,1.0,9.0,0.0,1.0,0.0,2.0,0.0,-185.0
95,5,treino,12 18 21 22 24 25 26 27 28 29 30 31,0 1 2 3 4 5 6 7 8 9 14 15,,P,12.0,0.0,14.0,2.0,2.0,4.0,11.0,1.0,12.0,0.0,15.0,3.0,3.0,4.0,11.0,1.0,-129.0
95,40,treino,16 23 24 29,5 6 8 20 30,30,V,4.0,0.0,6.0,0.0,0.0,1.0,2.0,0.0,4.0,1.0,9.0,0.0,1.0,0.0,2.0,0.0,-193.0
95,28,treino,18 20 24 27 29 30,0 2 6 8 9 23,,V,6.0,0.0,7.0,1.0,2.0,2.0,3.0,0.0,6.0,0.0,10.0,1.0,0.0,2.0,3.0,0.0,105.0
95,18,treino,12 17 20 21 25 27 28 29 30,0 1 2 4 5 6 9 13 19,,V,9.0,0.0,13.0,2.0,4.0,3.0,5.0,1.0,9.0,0.0,12.0,2.0,2.0,3.0,8.0,1.0,-12.0
95,37,treino,16 24 27 29,2 5 8 20 26,,P,5.0,0.0,14.0,0.0,1.0,1.0,2.0,0.0,4.0,0.0,5.0,0.0,1.0,1.0,2.0,0.0,180.0
95,24,treino,12 18 20 27 28 29 30,0 1 2 6 8 9 19,,V,7.0,0.0,10.0,1.0,4.0,3.0,0.0,0.0,7.0,0.0,9.0,1.0,1.0,3.0,4.0,1.0,-10.0
95,49,treino,16,5 9 19 20 24,19,P,4.0,1.0,14.0,1.0,2.0,0.0,4.0,0.0,1.0,0.0,3.0,0.0,0.0,0.0,0.0,0.0,588.0
95,8,treino,12 21 22 24 25 27 28 29 30 31,0 1 2 3 4 5 6 8 9 14,,V,10.0,0.0,11.0,2.0,3.0,4.0,9.0,0.0,10.0,0.0,10.0,2.0,2.0,4.0,9.0,0.0,17.0
95,15,treino,12 15 17 21 24 25 27 28 29 30,0 1 2 4 5 6 8 9 10,,P,9.0,0.0,9.0,2.0,1.0,3.0,9.0,0.0,10.0,0.0,16.0,2.0,3.0,3.0,7.0,1.0,-16.0
95,44,treino,16 21 25,5 6 8 19 20,19,V,3.0,0.0,6.0,1.0,0.0,0.0,3.0,0.0,4.0,1.0,9.0,0.0,2.0,0.0,2.0,0.0,-290.0
95,13,treino,12 17 21 22 24 25 27 28 29 30,0 1 2 4 5 6 8 9 10 14,,P,10.0,0.0,12.0,3.0,1.0,3.0,10.0,0.0,10.0,0.0,14.0,3.0,3.0,3.0,8.0,0.0,15.0
95,33,treino,9 16 24 25 27 29,0 2 6 8 26,,P,5.0,0.0,9.0,0.0,0.0,2.0,2.0,0.0,6.0,0.0,11.0,1.0,1.0,1.0,3.0,1.0,116.0
95,30,treino,18 20 24 25 27 29,0 2 6 8 9 26,,V,6.0,0.0,8.0,1.0,2.0,1.0,4.0,0.0,6.0,0.0,11.0,1.0,0.0,2.0,3.0,0.0,-56.0
95,36,treino,21 24 27 29,2 5 8 20 26,,V,4.0,0.0,4.0,1.0,1.0,1.0,3.0,0.0,5.0,0.0,14.0,0.0,1.0,1.0,2.0,0.0,-182.0
95,45,treino,13 21 25,5 6 8 19 20,19,P,4.0,1.0,9.0,0.0,2.0,0.0,2.0,1.0,3.0,0.0,7.0,2.0,0.0,0.0,2.0,1.0,517.0
95,12,treino,12 17 21 24 25 26 27 28 29 30,0 1 2 4 5 6 8 9 10 14,,V,10.0,0.0,13.0,2.0,3.0,3.0,8.0,0.0,10.0,0.0,12.0,3.0,1.0,3.0,10.0,0.0,1.0
95,29,treino,18 20 24 25 27 29,0 2 6 8 9 23,,P,6.0,0.0,10.0,1.0,0.0,2.0,3.0,0.0,6.0,0.0,8.0,1.0,2.0,1.0,4.0,0.0,2.0
95,27,treino,18 20 24 27 29 30,0 2 6 8 9 19,,P,6.0,0.0,9.0,1.0,1.0,2.0,3.0,0.0,6.0,0.0,7.0,1.0,2.0,2.0,3.0,0.0,16.0
95,43,treino,16 21 23 25,5 6 8 20 26,26,P,4.0,1.0,9.0,0.0,1.0,0.0,2.0,0.0,4.0,0.0,8.0,1.0,0.0,0.0,3.0,1.0,278.0
95,23,treino,12 18 20 27 28 29 30,0 1 2 5 6 9 19,,P,7.0,0.0,8.0,1.0,1.0,3.0,6.0,0.0,7.0,0.0,10.0,1.0,4.0,3.0,0.0,0.0,12.0
95,35,treino,21 24 27 29,0 2 8 20 26,,P,5.0,0.0,13.0,0.0,1.0,2.0,0.0,0.0,4.0,0.0,4.0,1.0,1.0,1.0,3.0,0.0,177.0
95,26,treino,18 20 27 28 29 30,0 2 6 8 9 19,,V,6.0,0.0,6.0,1.0,3.0,3.0,0.0,0.0,6.0,0.0,9.0,1.0,1.0,2.0,3.0,0.0,7.0
95,21,treino,12 17 20 25 27 28 29 30,0 1 2 5 6 9 13 19,,P,8.0,0.0,11.0,2.0,1.0,3.0,7.0,1.0,8.0,0.0,11.0,1.0,4.0,3.0,3.0,1.0,6.0
95,34,treino,24 25 27 29,0 2 8 20 26,,V,4.0,0.0,3.0,0.0,1.0,1.0,3.0,0.0,5.0,0.0,13.0,0.0,1.0,2.0,0.0,0.0,-178.0
95,46,treino,25,5 6 19 20 24,19,V,1.0,0.0,1.0,0.0,0.0,0.0,0.0,0.0,4.0,1.0,13.0,0.0,2.0,0.0,2.0,0.0,-575.0
95,6,treino,12 21 22 24 25 26 27 28 29 30 31,0 1 2 3 4 5 6 7 8 9 15 23,,V,11.0,0.0,12.0,2.0,3.0,4.0,10.0,0.0,12.0,0.0,16.0,1.0,2.0,4.0,10.0,1.0,120.0
96,59,teste,9,4 8 20,9 20,P,2.0,1.0,3.0,0.0,2.0,0.0,2.0,0.0,0.0,1.0,0.0,1.0,0.0,0.0,0.0,0.0,1600.0
96,54,teste,7,4 8 9 19 20,7 19 20,V,0.0,1.0,0.0,0.0,0.0,0.0,0.0,0.0,3.0,2.0,5.0,1.0,3.0,0.0,2.0,0.0,-516.0
96,45,teste,11 24,4 8 9 17 23,23,P,4.0,1.0,9.0,2.0,1.0,0.0,2.0,0.0,2.0,0.0,6.0,0.0,1.0,0.0,0.0,0.0,414.0
96,15,teste,11 14 16 18 20 22 26 28 29 30 31,1 2 3 4 5 6 7 8 9,,P,9.0,0.0,8.0,1.0,2.0,3.0,9.0,0.0,11.0,0.0,20.0,3.0,3.0,4.0,8.0,0.0,-230.0
96,60,teste,9,4 13 20,9 20,V,0.0,1.0,0.0,1.0,0.0,0.0,0.0,0.0,2.0,1.0,4.0,1.0,2.0,0.0,0.0,1.0,-1600.0
96,4,teste,16 18 20 23 24 25 26 27 28 29 30 31,0 1 2 3 5 6 7 8 9 10 11 13,,V,12.0,0.0,14.0,1.0,3.0,4.0,12.0,0.0,12.0,0.0,14.0,3.0,2.0,4.0,12.0,0.0,-16.0
96,21,teste,0 11 14 18 22 26 27 28 29 30,1 2 3 4 6 7 21,0,P,7.0,0.0,8.0,1.0,2.0,3.0,5.0,0.0,9.0,1.0,16.0,3.0,3.0,3.0,5.0,0.0,-336.0
96,10,teste,11 16 20 21 22 23 26 27 28 29 30 31,1 2 3 4 5 6 7 8 9 13 14,,V,12.0,0.0,18.0,2.0,4.0,4.0,9.0,0.0,11.0,0.0,14.0,3.0,2.0,3.0,11.0,0.0,127.0
96,29,teste,5 11 18 21 22 23 26 28 29,1 2 4 9 10,5,P,5.0,0.0,5.0,2.0,1.0,2.0,0.0,1.0,8.0,1.0,15.0,3.0,2.0,2.0,4.0,1.0,-350.0
96,12,teste,11 16 20 21 22 26 27 28 29 30 31,1 2 3 4 5 6 7 8 9 13 23,,V,11.0,0.0,16.0,2.0,4.0,4.0,8.0,0.0,11.0,0.0,16.0,2.0,2.0,3.0,10.0,1.0,118.0
96,52,teste,3,4 8 9 19 24,3 19 24,V,0.0,1.0,0.0,0.0,1.0,0.0,0.0,0.0,3.0,2.0,5.0,1.0,2.0,0.0,2.0,0.0,-520.0
96,20,teste,0 11 14 18 22 26 28 29 30 31,1 2 3 4 6 7 21,0,V,9.0,1.0,15.0,3.0,2.0,4.0,6.0,0.0,7.0,0.0,8.0,1.0,2.0,3.0,5.0,0.0,549.0
96,22,teste,0 11 14 18 22 26 27 28 29 30,1 2 3 4 6 7 25,0,V,9.0,1.0,16.0,3.0,3.0,3.0,5.0,0.0,7.0,0.0,9.0,0.0,2.0,3.0,5.0,1.0,462.0
96,36,teste,11 19 22 28,2 4 8 9 14,14,V,4.0,0.0,10.0,1.0,3.0,1.0,0.0,0.0,4.0,1.0,5.0,2.0,1.0,1.0,4.0,0.0,-182.0
96,16,teste,11 14 16 18 20 22 26 28 29 30 31,1 2 3 4 5 6 7 8 13,,V,11.0,0.0,20.0,3.0,3.0,4.0,8.0,0.0,9.0,0.0,9.0,1.0,2.0,3.0,9.0,1.0,452.0
96,50,teste,7,4 8 9 19 29,19 29,V,1.0,0.0,6.0,0.0,0.0,0.0,0.0,0.0,3.0,2.0,5.0,1.0,2.0,0.0,2.0,0.0,-518.0
96,30,teste,11 18 21 22 23 26 28 29,2 4 8 9 10,,V,8.0,0.0,15.0,3.0,2.0,2.0,4.0,0.0,5.0,0.0,7.0,2.0,1.0,1.0,2.0,0.0,341.0
96,43,teste,6 11 28,2 4 8 17 23,23,P,4.0,1.0,7.0,1.0,1.0,1.0,2.0,0.0,3.0,0.0,11.0,0.0,2.0,1.0,0.0,1.0,403.0
96,44,teste,11 28,4 8 9 17 23,23,V,2.0,0.0,5.0,0.0,2.0,1.0,0.0,0.0,4.0,1.0,9.0,2.0,1.0,0.0,2.0,0.0,-415.0
96,61,teste,16,4 20,16 20,P,1.0,1.0,1.0,0.0,2.0,0.0,0.0,0.0,0.0,1.0,0.0,0.0,0.0,0.0,0.0,1.0,1600.0
96,26,teste,0 11 18 21 22 26 27 28 29,1 2 4 6 10,0,V,8.0,1.0,14.0,3.0,3.0,2.0,3.0,0.0,5.0,0.0,4.0,1.0,1.0,2.0,4.0,0.0,455.0
96,46,teste,11 24,4 8 9 17 19,19,V,2.0,0.0,6.0,0.0,1.0,0.0,0.0,0.0,4.0,1.0,9.0,2.0,2.0,0.0,2.0,0.0,-416.0
96,39,teste,11 15 28,2 4 8 9 23,23,P,4.0,1.0,5.0,1.0,1.0,1.0,2.0,0.0,3.0,0.0,9.0,0.0,2.0,1.0,2.0,0.0,280.0
96,58,teste,18,4 8 14 20,18 20,V,0.0,1.0,0.0,1.0,0.0,0.0,0.0,1.0,3.0,1.0,6.0,1.0,2.0,0.0,2.0,1.0,-1600.0
96,7,teste,16 18 20 21 22 23 26 27 28 29 30 31,1 2 3 4 5 6 7 8 9 10 11 13,,P,12.0,0.0,15.0,3.0,3.0,3.0,12.0,0.0,12.0,0.0,16.0,3.0,3.0,4.0,10.0,0.0,-10.0
96,35,teste,11 17 19 22 25 28,2 4 8 9 30,30,P,4.0,1.0,5.0,1.0,1.0,1.0,2.0,0.0,6.0,0.0,14.0,2.0,3.0,1.0,3.0,1.0,172.0
96,48,teste,11,4 8 9 19 24,19,V,1.0,0.0,5.0,0.0,1.0,0.0,0.0,0.0,4.0,1.0,11.0,1.0,2.0,0.0,2.0,0.0,-575.0
96,23,teste,0 11 14 18 21 22 26 27 28 29,1 2 3 4 6 7,0,P,6.0,0.0,3.0,0.0,2.0,3.0,5.0,0.0,9.0,1.0,18.0,4.0,3.0,2.0,4.0,0.0,-462.0
96,49,teste,7,4 8 9 19 24,19,P,4.0,1.0,11.0,1.0,2.0,0.0,2.0,0.0,1.0,0.0,6.0,0.0,0.0,0.0,0.0,0.0,511.0
96,25,teste,0 7 11 18 21 22 26 27 28 29,1 2 3 4 6,0,P,5.0,0.0,2.0,0.0,2.0,3.0,3.0,0.0,9.0,1.0,20.0,3.0,3.0,2.0,5.0,1.0,-531.0
96,13,teste,11 16 18 20 21 22 26 28 29 30 31,1 2 3 4 5 6 7 8 9 13,,P,10.0,0.0,11.0,2.0,2.0,3.0,10.0,0.0,11.0,0.0,18.0,3.0,3.0,4.0,8.0,0.0,-124.0
96,28,teste,0 11 18 21 22 23 26 28 29,1 2 4 9 10,0,V,8.0,1.0,15.0,3.0,2.0,2.0,4.0,0.0,5.0,0.0,5.0,2.0,1.0,2.0,0.0,0.0,527.0
97,4,treino,16 18 20 23 24 25 26 27 28 29 30 31,0 1 2 3 4 5 6 8 9 10 11 14,,V,12.0,0.0,14.0,1.0,3.0,4.0,12.0,0.0,12.0,0.0,14.0,3.0,3.0,4.0,10.0,0.0,3.0
97,42,treino,1 2 13 22 24 27 31,11 23,1 2,V,5.0,2.0,8.0,2.0,1.0,1.0,2.0,0.0,2.0,0.0,7.0,0.0,1.0,0.0,0.0,1.0,1600.0
97,14,treino,12 13 18 21 23 25 27 28 29 30 31,0 1 3 4 5 6 7 11 14 15,,V,11.0,0.0,17.0,3.0,3.0,4.0,8.0,1.0,10.0,0.0,12.0,1.0,3.0,3.0,9.0,1.0,286.0
97,26,treino,2 20 25 26 27 28 31,3 9 10 11,2,V,6.0,1.0,5.0,0.0,3.0,2.0,3.0,0.0,4.0,0.0,6.0,2.0,2.0,1.0,0.0,0.0,383.0
97,28,treino,2 20 24 25 26 27 31,3 9 11 14,2,V,6.0,1.0,6.0,0.0,2.0,1.0,5.0,0.0,4.0,0.0,7.0,2.0,2.0,1.0,2.0,0.0,383.0
97,5,treino,16 18 20 21 23 25 26 27 28 29 30 31,0 1 2 3 4 5 6 8 9 10 11 14,,P,12.0,0.0,14.0,3.0,3.0,4.0,10.0,0.0,12.0,0.0,15.0,2.0,3.0,4.0,11.0,0.0,18.0
97,7,treino,16 18 20 21 22 23 25 27 28 29 30 31,0 1 3 4 5 6 7 8 9 10 11 14,,P,12.0,0.0,15.0,3.0,3.0,3.0,12.0,0.0,12.0,0.0,16.0,3.0,3.0,4.0,11.0,0.0,-4.0
97,39,treino,2 6 13 22 24 27 31,11 15,2,P,2.0,0.0,5.0,0.0,1.0,0.0,2.0,0.0,6.0,1.0,14.0,2.0,1.0,1.0,4.0,0.0,-622.0
97,38,treino,2 6 13 24 26 27 31,11 15,2,V,6.0,1.0,13.0,1.0,1.0,1.0,5.0,0.0,2.0,0.0,5.0,0.0,1.0,0.0,2.0,0.0,676.0
97,12,treino,12 18 20 21 23 25 27 28 29 30 31,0 1 3 4 5 6 7 10 11 14 16,,V,11.0,0.0,15.0,2.0,4.0,4.0,8.0,0.0,11.0,0.0,15.0,2.0,3.0,3.0,10.0,2.0,380.0
97,41,treino,1 2 13 22 24 27 31,11 19,1 2,P,2.0,0.0,6.0,0.0,2.0,0.0,0.0,0.0,5.0,2.0,8.0,2.0,1.0,1.0,2.0,0.0,-688.0
97,18,treino,2 12 13 14 21 25 27 28 29 30 31,0 1 3 4 7 9 11,2,V,10.0,1.0,16.0,3.0,3.0,4.0,6.0,2.0,7.0,0.0,6.0,1.0,3.0,3.0,5.0,1.0,403.0
97,10,treino,12 18 20 21 22 23 25 27 28 29 30 31,0 1 3 4 5 6 7 9 10 11 14 17,,V,12.0,0.0,17.0,3.0,4.0,4.0,9.0,2.0,12.0,0.0,17.0,4.0,3.0,3.0,12.0,1.0,302.0
97,24,treino,2 20 25 27 28 30 31,3 7 9 11,2,V,6.0,1.0,4.0,0.0,3.0,3.0,4.0,0.0,4.0,0.0,5.0,1.0,2.0,1.0,3.0,0.0,384.0
97,19,treino,2 6 12 14 21 25 27 28 29 30 31,0 1 3 4 7 11,2,P,6.0,0.0,4.0,0.0,3.0,3.0,5.0,0.0,10.0,1.0,18.0,2.0,3.0,4.0,8.0,1.0,-403.0
97,33,treino,2 9 22 24 26 27 31,7 11 14,2,P,3.0,0.0,6.0,1.0,1.0,0.0,2.0,0.0,6.0,1.0,10.0,2.0,1.0,1.0,4.0,0.0,-371.0
97,34,treino,2 9 22 24 26 27 31,7 11 17,2,V,6.0,1.0,10.0,2.0,1.0,1.0,4.0,0.0,3.0,0.0,7.0,1.0,1.0,0.0,2.0,1.0,629.0
97,36,treino,2 9 13 24 26 27 31,10 11,2,V,6.0,1.0,12.0,2.0,1.0,1.0,5.0,0.0,2.0,0.0,4.0,1.0,1.0,0.0,0.0,0.0,631.0
97,43,treino,1 2 13 18 22 24 31,11,1 2,P,1.0,0.0,2.0,0.0,1.0,0.0,0.0,0.0,5.0,2.0,10.0,3.0,0.0,1.0,2.0,0.0,-1600.0
97,21,treino,2 12 20 25 27 28 30 31,0 3 4 7 11,2,P,5.0,0.0,4.0,0.0,3.0,2.0,5.0,0.0,7.0,1.0,8.0,0.0,4.0,3.0,4.0,0.0,-384.0
97,6,treino,16 18 20 21 23 25 26 27 28 29 30 31,0 1 3 4 5 6 7 8 9 10 11 14,,V,12.0,0.0,15.0,2.0,3.0,4.0,11.0,0.0,12.0,0.0,15.0,3.0,3.0,3.0,12.0,0.0,4.0
97,15,treino,2 12 13 21 23 25 27 28 29 30 31,0 1 3 4 5 7 11 15,2,P,8.0,0.0,8.0,0.0,3.0,3.0,8.0,0.0,10.0,1.0,14.0,2.0,3.0,4.0,7.0,0.0,-286.0
97,32,treino,2 16 22 24 26 27 31,7 11 13 14,2,V,6.0,1.0,8.0,1.0,1.0,1.0,4.0,1.0,4.0,0.0,9.0,2.0,1.0,0.0,2.0,1.0,371.0
97,29,treino,2 16 24 25 26 27 31,3 9 11 14,2,P,4.0,0.0,7.0,2.0,2.0,1.0,2.0,0.0,6.0,1.0,7.0,0.0,1.0,1.0,3.0,0.0,-384.0
97,27,treino,2 20 24 25 26 27 31,3 9 10 11,2,P,4.0,0.0,6.0,2.0,2.0,1.0,0.0,0.0,6.0,1.0,6.0,0.0,2.0,1.0,5.0,0.0,-390.0
97,31,treino,2 16 22 24 26 27 31,7 9 11 14,2,P,4.0,0.0,8.0,2.0,1.0,0.0,4.0,0.0,6.0,1.0,8.0,1.0,1.0,1.0,4.0,0.0,-247.0
97,35,treino,2 9 13 24 26 27 31,7 11,2,P,2.0,0.0,3.0,0.0,1.0,0.0,2.0,0.0,6.0,1.0,12.0,2.0,1.0,1.0,5.0,0.0,-648.0
97,30,treino,2 16 24 25 26 27 31,7 9 11 14,2,V,6.0,1.0,7.0,0.0,1.0,1.0,3.0,0.0,4.0,0.0,8.0,2.0,1.0,0.0,4.0,0.0,487.0
97,11,treino,12 13 18 20 21 23 25 27 28 29 30 31,0 1 3 4 5 6 7 9 10 11 14,,P,11.0,0.0,13.0,3.0,3.0,3.0,11.0,0.0,12.0,0.0,19.0,3.0,4.0,4.0,8.0,1.0,-302.0
97,16,treino,2 12 13 21 23 25 27 28 29 30 31,0 1 3 4 5 7 11 18,2,V,10.0,1.0,14.0,2.0,3.0,4.0,7.0,0.0,8.0,0.0,9.0,1.0,3.0,3.0,7.0,1.0,401.0
97,9,treino,12 18 20 21 22 23 25 27 28 29 30 31,0 1 3 4 5 6 7 9 10 11 13 14,,P,12.0,0.0,16.0,4.0,3.0,3.0,12.0,0.0,12.0,0.0,17.0,3.0,4.0,4.0,9.0,0.0,16.0
97,37,treino,2 6 13 24 26 27 31,10 11,2,P,2.0,0.0,4.0,1.0,1.0,0.0,0.0,0.0,6.0,1.0,13.0,1.0,1.0,1.0,5.0,0.0,-675.0
98,69,treino,8 10,26,8 10 26,P,0.0,1.0,0.0,0.0,0.0,0.0,0.0,0.0,0.0,2.0,0.0,1.0,0.0,0.0,0.0,0.0,-186.0
98,80,treino,3 5,26,3 5 26,V,0.0,2.0,0.0,0.0,1.0,0.0,0.0,0.0,0.0,1.0,0.0,0.0,0.0,0.0,0.0,0.0,182.0
98,24,treino,19 20 29 30 31,1 2 3 4 7 13,,V,5.0,0.0,5.0,0.0,2.0,3.0,0.0,0.0,6.0,0.0,5.0,1.0,2.0,3.0,3.0,0.0,-117.0
98,55,treino,2 6,31,2 6 31,P,0.0,1.0,0.0,0.0,0.0,0.0,0.0,0.0,0.0,2.0,0.0,0.0,0.0,0.0,2.0,0.0,-184.0
98,85,treino,6 7,18,6 7 18,P,0.0,1.0,0.0,1.0,0.0,0.0,0.0,0.0,0.0,2.0,0.0,0.0,0.0,0.0,0.0,0.0,-186.0
98,70,treino,8 10,23,8 10 23,V,0.0,2.0,0.0,1.0,0.0,0.0,0.0,0.0,0.0,1.0,0.0,0.0,0.0,0.0,0.0,0.0,186.0
98,15,treino,20 21 23 25 28 29 30 31,0 1 2 3 6 7 8 12 17,,P,9.0,0.0,11.0,1.0,2.0,4.0,7.0,1.0,8.0,0.0,7.0,1.0,2.0,4.0,4.0,1.0,109.0
98,66,treino,2 8,23,2 8 23,V,0.0,2.0,0.0,0.0,0.0,0.0,0.0,0.0,0.0,1.0,0.0,0.0,0.0,0.0,0.0,0.0,180.0
98,29,treino,19 20 23 25 29,2 3 4 6 10 13,,P,6.0,0.0,7.0,2.0,2.0,2.0,3.0,0.0,5.0,0.0,8.0,0.0,2.0,1.0,4.0,0.0,114.0
98,54,treino,2 10,31,2 10 31,V,0.0,2.0,0.0,1.0,0.0,0.0,0.0,0.0,0.0,1.0,0.0,0.0,0.0,0.0,0.0,0.0,190.0
98,67,treino,6 8,23,6 8 23,P,0.0,1.0,0.0,0.0,0.0,0.0,0.0,0.0,0.0,2.0,0.0,0.0,0.0,0.0,0.0,0.0,-180.0
98,34,treino,13 19 23 24 25,3 4 7 9 10,,V,5.0,0.0,11.0,1.0,1.0,0.0,2.0,1.0,5.0,0.0,6.0,2.0,2.0,1.0,3.0,1.0,104.0
98,89,treino,2 9,18,2 9 18,P,0.0,1.0,0.0,1.0,0.0,0.0,0.0,0.0,0.0,2.0,0.0,1.0,0.0,0.0,0.0,0.0,-186.0
98,81,treino,1 3,26,1 3 26,P,0.0,1.0,0.0,0.0,0.0,0.0,0.0,0.0,0.0,2.0,0.0,0.0,1.0,0.0,0.0,0.0,-176.0
98,7,treino,8 18 20 23 24 25 27 28 29 30 31,0 1 2 3 4 5 6 7 10 11,,P,10.0,0.0,8.0,1.0,3.0,4.0,10.0,0.0,11.0,0.0,15.0,1.0,3.0,4.0,10.0,1.0,-5.0
98,87,treino,7 9,15,7 9 15,P,0.0,1.0,0.0,0.0,0.0,0.0,0.0,0.0,0.0,2.0,0.0,1.0,0.0,0.0,0.0,0.0,-186.0
98,48,treino,2 3 21 25,12,2 3,V,2.0,2.0,3.0,1.0,1.0,0.0,2.0,0.0,1.0,0.0,3.0,0.0,1.0,0.0,0.0,0.0,1600.0
98,11,treino,14 20 24 25 27 28 29 30 31,0 1 2 3 4 6 7 10 12,,P,9.0,0.0,8.0,1.0,3.0,4.0,8.0,0.0,9.0,0.0,9.0,1.0,3.0,4.0,8.0,1.0,96.0
98,65,treino,2 8,19,2 8 19,P,0.0,1.0,0.0,0.0,1.0,0.0,0.0,0.0,0.0,2.0,0.0,0.0,0.0,0.0,0.0,0.0,-186.0
98,6,treino,17 18 20 23 24 25 27 28 29 30 31,0 1 2 3 4 5 6 7 10 11 13,,V,11.0,0.0,13.0,2.0,3.0,4.0,10.0,1.0,11.0,0.0,11.0,2.0,3.0,4.0,10.0,1.0,-1.0
98,45,treino,2 7 21 25,4,2,P,1.0,0.0,1.0,0.0,1.0,0.0,0.0,0.0,3.0,1.0,9.0,1.0,0.0,0.0,4.0,0.0,-477.0
98,68,treino,6 8,26,6 8 26,V,0.0,2.0,0.0,0.0,0.0,0.0,0.0,0.0,0.0,1.0,0.0,0.0,0.0,0.0,0.0,0.0,180.0
98,74,treino,4 7,31,4 7 31,V,0.0,2.0,0.0,0.0,1.0,0.0,0.0,0.0,0.0,1.0,0.0,0.0,0.0,0.0,0.0,0.0,186.0
98,27,treino,19 20 23 29 30,1 2 3 4 10 13,,P,6.0,0.0,6.0,2.0,2.0,3.0,0.0,0.0,5.0,0.0,7.0,0.0,2.0,2.0,2.0,0.0,110.0
98,35,treino,6 19 23 24 25,3 4 7 10,,P,4.0,0.0,4.0,1.0,2.0,1.0,3.0,0.0,5.0,0.0,13.0,0.0,1.0,0.0,2.0,0.0,-104.0
98,31,treino,19 20 23 24 25,3 4 6 7 10 13,,P,6.0,0.0,8.0,2.0,2.0,1.0,4.0,0.0,5.0,0.0,9.0,0.0,2.0,0.0,4.0,0.0,113.0
98,32,treino,19 20 23 24 25,3 4 6 7 10 16,,V,5.0,0.0,9.0,0.0,2.0,0.0,4.0,0.0,6.0,0.0,9.0,1.0,2.0,1.0,4.0,1.0,7.0
98,16,treino,20 23 25 28 29 30 31,0 1 2 3 6 7 8 12 24,,V,7.0,0.0,5.0,0.0,2.0,4.0,3.0,0.0,9.0,0.0,13.0,0.0,2.0,4.0,7.0,1.0,-115.0
98,19,treino,16 20 23 25 29 30 31,0 1 2 3 6 7 12 13,,P,8.0,0.0,8.0,1.0,2.0,4.0,5.0,1.0,7.0,0.0,8.0,0.0,1.0,3.0,5.0,1.0,119.0
98,33,treino,13 19 23 24 25,3 4 6 7 10,,P,5.0,0.0,5.0,1.0,2.0,1.0,4.0,0.0,5.0,0.0,11.0,1.0,1.0,0.0,2.0,0.0,-22.0
98,20,treino,20 23 25 29 30 31,0 1 2 3 6 7 13 21,,V,6.0,0.0,5.0,0.0,1.0,3.0,3.0,0.0,8.0,0.0,10.0,2.0,1.0,4.0,5.0,1.0,-119.0
98,10,treino,20 23 24 25 27 28 29 30 31,0 1 2 3 4 6 7 10 12 18,,V,9.0,0.0,7.0,0.0,3.0,4.0,9.0,0.0,10.0,0.0,12.0,2.0,3.0,4.0,8.0,1.0,-118.0
99,38,treino,3 14 22 27,1 6 9 12 29,3 29,V,3.0,1.0,7.0,2.0,2.0,0.0,0.0,1.0,4.0,1.0,6.0,1.0,1.0,1.0,3.0,1.0,-107.0
99,33,treino,14 22 23 27,1 4 5 6 7 15 29,29,P,6.0,1.0,7.0,0.0,1.0,1.0,3.0,0.0,4.0,0.0,9.0,2.0,1.0,0.0,2.0,0.0,383.0
99,72,treino,7 19,16 24,7 19 24,V,0.0,2.0,0.0,0.0,1.0,0.0,0.0,0.0,1.0,1.0,4.0,0.0,0.0,0.0,0.0,0.0,61.0
99,32,treino,14 22 27 30,1 4 5 6 7 15 26 29,29,V,4.0,0.0,7.0,2.0,1.0,1.0,0.0,0.0,7.0,1.0,13.0,0.0,1.0,1.0,3.0,1.0,-400.0
99,12,treino,14 17 22 24 25 26 27 29 30 31,0 1 2 3 4 5 6 10 11 15 20,,V,10.0,0.0,13.0,3.0,1.0,3.0,10.0,0.0,11.0,0.0,15.0,1.0,4.0,4.0,9.0,1.0,-116.0
99,53,treino,7 10,8 16 22,7 22,P,2.0,1.0,6.0,1.0,0.0,0.0,0.0,0.0,1.0,1.0,5.0,1.0,0.0,0.0,2.0,0.0,116.0
99,35,treino,14 19 22 27,1 5 6 7 8 15 29,29,P,6.0,1.0,8.0,0.0,0.0,1.0,4.0,1.0,4.0,0.0,10.0,2.0,2.0,0.0,0.0,0.0,390.0
99,79,treino,7 18,16 29,7 18 29,P,1.0,1.0,4.0,0.0,0.0,0.0,0.0,0.0,0.0,2.0,0.0,1.0,0.0,0.0,0.0,0.0,-71.0
99,85,treino,3 21,20,3 21,P,1.0,0.0,5.0,0.0,1.0,0.0,0.0,0.0,0.0,2.0,0.0,1.0,1.0,0.0,0.0,0.0,-1600.0
99,41,treino,3 18 27,6 8 12 29,3 29,P,3.0,1.0,6.0,0.0,1.0,0.0,2.0,0.0,2.0,1.0,4.0,1.0,2.0,0.0,0.0,0.0,106.0
99,34,treino,14 22 23 27,1 5 6 7 8 15 29,29,V,4.0,0.0,9.0,2.0,1.0,0.0,2.0,0.0,6.0,1.0,8.0,0.0,0.0,1.0,4.0,0.0,-372.0
99,65,treino,3 19,12 21,3 19,P,2.0,0.0,8.0,1.0,1.0,0.0,0.0,0.0,0.0,2.0,0.0,0.0,2.0,0.0,0.0,0.0,-123.0
99,80,treino,7 18,16 25,7 18 25,V,0.0,2.0,0.0,1.0,0.0,0.0,0.0,0.0,1.0,1.0,4.0,0.0,0.0,0.0,0.0,0.0,65.0
99,36,treino,14 19 22 27,1 5 6 7 12 15 29,29,V,4.0,0.0,10.0,2.0,2.0,0.0,0.0,0.0,6.0,1.0,9.0,0.0,1.0,1.0,3.0,1.0,-118.0
99,30,treino,14 23 26 27 30,1 4 5 6 7 15 19 29,29,V,5.0,0.0,8.0,1.0,1.0,1.0,4.0,0.0,7.0,1.0,11.0,0.0,2.0,1.0,5.0,0.0,-369.0
99,58,treino,2 7,12 15 16,2 15,V,1.0,1.0,6.0,0.0,0.0,0.0,2.0,0.0,2.0,1.0,7.0,0.0,1.0,0.0,2.0,0.0,-53.0
99,22,treino,23 24 26 29 30 31,0 1 2 4 6 11 19 20 25,,V,6.0,0.0,4.0,0.0,0.0,3.0,6.0,0.0,9.0,0.0,19.0,0.0,4.0,3.0,5.0,1.0,-231.0
99,59,treino,2 3,12 15 16,2 3 15,P,2.0,1.0,7.0,0.0,1.0,0.0,2.0,0.0,0.0,2.0,0.0,0.0,1.0,0.0,0.0,0.0,47.0
99,14,treino,17 22 24 25 26 27 29 30 31,0 1 2 4 5 6 10 11 15 20,,V,9.0,0.0,9.0,2.0,1.0,3.0,9.0,0.0,10.0,0.0,15.0,1.0,3.0,3.0,9.0,0.0,-110.0
99,25,treino,17 23 26 30 31,0 1 2 4 6 11 19 29,29,P,7.0,1.0,8.0,0.0,3.0,3.0,5.0,0.0,5.0,0.0,6.0,1.0,0.0,2.0,4.0,0.0,382.0
99,62,treino,3 7,11 12 21,3 7 11,V,0.0,2.0,0.0,0.0,1.0,0.0,2.0,1.0,2.0,1.0,8.0,1.0,2.0,0.0,0.0,0.0,-59.0
99,18,treino,13 24 25 26 27 29 30 31,0 1 2 4 5 6 11 19 20,,V,8.0,0.0,8.0,1.0,1.0,3.0,7.0,0.0,9.0,0.0,14.0,0.0,4.0,3.0,6.0,0.0,-102.0
99,15,treino,13 22 24 25 26 27 29 30 31,0 1 2 4 5 6 10 11 15 20,,P,10.0,0.0,15.0,1.0,3.0,3.0,9.0,0.0,9.0,0.0,10.0,2.0,1.0,3.0,8.0,0.0,136.0
99,64,treino,3 10,12 15 21,3 10 15,V,0.0,2.0,0.0,1.0,1.0,0.0,0.0,1.0,2.0,1.0,8.0,1.0,1.0,0.0,0.0,1.0,125.0
99,81,treino,3 18,16 25,3 18 25,P,1.0,1.0,4.0,0.0,0.0,0.0,0.0,0.0,0.0,2.0,0.0,1.0,1.0,0.0,0.0,0.0,-61.0
99,28,treino,14 23 26 30 31,1 4 5 6 7 11 19 29,29,V,5.0,0.0,7.0,1.0,0.0,2.0,4.0,0.0,7.0,1.0,10.0,0.0,3.0,1.0,5.0,0.0,-287.0
99,51,treino,3 10,8 16 25,3 25,P,2.0,1.0,6.0,0.0,0.0,0.0,0.0,0.0,1.0,1.0,5.0,1.0,1.0,0.0,0.0,0.0,106.0
99,23,treino,22 23 24 26 30 31,0 1 2 4 6 11 19 20,,P,8.0,0.0,13.0,0.0,4.0,3.0,5.0,0.0,6.0,0.0,6.0,1.0,0.0,2.0,5.0,1.0,384.0
99,77,treino,7 23,16 24,7 23 24,P,1.0,1.0,4.0,0.0,0.0,0.0,0.0,0.0,0.0,2.0,0.0,0.0,0.0,0.0,0.0,0.0,-59.0
99,21,treino,13 21 23 24 26 29 30 31,0 1 2 4 6 9 11 19 20,,P,9.0,0.0,15.0,1.0,4.0,3.0,6.0,0.0,8.0,0.0,10.0,2.0,0.0,3.0,7.0,1.0,224.0
99,70,treino,7 15,12 24,7 15 24,V,0.0,2.0,0.0,0.0,0.0,0.0,0.0,0.0,1.0,1.0,3.0,0.0,1.0,0.0,0.0,0.0,75.0
99,55,treino,2 10,8 16 18,2 18,P,2.0,1.0,6.0,1.0,0.0,0.0,0.0,0.0,1.0,1.0,5.0,1.0,0.0,0.0,0.0,0.0,112.0
100,17,treino,20 24 25 26 27 28 29 30,0 1 2 3 7 10 13 18,,P,8.0,0.0,10.0,3.0,1.0,4.0,4.0,0.0,8.0,0.0,6.0,0.0,3.0,3.0,7.0,0.0,1.0
100,25,treino,8 18 23 24 27 28 29 30,2 3 4 6 7 10,,P,6.0,0.0,5.0,1.0,2.0,2.0,5.0,0.0,8.0,0.0,12.0,1.0,2.0,3.0,6.0,1.0,-105.0
100,22,treino,18 20 23 24 27 28 29 30,1 2 3 4 7 10 16,,V,8.0,0.0,9.0,1.0,3.0,3.0,7.0,0.0,7.0,0.0,8.0,1.0,2.0,3.0,4.0,1.0,231.0
100,6,treino,13 16 18 20 24 25 26 27 28 29 30 31,0 1 2 3 4 5 6 7 10 11 14,,V,12.0,0.0,16.0,2.0,3.0,4.0,11.0,1.0,11.0,0.0,11.0,2.0,3.0,4.0,11.0,1.0,106.0
100,27,treino,18 23 24 25 27 28 30,2 3 6 7 10 13,,P,6.0,0.0,7.0,2.0,1.0,2.0,5.0,0.0,7.0,0.0,8.0,1.0,2.0,2.0,7.0,0.0,-99.0
100,33,treino,21 23 25 27 30,3 6 7 11 13,,P,5.0,0.0,7.0,1.0,2.0,1.0,3.0,0.0,5.0,0.0,6.0,1.0,1.0,1.0,5.0,0.0,11.0
100,34,treino,21 23 25 27 30,3 6 7 11 17,,V,5.0,0.0,6.0,1.0,1.0,1.0,5.0,1.0,5.0,0.0,8.0,1.0,2.0,1.0,3.0,1.0,91.0
100,54,treino,8 10 19 27,18,8,V,3.0,1.0,9.0,1.0,2.0,0.0,0.0,0.0,1.0,0.0,4.0,1.0,0.0,0.0,0.0,0.0,403.0
100,32,treino,23 25 27 28 30,3 6 7 11 13 24,,V,5.0,0.0,4.0,0.0,2.0,2.0,4.0,0.0,6.0,0.0,13.0,1.0,2.0,1.0,3.0,1.0,-14.0
100,4,treino,16 18 20 22 24 25 26 27 28 29 30 31,0 1 2 3 4 5 6 7 9 10 11 17,,V,12.0,0.0,14.0,2.0,3.0,4.0,12.0,0.0,12.0,0.0,14.0,3.0,3.0,4.0,11.0,1.0,99.0
100,13,treino,8 16 20 24 25 27 28 29 30 31,0 1 2 3 4 6 7 10 18,,P,9.0,0.0,9.0,2.0,2.0,4.0,8.0,0.0,10.0,0.0,13.0,0.0,3.0,4.0,9.0,1.0,17.0
100,39,treino,0 23 25 27 30,3 7 15,0,P,3.0,0.0,4.0,0.0,1.0,1.0,2.0,0.0,4.0,1.0,4.0,0.0,1.0,1.0,4.0,0.0,-280.0
100,38,treino,5 23 25 27 30,3 7 15,,V,5.0,0.0,10.0,0.0,1.0,1.0,4.0,0.0,3.0,0.0,4.0,0.0,1.0,1.0,2.0,0.0,265.0
100,47,treino,8 19 25 27,7 11,8,P,2.0,0.0,3.0,0.0,1.0,0.0,2.0,0.0,3.0,1.0,5.0,0.0,2.0,0.0,0.0,0.0,-288.0
100,8,treino,13 16 20 24 25 26 27 28 29 30 31,0 1 2 3 4 6 7 10 11 14,,V,11.0,0.0,13.0,1.0,3.0,4.0,11.0,0.0,10.0,0.0,10.0,2.0,3.0,4.0,10.0,0.0,103.0
100,11,treino,13 15 16 20 24 25 27 28 29 30 31,0 1 2 3 4 6 7 10 11,,P,9.0,0.0,7.0,1.0,3.0,4.0,9.0,0.0,11.0,0.0,16.0,1.0,3.0,4.0,10.0,1.0,-131.0
100,36,treino,14 23 25 27 30,3 7 9 11,,V,5.0,0.0,8.0,1.0,1.0,1.0,4.0,1.0,4.0,0.0,5.0,1.0,2.0,1.0,3.0,1.0,222.0
100,56,treino,10 13 19 27,23,13,V,3.0,1.0,9.0,2.0,2.0,0.0,0.0,0.0,1.0,0.0,5.0,0.0,0.0,0.0,0.0,1.0,1600.0
100,19,treino,20 23 24 25 27 28 29 30,1 2 3 4 7 10 13 18,,P,8.0,0.0,11.0,3.0,2.0,3.0,4.0,1.0,8.0,0.0,7.0,0.0,3.0,3.0,8.0,0.0,23.0
100,43,treino,8 23 25 27 30,3 11 19,8,P,3.0,0.0,6.0,0.0,3.0,1.0,0.0,0.0,4.0,1.0,4.0,0.0,1.0,1.0,4.0,1.0,-286.0
100,41,treino,4 23 25 27 30,3 11 15,4,P,3.0,0.0,5.0,0.0,2.0,1.0,2.0,0.0,4.0,1.0,4.0,0.0,2.0,1.0,4.0,0.0,-297.0
100,10,treino,13 16 20 22 24 25 27 28 29 30 31,0 1 2 3 4 6 7 10 11 18,,V,11.0,0.0,14.0,2.0,3.0,4.0,11.0,0.0,10.0,0.0,11.0,2.0,3.0,4.0,9.0,1.0,111.0
100,9,treino,13 16 20 22 24 25 27 28 29 30 31,0 1 2 3 4 6 7 10 11 14,,P,10.0,0.0,10.0,2.0,3.0,4.0,10.0,0.0,11.0,0.0,14.0,2.0,3.0,4.0,11.0,0.0,-95.0
100,29,treino,18 21 23 25 27 28 30,2 3 6 10 11 13,,P,6.0,0.0,8.0,2.0,2.0,2.0,3.0,0.0,7.0,0.0,9.0,2.0,2.0,2.0,6.0,0.0,-109.0
100,42,treino,4 23 25 27 30,3 11 19,4,V,4.0,1.0,4.0,0.0,2.0,1.0,4.0,1.0,3.0,0.0,6.0,0.0,3.0,1.0,0.0,0.0,297.0
100,55,treino,10 13 19 27,18,13,P,1.0,0.0,4.0,1.0,0.0,0.0,0.0,0.0,3.0,1.0,9.0,2.0,2.0,0.0,0.0,0.0,-418.0
100,15,treino,9 20 24 25 27 28 29 30 31,0 1 2 3 6 7 10 18,,P,8.0,0.0,8.0,2.0,1.0,4.0,6.0,0.0,9.0,0.0,10.0,1.0,3.0,4.0,8.0,1.0,-3.0
100,37,treino,5 23 25 27 30,3 7 11,,P,3.0,0.0,3.0,0.0,2.0,1.0,3.0,0.0,5.0,0.0,10.0,0.0,1.0,1.0,4.0,0.0,-284.0
100,26,treino,18 23 24 27 28 29 30,2 3 6 7 10 13,,V,7.0,0.0,7.0,1.0,2.0,3.0,6.0,0.0,6.0,0.0,7.0,2.0,1.0,2.0,5.0,0.0,93.0
100,31,treino,14 21 23 25 27 28 30,3 6 7 10 11 13,,P,6.0,0.0,9.0,2.0,2.0,1.0,5.0,0.0,7.0,0.0,10.0,2.0,2.0,2.0,5.0,1.0,-1.0
100,48,treino,8 19 25 27,10 11,8,V,3.0,1.0,5.0,0.0,2.0,0.0,0.0,0.0,2.0,0.0,4.0,1.0,1.0,0.0,0.0,0.0,281.0
100,28,treino,18 23 24 25 27 28 30,2 3 6 10 11 13,,V,7.0,0.0,8.0,1.0,2.0,2.0,7.0,0.0,6.0,0.0,8.0,2.0,2.0,2.0,3.0,0.0,106.0
101,44,teste,13 17 28,0 3 9 12 15 29 31,29 31,V,3.0,0.0,7.0,2.0,1.0,1.0,2.0,1.0,5.0,2.0,8.0,1.0,2.0,2.0,0.0,1.0,-460.0
101,15,teste,16 17 20 24 26 27 28 29 31,0 1 3 4 5 6 8 9 15,,P,9.0,0.0,10.0,1.0,2.0,3.0,7.0,0.0,9.0,0.0,11.0,1.0,3.0,3.0,8.0,0.0,8.0
101,20,teste,16 20 24 26 27 28 29 31,0 3 4 5 8 9 10 15,,V,8.0,0.0,8.0,0.0,3.0,3.0,8.0,0.0,8.0,0.0,11.0,2.0,2.0,2.0,7.0,0.0,-19.0
101,45,teste,6 17 28,0 3 12 15 29 31,29 31,P,4.0,2.0,6.0,0.0,2.0,2.0,0.0,0.0,3.0,0.0,9.0,1.0,1.0,1.0,0.0,0.0,398.0
101,30,teste,24 25 27 28 31,0 3 5 8 10 16 19 26,,V,5.0,0.0,3.0,0.0,2.0,2.0,4.0,0.0,8.0,0.0,19.0,1.0,2.0,2.0,3.0,1.0,-246.0
101,10,teste,16 20 24 25 26 27 28 29 30 31,0 1 2 3 4 5 8 9 15 18,,V,10.0,0.0,9.0,0.0,3.0,4.0,10.0,0.0,10.0,0.0,13.0,2.0,2.0,4.0,8.0,0.0,10.0
101,38,teste,17 21 27 28,0 3 5 12 15 19 29,29,V,4.0,0.0,6.0,2.0,2.0,1.0,2.0,0.0,6.0,1.0,11.0,0.0,3.0,2.0,4.0,0.0,-414.0
101,7,teste,10 20 21 24 25 26 27 28 29 30 31,0 1 2 3 4 5 6 8 9 14,,P,10.0,0.0,10.0,2.0,2.0,4.0,9.0,0.0,11.0,0.0,13.0,2.0,3.0,4.0,10.0,1.0,-2.0
101,33,teste,21 22 24 27 28,0 3 5 8 15 16 19,,P,7.0,0.0,14.0,0.0,2.0,2.0,5.0,1.0,5.0,0.0,6.0,2.0,2.0,1.0,3.0,1.0,340.0
101,31,teste,22 24 25 27 28,0 3 5 8 10 16 19,,P,7.0,0.0,13.0,1.0,2.0,2.0,3.0,0.0,5.0,0.0,5.0,1.0,2.0,1.0,4.0,0.0,224.0
101,29,teste,22 24 25 27 28 31,0 3 5 8 10 16 17 19,,P,8.0,0.0,17.0,2.0,2.0,2.0,3.0,1.0,6.0,0.0,5.0,1.0,2.0,2.0,6.0,1.0,225.0
101,47,teste,1 17 28,0 3 15 16 29 31,1 29 31,P,4.0,2.0,7.0,0.0,1.0,2.0,0.0,0.0,2.0,1.0,3.0,1.0,1.0,1.0,0.0,0.0,396.0
101,40,teste,17 21 28,0 3 5 12 15 26 29,29,V,3.0,0.0,5.0,2.0,1.0,1.0,2.0,0.0,6.0,1.0,13.0,0.0,2.0,2.0,2.0,0.0,-563.0
101,39,teste,17 21 23 28,0 3 5 12 15 19 29,29,P,6.0,1.0,11.0,0.0,3.0,2.0,4.0,0.0,4.0,0.0,7.0,2.0,1.0,1.0,2.0,1.0,501.0
101,42,teste,13 21 28,0 3 5 12 15 29 31,29 31,V,3.0,0.0,6.0,2.0,1.0,1.0,0.0,0.0,5.0,2.0,7.0,0.0,2.0,2.0,2.0,0.0,-563.0
101,46,teste,6 17 28,0 3 15 16 29 31,29 31,V,3.0,0.0,9.0,1.0,1.0,1.0,0.0,0.0,4.0,2.0,7.0,0.0,1.0,2.0,0.0,0.0,-399.0
101,12,teste,16 20 24 26 27 28 29 30 31,0 1 2 3 4 5 8 9 15 25,,V,9.0,0.0,8.0,0.0,3.0,4.0,9.0,0.0,10.0,0.0,15.0,1.0,2.0,4.0,6.0,1.0,1.0
101,50,teste,1 17 24,0 3 15 20 26 29,1 26 29,V,2.0,1.0,4.0,1.0,0.0,0.0,0.0,0.0,4.0,2.0,8.0,0.0,2.0,2.0,0.0,0.0,-405.0
101,53,teste,13 24,3 9 15 20 26 29,26 29,P,4.0,2.0,10.0,1.0,2.0,1.0,0.0,1.0,2.0,0.0,5.0,1.0,0.0,0.0,0.0,1.0,1600.0
101,36,teste,21 22 27 28,0 3 5 8 15 19 29,29,V,4.0,0.0,5.0,2.0,2.0,1.0,0.0,0.0,6.0,1.0,10.0,0.0,2.0,2.0,5.0,0.0,-409.0
101,28,teste,24 25 26 27 28 31,0 3 5 8 10 16 17 19,,V,6.0,0.0,4.0,0.0,2.0,2.0,5.0,0.0,8.0,0.0,17.0,2.0,2.0,2.0,3.0,0.0,-0.0
101,27,teste,24 25 26 27 28 31,0 3 4 5 10 16 17 19,,P,8.0,0.0,16.0,2.0,3.0,2.0,3.0,0.0,6.0,0.0,4.0,0.0,2.0,2.0,5.0,0.0,228.0
101,9,teste,16 20 24 25 26 27 28 29 30 31,0 1 2 3 4 5 8 9 14 15,,P,10.0,0.0,12.0,2.0,2.0,4.0,7.0,0.0,10.0,0.0,9.0,0.0,3.0,4.0,10.0,0.0,10.0
101,49,teste,1 17 24,0 3 15 20 29 31,1 29 31,P,4.0,2.0,8.0,0.0,2.0,2.0,0.0,0.0,2.0,1.0,4.0,1.0,0.0,0.0,0.0,0.0,507.0
101,16,teste,16 17 20 24 26 27 28 29 31,0 1 3 4 5 6 8 14 15,,V,9.0,0.0,11.0,1.0,3.0,3.0,8.0,1.0,9.0,0.0,11.0,1.0,2.0,3.0,6.0,1.0,104.0
101,11,teste,16 20 22 24 26 27 28 29 30 31,0 1 2 3 4 5 8 9 15 18,,P,10.0,0.0,13.0,2.0,2.0,4.0,8.0,0.0,10.0,0.0,10.0,1.0,3.0,4.0,10.0,1.0,-10.0
101,19,teste,6 16 20 24 26 27 28 29 31,0 1 3 4 5 8 9 15,,P,8.0,0.0,9.0,1.0,2.0,3.0,6.0,0.0,9.0,0.0,14.0,0.0,3.0,3.0,8.0,1.0,6.0
101,25,teste,13 24 26 27 28 29 31,0 3 4 5 9 10 17 19,,P,8.0,0.0,14.0,3.0,3.0,2.0,4.0,1.0,7.0,0.0,7.0,1.0,2.0,3.0,6.0,1.0,106.0
101,52,teste,17 24,3 9 15 20 26 29,26 29,V,2.0,0.0,4.0,1.0,0.0,0.0,0.0,0.0,4.0,2.0,10.0,1.0,2.0,1.0,0.0,0.0,-593.0
101,24,teste,16 24 26 27 28 29 31,0 3 4 5 9 10 17 19,,V,7.0,0.0,6.0,0.0,2.0,3.0,6.0,0.0,8.0,0.0,14.0,3.0,3.0,2.0,4.0,0.0,115.0
101,4,teste,17 19 20 21 24 25 26 27 28 29 30 31,0 1 2 3 4 5 6 7 8 9 14 15,,V,12.0,0.0,14.0,2.0,4.0,4.0,11.0,0.0,12.0,0.0,14.0,2.0,2.0,4.0,11.0,2.0,-7.0
101,8,teste,20 21 24 25 26 27 28 29 30 31,0 1 2 3 4 5 8 9 14 15,,V,10.0,0.0,8.0,1.0,3.0,4.0,10.0,0.0,10.0,0.0,12.0,2.0,2.0,4.0,7.0,0.0,2.0
102,12,validacao,15 18 20 23 24 27 28 29 30 31,0 1 2 3 5 6 7 9 11 13 21,,V,10.0,0.0,13.0,1.0,3.0,4.0,9.0,0.0,11.0,0.0,15.0,3.0,2.0,4.0,10.0,1.0,3.0
102,65,validacao,8 9 13 16,25,8 25,P,0.0,1.0,0.0,0.0,0.0,0.0,0.0,0.0,3.0,1.0,12.0,2.0,0.0,0.0,4.0,0.0,-359.0
102,104,validacao,0 6 13 16,26,0 6 13 16 26,V,0.0,4.0,0.0,1.0,0.0,0.0,2.0,0.0,0.0,1.0,0.0,0.0,0.0,0.0,0.0,0.0,555.0
102,131,validacao,17,2,2 17,P,0.0,1.0,0.0,0.0,0.0,1.0,0.0,0.0,0.0,1.0,0.0,1.0,0.0,0.0,0.0,0.0,-6.0
102,55,validacao,0 13 17 20,22,0,P,1.0,0.0,5.0,1.0,0.0,0.0,0.0,0.0,3.0,1.0,9.0,2.0,1.0,0.0,2.0,0.0,-413.0
102,84,validacao,1 4 12 16,26,1 4 12 26,V,1.0,3.0,3.0,0.0,2.0,0.0,2.0,0.0,0.0,1.0,0.0,0.0,0.0,0.0,0.0,0.0,476.0
102,68,validacao,9 12 13 16,25,12 25,V,3.0,1.0,12.0,2.0,1.0,0.0,4.0,0.0,0.0,1.0,0.0,0.0,0.0,0.0,0.0,0.0,350.0
102,110,validacao,0 12 13 14,22,0 12 13 14 22,V,0.0,4.0,0.0,2.0,1.0,0.0,0.0,0.0,0.0,1.0,0.0,1.0,0.0,0.0,0.0,0.0,560.0
102,67,validacao,9 12 13 16,30,12 30,P,0.0,1.0,0.0,0.0,0.0,0.0,0.0,0.0,3.0,1.0,12.0,2.0,1.0,0.0,4.0,0.0,-360.0
102,87,validacao,4 6 12 13,22,4 6 12 22,P,0.0,1.0,0.0,1.0,0.0,0.0,0.0,0.0,1.0,3.0,4.0,1.0,2.0,0.0,0.0,0.0,-488.0
102,22,validacao,23 24 26 27 28 31,0 1 2 3 7 13 18 21,,V,6.0,0.0,5.0,0.0,2.0,2.0,6.0,0.0,8.0,0.0,13.0,3.0,1.0,4.0,3.0,2.0,4.0
102,63,validacao,8 13 14 16,29,8 29,P,0.0,1.0,0.0,0.0,0.0,0.0,0.0,0.0,3.0,1.0,11.0,2.0,0.0,0.0,3.0,0.0,-360.0
102,92,validacao,6 8 9 12,26,6 8 12 26,V,1.0,3.0,5.0,1.0,1.0,0.0,4.0,0.0,0.0,1.0,0.0,0.0,0.0,0.0,0.0,0.0,492.0
102,43,validacao,0 13 14 24 31,7 11,0,P,2.0,0.0,3.0,0.0,1.0,0.0,2.0,0.0,4.0,1.0,9.0,2.0,0.0,1.0,0.0,0.0,-420.0
102,90,validacao,6 8 12 13,22,6 8 12 22,V,1.0,3.0,4.0,1.0,1.0,0.0,3.0,0.0,0.0,1.0,0.0,1.0,0.0,0.0,0.0,0.0,492.0
102,73,validacao,4 5 12 16,26,12 26,P,0.0,1.0,0.0,0.0,0.0,0.0,0.0,0.0,3.0,1.0,15.0,0.0,2.0,0.0,2.0,0.0,-417.0
102,143,validacao,17,10,10 17,P,0.0,1.0,0.0,1.0,0.0,0.0,0.0,0.0,0.0,1.0,0.0,1.0,0.0,0.0,0.0,0.0,-6.0
102,46,validacao,0 13 24 31,14 15,0,V,3.0,1.0,5.0,1.0,0.0,1.0,0.0,0.0,2.0,0.0,6.0,1.0,0.0,0.0,0.0,0.0,275.0
102,4,validacao,19 20 21 22 23 24 25 27 28 29 30 31,0 1 2 3 5 6 7 8 9 10 11 13,,V,12.0,0.0,14.0,2.0,4.0,4.0,12.0,0.0,12.0,0.0,14.0,3.0,2.0,4.0,12.0,0.0,10.0
102,10,validacao,15 18 20 21 23 24 27 28 29 30 31,0 1 2 3 5 6 7 9 11 13 14,,V,11.0,0.0,15.0,2.0,3.0,4.0,10.0,0.0,11.0,0.0,13.0,3.0,2.0,4.0,11.0,0.0,11.0
102,39,validacao,0 13 14 24 31,3 7,0,P,2.0,0.0,1.0,0.0,1.0,1.0,2.0,0.0,4.0,1.0,9.0,2.0,0.0,1.0,0.0,0.0,-393.0
102,76,validacao,1 4 12 16,27,1 12 27,V,2.0,2.0,9.0,0.0,2.0,0.0,2.0,0.0,0.0,1.0,0.0,0.0,1.0,0.0,0.0,0.0,477.0
102,24,validacao,8 23 26 27 28 31,0 1 2 3 11 18,,V,6.0,0.0,9.0,0.0,2.0,2.0,4.0,0.0,6.0,0.0,6.0,1.0,2.0,4.0,0.0,1.0,113.0
102,136,validacao,24,15,15 24,V,0.0,1.0,0.0,0.0,0.0,0.0,0.0,0.0,0.0,1.0,0.0,0.0,0.0,0.0,0.0,0.0,0.0
102,18,validacao,15 20 23 26 27 28 29 31,0 1 2 3 7 11 12 13,,V,8.0,0.0,10.0,0.0,3.0,3.0,4.0,1.0,8.0,0.0,9.0,1.0,3.0,4.0,4.0,0.0,9.0
102,118,validacao,5 12,14,5 12 14,V,0.0,2.0,0.0,0.0,1.0,0.0,0.0,0.0,0.0,1.0,0.0,1.0,0.0,0.0,0.0,0.0,182.0
102,129,validacao,13,7,7 13,P,0.0,1.0,0.0,0.0,0.0,0.0,0.0,0.0,0.0,1.0,0.0,1.0,0.0,0.0,0.0,0.0,0.0
102,20,validacao,15 23 26 27 28 29 31,0 1 2 3 7 11 13 21,,V,7.0,0.0,8.0,0.0,2.0,3.0,4.0,1.0,8.0,0.0,11.0,2.0,2.0,4.0,4.0,0.0,19.0
102,103,validacao,0 6 13 16,31,0 6 13 16 31,P,0.0,1.0,0.0,0.0,0.0,0.0,0.0,0.0,0.0,4.0,0.0,1.0,0.0,0.0,2.0,0.0,-559.0
102,148,validacao,24,7,7 24,V,0.0,1.0,0.0,0.0,0.0,0.0,0.0,0.0,0.0,1.0,0.0,0.0,0.0,0.0,0.0,0.0,0.0
102,105,validacao,0 9 13 16,26,0 9 13 16 26,P,0.0,1.0,0.0,0.0,0.0,0.0,0.0,0.0,0.0,4.0,0.0,2.0,0.0,0.0,3.0,0.0,-558.0
102,93,validacao,5 6 8 12,26,6 8 12 26,P,0.0,1.0,0.0,0.0,0.0,0.0,0.0,0.0,1.0,3.0,6.0,0.0,1.0,0.0,3.0,0.0,-548.0
103,60,treino,4 6 9 11 26,12 28 29,4 6 28 29,V,3.0,2.0,11.0,1.0,2.0,0.0,2.0,0.0,1.0,2.0,3.0,0.0,2.0,0.0,0.0,0.0,233.0
103,104,treino,0 1 3,24,0 1 3 24,V,0.0,3.0,0.0,0.0,1.0,0.0,0.0,0.0,0.0,1.0,0.0,0.0,0.0,0.0,0.0,0.0,362.0
103,89,treino,1 2 3,8 12,1 2 3 8,P,1.0,1.0,3.0,0.0,1.0,0.0,2.0,0.0,0.0,3.0,0.0,0.0,1.0,0.0,0.0,0.0,-251.0
103,10,treino,23 24 25 26 27 28 29 30 31,0 2 3 4 5 7 10 11 12,,V,9.0,0.0,6.0,0.0,2.0,4.0,9.0,0.0,9.0,0.0,10.0,1.0,4.0,3.0,8.0,0.0,-12.0
103,67,treino,1 6 11,12 28,1 6 28,P,1.0,1.0,3.0,0.0,2.0,0.0,0.0,0.0,1.0,2.0,5.0,0.0,1.0,0.0,2.0,0.0,-190.0
103,30,treino,1 18 22 23 30 31,3 4 8 11 13 14 21,1 21,V,5.0,1.0,7.0,2.0,0.0,2.0,3.0,0.0,6.0,1.0,11.0,3.0,3.0,1.0,3.0,1.0,-27.0
103,6,treino,20 23 24 25 26 27 28 29 30 31,0 1 2 3 4 5 6 7 11 12 16,,V,10.0,0.0,8.0,0.0,3.0,4.0,10.0,0.0,11.0,0.0,13.0,0.0,4.0,4.0,11.0,1.0,-20.0
103,56,treino,0 6 9 11 30,12 20 29,0 6 29,V,3.0,2.0,10.0,1.0,1.0,1.0,2.0,0.0,2.0,1.0,8.0,0.0,2.0,0.0,0.0,0.0,296.0
103,38,treino,1 5 11 22 30 31,3 4 12 20 21,1 21,V,5.0,1.0,13.0,1.0,1.0,2.0,2.0,0.0,4.0,1.0,9.0,1.0,4.0,1.0,0.0,0.0,162.0
103,13,treino,18 22 24 26 27 28 29 30 31,0 3 4 5 6 7 10 11 12,,P,9.0,0.0,11.0,1.0,4.0,2.0,8.0,0.0,9.0,0.0,8.0,2.0,2.0,4.0,9.0,0.0,4.0
103,107,treino,0 3 8,29,0 3 8 29,P,0.0,1.0,0.0,0.0,0.0,0.0,0.0,0.0,0.0,3.0,0.0,0.0,1.0,0.0,0.0,0.0,-370.0
103,11,treino,18 24 25 26 27 28 29 30 31,0 2 3 4 5 7 10 11 12,,P,9.0,0.0,10.0,1.0,4.0,3.0,8.0,0.0,9.0,0.0,7.0,1.0,2.0,4.0,8.0,0.0,18.0
103,111,treino,3 4 13,22,3 4 13 22,P,0.0,1.0,0.0,1.0,0.0,0.0,0.0,0.0,0.0,3.0,0.0,1.0,2.0,0.0,0.0,0.0,-368.0
103,101,treino,0 1 7,24,0 1 7,P,1.0,0.0,6.0,0.0,0.0,0.0,0.0,0.0,0.0,3.0,0.0,0.0,0.0,0.0,0.0,0.0,-364.0
103,76,treino,1 7 11,12 16,1 7 16,V,1.0,2.0,5.0,0.0,1.0,0.0,2.0,0.0,1.0,1.0,3.0,0.0,1.0,0.0,2.0,0.0,186.0
103,31,treino,1 9 22 23 30 31,3 4 8 11 13 21,1 21,P,5.0,1.0,8.0,2.0,3.0,1.0,3.0,0.0,5.0,1.0,9.0,2.0,0.0,2.0,0.0,0.0,14.0
103,74,treino,1 2 11,12 21,1 2 21,V,1.0,2.0,5.0,0.0,1.0,0.0,0.0,0.0,1.0,1.0,3.0,1.0,1.0,0.0,0.0,0.0,180.0
103,52,treino,0 1 9 18 30,4 15 20 29,0 1 29,V,3.0,2.0,8.0,2.0,0.0,1.0,0.0,1.0,3.0,1.0,9.0,0.0,2.0,0.0,0.0,1.0,293.0
103,20,treino,18 21 22 23 24 26 29 30 31,3 4 6 7 8 10 11 12 13,,V,9.0,0.0,11.0,3.0,0.0,3.0,9.0,0.0,9.0,0.0,15.0,2.0,4.0,1.0,9.0,0.0,3.0
103,91,treino,1 3 6,4 12,1 3 4 6,P,1.0,1.0,3.0,0.0,2.0,0.0,0.0,0.0,0.0,3.0,0.0,0.0,1.0,0.0,2.0,0.0,-251.0
103,21,treino,16 18 22 23 24 26 29 30 31,3 4 6 7 8 10 11 12 13,,P,9.0,0.0,15.0,2.0,4.0,1.0,9.0,1.0,9.0,0.0,12.0,2.0,0.0,3.0,8.0,1.0,292.0
103,17,treino,18 21 22 23 26 28 29 30 31,3 4 5 6 7 8 10 11 12,,P,9.0,0.0,13.0,1.0,4.0,1.0,9.0,0.0,9.0,0.0,10.0,3.0,1.0,4.0,6.0,0.0,1.0
103,66,treino,6 8 11,5 12 28,5 6 8 28,V,1.0,2.0,5.0,0.0,1.0,0.0,0.0,0.0,1.0,2.0,3.0,0.0,2.0,0.0,0.0,1.0,189.0
103,49,treino,0 1 9 23 30,4 10 16 29,0 1 29,P,3.0,1.0,7.0,1.0,1.0,0.0,0.0,0.0,3.0,2.0,7.0,1.0,0.0,1.0,0.0,0.0,-188.0
103,57,treino,0 6 9 11 26,12 20 29,0 6 29,P,2.0,1.0,8.0,0.0,2.0,0.0,0.0,0.0,3.0,2.0,11.0,1.0,1.0,0.0,2.0,0.0,-301.0
103,80,treino,2 7 11,12 16,2 7 16,V,1.0,2.0,5.0,0.0,1.0,0.0,3.0,0.0,1.0,1.0,3.0,0.0,1.0,0.0,2.0,0.0,186.0
103,103,treino,0 1 3,28,0 1 3 28,P,0.0,1.0,0.0,0.0,1.0,0.0,0.0,0.0,0.0,3.0,0.0,0.0,1.0,0.0,0.0,0.0,-368.0
103,39,treino,0 1 11 22 30 31,3 4 12 20 21,0 1 21,P,4.0,1.0,9.0,1.0,4.0,1.0,0.0,0.0,4.0,2.0,7.0,1.0,1.0,2.0,0.0,0.0,-170.0
103,77,treino,6 7 11,12 16,6 7 16,P,1.0,1.0,3.0,0.0,1.0,0.0,2.0,0.0,1.0,2.0,5.0,0.0,1.0,0.0,2.0,0.0,-195.0
103,7,treino,13 23 24 25 26 27 28 29 30 31,0 1 2 3 4 5 6 7 11 12,,P,10.0,0.0,9.0,0.0,4.0,4.0,9.0,0.0,10.0,0.0,10.0,1.0,2.0,4.0,9.0,0.0,15.0
103,100,treino,0 1 3,24,0 1 3,V,0.0,3.0,0.0,0.0,1.0,0.0,0.0,0.0,1.0,0.0,6.0,0.0,0.0,0.0,0.0,0.0,366.0
103,19,treino,18 21 22 23 24 26 29 30 31,3 4 6 7 8 9 10 11 12,,P,9.0,0.0,14.0,2.0,4.0,1.0,9.0,0.0,9.0,0.0,11.0,3.0,0.0,3.0,9.0,0.0,-3.0
104,16,treino,12 20 21 23 25 28 29 30 31,0 1 2 3 6 9 10 11 13 27,,V,9.0,0.0,11.0,1.0,3.0,4.0,4.0,0.0,10.0,0.0,16.0,3.0,3.0,4.0,6.0,0.0,-121.0
104,21,treino,12 19 20 21 24 25 26 29 30,0 1 3 6 7 9 10 13 15 27,,P,10.0,0.0,18.0,3.0,2.0,3.0,8.0,0.0,9.0,0.0,14.0,1.0,3.0,2.0,7.0,0.0,131.0
104,18,treino,12 20 21 23 24 25 29 30 31,0 1 2 3 6 9 10 13 15 27,,V,9.0,0.0,12.0,1.0,2.0,3.0,6.0,0.0,10.0,0.0,17.0,3.0,2.0,4.0,7.0,0.0,-11.0
104,12,treino,12 20 24 25 26 28 29 30 31,0 1 2 3 5 6 7 10 13 27,,V,9.0,0.0,9.0,0.0,3.0,4.0,8.0,0.0,10.0,0.0,14.0,2.0,2.0,4.0,8.0,0.0,-135.0
104,37,treino,5 16 20 24,0 1 3 6 7 9 17 19 29 31,29 31,P,8.0,2.0,12.0,2.0,2.0,3.0,5.0,0.0,4.0,0.0,12.0,0.0,1.0,0.0,3.0,1.0,891.0
104,28,treino,12 19 20 21 24 26 30,0 1 3 6 7 9 10 13 29 31,29 31,V,7.0,0.0,13.0,1.0,3.0,1.0,5.0,1.0,8.0,2.0,9.0,3.0,1.0,3.0,7.0,0.0,-388.0
104,9,treino,12 14 20 24 25 26 27 28 29 30 31,0 1 2 3 5 6 7 9 10 13,,P,10.0,0.0,10.0,3.0,1.0,4.0,10.0,0.0,11.0,0.0,14.0,1.0,4.0,4.0,9.0,1.0,-4.0
104,32,treino,12 16 20 24 30,0 1 3 6 7 9 13 19 22 29,22 29,V,5.0,0.0,10.0,0.0,2.0,1.0,4.0,0.0,8.0,2.0,11.0,3.0,2.0,3.0,6.0,0.0,-702.0
104,25,treino,12 19 20 21 22 24 25 26 30,0 1 3 6 7 9 10 13 15 27,27,P,9.0,1.0,12.0,3.0,2.0,3.0,8.0,0.0,9.0,0.0,16.0,2.0,3.0,1.0,7.0,0.0,185.0
104,30,treino,12 16 19 20 24 30,0 1 3 6 7 9 10 13 22 29,22 29,V,6.0,0.0,13.0,0.0,3.0,1.0,4.0,0.0,8.0,2.0,9.0,4.0,1.0,3.0,7.0,0.0,-592.0
104,31,treino,12 15 16 20 24 30,0 1 3 6 7 9 10 13 22 29,22 29,P,8.0,2.0,9.0,4.0,1.0,3.0,7.0,0.0,6.0,0.0,14.0,0.0,2.0,1.0,4.0,1.0,680.0
104,39,treino,13 20 24,0 3 6 7 8 9 17 19 29 31,29 31,P,8.0,2.0,14.0,2.0,2.0,2.0,4.0,1.0,3.0,0.0,7.0,1.0,1.0,0.0,2.0,1.0,1600.0
104,36,treino,8 16 20 24,0 1 3 6 7 9 17 19 29 31,29 31,V,4.0,0.0,11.0,0.0,1.0,0.0,3.0,0.0,8.0,2.0,12.0,2.0,2.0,3.0,5.0,0.0,-796.0
104,5,treino,8 16 20 23 24 25 26 27 28 29 30 31,0 1 2 3 4 5 6 7 9 10 15,,P,11.0,0.0,11.0,2.0,2.0,4.0,11.0,0.0,12.0,0.0,16.0,0.0,3.0,4.0,11.0,1.0,10.0
104,15,treino,12 20 21 23 25 28 29 30 31,0 1 2 3 5 6 10 11 13 27,,P,10.0,0.0,15.0,2.0,3.0,4.0,6.0,0.0,9.0,0.0,11.0,1.0,3.0,4.0,4.0,0.0,143.0
104,41,treino,4 24,0 3 6 7 17 19 29 31,29 31,P,6.0,2.0,10.0,1.0,2.0,2.0,2.0,0.0,2.0,0.0,7.0,0.0,1.0,0.0,0.0,1.0,1600.0
104,14,treino,12 20 21 25 26 28 29 30 31,0 1 2 3 5 6 10 11 13 27,,V,9.0,0.0,10.0,1.0,3.0,4.0,6.0,0.0,10.0,0.0,15.0,2.0,3.0,4.0,6.0,0.0,-115.0
104,34,treino,12 16 20 24,0 1 3 6 7 9 13 19 29 31,29 31,V,4.0,0.0,10.0,0.0,2.0,0.0,4.0,0.0,8.0,2.0,11.0,2.0,2.0,3.0,6.0,0.0,-800.0
104,8,treino,12 20 23 24 25 26 27 28 29 30 31,0 1 2 3 5 6 7 9 10 13 18,,V,11.0,0.0,12.0,0.0,4.0,4.0,10.0,0.0,11.0,0.0,14.0,4.0,1.0,4.0,10.0,1.0,-21.0
104,38,treino,16 20 24,0 3 6 7 8 9 17 19 29 31,29 31,V,3.0,0.0,6.0,0.0,1.0,0.0,3.0,0.0,8.0,2.0,14.0,2.0,2.0,2.0,4.0,0.0,-932.0
104,4,treino,16 17 20 23 24 25 26 27 28 29 30 31,0 1 2 3 4 5 6 7 9 10 13 15,,V,12.0,0.0,14.0,1.0,3.0,4.0,11.0,1.0,12.0,0.0,14.0,3.0,2.0,4.0,12.0,1.0,-20.0
104,11,treino,12 20 23 24 25 26 28 29 30 31,0 1 2 3 5 6 7 10 13 18,,P,10.0,0.0,12.0,3.0,1.0,4.0,8.0,1.0,10.0,0.0,11.0,0.0,3.0,4.0,9.0,1.0,116.0
104,33,treino,12 16 20 24 26,0 1 3 6 7 9 13 19 22 29,22 29,P,8.0,2.0,11.0,3.0,2.0,3.0,6.0,1.0,5.0,0.0,11.0,0.0,2.0,0.0,4.0,1.0,784.0
104,7,treino,12 20 23 24 25 26 27 28 29 30 31,0 1 2 3 5 6 7 9 10 13 15,,P,11.0,0.0,13.0,3.0,1.0,4.0,11.0,0.0,11.0,0.0,12.0,0.0,4.0,4.0,10.0,0.0,25.0
104,20,treino,12 19 20 21 24 25 29 30 31,0 1 3 6 7 9 10 13 15 27,,V,9.0,0.0,13.0,1.0,3.0,3.0,6.0,0.0,10.0,0.0,18.0,3.0,2.0,3.0,8.0,0.0,164.0
104,40,treino,20 24,0 3 6 7 8 16 17 19 29 31,29 31,V,2.0,0.0,3.0,0.0,1.0,0.0,2.0,0.0,8.0,2.0,16.0,1.0,2.0,2.0,2.0,1.0,-1600.0
104,10,treino,12 20 24 25 26 27 28 29 30 31,0 1 2 3 5 6 7 10 13 18,,V,10.0,0.0,10.0,0.0,4.0,4.0,9.0,0.0,10.0,0.0,12.0,3.0,1.0,4.0,8.0,0.0,5.0
104,13,treino,12 20 21 25 26 28 29 30 31,0 1 2 3 5 6 7 10 13 27,,P,10.0,0.0,14.0,2.0,2.0,4.0,8.0,0.0,9.0,0.0,10.0,1.0,3.0,4.0,6.0,0.0,141.0
104,23,treino,12 19 20 21 22 24 26 29 30,0 1 3 6 7 9 10 13 15 31,31,P,9.0,1.0,12.0,3.0,1.0,3.0,8.0,0.0,9.0,0.0,15.0,2.0,3.0,2.0,7.0,0.0,182.0
104,19,treino,12 19 20 21 24 25 29 30 31,0 1 2 3 6 9 10 13 15 27,,P,10.0,0.0,17.0,3.0,2.0,4.0,7.0,0.0,9.0,0.0,13.0,1.0,3.0,3.0,6.0,0.0,128.0
104,35,treino,8 16 20 24,0 1 3 6 7 9 13 19 29 31,29 31,P,8.0,2.0,11.0,2.0,2.0,3.0,6.0,0.0,4.0,0.0,11.0,0.0,1.0,0.0,3.0,0.0,792.0
104,22,treino,12 19 20 21 24 25 26 29 30,0 1 3 6 7 9 10 13 15 31,31,V,9.0,0.0,14.0,1.0,3.0,2.0,7.0,1.0,9.0,1.0,12.0,3.0,1.0,3.0,8.0,0.0,178.0
105,34,treino,8 13 19 22 26 28,0 2 3 15,,V,6.0,0.0,15.0,2.0,2.0,1.0,4.0,0.0,4.0,0.0,3.0,0.0,1.0,3.0,0.0,1.0,352.0
105,39,treino,3 8 13 17 26 28,2 4,3,P,2.0,0.0,1.0,0.0,1.0,1.0,0.0,0.0,5.0,1.0,13.0,2.0,2.0,1.0,3.0,0.0,-552.0
105,4,treino,19 20 21 22 23 24 25 27 28 29 30 31,0 1 2 3 4 5 6 7 8 9 11 17,,V,12.0,0.0,14.0,2.0,4.0,4.0,12.0,1.0,12.0,0.0,14.0,2.0,3.0,4.0,11.0,1.0,129.0
105,21,treino,17 20 22 24 25 27 28 31,0 2 3 4 7 8 12 26,,P,8.0,0.0,13.0,0.0,3.0,3.0,7.0,0.0,8.0,0.0,10.0,2.0,3.0,2.0,8.0,0.0,8.0
105,35,treino,8 10 13 22 26 28,0 2 3,,P,3.0,0.0,0.0,0.0,1.0,3.0,0.0,0.0,6.0,0.0,17.0,3.0,1.0,1.0,4.0,0.0,-365.0
105,11,treino,14 20 22 24 25 26 27 28 29 31,0 1 2 3 4 5 7 8 15,,P,9.0,0.0,8.0,0.0,2.0,4.0,8.0,0.0,10.0,0.0,12.0,2.0,3.0,3.0,9.0,0.0,-107.0
105,13,treino,14 20 22 23 24 25 27 28 29 31,0 1 2 3 4 5 7 8 19,,P,9.0,0.0,9.0,0.0,3.0,4.0,8.0,0.0,10.0,0.0,13.0,2.0,3.0,3.0,9.0,1.0,-32.0
105,23,treino,8 20 22 24 25 27 28 31,0 2 3 4 7 12 26,,P,7.0,0.0,11.0,0.0,3.0,3.0,5.0,0.0,8.0,0.0,12.0,1.0,3.0,2.0,7.0,1.0,-5.0
105,25,treino,20 22 23 24 25 28 31,0 2 3 7 12 13 26,,P,7.0,0.0,13.0,1.0,2.0,3.0,3.0,0.0,7.0,0.0,8.0,1.0,2.0,2.0,5.0,0.0,1.0
105,12,treino,14 20 22 24 25 26 27 28 29 31,0 1 2 3 4 5 7 8 19,,V,10.0,0.0,12.0,2.0,3.0,3.0,9.0,0.0,9.0,0.0,9.0,0.0,3.0,4.0,8.0,0.0,115.0
105,9,treino,10 14 20 22 24 25 27 28 29 30 31,0 1 2 3 4 5 6 7 8,,P,9.0,0.0,6.0,0.0,2.0,4.0,9.0,0.0,11.0,0.0,16.0,3.0,3.0,4.0,11.0,1.0,-132.0
105,18,treino,14 20 21 22 24 25 27 28 31,0 1 2 3 4 7 9 12 26,,V,9.0,0.0,13.0,3.0,3.0,2.0,8.0,1.0,9.0,0.0,13.0,1.0,3.0,4.0,5.0,1.0,-1.0
105,8,treino,14 19 20 22 24 25 27 28 29 30 31,0 1 2 3 4 5 6 7 8 15,,V,11.0,0.0,14.0,2.0,4.0,4.0,9.0,0.0,10.0,0.0,9.0,0.0,2.0,4.0,9.0,1.0,126.0
105,17,treino,14 20 21 22 24 25 27 28 31,0 1 2 3 4 5 7 12 26,,P,9.0,0.0,12.0,0.0,3.0,4.0,7.0,0.0,9.0,0.0,13.0,3.0,3.0,2.0,8.0,0.0,1.0
105,36,treino,8 10 13 22 26 28,2 3 4,,V,6.0,0.0,17.0,3.0,1.0,1.0,4.0,0.0,3.0,0.0,1.0,0.0,2.0,2.0,0.0,0.0,351.0
105,16,treino,14 20 21 22 24 27 28 29 31,0 1 2 3 4 5 7 12 26,,V,9.0,0.0,12.0,3.0,3.0,3.0,7.0,0.0,9.0,0.0,12.0,0.0,3.0,4.0,7.0,0.0,19.0
105,10,treino,14 20 22 24 25 27 28 29 30 31,0 1 2 3 4 5 7 8 15,,V,10.0,0.0,11.0,2.0,3.0,4.0,9.0,0.0,9.0,0.0,8.0,0.0,2.0,4.0,8.0,0.0,132.0
105,20,treino,20 21 22 24 25 27 28 31,0 2 3 4 7 8 12 26,,V,8.0,0.0,9.0,2.0,3.0,2.0,8.0,0.0,8.0,0.0,13.0,0.0,3.0,3.0,7.0,0.0,-60.0
105,28,treino,19 20 22 24 28 31,0 2 3 7 12 13 21,21,V,6.0,0.0,8.0,1.0,3.0,2.0,3.0,0.0,6.0,1.0,7.0,2.0,2.0,3.0,3.0,1.0,102.0
105,37,treino,8 10 13 17 26 28,2 3 4,,P,3.0,0.0,1.0,0.0,2.0,2.0,0.0,0.0,6.0,0.0,18.0,3.0,1.0,1.0,3.0,0.0,-373.0
105,6,treino,19 20 22 23 24 25 27 28 29 30 31,0 1 2 3 4 5 6 7 8 11 18,,V,11.0,0.0,12.0,1.0,4.0,4.0,11.0,0.0,11.0,0.0,12.0,1.0,3.0,4.0,10.0,1.0,125.0
105,5,treino,14 19 20 22 23 24 25 27 28 29 30 31,0 1 2 3 4 5 6 7 8 9 11,,P,11.0,0.0,10.0,1.0,3.0,4.0,11.0,0.0,12.0,0.0,16.0,2.0,4.0,4.0,11.0,1.0,-129.0
105,19,treino,5 20 21 22 24 25 27 28 31,0 1 2 3 4 7 12 26,,P,8.0,0.0,11.0,0.0,3.0,4.0,5.0,0.0,9.0,0.0,15.0,2.0,3.0,2.0,8.0,1.0,-18.0
105,31,treino,8 13 19 22 28 31,0 2 3 7,,P,4.0,0.0,1.0,0.0,1.0,3.0,3.0,0.0,6.0,0.0,14.0,2.0,2.0,2.0,2.0,0.0,-251.0
105,29,treino,8 19 20 22 28 31,0 2 3 7 12,,P,5.0,0.0,4.0,0.0,2.0,3.0,3.0,0.0,6.0,0.0,12.0,1.0,3.0,2.0,0.0,0.0,-121.0
105,24,treino,20 22 24 25 27 28 31,0 2 3 7 12 13 26,,V,7.0,0.0,7.0,1.0,3.0,2.0,7.0,0.0,7.0,0.0,13.0,1.0,2.0,3.0,3.0,0.0,-64.0
105,27,treino,19 20 22 24 25 28 31,0 2 3 7 12 13 30,30,P,6.0,1.0,7.0,1.0,2.0,3.0,3.0,0.0,7.0,0.0,9.0,1.0,3.0,2.0,5.0,1.0,-119.0
105,30,treino,8 19 20 22 28 31,0 2 3 7 16,,V,6.0,0.0,12.0,1.0,3.0,2.0,0.0,0.0,5.0,0.0,5.0,0.0,1.0,3.0,3.0,1.0,245.0
105,33,treino,8 13 19 22 26 28,0 2 3 10,,P,4.0,0.0,2.0,1.0,1.0,3.0,0.0,0.0,6.0,0.0,15.0,2.0,2.0,1.0,4.0,0.0,-246.0
105,32,treino,8 13 19 22 28 31,0 2 3 10,,V,6.0,0.0,14.0,2.0,2.0,2.0,2.0,0.0,4.0,0.0,2.0,1.0,1.0,3.0,0.0,0.0,244.0
105,15,treino,14 20 21 22 24 27 28 29 31,0 1 2 3 4 5 7 8 26,,P,9.0,0.0,11.0,0.0,2.0,4.0,8.0,0.0,9.0,0.0,12.0,3.0,3.0,3.0,7.0,0.0,-2.0
105,26,treino,20 22 23 24 25 28 31,0 2 3 7 12 13 30,30,V,7.0,0.0,8.0,1.0,2.0,2.0,5.0,1.0,6.0,1.0,7.0,1.0,2.0,3.0,3.0,0.0,129.0
106,28,treino,3 12 23 30 31,1 2 4 5 6 11 16,3 16,V,4.0,1.0,6.0,0.0,2.0,2.0,0.0,0.0,6.0,1.0,5.0,0.0,2.0,2.0,4.0,0.0,-217.0
106,55,treino,23,10 11 20 29,29,P,3.0,1.0,9.0,1.0,2.0,0.0,0.0,0.0,1.0,0.0,2.0,0.0,0.0,0.0,0.0,0.0,413.0
106,54,treino,27,10 11 20 29,29,V,1.0,0.0,1.0,0.0,1.0,0.0,0.0,0.0,3.0,1.0,9.0,1.0,2.0,0.0,0.0,0.0,-418.0
106,36,treino,12 18 22 31,1 5 6 11 13 15 16,16,V,4.0,0.0,9.0,2.0,1.0,1.0,2.0,0.0,6.0,1.0,10.0,1.0,1.0,1.0,7.0,0.0,-413.0
106,51,treino,12 27,10 11 13 25,12,P,4.0,0.0,13.0,2.0,1.0,0.0,0.0,0.0,1.0,1.0,1.0,0.0,2.0,0.0,0.0,0.0,214.0
106,56,treino,23,10 11 20 24,24,V,1.0,0.0,2.0,0.0,0.0,0.0,0.0,0.0,3.0,1.0,9.0,1.0,2.0,0.0,2.0,0.0,-427.0
106,18,treino,12 22 23 25 26 27 30 31,0 1 2 5 6 7 10 11 15 29,29,V,8.0,0.0,11.0,1.0,2.0,2.0,7.0,0.0,9.0,1.0,10.0,1.0,1.0,3.0,9.0,0.0,-292.0
106,22,treino,12 23 27 30 31,0 1 2 5 6 7 10 11 13,13,V,5.0,0.0,7.0,0.0,2.0,2.0,3.0,0.0,8.0,1.0,7.0,2.0,1.0,3.0,8.0,0.0,-522.0
106,26,treino,12 19 23 30 31,0 1 2 5 6 7 11 15 16,16,V,5.0,0.0,9.0,0.0,2.0,2.0,2.0,0.0,8.0,1.0,8.0,0.0,1.0,3.0,8.0,1.0,-295.0
106,7,treino,12 17 22 23 25 26 27 28 29 30 31,0 1 2 3 4 5 6 7 8 10 15,,P,11.0,0.0,11.0,1.0,2.0,4.0,11.0,0.0,11.0,0.0,14.0,2.0,3.0,4.0,9.0,0.0,5.0
106,41,treino,5 22 31,6 11 13 15 16,16,P,4.0,1.0,9.0,1.0,1.0,0.0,4.0,0.0,3.0,0.0,8.0,1.0,0.0,1.0,0.0,0.0,406.0
106,57,treino,19,10 11 20 24,24,P,3.0,1.0,9.0,1.0,2.0,0.0,2.0,0.0,1.0,0.0,3.0,0.0,1.0,0.0,0.0,0.0,1600.0
106,42,treino,5 22 31,10 11 13 15 16,16,V,3.0,0.0,8.0,1.0,0.0,1.0,0.0,0.0,4.0,1.0,10.0,2.0,1.0,0.0,5.0,0.0,-243.0
106,32,treino,7 12 23 26 31,1 2 5 6 8 15 16,7 16,V,4.0,1.0,7.0,0.0,1.0,1.0,3.0,1.0,6.0,1.0,7.0,0.0,0.0,2.0,5.0,0.0,-211.0
106,37,treino,12 14 22 31,1 5 6 11 13 15 16,16,P,6.0,1.0,10.0,1.0,1.0,1.0,7.0,0.0,4.0,0.0,10.0,2.0,1.0,1.0,0.0,0.0,513.0
106,23,treino,12 19 27 30 31,0 1 2 5 6 7 10 11 13,13,P,8.0,1.0,7.0,2.0,1.0,3.0,8.0,0.0,5.0,0.0,8.0,0.0,3.0,2.0,2.0,0.0,526.0
106,43,treino,5 18 31,10 11 13 15 16,16,P,4.0,1.0,10.0,2.0,1.0,0.0,5.0,0.0,3.0,0.0,9.0,1.0,0.0,1.0,0.0,1.0,358.0
106,38,treino,12 14 22 31,1 6 9 11 13 15 16,16,V,4.0,0.0,10.0,2.0,1.0,1.0,0.0,1.0,6.0,1.0,11.0,2.0,1.0,1.0,7.0,1.0,-293.0
106,53,treino,16 27,10 11 13 29,16 29,P,3.0,1.0,7.0,2.0,1.0,0.0,0.0,1.0,1.0,1.0,1.0,0.0,1.0,0.0,0.0,1.0,411.0
106,14,treino,12 21 22 23 24 26 27 29 30 31,0 1 2 5 6 7 10 11 13 15,,V,10.0,0.0,13.0,2.0,2.0,3.0,9.0,0.0,10.0,0.0,13.0,2.0,1.0,3.0,9.0,0.0,126.0
106,52,treino,12 27,10 11 13 29,12 29,V,1.0,1.0,1.0,0.0,2.0,0.0,0.0,0.0,3.0,1.0,7.0,2.0,1.0,0.0,0.0,0.0,-233.0
106,25,treino,12 19 23 30 31,0 1 2 5 6 7 10 11 16,16,P,8.0,1.0,7.0,1.0,1.0,3.0,8.0,0.0,5.0,0.0,9.0,0.0,2.0,2.0,2.0,0.0,516.0
106,6,treino,12 22 23 24 25 26 27 28 29 30 31,0 1 2 3 4 5 6 7 8 10 15 21,,V,11.0,0.0,12.0,1.0,3.0,4.0,10.0,0.0,12.0,0.0,16.0,2.0,2.0,4.0,11.0,1.0,-5.0
106,21,treino,12 17 23 25 27 30 31,0 1 2 5 6 7 10 11 29,29,P,8.0,1.0,7.0,1.0,1.0,3.0,8.0,0.0,7.0,0.0,11.0,1.0,2.0,2.0,5.0,1.0,503.0
106,20,treino,12 23 25 26 27 30 31,0 1 2 5 6 7 10 11 22 29,29,V,7.0,0.0,9.0,0.0,2.0,2.0,6.0,0.0,9.0,1.0,12.0,2.0,1.0,3.0,8.0,1.0,-292.0
106,19,treino,12 18 23 25 26 27 30 31,0 1 2 5 6 7 10 11 15 29,29,P,9.0,1.0,10.0,1.0,1.0,3.0,9.0,0.0,8.0,0.0,12.0,1.0,2.0,2.0,7.0,2.0,329.0
106,34,treino,12 22 23 31,1 5 6 8 11 15 16,16,V,4.0,0.0,8.0,1.0,1.0,1.0,0.0,0.0,6.0,1.0,9.0,0.0,1.0,1.0,6.0,0.0,-393.0
106,27,treino,3 12 23 30 31,0 1 2 5 6 11 16,3 16,P,6.0,1.0,4.0,0.0,1.0,3.0,5.0,0.0,4.0,1.0,6.0,0.0,2.0,2.0,0.0,0.0,295.0
106,33,treino,7 12 22 23 31,1 2 5 6 8 15 16,7 16,P,6.0,1.0,7.0,0.0,0.0,2.0,5.0,0.0,4.0,1.0,8.0,1.0,1.0,1.0,0.0,1.0,374.0
106,35,treino,12 18 22 31,1 5 6 8 11 15 16,16,P,6.0,1.0,9.0,0.0,1.0,1.0,6.0,0.0,4.0,0.0,9.0,2.0,1.0,1.0,2.0,0.0,393.0
106,31,treino,7 12 23 26 31,1 2 5 6 8 11 16,7 16,P,6.0,1.0,6.0,0.0,1.0,2.0,5.0,0.0,4.0,1.0,7.0,0.0,1.0,1.0,3.0,0.0,220.0
106,50,treino,5 27,8 10 11 13 25,5 8,V,1.0,1.0,1.0,0.0,1.0,0.0,0.0,1.0,4.0,1.0,13.0,2.0,1.0,0.0,2.0,1.0,-228.0
107,5,teste,17 20 23 24 25 26 27 28 29 30 31,0 1 2 3 4 5 6 8 9 11 14,,P,11.0,0.0,12.0,2.0,3.0,4.0,9.0,1.0,11.0,0.0,11.0,1.0,3.0,4.0,10.0,1.0,-3.0
107,6,teste,20 23 24 25 26 27 28 29 30 31,0 1 2 3 4 5 6 8 9 11 21,,V,10.0,0.0,8.0,0.0,3.0,4.0,10.0,0.0,11.0,0.0,14.0,2.0,3.0,4.0,8.0,1.0,-15.0
107,7,teste,16 20 23 24 26 27 28 29 30 31,0 1 2 3 4 5 6 8 9 11,,P,10.0,0.0,9.0,1.0,3.0,4.0,8.0,0.0,10.0,0.0,10.0,0.0,3.0,4.0,10.0,0.0,3.0
107,8,teste,16 20 23 24 26 27 28 29 30 31,0 1 2 3 4 5 6 9 11 13,,V,10.0,0.0,10.0,0.0,3.0,4.0,10.0,0.0,10.0,0.0,10.0,2.0,3.0,4.0,8.0,0.0,-6.0
107,9,teste,16 20 23 24 25 26 27 28 29 31,0 1 2 3 4 5 6 9 11 13,,P,10.0,0.0,10.0,2.0,3.0,4.0,8.0,0.0,10.0,0.0,11.0,0.0,3.0,3.0,10.0,0.0,7.0
107,10,teste,16 20 23 24 25 26 27 28 29 31,0 1 3 4 5 6 7 9 11 13,,V,10.0,0.0,11.0,0.0,3.0,3.0,10.0,0.0,10.0,0.0,11.0,2.0,3.0,3.0,10.0,0.0,-12.0
107,11,teste,16 18 20 24 25 26 27 28 29 31,0 1 3 4 5 6 7 9 11 13,,P,10.0,0.0,11.0,2.0,3.0,3.0,10.0,0.0,10.0,0.0,12.0,1.0,3.0,3.0,9.0,0.0,3.0
107,12,teste,16 18 20 24 25 26 27 28 29 31,0 1 3 4 5 6 7 9 13 15,,V,10.0,0.0,12.0,1.0,3.0,3.0,9.0,1.0,10.0,0.0,12.0,2.0,2.0,3.0,9.0,1.0,273.0
107,13,teste,2 16 20 24 25 26 27 28 29 31,0 1 3 4 5 6 9 13,2,P,8.0,0.0,8.0,2.0,2.0,3.0,7.0,0.0,9.0,1.0,9.0,0.0,3.0,3.0,9.0,0.0,-287.0
107,14,teste,2 16 20 24 25 26 27 28 29 31,0 1 3 4 6 8 9 13,2,V,9.0,1.0,9.0,0.0,3.0,3.0,9.0,0.0,8.0,0.0,9.0,2.0,2.0,3.0,7.0,0.0,282.0
107,15,teste,2 16 20 23 24 25 26 28 29 31,0 1 3 4 6 8 9 13,2,P,8.0,0.0,9.0,2.0,2.0,3.0,7.0,0.0,9.0,1.0,10.0,0.0,2.0,3.0,9.0,0.0,-284.0
107,16,teste,2 16 20 23 24 25 26 28 29 31,0 1 4 6 7 8 9 13,2,V,9.0,1.0,10.0,0.0,2.0,3.0,9.0,0.0,8.0,0.0,10.0,2.0,1.0,2.0,7.0,1.0,367.0
107,17,teste,11 16 20 23 24 25 26 28 29 31,0 1 4 6 8 9 13,11,P,7.0,0.0,9.0,2.0,1.0,2.0,7.0,0.0,9.0,1.0,10.0,0.0,3.0,3.0,9.0,0.0,-392.0
107,18,teste,11 16 20 23 24 25 26 28 29 31,0 4 5 6 8 9 13,11,V,9.0,1.0,10.0,0.0,3.0,3.0,9.0,0.0,7.0,0.0,10.0,2.0,1.0,1.0,7.0,0.0,382.0
107,19,teste,11 16 20 22 23 24 26 28 29 31,0 4 5 6 8 9 13,11,P,7.0,0.0,10.0,2.0,1.0,1.0,7.0,0.0,9.0,1.0,11.0,1.0,3.0,3.0,9.0,0.0,-389.0
107,20,teste,11 16 20 22 23 24 26 28 29 31,0 4 5 6 9 12 13,11,V,9.0,1.0,11.0,1.0,3.0,3.0,9.0,1.0,7.0,0.0,11.0,2.0,2.0,1.0,6.0,0.0,706.0
107,21,teste,7 16 20 22 23 24 26 28 29 31,0 4 5 6 9 12 13,7,P,7.0,0.0,11.0,2.0,2.0,1.0,6.0,0.0,9.0,1.0,11.0,1.0,2.0,3.0,9.0,1.0,-695.0
107,22,teste,7 20 22 23 24 26 28 29 31,0 4 5 6 9 13 21,7,V,8.0,1.0,8.0,1.0,2.0,3.0,8.0,0.0,7.0,0.0,13.0,3.0,1.0,1.0,6.0,1.0,718.0
107,23,teste,1 7 20 22 23 26 28 29 31,0 4 6 9,1 7,P,4.0,0.0,4.0,1.0,1.0,1.0,4.0,1.0,7.0,2.0,7.0,1.0,2.0,3.0,4.0,0.0,-718.0
107,24,teste,1 7 20 22 23 26 28 29 31,0 4 6 13,1 7,V,7.0,2.0,7.0,1.0,2.0,3.0,4.0,0.0,4.0,0.0,5.0,1.0,1.0,1.0,2.0,1.0,796.0
107,25,teste,7 10 20 22 23 26 28 29 31,0 4 13,7 10,P,3.0,0.0,4.0,1.0,1.0,1.0,2.0,0.0,7.0,2.0,7.0,2.0,2.0,3.0,6.0,0.0,-805.0
107,26,teste,7 10 20 22 23 26 28 29 31,4 5 13,7 10,V,7.0,2.0,7.0,2.0,2.0,3.0,6.0,0.0,3.0,0.0,5.0,1.0,1.0,0.0,0.0,0.0,807.0
107,27,teste,7 10 18 20 22 26 28 29 31,4 5 13,7 10,P,3.0,0.0,5.0,1.0,1.0,0.0,0.0,0.0,7.0,2.0,8.0,3.0,2.0,3.0,6.0,0.0,-809.0
107,28,teste,7 10 18 20 22 26 28 29 31,4 8 13,7 10,V,7.0,2.0,8.0,3.0,2.0,3.0,6.0,0.0,3.0,0.0,6.0,1.0,1.0,0.0,3.0,0.0,807.0
107,29,teste,7 14 18 20 22 26 28 29 31,4 8 13,7 14,P,3.0,0.0,6.0,1.0,1.0,0.0,3.0,0.0,7.0,2.0,8.0,3.0,2.0,3.0,5.0,0.0,-818.0
107,30,teste,7 14 18 20 22 26 28 29 31,4 8 16,7 14,V,7.0,2.0,8.0,3.0,2.0,3.0,5.0,0.0,3.0,0.0,7.0,0.0,1.0,0.0,2.0,1.0,923.0
107,31,teste,7 13 14 18 22 26 28 29 31,4 8,7 14,P,2.0,0.0,3.0,0.0,1.0,0.0,2.0,0.0,7.0,2.0,10.0,4.0,1.0,3.0,5.0,1.0,-923.0
107,32,teste,7 14 18 22 26 28 29 31,4 17,7 14,V,6.0,2.0,6.0,3.0,1.0,3.0,5.0,0.0,2.0,0.0,5.0,1.0,1.0,0.0,0.0,1.0,1600.0
107,33,teste,7 13 14 18 26 28 29 31,4,7 14,P,1.0,0.0,1.0,0.0,1.0,0.0,0.0,0.0,6.0,2.0,8.0,3.0,1.0,3.0,4.0,0.0,-1600.0
107,34,teste,7 13 14 18 26 28 29 31,8,7 14,V,6.0,2.0,8.0,3.0,1.0,3.0,4.0,1.0,1.0,0.0,2.0,0.0,0.0,0.0,0.0,1.0,1600.0
108,69,validacao,0,11 26 27 29,0 26 27 29,P,1.0,3.0,2.0,0.0,2.0,0.0,0.0,0.0,0.0,1.0,0.0,0.0,0.0,0.0,0.0,0.0,474.0
108,16,validacao,12 16 18 24 25 26 27 28 30 31,0 2 3 4 5 6 8 11 14 19,,V,10.0,0.0,14.0,1.0,3.0,3.0,9.0,1.0,10.0,0.0,14.0,1.0,4.0,3.0,6.0,1.0,-304.0
108,51,validacao,5,11 22 26 29,5 29,P,3.0,1.0,13.0,1.0,1.0,0.0,2.0,0.0,0.0,1.0,0.0,0.0,0.0,0.0,0.0,0.0,403.0
108,42,validacao,1 20 22 27 28,11 13 15 19,1,V,4.0,1.0,5.0,1.0,3.0,1.0,0.0,0.0,4.0,0.0,12.0,1.0,2.0,0.0,3.0,0.0,155.0
108,61,validacao,8,11 25 26 30,8 30,P,3.0,1.0,14.0,0.0,1.0,0.0,3.0,0.0,0.0,1.0,0.0,0.0,0.0,0.0,0.0,0.0,406.0
108,99,validacao,6,19 27 29 30,6 27 29 30,P,1.0,3.0,4.0,0.0,2.0,0.0,0.0,0.0,0.0,1.0,0.0,0.0,0.0,0.0,0.0,0.0,477.0
108,52,validacao,5,11 22 24 26,5 24,V,0.0,1.0,0.0,0.0,0.0,0.0,0.0,0.0,3.0,1.0,13.0,1.0,1.0,0.0,2.0,0.0,-403.0
108,73,validacao,8,11 26 27 29,8 26 27 29,P,1.0,3.0,2.0,0.0,2.0,0.0,0.0,0.0,0.0,1.0,0.0,0.0,0.0,0.0,0.0,0.0,470.0
108,95,validacao,6,19 25 26 27,6 25 26 27,P,1.0,3.0,4.0,0.0,2.0,0.0,0.0,0.0,0.0,1.0,0.0,0.0,0.0,0.0,0.0,0.0,482.0
108,56,validacao,5,11 22 25 26,5 25,V,0.0,1.0,0.0,0.0,0.0,0.0,0.0,0.0,3.0,1.0,13.0,1.0,1.0,0.0,3.0,0.0,-412.0
108,41,validacao,1 20 22 27 28,10 11 13 19,1,P,4.0,0.0,11.0,2.0,2.0,0.0,0.0,0.0,4.0,1.0,5.0,1.0,3.0,1.0,0.0,0.0,-155.0
108,49,validacao,1 23,11 19 22 29,1 29,P,3.0,1.0,11.0,1.0,2.0,0.0,0.0,0.0,1.0,1.0,2.0,0.0,0.0,0.0,0.0,1.0,353.0
108,33,validacao,5 12 20 26 27 28 31,4 6 11 15 19,5,P,5.0,0.0,11.0,0.0,3.0,0.0,3.0,0.0,6.0,1.0,8.0,0.0,4.0,2.0,3.0,0.0,-282.0
108,19,validacao,5 16 24 25 26 27 28 30 31,0 2 3 4 6 11 14 19,,P,8.0,0.0,11.0,1.0,4.0,3.0,4.0,0.0,9.0,0.0,13.0,0.0,2.0,3.0,7.0,1.0,8.0
108,74,validacao,8,11 26 29 31,8 26 29 31,V,0.0,1.0,0.0,0.0,0.0,0.0,0.0,0.0,1.0,3.0,2.0,0.0,1.0,0.0,2.0,0.0,-469.0
108,30,validacao,1 12 20 27 28 30 31,2 4 11 15 19,1,V,6.0,1.0,7.0,0.0,4.0,3.0,2.0,0.0,5.0,0.0,10.0,0.0,3.0,1.0,3.0,0.0,292.0
108,46,validacao,1 22 27,11 15 19 29,1 29,V,2.0,1.0,3.0,1.0,1.0,0.0,0.0,0.0,3.0,1.0,9.0,0.0,2.0,0.0,3.0,0.0,-120.0
108,82,validacao,17,11 24 26 27,17 24 26 27,V,0.0,1.0,0.0,1.0,0.0,0.0,0.0,0.0,1.0,3.0,2.0,0.0,2.0,0.0,0.0,0.0,-470.0
108,57,validacao,8,11 22 25 26,8 25,P,3.0,1.0,13.0,1.0,1.0,0.0,3.0,0.0,0.0,1.0,0.0,0.0,0.0,0.0,0.0,0.0,412.0
108,27,validacao,12 17 20 26 27 28 30 31,2 4 6 7 13 14 15 19,,P,8.0,0.0,16.0,2.0,2.0,1.0,5.0,2.0,8.0,0.0,11.0,1.0,4.0,3.0,4.0,1.0,117.0
108,23,validacao,16 20 21 26 27 28 30 31,2 4 6 7 9 11 14 19,,P,8.0,0.0,14.0,2.0,3.0,1.0,6.0,0.0,8.0,0.0,9.0,1.0,3.0,3.0,7.0,0.0,19.0
108,22,validacao,16 21 24 26 27 28 30 31,2 4 6 7 9 11 14 19,,V,8.0,0.0,8.0,1.0,2.0,3.0,8.0,0.0,8.0,0.0,14.0,2.0,3.0,1.0,6.0,0.0,-2.0
108,75,validacao,4,11 26 29 31,4 26 29 31,P,1.0,3.0,2.0,0.0,1.0,0.0,2.0,0.0,0.0,1.0,0.0,0.0,1.0,0.0,0.0,0.0,475.0
108,50,validacao,1,11 22 26 29,1 29,V,0.0,1.0,0.0,0.0,0.0,0.0,0.0,0.0,3.0,1.0,13.0,1.0,1.0,0.0,2.0,0.0,-409.0
108,90,validacao,9,19 21 27 30,9 21 27 30,V,0.0,1.0,0.0,1.0,0.0,0.0,0.0,0.0,1.0,3.0,4.0,1.0,2.0,0.0,0.0,0.0,-483.0
108,13,validacao,12 18 20 24 25 26 27 28 30 31,0 2 3 4 5 6 7 8 10 19,,P,10.0,0.0,12.0,1.0,3.0,3.0,9.0,0.0,10.0,0.0,13.0,1.0,4.0,3.0,8.0,0.0,20.0
108,93,validacao,2,19 25 27 30,2 25 27 30,P,1.0,3.0,4.0,0.0,2.0,0.0,2.0,0.0,0.0,1.0,0.0,0.0,0.0,0.0,0.0,0.0,489.0
108,89,validacao,9,15 21 27 30,9 21 27 30,P,1.0,3.0,3.0,1.0,1.0,0.0,0.0,0.0,0.0,1.0,0.0,1.0,0.0,0.0,0.0,0.0,477.0
108,87,validacao,13,15 24 27 30,13 24 27 30,P,1.0,3.0,3.0,0.0,1.0,0.0,0.0,0.0,0.0,1.0,0.0,1.0,0.0,0.0,0.0,0.0,474.0
108,60,validacao,4,11 25 26 30,4 30,V,0.0,1.0,0.0,0.0,1.0,0.0,0.0,0.0,3.0,1.0,14.0,0.0,1.0,0.0,3.0,0.0,-412.0
108,91,validacao,6,19 21 27 30,6 21 27 30,P,1.0,3.0,4.0,1.0,2.0,0.0,0.0,0.0,0.0,1.0,0.0,0.0,0.0,0.0,0.0,0.0,483.0
108,8,validacao,16 20 22 24 26 27 28 29 30 31,0 1 2 3 4 6 7 8 10 15,,V,10.0,0.0,10.0,1.0,3.0,4.0,10.0,0.0,10.0,0.0,10.0,1.0,2.0,4.0,10.0,0.0,5.0
109,12,treino,17 18 21 25 26 27 28 29 30 31,0 1 2 3 4 7 9 10 15 16,,V,10.0,0.0,11.0,3.0,2.0,4.0,8.0,1.0,10.0,0.0,13.0,2.0,2.0,4.0,7.0,2.0,114.0
109,26,treino,12 18 22 25 27 28 30 31,3 4 6,18,V,7.0,1.0,8.0,2.0,3.0,3.0,6.0,0.0,3.0,0.0,2.0,0.0,2.0,1.0,0.0,0.0,632.0
109,37,treino,0 12 18 22 23 27 28 30,7,0 18,P,1.0,0.0,1.0,0.0,0.0,0.0,0.0,0.0,6.0,2.0,9.0,2.0,3.0,2.0,4.0,0.0,-1600.0
109,40,treino,0 12 18 22 23 25 27 28,15,0 18,V,6.0,2.0,10.0,2.0,3.0,1.0,5.0,0.0,1.0,0.0,3.0,0.0,0.0,0.0,0.0,1.0,1600.0
109,29,treino,5 18 21 22 27 28 30 31,3 6,18,P,2.0,0.0,1.0,0.0,1.0,1.0,0.0,0.0,7.0,1.0,11.0,3.0,2.0,3.0,4.0,0.0,-803.0
109,32,treino,5 18 21 22 23 28 30 31,7 9,18,V,7.0,1.0,12.0,3.0,1.0,3.0,3.0,0.0,2.0,0.0,3.0,1.0,0.0,0.0,0.0,0.0,795.0
109,8,treino,17 23 24 25 26 27 28 29 30 31,0 1 2 3 4 6 7 10 11 16,,V,10.0,0.0,9.0,1.0,2.0,4.0,9.0,0.0,10.0,0.0,11.0,1.0,3.0,4.0,9.0,0.0,99.0
109,24,treino,0 12 22 25 27 28 30 31,2 3 4 5 14,0,V,7.0,1.0,8.0,1.0,3.0,3.0,5.0,0.0,5.0,0.0,5.0,1.0,2.0,2.0,0.0,1.0,632.0
109,36,treino,0 18 21 22 23 27 28 30,7 16,0 18,V,6.0,2.0,7.0,3.0,2.0,2.0,4.0,1.0,2.0,0.0,5.0,0.0,0.0,0.0,0.0,1.0,913.0
109,10,treino,17 18 24 25 26 27 28 29 30 31,0 1 2 3 4 7 9 10 11 16,,V,10.0,0.0,10.0,2.0,2.0,4.0,8.0,0.0,10.0,0.0,12.0,2.0,3.0,4.0,7.0,0.0,15.0
109,20,treino,0 12 17 25 26 27 28 30 31,1 2 3 4 7 14,0,V,8.0,1.0,10.0,1.0,3.0,3.0,5.0,1.0,6.0,0.0,5.0,1.0,2.0,3.0,3.0,1.0,400.0
109,27,treino,12 18 21 22 27 28 30 31,3 4 6,18,P,3.0,0.0,2.0,0.0,2.0,1.0,0.0,0.0,7.0,1.0,9.0,3.0,3.0,3.0,4.0,0.0,-638.0
109,39,treino,0 12 18 22 23 25 27 28,10,0 18,P,1.0,0.0,2.0,1.0,0.0,0.0,0.0,0.0,6.0,2.0,10.0,2.0,3.0,1.0,5.0,0.0,-1600.0
109,19,treino,0 12 17 25 26 27 28 30 31,1 2 3 4 7 10,0,P,6.0,0.0,4.0,1.0,2.0,3.0,4.0,0.0,8.0,1.0,10.0,1.0,3.0,3.0,5.0,0.0,-392.0
109,21,treino,0 10 12 25 26 27 28 30 31,1 2 3 4 7,0,P,5.0,0.0,2.0,0.0,2.0,3.0,3.0,0.0,8.0,1.0,12.0,1.0,3.0,3.0,5.0,1.0,-409.0
109,5,treino,17 20 23 24 25 26 27 28 29 30 31,0 1 2 3 4 6 7 9 10 11 12,,P,11.0,0.0,12.0,2.0,4.0,4.0,10.0,0.0,11.0,0.0,11.0,1.0,3.0,4.0,10.0,0.0,17.0
109,33,treino,0 18 21 22 23 28 30 31,7 9,0 18,P,2.0,0.0,3.0,1.0,0.0,0.0,0.0,0.0,6.0,2.0,6.0,3.0,1.0,3.0,3.0,0.0,-811.0
109,13,treino,12 17 18 25 26 27 28 29 30 31,0 1 2 3 4 7 9 10 15,,P,9.0,0.0,9.0,2.0,2.0,4.0,7.0,1.0,10.0,0.0,13.0,2.0,3.0,4.0,6.0,1.0,-114.0
109,15,treino,12 17 18 26 27 28 29 30 31,0 1 2 3 4 7 9 10,,P,8.0,0.0,6.0,2.0,2.0,4.0,6.0,0.0,9.0,0.0,12.0,2.0,3.0,4.0,4.0,0.0,-107.0
109,38,treino,0 12 18 22 23 27 28 30,10,0 18,V,6.0,2.0,9.0,2.0,3.0,2.0,4.0,0.0,1.0,0.0,2.0,1.0,0.0,0.0,0.0,0.0,1600.0
109,18,treino,12 17 18 25 26 27 28 30 31,1 2 3 4 5 7 10 14,,V,9.0,0.0,13.0,2.0,3.0,3.0,5.0,2.0,8.0,0.0,8.0,2.0,2.0,3.0,7.0,1.0,392.0
109,31,treino,5 18 21 22 23 28 30 31,3 9,18,P,2.0,0.0,2.0,1.0,1.0,1.0,0.0,0.0,7.0,1.0,12.0,3.0,1.0,3.0,3.0,0.0,-798.0
109,34,treino,0 18 21 22 23 28 30 31,7 13,0 18,V,6.0,2.0,6.0,3.0,1.0,3.0,3.0,0.0,2.0,0.0,4.0,1.0,0.0,0.0,0.0,0.0,810.0
109,14,treino,12 17 25 26 27 28 29 30 31,0 1 2 3 4 7 9 10 22,,V,9.0,0.0,10.0,1.0,3.0,4.0,6.0,0.0,9.0,0.0,11.0,3.0,2.0,4.0,6.0,1.0,107.0
109,28,treino,12 18 21 22 27 28 30 31,3 6 8,18,V,7.0,1.0,9.0,3.0,3.0,3.0,4.0,0.0,3.0,0.0,3.0,0.0,1.0,1.0,0.0,1.0,741.0
109,7,treino,13 17 23 24 25 26 27 28 29 30 31,0 1 2 3 4 6 7 9 10 11,,P,10.0,0.0,9.0,2.0,3.0,4.0,10.0,0.0,11.0,0.0,13.0,2.0,2.0,4.0,11.0,1.0,-17.0
109,6,treino,17 20 23 24 25 26 27 28 29 30 31,0 1 2 3 4 6 7 9 10 11 16,,V,11.0,0.0,11.0,1.0,3.0,4.0,10.0,0.0,11.0,0.0,13.0,2.0,3.0,4.0,10.0,1.0,-8.0
109,9,treino,17 18 24 25 26 27 28 29 30 31,0 1 2 3 4 6 7 10 11 16,,P,10.0,0.0,11.0,1.0,3.0,4.0,9.0,0.0,10.0,0.0,10.0,2.0,2.0,4.0,8.0,0.0,-1.0
109,11,treino,17 18 21 25 26 27 28 29 30 31,0 1 2 3 4 7 9 10 11 16,,P,10.0,0.0,12.0,2.0,3.0,4.0,7.0,1.0,10.0,0.0,11.0,3.0,2.0,4.0,8.0,0.0,-11.0
109,25,treino,12 18 22 25 27 28 30 31,2 3 4,18,P,3.0,0.0,1.0,0.0,2.0,2.0,0.0,0.0,7.0,1.0,8.0,2.0,3.0,3.0,6.0,0.0,-635.0
109,35,treino,0 18 21 22 23 27 28 30,7 13,0 18,P,2.0,0.0,4.0,1.0,0.0,0.0,0.0,0.0,6.0,2.0,7.0,3.0,2.0,2.0,4.0,0.0,-818.0
109,22,treino,0 12 25 26 27 28 30 31,1 2 3 4 14,0,V,7.0,1.0,7.0,0.0,3.0,3.0,5.0,0.0,5.0,0.0,4.0,1.0,2.0,3.0,0.0,0.0,398.0
110,38,treino,18 27,0 2 3 5 7 11 21 22 29,21 29,V,2.0,0.0,4.0,1.0,1.0,0.0,0.0,0.0,7.0,2.0,9.0,2.0,2.0,3.0,6.0,0.0,-915.0
110,7,treino,10 17 20 21 24 25 27 28 29 30 31,0 1 2 3 4 5 6 7 9 11,,P,10.0,0.0,8.0,1.0,3.0,4.0,10.0,0.0,11.0,0.0,15.0,3.0,3.0,4.0,10.0,1.0,-0.0
110,15,treino,13 18 20 24 27 28 29 30 31,0 2 3 4 5 6 7 11 15,,P,9.0,0.0,9.0,0.0,3.0,3.0,9.0,0.0,9.0,0.0,11.0,2.0,3.0,4.0,6.0,1.0,93.0
110,13,treino,13 20 24 25 27 28 29 30 31,0 2 3 4 5 6 7 11 15 18,,P,10.0,0.0,13.0,1.0,3.0,3.0,10.0,0.0,9.0,0.0,9.0,1.0,3.0,4.0,8.0,0.0,134.0
110,27,treino,23 26 31,0 2 3 5 6 7 11 24 29,29,P,8.0,1.0,11.0,0.0,2.0,3.0,9.0,0.0,3.0,0.0,3.0,0.0,0.0,1.0,3.0,0.0,786.0
110,14,treino,13 20 24 25 27 28 29 30 31,0 2 3 4 5 6 7 11 15 22,,V,9.0,0.0,9.0,1.0,3.0,4.0,8.0,0.0,10.0,0.0,14.0,1.0,3.0,3.0,9.0,1.0,-111.0
110,10,treino,20 21 24 25 27 28 29 30 31,0 1 2 3 4 5 7 11 15 18,,V,9.0,0.0,7.0,1.0,3.0,4.0,9.0,0.0,10.0,0.0,12.0,1.0,3.0,4.0,10.0,0.0,-101.0
110,23,treino,8 16 27 30 31,0 2 3 4 5 6 7 11 29,29,P,8.0,1.0,6.0,0.0,3.0,3.0,8.0,1.0,5.0,0.0,9.0,0.0,1.0,2.0,2.0,1.0,734.0
110,6,treino,17 19 20 21 24 25 27 28 29 30 31,0 1 2 3 4 5 6 7 9 11 15,,V,11.0,0.0,13.0,2.0,4.0,4.0,10.0,0.0,11.0,0.0,11.0,1.0,3.0,4.0,11.0,1.0,0.0
110,44,treino,23,0 2 3 8 11 14 21 22 24,21 24,V,1.0,0.0,2.0,0.0,0.0,0.0,0.0,0.0,7.0,2.0,12.0,3.0,2.0,3.0,2.0,0.0,-1034.0
110,4,treino,19 20 21 24 25 26 27 28 29 30 31,0 1 2 3 4 5 6 7 9 10 11 22,,V,11.0,0.0,11.0,1.0,4.0,4.0,10.0,0.0,12.0,0.0,15.0,3.0,3.0,4.0,11.0,1.0,-3.0
110,42,treino,27,0 2 3 5 11 14 21 22 24,21 24,V,1.0,0.0,1.0,0.0,1.0,0.0,0.0,0.0,7.0,2.0,11.0,3.0,2.0,3.0,4.0,0.0,-1042.0
110,33,treino,14 23 31,0 2 3 5 7 10 11 24 29,24 29,P,7.0,2.0,6.0,1.0,2.0,3.0,9.0,0.0,3.0,0.0,6.0,1.0,0.0,1.0,0.0,1.0,911.0
110,37,treino,18 27,0 2 3 5 7 11 22 24 29,24 29,P,7.0,2.0,9.0,1.0,2.0,3.0,8.0,0.0,2.0,0.0,4.0,1.0,1.0,0.0,0.0,0.0,909.0
110,41,treino,10 27,0 2 3 5 7 11 21 22 24,21 24,P,7.0,2.0,9.0,2.0,2.0,3.0,8.0,0.0,2.0,0.0,6.0,1.0,1.0,0.0,0.0,1.0,1033.0
110,18,treino,13 20 24 27 28 30 31,0 2 3 4 5 6 7 11 29,29,V,7.0,0.0,8.0,1.0,3.0,3.0,5.0,0.0,8.0,1.0,6.0,0.0,3.0,3.0,8.0,0.0,-300.0
110,20,treino,13 16 27 28 30 31,0 2 3 4 5 6 7 11 20,20,V,6.0,0.0,8.0,1.0,2.0,3.0,4.0,0.0,8.0,1.0,6.0,0.0,4.0,3.0,8.0,0.0,-424.0
110,40,treino,14 27,0 2 3 5 7 11 21 22 24,21 24,V,2.0,0.0,5.0,1.0,1.0,0.0,0.0,0.0,7.0,2.0,9.0,2.0,2.0,3.0,8.0,0.0,-932.0
110,36,treino,18 31,0 2 3 5 7 11 22 24 29,24 29,V,2.0,0.0,3.0,1.0,0.0,1.0,0.0,0.0,7.0,2.0,9.0,1.0,2.0,3.0,8.0,0.0,-916.0
110,11,treino,16 20 24 25 27 28 29 30 31,0 1 2 3 4 5 7 11 15 18,,P,10.0,0.0,12.0,1.0,3.0,4.0,10.0,0.0,9.0,0.0,8.0,0.0,3.0,4.0,9.0,0.0,118.0
110,46,treino,19,2 3 5 8 11 14 21 22 24,21 24,V,1.0,0.0,3.0,0.0,1.0,0.0,0.0,0.0,7.0,2.0,13.0,3.0,2.0,2.0,4.0,0.0,-1600.0
110,22,treino,13 16 27 30 31,0 2 3 4 5 6 7 11 29,29,V,5.0,0.0,8.0,1.0,1.0,2.0,4.0,0.0,8.0,1.0,6.0,0.0,3.0,3.0,8.0,0.0,-512.0
110,25,treino,26 27 31,0 2 3 5 6 7 11 20 29,29,P,8.0,1.0,10.0,0.0,3.0,3.0,7.0,0.0,3.0,0.0,2.0,0.0,1.0,1.0,3.0,0.0,731.0
110,35,treino,18 31,0 2 3 5 7 11 17 24 29,24 29,P,7.0,2.0,8.0,1.0,2.0,3.0,8.0,0.0,2.0,0.0,3.0,1.0,0.0,1.0,0.0,0.0,914.0
110,5,treino,17 19 20 21 24 25 27 28 29 30 31,0 1 2 3 4 5 6 7 9 10 11,,P,11.0,0.0,10.0,2.0,3.0,4.0,11.0,0.0,11.0,0.0,13.0,2.0,4.0,4.0,10.0,0.0,3.0
110,43,treino,23,0 2 3 5 11 14 21 22 24,21 24,P,7.0,2.0,11.0,3.0,2.0,3.0,4.0,0.0,1.0,0.0,2.0,0.0,0.0,0.0,0.0,0.0,1037.0
110,19,treino,13 16 24 27 28 30 31,0 2 3 4 5 6 7 11 29,29,P,8.0,1.0,6.0,0.0,3.0,3.0,8.0,0.0,7.0,0.0,9.0,1.0,2.0,3.0,6.0,1.0,382.0
110,21,treino,13 16 24 27 30 31,0 2 3 4 5 6 7 11 20,20,P,8.0,1.0,6.0,0.0,4.0,3.0,8.0,0.0,6.0,0.0,9.0,1.0,1.0,2.0,4.0,1.0,486.0
110,17,treino,13 20 24 25 27 28 30 31,0 2 3 4 5 6 7 11 22,,P,9.0,0.0,11.0,1.0,3.0,3.0,8.0,1.0,8.0,0.0,9.0,1.0,3.0,3.0,7.0,1.0,275.0
110,31,treino,17 23 31,0 2 3 5 6 7 11 24 29,24 29,P,7.0,2.0,5.0,0.0,2.0,3.0,9.0,0.0,3.0,0.0,5.0,1.0,0.0,1.0,0.0,0.0,793.0
110,24,treino,27 30 31,0 2 3 5 6 7 11 20 29,29,V,3.0,0.0,1.0,0.0,1.0,2.0,2.0,0.0,8.0,1.0,10.0,0.0,3.0,3.0,7.0,0.0,-737.0
110,26,treino,26 27 31,0 2 3 5 6 7 11 24 29,29,V,3.0,0.0,2.0,0.0,1.0,1.0,3.0,0.0,8.0,1.0,11.0,0.0,2.0,3.0,9.0,0.0,-787.0
111,15,treino,6 18 20 23 26 27 28 29 30 31,0 1 3 5 7 10 11 13,6,P,8.0,0.0,9.0,2.0,2.0,3.0,7.0,1.0,9.0,1.0,9.0,1.0,3.0,4.0,6.0,0.0,-191.0
111,18,treino,20 23 26 27 28 29 30 31,0 3 5 7 11 13 15 17,,V,8.0,0.0,6.0,0.0,3.0,4.0,5.0,0.0,8.0,0.0,14.0,2.0,2.0,2.0,8.0,0.0,-15.0
111,29,treino,7 20 23 27 28 29 31,3 8 9 13 17,7,P,5.0,0.0,11.0,3.0,1.0,1.0,4.0,0.0,6.0,1.0,5.0,0.0,3.0,3.0,3.0,1.0,-75.0
111,16,treino,6 18 20 23 26 27 28 29 30 31,0 1 3 5 7 11 13 15,6,V,9.0,1.0,9.0,1.0,3.0,4.0,6.0,2.0,8.0,0.0,10.0,1.0,2.0,3.0,7.0,0.0,281.0
111,6,treino,16 18 20 21 23 24 26 27 28 29 30 31,0 1 3 4 5 6 7 8 9 10 11 14,,V,12.0,0.0,15.0,2.0,3.0,4.0,12.0,0.0,12.0,0.0,15.0,3.0,3.0,3.0,12.0,0.0,7.0
111,34,treino,20 24 27 28 31,8 9 13 17 22,,V,5.0,0.0,4.0,0.0,3.0,2.0,5.0,0.0,5.0,0.0,16.0,4.0,0.0,0.0,5.0,0.0,-28.0
111,50,treino,5 20,8 22 29 30,29 30,V,2.0,0.0,8.0,0.0,1.0,0.0,0.0,0.0,2.0,2.0,7.0,1.0,0.0,0.0,0.0,0.0,-308.0
111,11,treino,2 17 18 20 23 26 27 28 29 30 31,0 1 3 4 5 7 8 10 11,2,P,9.0,0.0,9.0,1.0,3.0,3.0,9.0,0.0,10.0,1.0,12.0,2.0,3.0,4.0,6.0,0.0,-87.0
111,19,treino,18 20 26 27 28 29 30 31,0 3 5 7 11 13 15 17,,P,8.0,0.0,14.0,2.0,2.0,2.0,8.0,0.0,8.0,0.0,7.0,1.0,3.0,4.0,4.0,1.0,138.0
111,27,treino,2 20 23 27 28 29 31,3 5 8 13 17,2,P,5.0,0.0,10.0,2.0,1.0,1.0,4.0,0.0,6.0,1.0,5.0,0.0,3.0,3.0,3.0,0.0,-261.0
111,59,treino,17 20,24,17 24,P,0.0,1.0,0.0,0.0,0.0,0.0,0.0,0.0,1.0,1.0,2.0,1.0,1.0,0.0,0.0,0.0,-113.0
111,12,treino,2 17 18 20 23 26 27 28 29 30 31,0 1 3 4 5 7 10 11 13,2,V,10.0,1.0,12.0,2.0,3.0,4.0,6.0,1.0,9.0,0.0,10.0,2.0,3.0,3.0,8.0,1.0,277.0
111,8,treino,16 18 20 23 24 26 27 28 29 30 31,0 1 3 4 5 6 7 8 9 10 11 21,,V,11.0,0.0,13.0,1.0,3.0,4.0,11.0,0.0,12.0,0.0,17.0,3.0,3.0,3.0,11.0,1.0,-132.0
111,14,treino,2 18 20 23 26 27 28 29 30 31,0 1 3 5 7 10 11 13,2,V,9.0,1.0,9.0,1.0,3.0,4.0,6.0,0.0,8.0,0.0,9.0,2.0,2.0,3.0,7.0,0.0,274.0
111,36,treino,20 24 27 28,8 9 13 17 31,31,V,4.0,0.0,4.0,0.0,3.0,1.0,3.0,0.0,4.0,1.0,11.0,3.0,0.0,0.0,4.0,0.0,-197.0
111,37,treino,16 24 27 28,8 9 13 17 31,31,P,4.0,1.0,11.0,3.0,0.0,0.0,4.0,0.0,4.0,0.0,5.0,0.0,2.0,1.0,2.0,1.0,484.0
111,55,treino,8 20,13 22 24 30,8 24 30,P,2.0,2.0,8.0,2.0,0.0,0.0,0.0,1.0,1.0,1.0,2.0,0.0,1.0,0.0,0.0,0.0,311.0
111,30,treino,20 23 27 28 29 31,8 9 10 13 17,,V,6.0,0.0,5.0,0.0,3.0,3.0,3.0,0.0,5.0,0.0,13.0,4.0,0.0,0.0,4.0,0.0,69.0
111,9,treino,16 17 18 20 23 26 27 28 29 30 31,0 1 3 4 5 6 7 8 9 10 11,,P,11.0,0.0,12.0,2.0,3.0,3.0,11.0,0.0,11.0,0.0,15.0,2.0,3.0,4.0,8.0,0.0,132.0
111,60,treino,17 20,21,17 21,V,1.0,1.0,2.0,1.0,1.0,0.0,0.0,1.0,0.0,1.0,0.0,1.0,0.0,0.0,0.0,1.0,1600.0
111,13,treino,2 8 18 20 23 26 27 28 29 30 31,0 1 3 4 5 7 10 11,2,P,8.0,0.0,7.0,1.0,3.0,3.0,8.0,0.0,10.0,1.0,14.0,1.0,3.0,4.0,6.0,1.0,-293.0
111,41,treino,18 28,8 9 17 25 31,25 31,P,3.0,2.0,8.0,2.0,0.0,0.0,0.0,0.0,2.0,0.0,3.0,1.0,1.0,1.0,0.0,0.0,496.0
111,51,treino,0 20,8 22 29 30,0 29 30,P,2.0,2.0,7.0,1.0,0.0,0.0,0.0,0.0,1.0,1.0,2.0,0.0,1.0,0.0,0.0,0.0,306.0
111,58,treino,20 26,22 24,22 24 26,V,1.0,1.0,2.0,0.0,1.0,0.0,0.0,1.0,0.0,2.0,0.0,1.0,0.0,0.0,0.0,1.0,112.0
111,38,treino,27 28,8 9 17 29 31,29 31,V,2.0,0.0,1.0,0.0,2.0,1.0,0.0,0.0,3.0,2.0,8.0,2.0,0.0,0.0,0.0,0.0,-502.0
111,44,treino,18 24,8 9 22 25 26,25 26,V,2.0,0.0,4.0,1.0,0.0,0.0,0.0,0.0,3.0,2.0,9.0,2.0,0.0,0.0,3.0,0.0,-500.0
111,5,treino,16 18 20 21 23 24 26 27 28 29 30 31,0 1 2 3 4 5 6 8 9 10 11 14,,P,12.0,0.0,14.0,3.0,3.0,4.0,10.0,0.0,12.0,0.0,15.0,2.0,3.0,4.0,12.0,0.0,12.0
111,48,treino,9 20,8 22 25 30,25 30,V,2.0,0.0,7.0,1.0,1.0,0.0,0.0,0.0,2.0,2.0,7.0,1.0,0.0,0.0,3.0,0.0,-379.0
111,28,treino,2 20 23 27 28 29 31,3 8 9 13 17,2,V,6.0,1.0,5.0,0.0,3.0,3.0,3.0,0.0,5.0,0.0,11.0,3.0,1.0,1.0,4.0,0.0,258.0
111,52,treino,0 20,8 22 24 30,0 24 30,V,1.0,1.0,2.0,0.0,1.0,0.0,0.0,0.0,2.0,2.0,7.0,1.0,0.0,0.0,0.0,0.0,-306.0
111,35,treino,20 24 26 27 28,8 9 13 17 22,,P,5.0,0.0,16.0,4.0,0.0,0.0,5.0,0.0,5.0,0.0,5.0,0.0,3.0,1.0,3.0,1.0,197.0
111,22,treino,20 23 27 28 29 30 31,0 3 7 8 11 13 17 22,,V,7.0,0.0,5.0,0.0,3.0,4.0,3.0,0.0,8.0,0.0,17.0,3.0,2.0,2.0,7.0,0.0,-131.0
112,18,teste,20 21 22 24 26 27 28 31,0 1 2 3 4 5 15 23,,V,8.0,0.0,9.0,2.0,3.0,2.0,8.0,1.0,8.0,0.0,10.0,0.0,2.0,4.0,4.0,1.0,245.0
112,35,teste,20 21 22 23,0 4 7 10 30,30,P,4.0,1.0,4.0,1.0,1.0,1.0,4.0,0.0,4.0,0.0,8.0,2.0,1.0,0.0,0.0,0.0,277.0
112,46,teste,13 20,0 4 17 30 31,30 31,V,2.0,0.0,6.0,1.0,1.0,0.0,0.0,0.0,3.0,2.0,5.0,1.0,1.0,1.0,2.0,0.0,-466.0
112,6,teste,20 22 24 25 26 27 28 29 30 31,0 1 2 3 4 5 6 9 11 12 21,,V,10.0,0.0,8.0,1.0,3.0,4.0,10.0,0.0,11.0,0.0,15.0,2.0,4.0,4.0,7.0,1.0,9.0
112,17,teste,20 21 22 24 26 27 28 31,0 1 2 3 4 5 15 19,,P,8.0,0.0,9.0,0.0,3.0,4.0,6.0,0.0,8.0,0.0,9.0,2.0,3.0,2.0,8.0,0.0,-17.0
112,13,teste,10 20 22 25 26 27 28 29 31,0 1 2 3 4 5 6 15,,P,8.0,0.0,6.0,0.0,2.0,4.0,6.0,0.0,9.0,0.0,12.0,2.0,3.0,3.0,6.0,0.0,-4.0
112,5,teste,10 17 20 22 24 25 26 27 28 29 30 31,0 1 2 3 4 5 6 7 9 11 12,,P,11.0,0.0,11.0,1.0,4.0,4.0,10.0,0.0,12.0,0.0,16.0,3.0,3.0,4.0,11.0,1.0,-9.0
112,40,teste,16 20 22,0 4 10 23 30,30,V,3.0,0.0,7.0,1.0,1.0,0.0,2.0,0.0,4.0,1.0,8.0,1.0,1.0,1.0,2.0,0.0,-293.0
112,32,teste,20 23 24 26,0 4 6 7 30,30,V,4.0,0.0,6.0,0.0,1.0,0.0,4.0,0.0,4.0,1.0,3.0,0.0,1.0,1.0,2.0,0.0,-182.0
112,45,teste,13 20,0 4 17 27 30,30,P,4.0,1.0,11.0,1.0,2.0,1.0,2.0,0.0,2.0,0.0,6.0,1.0,1.0,0.0,0.0,0.0,460.0
112,4,teste,17 19 20 22 24 25 26 27 28 29 30 31,0 1 2 3 4 5 6 7 9 11 12 15,,V,12.0,0.0,14.0,2.0,4.0,4.0,11.0,0.0,12.0,0.0,14.0,1.0,4.0,4.0,11.0,1.0,1.0
112,22,teste,20 22 24 27 28 31,0 1 3 4 5 21,,V,6.0,0.0,6.0,1.0,3.0,2.0,5.0,0.0,6.0,0.0,7.0,1.0,2.0,3.0,4.0,1.0,125.0
112,10,teste,17 20 22 26 27 28 29 30 31,0 1 2 3 4 5 6 9 15,,V,9.0,0.0,9.0,2.0,3.0,4.0,6.0,0.0,9.0,0.0,8.0,1.0,2.0,4.0,7.0,0.0,15.0
112,44,teste,16 20,0 4 17 27 30,30,V,2.0,0.0,5.0,0.0,1.0,0.0,2.0,0.0,4.0,1.0,11.0,1.0,2.0,1.0,2.0,0.0,-467.0
112,21,teste,10 17 20 22 24 27 28 31,0 1 3 4 5 7,,P,6.0,0.0,3.0,0.0,2.0,3.0,6.0,0.0,8.0,0.0,14.0,3.0,3.0,2.0,7.0,1.0,-128.0
112,39,teste,16 18 20 22,0 4 10 14 30,30,P,4.0,1.0,6.0,2.0,1.0,1.0,4.0,1.0,4.0,0.0,10.0,2.0,1.0,0.0,4.0,1.0,284.0
112,23,teste,17 20 22 27 28 31,0 1 3 4 5,,P,5.0,0.0,2.0,0.0,2.0,3.0,4.0,0.0,6.0,0.0,8.0,2.0,3.0,2.0,4.0,0.0,-128.0
112,20,teste,10 20 21 22 24 27 28 31,0 1 3 4 5 7,,V,8.0,0.0,13.0,3.0,3.0,2.0,6.0,1.0,6.0,0.0,3.0,0.0,2.0,3.0,6.0,0.0,243.0
112,37,teste,16 20 22 23,0 4 7 14 30,30,P,4.0,1.0,5.0,1.0,1.0,1.0,2.0,0.0,4.0,0.0,9.0,1.0,1.0,0.0,2.0,0.0,162.0
112,47,teste,9 20,0 4 17 30 31,30 31,P,3.0,2.0,5.0,1.0,1.0,1.0,2.0,0.0,2.0,0.0,7.0,1.0,1.0,0.0,0.0,0.0,469.0
112,53,teste,13,8 9 17 26 30,26 30,P,3.0,2.0,8.0,2.0,0.0,0.0,2.0,2.0,1.0,0.0,4.0,1.0,0.0,0.0,0.0,1.0,1600.0
112,51,teste,16,8 9 17 30 31,30 31,P,3.0,2.0,8.0,2.0,0.0,0.0,0.0,0.0,1.0,0.0,3.0,0.0,0.0,0.0,0.0,0.0,1600.0
112,12,teste,17 20 22 25 26 27 28 29 31,0 1 2 3 4 5 6 14 15,,V,9.0,0.0,10.0,2.0,3.0,3.0,7.0,1.0,9.0,0.0,9.0,1.0,2.0,4.0,6.0,1.0,107.0
112,29,teste,14 20 22 23 24 31,0 4 6 7 9,,P,5.0,0.0,5.0,1.0,1.0,1.0,4.0,1.0,6.0,0.0,11.0,2.0,1.0,1.0,2.0,1.0,103.0
112,48,teste,9 20,0 8 17 30 31,30 31,V,2.0,0.0,7.0,1.0,1.0,0.0,0.0,0.0,3.0,2.0,6.0,1.0,0.0,1.0,0.0,0.0,-477.0
112,50,teste,20,8 9 17 30 31,30 31,V,1.0,0.0,2.0,0.0,1.0,0.0,0.0,0.0,3.0,2.0,8.0,2.0,0.0,0.0,0.0,0.0,-621.0
112,34,teste,20 21 23 26,0 4 7 10 30,30,V,4.0,0.0,7.0,1.0,1.0,0.0,2.0,0.0,4.0,1.0,4.0,1.0,1.0,1.0,4.0,0.0,-174.0
112,19,teste,10 20 21 22 24 27 28 31,0 1 2 3 4 5,,P,6.0,0.0,2.0,0.0,2.0,4.0,4.0,0.0,8.0,0.0,13.0,3.0,3.0,2.0,6.0,0.0,-131.0
112,36,teste,20 21 22 23,0 4 7 14 30,30,V,4.0,0.0,8.0,2.0,1.0,0.0,0.0,0.0,4.0,1.0,5.0,1.0,1.0,1.0,2.0,0.0,-159.0
112,15,teste,10 20 22 24 25 26 27 28 31,0 1 2 3 4 5 6 19,,P,8.0,0.0,7.0,0.0,3.0,4.0,6.0,0.0,9.0,0.0,13.0,2.0,3.0,2.0,8.0,1.0,-10.0
112,14,teste,10 20 22 25 26 27 28 29 31,0 1 2 3 4 5 6 19,,V,9.0,0.0,12.0,2.0,3.0,3.0,6.0,1.0,8.0,0.0,7.0,0.0,3.0,4.0,6.0,0.0,5.0
112,43,teste,14 16 20,0 4 10 27 30,30,P,4.0,1.0,9.0,1.0,2.0,1.0,2.0,1.0,3.0,0.0,9.0,1.0,1.0,0.0,2.0,1.0,407.0
113,39,treino,24 26,1 3 6 7 19 20 27 29,29,P,7.0,1.0,17.0,0.0,4.0,2.0,4.0,0.0,2.0,0.0,2.0,0.0,0.0,0.0,0.0,0.0,862.0
113,40,treino,24 26,1 3 6 7 19 20 29 31,29 31,V,2.0,0.0,2.0,0.0,0.0,0.0,0.0,1.0,6.0,2.0,11.0,0.0,3.0,2.0,4.0,0.0,-836.0
113,50,treino,4,1 3 6 11 16 19 20 22,16 22,V,1.0,0.0,6.0,0.0,1.0,0.0,0.0,0.0,6.0,2.0,12.0,1.0,4.0,2.0,4.0,0.0,-857.0
113,57,treino,4,3 6 11 14 16 19 20 22,4 16 22,P,6.0,2.0,15.0,2.0,4.0,1.0,2.0,0.0,0.0,1.0,0.0,0.0,1.0,0.0,0.0,0.0,870.0
113,47,treino,8,1 3 6 11 19 20 22 24,22 24,P,6.0,2.0,12.0,1.0,4.0,2.0,4.0,0.0,1.0,0.0,5.0,0.0,0.0,0.0,0.0,0.0,917.0
113,54,treino,4,1 3 11 14 16 19 20 22,4 16 22,V,0.0,1.0,0.0,0.0,1.0,0.0,0.0,0.0,6.0,2.0,14.0,2.0,4.0,2.0,2.0,0.0,-865.0
113,23,treino,21 26 28 29 30 31,1 2 3 6 7 13 15 17 19 27,,P,10.0,0.0,22.0,2.0,3.0,3.0,9.0,1.0,6.0,0.0,3.0,1.0,1.0,4.0,3.0,1.0,463.0
113,18,treino,13 16 24 26 28 29 30 31,1 2 3 4 6 7 8 15 19 27,,V,8.0,0.0,9.0,1.0,1.0,4.0,8.0,1.0,10.0,0.0,18.0,0.0,4.0,3.0,9.0,0.0,-326.0
113,63,treino,8,3 9 11 16 18 20 22 23,8 16 22,P,6.0,2.0,18.0,3.0,3.0,1.0,5.0,0.0,0.0,1.0,0.0,0.0,0.0,0.0,0.0,0.0,865.0
113,35,treino,22 28 31,1 3 6 7 18 19 20 27,,P,8.0,0.0,21.0,1.0,4.0,2.0,4.0,1.0,3.0,0.0,2.0,1.0,1.0,2.0,0.0,1.0,688.0
113,55,treino,8,1 3 11 14 16 19 20 22,8 16 22,P,6.0,2.0,14.0,2.0,4.0,2.0,2.0,0.0,0.0,1.0,0.0,0.0,0.0,0.0,0.0,0.0,850.0
113,34,treino,25 28 31,1 3 6 7 18 19 20 27,,V,3.0,0.0,1.0,0.0,1.0,2.0,0.0,0.0,8.0,0.0,21.0,1.0,4.0,2.0,4.0,0.0,-585.0
113,31,treino,22 25 28 31,1 3 6 7 11 15 19 20 27,,P,9.0,0.0,22.0,0.0,5.0,2.0,7.0,0.0,4.0,0.0,3.0,1.0,1.0,2.0,2.0,0.0,584.0
113,26,treino,20 26 28 30 31,1 2 3 6 11 13 15 19 27,,V,5.0,0.0,3.0,0.0,2.0,3.0,3.0,0.0,9.0,0.0,19.0,1.0,4.0,3.0,6.0,0.0,-454.0
113,15,treino,13 16 17 23 24 26 28 29 30 31,1 2 3 4 5 6 7 9 15 19,,P,10.0,0.0,13.0,1.0,3.0,3.0,9.0,0.0,10.0,0.0,14.0,2.0,1.0,4.0,10.0,0.0,17.0
113,41,treino,21 26,1 3 6 7 19 20 29 31,29 31,P,6.0,2.0,11.0,0.0,3.0,2.0,4.0,0.0,2.0,0.0,3.0,1.0,0.0,0.0,0.0,1.0,916.0
113,8,treino,20 21 23 24 25 26 28 29 30 31,0 1 2 3 4 5 6 7 11 16 19,,V,10.0,0.0,9.0,1.0,2.0,4.0,10.0,0.0,11.0,0.0,14.0,0.0,4.0,4.0,9.0,1.0,-12.0
113,58,treino,4,3 6 11 14 16 20 22 23,4 16 22,V,0.0,1.0,0.0,0.0,1.0,0.0,0.0,0.0,6.0,2.0,16.0,2.0,3.0,1.0,2.0,0.0,-871.0
113,46,treino,12,1 3 6 11 19 20 22 24,22 24,V,1.0,0.0,4.0,0.0,1.0,0.0,0.0,0.0,6.0,2.0,12.0,1.0,4.0,2.0,4.0,0.0,-922.0
113,6,treino,20 21 22 23 24 25 26 28 29 30 31,0 1 2 3 4 5 6 7 9 11 17 19,,V,11.0,0.0,11.0,2.0,2.0,4.0,11.0,0.0,12.0,0.0,16.0,2.0,4.0,4.0,10.0,1.0,9.0
113,13,treino,13 16 21 23 24 26 28 29 30 31,0 1 2 3 4 6 7 9 15 19,,P,10.0,0.0,12.0,1.0,3.0,4.0,10.0,0.0,10.0,0.0,13.0,2.0,1.0,4.0,10.0,0.0,12.0
113,19,treino,12 13 24 26 28 29 30 31,1 2 3 4 6 7 8 15 19 27,,P,10.0,0.0,18.0,0.0,4.0,3.0,9.0,1.0,8.0,0.0,10.0,1.0,2.0,4.0,6.0,1.0,211.0
113,53,treino,4,1 3 9 11 16 19 20 22,4 16 22,P,6.0,2.0,13.0,2.0,4.0,2.0,2.0,0.0,0.0,1.0,0.0,0.0,1.0,0.0,0.0,0.0,860.0
113,59,treino,8,3 6 11 14 16 20 22 23,8 16 22,P,6.0,2.0,16.0,2.0,3.0,1.0,2.0,0.0,0.0,1.0,0.0,0.0,0.0,0.0,0.0,0.0,853.0
113,56,treino,8,3 6 11 14 16 19 20 22,8 16 22,V,0.0,1.0,0.0,0.0,0.0,0.0,0.0,0.0,6.0,2.0,15.0,2.0,4.0,1.0,2.0,0.0,-868.0
113,52,treino,0,1 3 9 11 16 19 20 22,0 16 22,V,0.0,1.0,0.0,0.0,0.0,0.0,0.0,0.0,6.0,2.0,13.0,2.0,4.0,2.0,2.0,0.0,-858.0
113,45,treino,12,1 3 6 7 19 20 22 24,22 24,P,6.0,2.0,11.0,1.0,3.0,2.0,6.0,0.0,1.0,0.0,4.0,0.0,1.0,0.0,0.0,0.0,1600.0
113,32,treino,22 25 28 31,1 3 6 7 11 18 19 20 27,,V,4.0,0.0,3.0,1.0,1.0,2.0,2.0,0.0,9.0,0.0,23.0,1.0,5.0,2.0,5.0,1.0,-584.0
113,20,treino,12 24 26 28 29 30 31,1 2 3 4 6 7 15 17 19 27,,V,7.0,0.0,6.0,0.0,2.0,4.0,6.0,0.0,10.0,0.0,20.0,1.0,4.0,3.0,7.0,0.0,-211.0
113,51,treino,0,1 3 6 11 16 19 20 22,0 16 22,P,6.0,2.0,12.0,1.0,4.0,2.0,4.0,0.0,0.0,1.0,0.0,0.0,0.0,0.0,0.0,0.0,855.0
113,21,treino,8 24 26 28 29 30 31,1 2 3 4 6 7 15 17 19 27,,P,10.0,0.0,20.0,1.0,4.0,3.0,7.0,0.0,7.0,0.0,7.0,0.0,1.0,4.0,6.0,1.0,445.0
113,22,treino,24 26 28 29 30 31,1 2 3 6 7 13 15 17 19 27,,V,6.0,0.0,2.0,0.0,1.0,4.0,6.0,0.0,10.0,0.0,22.0,2.0,3.0,3.0,9.0,0.0,-445.0
114,29,treino,10 25 28 29 31,0 3 4 7 8 19 27 30,30,P,7.0,1.0,14.0,0.0,4.0,2.0,5.0,0.0,5.0,0.0,6.0,1.0,1.0,3.0,2.0,2.0,333.0
114,49,treino,2,0 3 8 19 21 28 31,2 28 31,P,5.0,2.0,11.0,1.0,3.0,2.0,0.0,0.0,0.0,1.0,0.0,0.0,0.0,0.0,0.0,0.0,742.0
114,33,treino,22 28 29,0 3 4 8 14 19 23 27,23,P,7.0,1.0,16.0,1.0,4.0,2.0,6.0,0.0,3.0,0.0,2.0,1.0,1.0,2.0,0.0,0.0,755.0
114,17,treino,13 15 21 24 25 26 28 29 31,0 2 3 4 5 6 7 8 19 27,,P,10.0,0.0,16.0,0.0,4.0,3.0,8.0,0.0,9.0,0.0,13.0,2.0,1.0,3.0,7.0,1.0,112.0
114,30,treino,25 28 29 31,0 3 4 8 14 19 27 30,30,V,4.0,0.0,1.0,0.0,1.0,3.0,2.0,1.0,7.0,1.0,16.0,1.0,4.0,2.0,3.0,0.0,-333.0
114,26,treino,17 25 26 28 29 31,0 3 4 7 8 19 23 27,,V,6.0,0.0,5.0,1.0,1.0,3.0,4.0,1.0,8.0,0.0,19.0,0.0,4.0,2.0,8.0,0.0,-254.0
114,12,treino,17 20 21 22 24 25 26 28 29 31,0 2 3 4 5 6 7 8 9 13 19 27,,V,10.0,0.0,12.0,3.0,2.0,3.0,10.0,0.0,12.0,0.0,21.0,2.0,4.0,3.0,10.0,0.0,-216.0
114,18,treino,15 21 24 25 26 28 29 31,0 2 3 4 5 6 7 17 19 27,,V,8.0,0.0,9.0,1.0,1.0,3.0,7.0,0.0,10.0,0.0,18.0,1.0,4.0,3.0,7.0,1.0,-247.0
114,22,treino,24 25 26 28 29 31,0 3 4 5 7 18 19 27,,V,6.0,0.0,3.0,0.0,1.0,3.0,6.0,0.0,8.0,0.0,17.0,1.0,4.0,2.0,5.0,0.0,-116.0
114,24,treino,21 25 26 28 29 31,0 3 4 7 8 18 19 27,,V,6.0,0.0,4.0,1.0,1.0,3.0,5.0,0.0,8.0,0.0,18.0,1.0,4.0,2.0,5.0,0.0,-113.0
114,15,treino,15 20 21 24 25 26 28 29 31,0 2 3 4 5 6 7 8 13 19 27,,P,11.0,0.0,19.0,1.0,4.0,3.0,9.0,0.0,9.0,0.0,11.0,1.0,2.0,3.0,8.0,0.0,245.0
114,8,treino,17 18 20 21 22 24 25 26 27 28 29 31,0 1 2 3 4 6 7 8 9 11 13 19,,V,12.0,0.0,16.0,4.0,3.0,3.0,12.0,0.0,12.0,0.0,16.0,2.0,4.0,4.0,11.0,0.0,14.0
114,40,treino,15 20 28,0 3 4 12 19 21 27,,V,3.0,0.0,6.0,0.0,2.0,1.0,0.0,0.0,7.0,0.0,19.0,1.0,5.0,2.0,2.0,0.0,-512.0
114,25,treino,17 25 26 28 29 31,0 3 4 7 8 18 19 27,,P,8.0,0.0,18.0,1.0,4.0,2.0,5.0,0.0,6.0,0.0,5.0,1.0,1.0,3.0,4.0,0.0,254.0
114,39,treino,15 20 28,0 3 4 12 17 19 27,,P,7.0,0.0,18.0,1.0,5.0,2.0,2.0,0.0,3.0,0.0,6.0,0.0,2.0,1.0,0.0,0.0,509.0
114,53,treino,1,0 3 8 19 21 23 28,1 23 28,P,5.0,2.0,11.0,1.0,3.0,2.0,2.0,0.0,0.0,1.0,0.0,0.0,0.0,0.0,0.0,0.0,748.0
114,21,treino,6 14 24 25 26 28 29 31,0 2 3 4 5 7 19 27,,P,8.0,0.0,13.0,0.0,4.0,3.0,6.0,0.0,8.0,0.0,13.0,1.0,1.0,3.0,6.0,1.0,116.0
114,10,treino,17 18 20 21 22 23 24 25 26 28 29 31,0 2 3 4 5 6 7 8 9 11 13 19,,V,12.0,0.0,17.0,4.0,2.0,3.0,12.0,0.0,12.0,0.0,17.0,2.0,4.0,3.0,11.0,0.0,3.0
114,41,treino,15 16 28,0 3 4 12 19 21 27,,P,7.0,0.0,19.0,1.0,5.0,2.0,2.0,0.0,3.0,0.0,7.0,0.0,1.0,1.0,0.0,0.0,511.0
114,32,treino,25 28 29,0 3 4 8 14 19 23 27,23,V,3.0,0.0,1.0,0.0,1.0,2.0,2.0,0.0,7.0,1.0,16.0,1.0,4.0,2.0,6.0,0.0,-703.0
114,44,treino,15 16,0 3 8 12 19 27 28,28,V,2.0,0.0,7.0,0.0,0.0,0.0,0.0,1.0,6.0,1.0,15.0,0.0,5.0,2.0,2.0,0.0,-732.0
114,34,treino,22 28 29,0 3 4 8 14 18 19 27,18,V,3.0,0.0,2.0,1.0,1.0,2.0,0.0,1.0,7.0,1.0,16.0,2.0,4.0,2.0,5.0,1.0,-517.0
114,45,treino,10 16,0 3 8 12 19 27 28,28,P,6.0,1.0,15.0,0.0,5.0,2.0,2.0,0.0,2.0,0.0,8.0,1.0,0.0,0.0,0.0,1.0,735.0
114,11,treino,15 17 20 21 22 23 24 25 26 28 29 31,0 2 3 4 5 6 7 8 9 11 13 19,,P,12.0,0.0,17.0,2.0,4.0,3.0,11.0,0.0,12.0,0.0,18.0,3.0,2.0,3.0,11.0,1.0,216.0
114,28,treino,14 25 28 29 31,0 3 4 7 8 19 27 30,30,V,5.0,0.0,5.0,1.0,1.0,3.0,2.0,1.0,7.0,1.0,14.0,0.0,4.0,2.0,5.0,0.0,-324.0
114,9,treino,17 18 20 21 22 23 24 25 26 28 29 31,0 1 2 3 4 6 7 8 9 11 13 19,,P,12.0,0.0,16.0,2.0,4.0,4.0,11.0,0.0,12.0,0.0,17.0,4.0,2.0,3.0,12.0,0.0,-1.0
114,51,treino,6,0 3 8 19 21 26 28,6 26 28,P,5.0,2.0,11.0,1.0,3.0,2.0,0.0,0.0,0.0,1.0,0.0,0.0,0.0,0.0,0.0,0.0,734.0
114,14,treino,20 21 22 24 25 26 28 29 31,0 2 3 4 5 6 7 8 13 18 19 27,,V,9.0,0.0,9.0,2.0,2.0,3.0,9.0,0.0,12.0,0.0,23.0,2.0,4.0,3.0,9.0,1.0,-246.0
114,6,treino,17 18 20 21 22 24 26 27 28 29 30 31,0 1 2 3 4 6 7 8 9 11 13 15,,V,12.0,0.0,15.0,4.0,3.0,4.0,12.0,0.0,12.0,0.0,15.0,2.0,3.0,4.0,12.0,0.0,4.0
114,23,treino,21 25 26 28 29 31,0 3 4 5 7 18 19 27,,P,8.0,0.0,17.0,1.0,4.0,2.0,5.0,0.0,6.0,0.0,4.0,1.0,1.0,3.0,5.0,0.0,241.0
114,20,treino,14 15 24 25 26 28 29 31,0 2 3 4 5 7 10 19 27,,V,8.0,0.0,11.0,1.0,1.0,3.0,6.0,1.0,9.0,0.0,15.0,1.0,4.0,3.0,7.0,1.0,-247.0
114,38,treino,15 24 28,0 3 4 12 17 19 27,,V,3.0,0.0,5.0,0.0,1.0,1.0,2.0,0.0,7.0,0.0,18.0,1.0,5.0,2.0,2.0,0.0,-442.0
115,43,teste,3 17,0 8 9 11 27,3,P,5.0,0.0,12.0,1.0,2.0,1.0,0.0,0.0,1.0,1.0,3.0,1.0,1.0,0.0,0.0,0.0,315.0
115,12,teste,18 19 24 26 27 28 29 30 31,0 1 2 3 4 5 8 10 11 20,,V,9.0,0.0,9.0,1.0,3.0,4.0,7.0,0.0,10.0,0.0,13.0,1.0,4.0,4.0,5.0,0.0,-113.0
115,32,teste,19 21 27,0 4 5 7 9 11 15,15,V,3.0,0.0,6.0,1.0,2.0,0.0,0.0,0.0,6.0,1.0,7.0,1.0,2.0,1.0,7.0,1.0,-146.0
115,21,teste,18 21 22 23 24 29 30 31,0 1 2 4 7 9 11 13 19 20,,P,10.0,0.0,18.0,2.0,4.0,3.0,7.0,0.0,8.0,0.0,10.0,3.0,0.0,3.0,6.0,1.0,219.0
115,31,teste,6 19 21 27,0 2 4 5 7 11 15,15,P,6.0,1.0,5.0,0.0,2.0,2.0,7.0,1.0,4.0,0.0,12.0,1.0,2.0,0.0,0.0,1.0,145.0
115,10,teste,19 24 25 26 27 28 29 30 31,0 1 2 3 4 5 7 8 11 20 22,,V,9.0,0.0,7.0,0.0,3.0,4.0,8.0,0.0,11.0,0.0,17.0,1.0,4.0,4.0,9.0,1.0,-117.0
115,28,teste,18 21 22 23 25 27,0 2 4 5 7 9 11 17 29,29,V,6.0,0.0,11.0,3.0,1.0,0.0,6.0,2.0,8.0,1.0,11.0,2.0,2.0,2.0,7.0,1.0,-277.0
115,39,teste,7 18 21,0 8 9 11 14,7,P,5.0,0.0,9.0,2.0,1.0,1.0,2.0,0.0,2.0,1.0,5.0,2.0,0.0,0.0,0.0,1.0,247.0
115,50,teste,7,0 8 11 25 31,7 31,V,0.0,1.0,0.0,0.0,0.0,0.0,0.0,0.0,4.0,1.0,10.0,0.0,1.0,1.0,0.0,0.0,-492.0
115,25,teste,18 21 22 23 24 25 31,0 2 4 5 7 9 11 13 20,,P,9.0,0.0,15.0,2.0,3.0,2.0,8.0,0.0,7.0,0.0,11.0,3.0,0.0,1.0,6.0,1.0,372.0
115,37,teste,7 21 23,0 5 8 11 14,7,P,5.0,0.0,8.0,1.0,1.0,1.0,3.0,0.0,2.0,1.0,4.0,1.0,0.0,0.0,0.0,0.0,131.0
115,29,teste,6 18 21 23 25 27,0 2 4 5 7 11 29,29,P,6.0,1.0,5.0,0.0,2.0,2.0,6.0,0.0,6.0,0.0,15.0,2.0,1.0,0.0,5.0,2.0,145.0
115,36,teste,3 21 23,0 5 8 11 14,3,V,2.0,1.0,4.0,1.0,1.0,0.0,0.0,0.0,5.0,0.0,8.0,1.0,1.0,1.0,3.0,0.0,-146.0
115,18,teste,18 21 23 26 28 29 30 31,0 1 2 4 7 8 9 11 19 20,,V,8.0,0.0,8.0,2.0,1.0,4.0,5.0,0.0,10.0,0.0,17.0,1.0,4.0,3.0,6.0,0.0,-213.0
115,20,teste,18 21 23 24 26 29 30 31,0 1 2 4 7 9 11 13 19 20,,V,8.0,0.0,9.0,2.0,0.0,3.0,8.0,0.0,10.0,0.0,18.0,2.0,4.0,3.0,7.0,0.0,-204.0
115,45,teste,7 17,0 8 11 13 27,7,P,5.0,0.0,13.0,1.0,2.0,1.0,2.0,0.0,1.0,1.0,3.0,1.0,0.0,0.0,0.0,1.0,373.0
115,6,teste,22 23 24 25 26 27 28 29 30 31,0 1 2 3 4 5 7 8 10 11 20,,V,10.0,0.0,8.0,1.0,2.0,4.0,10.0,0.0,11.0,0.0,14.0,1.0,4.0,4.0,10.0,0.0,-119.0
115,35,teste,3 21 23,0 5 8 9 11,3,P,5.0,0.0,7.0,1.0,1.0,1.0,4.0,0.0,2.0,1.0,4.0,1.0,1.0,0.0,0.0,0.0,145.0
115,7,teste,18 23 24 25 26 27 28 29 30 31,0 1 2 3 4 5 7 8 10 11 20,,P,11.0,0.0,14.0,1.0,4.0,4.0,10.0,0.0,10.0,0.0,9.0,1.0,2.0,4.0,10.0,0.0,128.0
115,23,teste,18 21 22 23 24 29 31,0 1 2 4 7 9 11 13 20,,P,9.0,0.0,14.0,2.0,3.0,3.0,7.0,0.0,7.0,0.0,10.0,3.0,0.0,2.0,6.0,0.0,213.0
115,30,teste,6 21 23 27,0 2 4 5 7 11 15,15,V,4.0,0.0,11.0,1.0,1.0,0.0,2.0,1.0,6.0,1.0,5.0,0.0,2.0,2.0,7.0,0.0,-145.0
115,46,teste,7,0 8 11 22 27,7,V,0.0,1.0,0.0,0.0,0.0,0.0,0.0,0.0,5.0,0.0,15.0,1.0,2.0,1.0,0.0,0.0,-433.0
115,19,teste,18 21 23 24 26 29 30 31,0 1 2 4 7 8 9 11 19 20,,P,10.0,0.0,17.0,1.0,4.0,3.0,6.0,0.0,8.0,0.0,9.0,2.0,0.0,3.0,8.0,0.0,212.0
115,22,teste,18 21 22 24 29 30 31,0 1 2 4 7 9 11 13 20 26,,V,7.0,0.0,8.0,3.0,0.0,3.0,5.0,0.0,10.0,0.0,20.0,2.0,3.0,3.0,7.0,1.0,-221.0
115,44,teste,3 17,0 8 11 13 27,3,V,1.0,1.0,3.0,1.0,1.0,0.0,0.0,1.0,5.0,0.0,13.0,1.0,2.0,1.0,2.0,0.0,-319.0
115,40,teste,7 21,0 8 9 11 23,7,V,1.0,1.0,2.0,1.0,0.0,0.0,0.0,0.0,5.0,0.0,11.0,1.0,1.0,1.0,0.0,0.0,-262.0
115,38,teste,7 21 23,0 8 9 11 14,7,V,2.0,1.0,4.0,1.0,0.0,0.0,0.0,0.0,5.0,0.0,9.0,2.0,1.0,1.0,2.0,0.0,-160.0
115,48,teste,3,0 8 11 22 31,3 31,V,0.0,1.0,0.0,0.0,1.0,0.0,0.0,0.0,4.0,1.0,9.0,1.0,1.0,1.0,0.0,0.0,-448.0
115,42,teste,7 17,0 8 9 11 27,7,V,1.0,1.0,3.0,1.0,0.0,0.0,0.0,0.0,5.0,0.0,12.0,1.0,2.0,1.0,0.0,0.0,-309.0
115,14,teste,18 24 26 27 28 29 30 31,0 1 2 3 4 5 8 11 19 20,,V,8.0,0.0,6.0,1.0,2.0,4.0,7.0,0.0,10.0,0.0,15.0,0.0,5.0,4.0,5.0,0.0,-208.0
115,8,teste,18 23 24 25 26 27 28 29 30 31,0 1 2 3 4 5 7 8 11 15 20,,V,10.0,0.0,9.0,1.0,2.0,4.0,10.0,1.0,11.0,0.0,15.0,0.0,4.0,4.0,10.0,0.0,-104.0
115,17,teste,18 21 23 26 28 29 30 31,0 1 2 4 5 7 8 11 19 20,,P,10.0,0.0,16.0,0.0,4.0,3.0,8.0,0.0,8.0,0.0,8.0,2.0,1.0,4.0,5.0,0.0,213.0
116,63,treino,30,19 28,28 30,P,1.0,1.0,4.0,0.0,2.0,0.0,0.0,0.0,0.0,1.0,0.0,0.0,0.0,1.0,0.0,0.0,117.0
116,4,treino,18 20 21 22 23 24 25 26 28 29 30 31,0 1 2 3 4 5 7 8 9 10 11 13,,V,12.0,0.0,14.0,3.0,2.0,4.0,12.0,0.0,12.0,0.0,14.0,3.0,3.0,4.0,12.0,0.0,10.0
116,28,treino,12 21 22 24 25 28 31,0 1 4 5 8 14 19 27,,V,7.0,0.0,10.0,2.0,2.0,2.0,5.0,0.0,8.0,0.0,17.0,1.0,3.0,2.0,5.0,0.0,-117.0
116,6,treino,20 21 22 24 25 26 28 29 30 31,0 1 2 3 4 5 7 8 9 10 13 27,,V,10.0,0.0,9.0,2.0,2.0,4.0,10.0,0.0,12.0,0.0,18.0,3.0,3.0,4.0,11.0,0.0,-226.0
116,22,treino,12 21 22 23 24 28 30 31,0 1 4 5 7 8 14 15 27,,V,8.0,0.0,11.0,2.0,2.0,3.0,3.0,0.0,9.0,0.0,17.0,1.0,2.0,2.0,5.0,0.0,-102.0
116,53,treino,9 10 26,0 8 19 28 31,28 31,P,3.0,2.0,6.0,0.0,2.0,1.0,0.0,0.0,3.0,0.0,11.0,2.0,0.0,0.0,0.0,1.0,447.0
116,31,treino,12 13 20 21 25 28 31,0 1 4 5 8 19 27,,P,7.0,0.0,14.0,0.0,3.0,2.0,5.0,0.0,7.0,0.0,13.0,2.0,3.0,2.0,2.0,1.0,115.0
116,9,treino,6 17 22 24 25 26 28 29 30 31,0 1 2 3 4 5 7 8 10 27,,P,10.0,0.0,13.0,1.0,3.0,4.0,9.0,0.0,10.0,0.0,14.0,2.0,1.0,4.0,9.0,1.0,112.0
116,30,treino,12 20 21 22 25 28 31,0 1 4 5 8 17 19 27,,V,7.0,0.0,11.0,2.0,3.0,2.0,3.0,2.0,8.0,0.0,18.0,1.0,3.0,2.0,5.0,1.0,-24.0
116,13,treino,22 23 24 25 28 29 30 31,0 1 3 4 5 7 8 10 16 27,,P,10.0,0.0,17.0,1.0,3.0,3.0,8.0,0.0,8.0,0.0,6.0,1.0,1.0,4.0,6.0,0.0,232.0
116,51,treino,9 15 26,0 8 19 27 28,27 28,P,3.0,2.0,6.0,0.0,3.0,1.0,0.0,0.0,3.0,0.0,10.0,1.0,0.0,0.0,0.0,0.0,352.0
116,46,treino,17 18 26,0 4 19 24 27,27,V,3.0,0.0,7.0,2.0,0.0,0.0,0.0,0.0,4.0,1.0,11.0,0.0,3.0,1.0,2.0,0.0,-342.0
116,19,treino,12 21 22 23 28 29 30 31,0 1 3 4 5 8 10 14 27,,P,9.0,0.0,15.0,2.0,3.0,3.0,7.0,0.0,8.0,0.0,10.0,2.0,2.0,4.0,0.0,0.0,150.0
116,40,treino,20 21 22 26,0 4 13 19 31,31,V,4.0,0.0,7.0,2.0,1.0,0.0,2.0,0.0,4.0,1.0,8.0,1.0,2.0,1.0,2.0,0.0,-171.0
116,29,treino,12 20 21 22 25 28 31,0 1 4 5 8 14 19 27,,P,8.0,0.0,17.0,1.0,3.0,2.0,5.0,0.0,7.0,0.0,11.0,2.0,3.0,2.0,3.0,0.0,137.0
116,34,treino,12 20 21 25 31,0 1 4 8 19 27,,V,5.0,0.0,9.0,1.0,2.0,1.0,2.0,0.0,6.0,0.0,13.0,0.0,3.0,2.0,3.0,1.0,-125.0
116,7,treino,17 20 22 24 25 26 28 29 30 31,0 1 2 3 4 5 7 8 9 10 13 27,,P,12.0,0.0,18.0,3.0,3.0,4.0,11.0,0.0,10.0,0.0,10.0,2.0,2.0,4.0,10.0,0.0,247.0
116,26,treino,12 14 21 22 24 25 28 31,0 1 4 5 7 8 19 27,,V,8.0,0.0,14.0,3.0,2.0,2.0,5.0,0.0,8.0,0.0,15.0,0.0,3.0,2.0,5.0,0.0,-8.0
116,39,treino,20 21 22 26,0 4 13 19 27,,P,5.0,0.0,14.0,1.0,3.0,1.0,2.0,0.0,4.0,0.0,7.0,2.0,1.0,0.0,2.0,0.0,161.0
116,11,treino,13 22 24 25 26 28 29 30 31,0 1 3 4 5 7 8 9 10 27,,P,10.0,0.0,15.0,2.0,3.0,3.0,9.0,1.0,9.0,0.0,9.0,2.0,1.0,4.0,8.0,1.0,214.0
116,17,treino,12 22 23 24 28 29 30 31,0 1 3 4 5 7 8 14 27,,P,9.0,0.0,14.0,1.0,3.0,3.0,7.0,0.0,8.0,0.0,9.0,1.0,2.0,4.0,3.0,0.0,144.0
116,16,treino,16 22 23 24 28 29 30 31,0 1 3 4 5 7 8 14 27,,V,8.0,0.0,8.0,1.0,1.0,4.0,3.0,0.0,9.0,0.0,14.0,1.0,3.0,3.0,7.0,0.0,-124.0
116,43,treino,17 22 26,0 4 19 20 31,31,P,4.0,1.0,10.0,0.0,3.0,1.0,2.0,0.0,3.0,0.0,6.0,2.0,0.0,0.0,3.0,0.0,289.0
116,60,treino,1,8 13 19 25 28,1 25 28,V,0.0,1.0,0.0,0.0,0.0,0.0,0.0,0.0,3.0,2.0,9.0,1.0,2.0,0.0,2.0,0.0,-522.0
116,50,treino,9 18 26,0 8 19 27 28,27 28,V,3.0,0.0,9.0,2.0,0.0,0.0,0.0,0.0,3.0,2.0,6.0,0.0,3.0,1.0,0.0,0.0,-354.0
116,32,treino,12 20 25 28 31,0 1 4 5 19 24 27,,V,5.0,0.0,7.0,0.0,3.0,2.0,0.0,0.0,7.0,0.0,18.0,0.0,3.0,2.0,4.0,1.0,-125.0
116,64,treino,30,23 28,28 30,V,0.0,1.0,0.0,0.0,0.0,1.0,0.0,0.0,1.0,1.0,5.0,0.0,1.0,0.0,0.0,0.0,-122.0
116,10,treino,17 22 24 25 26 28 29 30 31,0 1 3 4 5 7 8 9 10 27,,V,9.0,0.0,8.0,2.0,1.0,4.0,9.0,0.0,10.0,0.0,15.0,2.0,3.0,3.0,9.0,0.0,-131.0
116,59,treino,1,8 9 19 25 28,1 25 28,P,3.0,2.0,8.0,1.0,2.0,0.0,0.0,0.0,0.0,1.0,0.0,0.0,0.0,0.0,0.0,0.0,513.0
116,33,treino,12 20 21 25 31,0 1 4 5 19 27,,P,6.0,0.0,12.0,0.0,3.0,2.0,4.0,0.0,5.0,0.0,9.0,1.0,2.0,1.0,2.0,0.0,125.0
116,57,treino,6,8 9 19 22 28,22 28,P,3.0,2.0,8.0,2.0,2.0,0.0,0.0,0.0,1.0,0.0,6.0,0.0,0.0,0.0,0.0,0.0,535.0
116,8,treino,17 20 22 24 25 26 28 29 30 31,0 1 2 3 4 5 7 8 9 10 16 27,,V,10.0,0.0,10.0,2.0,2.0,4.0,10.0,0.0,12.0,0.0,19.0,2.0,3.0,4.0,10.0,1.0,-121.0
117,16,validacao,14 17 23 24 25 27 28 29 31,0 2 3 4 5 7 10 11 12,,V,9.0,0.0,12.0,2.0,2.0,3.0,9.0,0.0,9.0,0.0,10.0,1.0,4.0,3.0,8.0,0.0,3.0
117,49,validacao,0 15 17 22 28,8 26,0 15,P,2.0,0.0,8.0,0.0,0.0,0.0,0.0,0.0,3.0,2.0,5.0,2.0,1.0,1.0,2.0,0.0,-431.0
117,29,validacao,9 14 16 26 27 28 29,0 2 3 4 8 15,,P,6.0,0.0,6.0,0.0,2.0,3.0,3.0,0.0,7.0,0.0,14.0,2.0,2.0,2.0,2.0,0.0,-128.0
117,44,validacao,0 2 17 22 27 28,4 7 15 19,0 2,V,4.0,2.0,6.0,2.0,2.0,1.0,2.0,0.0,4.0,0.0,9.0,0.0,2.0,0.0,2.0,1.0,593.0
117,15,validacao,14 17 23 24 25 27 28 29 31,0 2 3 4 5 6 7 11 12,,P,9.0,0.0,9.0,0.0,4.0,3.0,8.0,0.0,9.0,0.0,12.0,2.0,2.0,3.0,9.0,0.0,3.0
117,22,validacao,10 14 17 24 25 26 27 28 29,0 2 3 4 5 7 11 21,,V,9.0,0.0,16.0,3.0,2.0,2.0,7.0,1.0,8.0,0.0,10.0,1.0,3.0,3.0,7.0,1.0,107.0
117,12,validacao,18 21 23 24 25 26 27 28 29 31,0 2 3 4 5 6 7 11 12 15 17,,V,10.0,0.0,11.0,2.0,2.0,3.0,10.0,1.0,11.0,0.0,16.0,1.0,4.0,3.0,9.0,1.0,20.0
117,51,validacao,0 8 15 22 28,26,0 15,P,1.0,0.0,6.0,0.0,0.0,0.0,0.0,0.0,3.0,2.0,7.0,1.0,1.0,1.0,0.0,0.0,-525.0
117,28,validacao,9 16 17 26 27 28 29,0 2 3 4 8 15,,V,7.0,0.0,13.0,2.0,2.0,2.0,0.0,0.0,6.0,0.0,6.0,0.0,2.0,3.0,3.0,0.0,129.0
117,11,validacao,13 18 21 23 24 25 26 27 28 29 31,0 2 3 4 5 6 7 8 11 12 15,,P,11.0,0.0,14.0,0.0,4.0,3.0,11.0,0.0,11.0,0.0,15.0,3.0,2.0,3.0,10.0,2.0,-20.0
117,19,validacao,14 17 19 24 25 26 27 28 29,0 2 3 4 5 7 11 12 15,,P,9.0,0.0,11.0,0.0,4.0,3.0,8.0,1.0,9.0,0.0,14.0,2.0,3.0,2.0,6.0,0.0,21.0
117,24,validacao,10 14 16 17 24 26 27 28 29,0 2 3 4 7 8 11,,V,9.0,0.0,18.0,3.0,2.0,2.0,6.0,0.0,7.0,0.0,6.0,0.0,3.0,3.0,7.0,0.0,255.0
117,18,validacao,14 17 23 24 25 26 27 28 29,0 2 3 4 5 7 11 12 15,,V,9.0,0.0,13.0,2.0,2.0,2.0,9.0,0.0,9.0,0.0,11.0,0.0,4.0,3.0,8.0,0.0,4.0
117,23,validacao,10 14 16 17 24 26 27 28 29,0 2 3 4 5 7 11,,P,7.0,0.0,5.0,0.0,3.0,3.0,7.0,0.0,9.0,0.0,18.0,3.0,2.0,2.0,6.0,0.0,-107.0
117,60,validacao,4 5 15 28,24,4 15 24,V,2.0,2.0,6.0,0.0,2.0,1.0,0.0,0.0,0.0,1.0,0.0,0.0,0.0,0.0,0.0,1.0,1600.0
117,6,validacao,17 18 20 21 23 24 25 27 28 29 30 31,0 2 3 4 5 6 7 8 9 10 11 12,,V,12.0,0.0,15.0,3.0,3.0,4.0,12.0,0.0,12.0,0.0,15.0,2.0,4.0,3.0,12.0,0.0,17.0
117,14,validacao,14 23 24 25 26 27 28 29 31,0 2 3 4 5 6 7 11 12 22,,V,9.0,0.0,10.0,1.0,2.0,3.0,8.0,0.0,10.0,0.0,14.0,1.0,4.0,3.0,8.0,1.0,-5.0
117,17,validacao,14 17 23 24 25 26 27 28 29,0 2 3 4 5 7 10 11 12,,P,9.0,0.0,10.0,1.0,4.0,3.0,8.0,0.0,9.0,0.0,13.0,2.0,2.0,2.0,9.0,0.0,10.0
117,27,validacao,9 16 17 26 27 28 29,0 2 3 4 8 11,,P,6.0,0.0,5.0,0.0,3.0,3.0,3.0,0.0,7.0,0.0,13.0,2.0,2.0,2.0,0.0,0.0,-0.0
117,43,validacao,0 2 17 22 27 28,3 4 15 19,0 2,P,4.0,0.0,8.0,0.0,3.0,1.0,2.0,0.0,4.0,2.0,6.0,2.0,2.0,1.0,2.0,0.0,-381.0
117,13,validacao,14 18 23 24 25 26 27 28 29 31,0 2 3 4 5 6 7 11 12 15,,P,10.0,0.0,12.0,0.0,4.0,3.0,9.0,0.0,10.0,0.0,13.0,2.0,2.0,3.0,10.0,1.0,-20.0
117,35,validacao,6 9 24 26 27 28,0 3 4 7 15 21,,P,6.0,0.0,10.0,1.0,2.0,2.0,4.0,1.0,6.0,0.0,14.0,1.0,2.0,1.0,4.0,0.0,-83.0
117,53,validacao,0 8 19 22 28,30,0 19 30,P,0.0,1.0,0.0,0.0,0.0,0.0,0.0,0.0,3.0,2.0,7.0,1.0,2.0,1.0,0.0,0.0,-518.0
117,37,validacao,6 9 17 26 27 28,0 3 4 11 15,,P,5.0,0.0,6.0,0.0,3.0,2.0,4.0,0.0,6.0,0.0,16.0,2.0,2.0,1.0,2.0,0.0,-183.0
117,48,validacao,0 17 18 22 28,8 26,0 18,V,3.0,2.0,5.0,3.0,1.0,1.0,3.0,0.0,2.0,0.0,8.0,0.0,0.0,0.0,0.0,0.0,481.0
117,25,validacao,9 10 16 17 24 26 27 28 29,0 2 3 4 7 8 11,,P,7.0,0.0,6.0,0.0,3.0,3.0,7.0,0.0,9.0,0.0,19.0,3.0,2.0,2.0,3.0,1.0,-121.0
117,46,validacao,0 17 18 22 27 28,8 19,0 18,V,4.0,2.0,6.0,3.0,2.0,1.0,3.0,0.0,2.0,0.0,6.0,0.0,1.0,0.0,0.0,0.0,590.0
117,26,validacao,9 16 24 26 27 28 29,0 2 3 4 8 11 21,,V,7.0,0.0,11.0,1.0,2.0,2.0,3.0,0.0,7.0,0.0,10.0,1.0,3.0,3.0,3.0,1.0,0.0
117,42,validacao,2 9 17 22 27 28,3 4 5 15 19,2,V,5.0,1.0,11.0,3.0,2.0,1.0,2.0,1.0,5.0,0.0,9.0,0.0,3.0,1.0,2.0,1.0,363.0
117,59,validacao,4 5 15 28,21,4 15 21,P,0.0,1.0,0.0,1.0,0.0,0.0,0.0,0.0,2.0,2.0,6.0,0.0,2.0,1.0,0.0,0.0,-468.0
117,58,validacao,4 8 15 28,21,4 15 21,V,2.0,2.0,5.0,0.0,2.0,1.0,2.0,0.0,0.0,1.0,0.0,1.0,0.0,0.0,0.0,0.0,409.0
117,39,validacao,6 9 17 22 27 28,0 3 4 11 19,,P,5.0,0.0,7.0,0.0,4.0,2.0,2.0,0.0,6.0,0.0,17.0,3.0,2.0,1.0,4.0,0.0,-195.0
118,25,validacao,9 13 17 20 23 27 28 30 31,0 3 4 5 8,9,P,5.0,0.0,4.0,0.0,2.0,2.0,4.0,0.0,8.0,1.0,12.0,3.0,3.0,3.0,6.0,1.0,-212.0
118,75,validacao,2 23 26,6,2 6,P,0.0,1.0,0.0,0.0,0.0,0.0,0.0,1.0,2.0,1.0,3.0,0.0,0.0,0.0,2.0,0.0,-212.0
118,32,validacao,20 23 26 27 28 31,3 4 9 16 21,,V,6.0,0.0,6.0,0.0,3.0,2.0,4.0,0.0,5.0,0.0,12.0,2.0,2.0,1.0,2.0,1.0,321.0
118,12,validacao,16 18 20 21 24 26 27 28 30 31,0 1 2 3 4 5 6 7 12,,V,10.0,0.0,13.0,2.0,3.0,3.0,9.0,0.0,9.0,0.0,7.0,0.0,3.0,4.0,8.0,0.0,129.0
118,35,validacao,6 21 23 26 27 31,3 4,,P,2.0,0.0,1.0,0.0,2.0,1.0,0.0,0.0,6.0,0.0,12.0,1.0,1.0,1.0,4.0,0.0,-510.0
118,62,validacao,6 14 19 23 31,24,6 24,V,4.0,1.0,9.0,1.0,1.0,1.0,2.0,0.0,0.0,1.0,0.0,0.0,0.0,0.0,0.0,0.0,451.0
118,11,validacao,16 18 20 21 24 26 27 28 30 31,0 1 2 3 4 5 6 7 8,,P,9.0,0.0,6.0,0.0,2.0,4.0,9.0,0.0,10.0,0.0,13.0,2.0,3.0,3.0,9.0,0.0,-119.0
118,43,validacao,15 16 23 26 27 31,13,15,P,1.0,0.0,3.0,1.0,0.0,0.0,0.0,1.0,5.0,1.0,7.0,0.0,1.0,1.0,4.0,1.0,-505.0
118,20,validacao,11 13 17 20 26 27 28 30 31,0 1 3 4 5 6 7,,V,9.0,0.0,16.0,2.0,4.0,3.0,6.0,0.0,7.0,0.0,4.0,0.0,2.0,3.0,7.0,1.0,396.0
118,26,validacao,13 20 23 27 28 30 31,0 3 4 8 21,,V,7.0,0.0,9.0,1.0,3.0,3.0,3.0,1.0,5.0,0.0,8.0,1.0,2.0,2.0,3.0,0.0,206.0
118,52,validacao,15 19 23 27 31,21,15 21,V,4.0,1.0,6.0,0.0,2.0,1.0,5.0,0.0,0.0,1.0,0.0,1.0,0.0,0.0,0.0,0.0,444.0
118,44,validacao,15 23 26 27 31,20,15,V,4.0,1.0,4.0,0.0,1.0,1.0,4.0,0.0,1.0,0.0,5.0,0.0,1.0,0.0,0.0,0.0,504.0
118,56,validacao,10 18 19 27 31,28,10 28,V,4.0,1.0,7.0,2.0,2.0,1.0,2.0,0.0,0.0,1.0,0.0,0.0,1.0,0.0,0.0,0.0,457.0
118,30,validacao,20 23 27 28 30 31,3 4 9 13 21,,V,6.0,0.0,5.0,0.0,3.0,3.0,3.0,0.0,5.0,0.0,11.0,3.0,2.0,1.0,2.0,0.0,79.0
118,53,validacao,10 19 23 27 31,21,10 21,P,0.0,1.0,0.0,1.0,0.0,0.0,0.0,0.0,4.0,1.0,6.0,1.0,2.0,1.0,4.0,0.0,-442.0
118,57,validacao,10 18 19 23 31,28,10 28,P,0.0,1.0,0.0,0.0,1.0,0.0,0.0,0.0,4.0,1.0,8.0,2.0,1.0,1.0,3.0,0.0,-457.0
118,31,validacao,20 23 26 27 28 31,3 4 9 13 21,,P,5.0,0.0,11.0,3.0,2.0,1.0,2.0,0.0,6.0,0.0,6.0,0.0,3.0,2.0,4.0,0.0,-81.0
118,68,validacao,11 23 26,1,1,V,3.0,0.0,8.0,0.0,1.0,0.0,2.0,0.0,0.0,1.0,0.0,0.0,0.0,1.0,0.0,0.0,155.0
118,72,validacao,2 23 26,9,2 9,V,2.0,1.0,3.0,0.0,0.0,0.0,2.0,0.0,0.0,1.0,0.0,1.0,0.0,0.0,0.0,0.0,212.0
118,13,validacao,16 17 18 20 24 26 27 28 30 31,0 1 2 3 4 5 6 7 12,,P,9.0,0.0,7.0,0.0,3.0,4.0,8.0,0.0,10.0,0.0,14.0,2.0,3.0,3.0,8.0,1.0,-32.0
118,36,validacao,6 21 23 26 27 31,4 7,,V,6.0,0.0,12.0,1.0,1.0,1.0,4.0,0.0,2.0,0.0,2.0,0.0,1.0,0.0,0.0,0.0,505.0
118,40,validacao,6 21 23 26 27 31,8 10,6,V,5.0,1.0,6.0,1.0,1.0,1.0,4.0,0.0,2.0,0.0,4.0,1.0,0.0,0.0,0.0,1.0,607.0
118,7,validacao,14 16 20 21 25 26 27 28 29 30 31,0 1 2 3 4 5 6 7 8 9,,P,10.0,0.0,8.0,1.0,2.0,4.0,10.0,0.0,11.0,0.0,14.0,2.0,3.0,4.0,9.0,1.0,-27.0
118,49,validacao,15 19 26 27 31,28,15 28,P,0.0,1.0,0.0,0.0,1.0,0.0,0.0,0.0,4.0,1.0,5.0,0.0,2.0,1.0,5.0,0.0,-444.0
118,70,validacao,7 23 26,5,5,V,3.0,0.0,9.0,0.0,0.0,0.0,2.0,0.0,0.0,1.0,0.0,0.0,0.0,0.0,0.0,0.0,211.0
118,61,validacao,6 14 19 23 31,21,6 21,P,0.0,1.0,0.0,1.0,0.0,0.0,0.0,0.0,4.0,1.0,9.0,1.0,1.0,1.0,2.0,0.0,-451.0
118,33,validacao,6 23 26 27 28 31,3 4 21,,P,3.0,0.0,6.0,1.0,2.0,1.0,0.0,0.0,6.0,0.0,10.0,0.0,2.0,2.0,4.0,0.0,-383.0
118,21,validacao,2 13 17 20 26 27 28 30 31,0 1 3 4 5 6,2,P,6.0,0.0,3.0,0.0,2.0,3.0,5.0,1.0,8.0,1.0,11.0,2.0,3.0,3.0,6.0,0.0,-398.0
118,28,validacao,9 20 23 27 28 30 31,0 3 4 13 21,,V,7.0,0.0,10.0,1.0,3.0,3.0,3.0,0.0,5.0,0.0,9.0,2.0,2.0,2.0,2.0,0.0,203.0
118,14,validacao,17 18 20 24 26 27 28 30 31,0 1 2 3 4 5 6 7 21,,V,9.0,0.0,11.0,2.0,3.0,3.0,7.0,0.0,9.0,0.0,9.0,1.0,2.0,4.0,8.0,0.0,134.0
118,37,validacao,2 21 23 26 27 31,4 7,2,P,2.0,0.0,2.0,0.0,1.0,0.0,0.0,1.0,5.0,1.0,6.0,1.0,1.0,1.0,4.0,0.0,-515.0
118,50,validacao,15 19 26 27 31,24,15 24,V,4.0,1.0,5.0,0.0,2.0,1.0,5.0,0.0,0.0,1.0,0.0,0.0,0.0,0.0,0.0,0.0,438.0
119,5,treino,16 20 22 24 25 26 27 28 29 30 31,0 1 2 3 4 6 7 8 10 11 14,,P,11.0,0.0,12.0,2.0,3.0,4.0,11.0,0.0,11.0,0.0,11.0,1.0,3.0,4.0,11.0,0.0,18.0
119,121,treino,0 13,27,0 13 27,P,0.0,1.0,0.0,0.0,1.0,0.0,0.0,0.0,0.0,2.0,0.0,1.0,0.0,0.0,0.0,0.0,-188.0
119,69,treino,1 4 13 20,14 15 27,1 4 14 27,P,1.0,2.0,3.0,1.0,1.0,0.0,0.0,0.0,2.0,2.0,6.0,1.0,2.0,0.0,0.0,0.0,-112.0
119,134,treino,13 18,30,13 18 30,V,0.0,2.0,0.0,2.0,0.0,0.0,0.0,0.0,0.0,1.0,0.0,0.0,0.0,0.0,0.0,0.0,1600.0
119,135,treino,16 18,30,16 18 30,P,0.0,1.0,0.0,0.0,0.0,0.0,0.0,0.0,0.0,2.0,0.0,1.0,0.0,0.0,0.0,0.0,-192.0
119,85,treino,9 16,18 27,9 27,P,1.0,1.0,4.0,1.0,1.0,0.0,0.0,0.0,1.0,1.0,3.0,1.0,0.0,0.0,0.0,0.0,-6.0
119,92,treino,8 12,25 27,8 25 27,V,1.0,1.0,4.0,0.0,1.0,0.0,2.0,0.0,0.0,2.0,0.0,0.0,1.0,0.0,0.0,0.0,-68.0
119,120,treino,4 13,27,4 13 27,V,0.0,2.0,0.0,1.0,1.0,0.0,0.0,0.0,0.0,1.0,0.0,0.0,1.0,0.0,0.0,0.0,192.0
119,60,treino,5 8 16 20,11 26 27,26 27,V,4.0,0.0,16.0,0.0,1.0,0.0,4.0,0.0,1.0,2.0,2.0,0.0,2.0,0.0,0.0,0.0,42.0
119,78,treino,1 20,8 18 27,1 8 27,V,1.0,1.0,2.0,0.0,1.0,0.0,0.0,0.0,1.0,2.0,4.0,1.0,1.0,0.0,0.0,0.0,-198.0
119,43,treino,12 19 20 24 25,3 11 14 27 31,31,P,4.0,1.0,11.0,1.0,3.0,1.0,2.0,0.0,5.0,0.0,11.0,0.0,3.0,0.0,2.0,0.0,81.0
119,14,treino,16 17 20 23 25 26 27 28 29 30,0 2 3 4 6 7 9 10 11,,V,10.0,0.0,13.0,1.0,3.0,3.0,8.0,0.0,9.0,0.0,9.0,2.0,3.0,3.0,9.0,0.0,119.0
119,104,treino,0 12,20 31,0 20 31,V,1.0,1.0,4.0,0.0,1.0,0.0,0.0,0.0,0.0,2.0,0.0,0.0,1.0,0.0,0.0,0.0,-68.0
119,109,treino,0 8,16 26,0 16 26,P,0.0,2.0,0.0,0.0,0.0,0.0,0.0,0.0,1.0,1.0,5.0,0.0,0.0,0.0,0.0,0.0,60.0
119,122,treino,0 13,31,0 13 31,V,0.0,2.0,0.0,1.0,0.0,0.0,0.0,0.0,0.0,1.0,0.0,0.0,0.0,0.0,0.0,0.0,186.0
119,77,treino,1 20,12 18 27,1 12 27,P,1.0,2.0,4.0,1.0,2.0,0.0,0.0,0.0,1.0,1.0,2.0,0.0,1.0,0.0,0.0,0.0,198.0
119,124,treino,5 13,27,5 13 27,V,0.0,2.0,0.0,1.0,0.0,0.0,0.0,0.0,0.0,1.0,0.0,0.0,1.0,0.0,0.0,0.0,198.0
119,55,treino,8 10 16 18 20,7 11 23 31,23 31,P,2.0,2.0,3.0,0.0,1.0,0.0,2.0,1.0,5.0,0.0,18.0,2.0,1.0,0.0,2.0,2.0,9.0
119,101,treino,5 12,20 31,5 20 31,P,0.0,2.0,0.0,0.0,1.0,0.0,0.0,0.0,1.0,1.0,4.0,0.0,1.0,0.0,0.0,0.0,63.0
119,44,treino,12 19 20 24 25,3 11 17 27 31,31,V,5.0,0.0,11.0,0.0,3.0,0.0,2.0,0.0,4.0,1.0,12.0,1.0,3.0,1.0,2.0,0.0,-84.0
119,102,treino,5 12,20 26,5 20 26,V,1.0,1.0,4.0,0.0,1.0,0.0,0.0,0.0,0.0,2.0,0.0,0.0,1.0,0.0,0.0,0.0,-67.0
119,56,treino,8 16 18 20,11 14 23 31,23 31,V,4.0,0.0,13.0,1.0,1.0,0.0,2.0,0.0,2.0,2.0,5.0,1.0,1.0,0.0,0.0,1.0,-17.0
119,82,treino,8 16,18 31,8 31,V,1.0,1.0,3.0,0.0,0.0,0.0,0.0,0.0,1.0,1.0,4.0,1.0,0.0,0.0,0.0,0.0,3.0
119,106,treino,0 8,16 31,0 16 31,V,1.0,1.0,5.0,0.0,0.0,0.0,0.0,0.0,0.0,2.0,0.0,0.0,0.0,0.0,0.0,0.0,-60.0
119,8,treino,16 20 24 25 26 27 28 29 30 31,0 1 2 3 4 6 7 10 11 17,,V,10.0,0.0,9.0,0.0,3.0,4.0,10.0,0.0,10.0,0.0,11.0,2.0,3.0,4.0,9.0,0.0,101.0
119,7,treino,13 16 20 24 25 26 27 28 29 30 31,0 1 2 3 4 6 7 8 10 11,,P,10.0,0.0,9.0,1.0,3.0,4.0,10.0,0.0,11.0,0.0,13.0,1.0,3.0,4.0,11.0,1.0,-10.0
119,148,treino,21,12,12 21,V,0.0,1.0,0.0,1.0,0.0,0.0,0.0,0.0,0.0,1.0,0.0,0.0,1.0,0.0,0.0,0.0,6.0
119,58,treino,8 9 16 20,11 26 31,26 31,V,4.0,0.0,15.0,1.0,1.0,0.0,2.0,0.0,1.0,2.0,2.0,0.0,1.0,0.0,2.0,0.0,-4.0
119,87,treino,13 16,22 27,13 27,P,1.0,1.0,5.0,1.0,1.0,0.0,0.0,0.0,1.0,1.0,3.0,1.0,0.0,0.0,2.0,0.0,0.0
119,96,treino,9 12,24 27,9 24 27,V,1.0,1.0,4.0,1.0,1.0,0.0,0.0,0.0,0.0,2.0,0.0,0.0,1.0,0.0,0.0,0.0,-67.0
119,52,treino,8 15 16 18 24,7 11 26 31,26 31,V,5.0,0.0,16.0,1.0,0.0,0.0,2.0,0.0,2.0,2.0,3.0,0.0,1.0,0.0,4.0,0.0,-18.0
119,13,treino,16 17 20 23 25 26 27 28 29 30,0 2 3 4 5 6 7 10 11,,P,9.0,0.0,8.0,1.0,3.0,3.0,9.0,0.0,10.0,0.0,13.0,1.0,3.0,3.0,8.0,0.0,-119.0
120,17,treino,14 26 27 28 29 30 31,0 2 3 4 7 8 10 11,,P,8.0,0.0,8.0,1.0,3.0,3.0,8.0,0.0,7.0,0.0,6.0,1.0,2.0,4.0,4.0,1.0,223.0
120,37,treino,15,2 3 4 5 8 11 29 31,29 31,P,6.0,2.0,6.0,0.0,3.0,2.0,3.0,0.0,1.0,0.0,4.0,0.0,0.0,0.0,0.0,1.0,1600.0
120,23,treino,18 24 27 28 30 31,2 3 4 5 7 8 15 17,,P,8.0,0.0,12.0,1.0,2.0,2.0,6.0,1.0,6.0,0.0,5.0,1.0,2.0,3.0,4.0,1.0,335.0
120,22,treino,23 24 27 28 30 31,2 3 4 5 7 8 15 17,,V,6.0,0.0,4.0,0.0,2.0,3.0,5.0,0.0,8.0,0.0,12.0,1.0,2.0,2.0,6.0,0.0,-214.0
120,5,treino,13 21 23 24 25 26 27 28 29 30 31,0 1 2 3 4 5 6 7 10 11 14,,P,11.0,0.0,11.0,2.0,3.0,4.0,11.0,0.0,11.0,0.0,12.0,2.0,2.0,4.0,10.0,0.0,22.0
120,24,treino,24 27 28 30 31,2 3 4 5 7 8 17 22,,V,5.0,0.0,2.0,0.0,2.0,3.0,4.0,0.0,8.0,0.0,14.0,2.0,2.0,2.0,8.0,0.0,-335.0
120,14,treino,18 23 26 27 28 29 30 31,0 2 3 4 7 8 9 10 11,,V,8.0,0.0,7.0,1.0,2.0,4.0,6.0,0.0,9.0,0.0,10.0,2.0,3.0,3.0,8.0,0.0,-125.0
120,35,treino,19,2 3 4 5 8 11 26 29,29,P,7.0,1.0,12.0,0.0,3.0,2.0,3.0,0.0,1.0,0.0,3.0,0.0,1.0,0.0,0.0,0.0,1600.0
120,25,treino,24 25 27 28 31,2 3 4 5 7 8 17 22,,P,8.0,0.0,14.0,2.0,2.0,2.0,8.0,1.0,5.0,0.0,3.0,0.0,2.0,2.0,4.0,1.0,498.0
120,28,treino,26 27 28,2 3 4 5 7 8 17 20,20,V,3.0,0.0,2.0,0.0,2.0,1.0,0.0,0.0,7.0,1.0,9.0,1.0,3.0,2.0,6.0,0.0,-628.0
120,32,treino,27,2 3 4 5 7 8 26 29,29,V,1.0,0.0,1.0,0.0,1.0,0.0,0.0,0.0,7.0,1.0,11.0,0.0,2.0,2.0,6.0,0.0,-899.0
120,15,treino,14 23 26 27 28 29 30 31,0 2 3 4 7 8 9 10 11,,P,9.0,0.0,10.0,2.0,3.0,3.0,8.0,1.0,8.0,0.0,8.0,1.0,2.0,4.0,5.0,1.0,237.0
120,9,treino,13 17 23 25 26 27 28 29 30 31,0 1 2 3 4 6 7 8 10 11,,P,10.0,0.0,9.0,1.0,3.0,4.0,10.0,0.0,10.0,0.0,12.0,2.0,2.0,4.0,9.0,0.0,18.0
120,33,treino,23,2 3 4 5 7 8 26 29,29,P,7.0,1.0,11.0,0.0,2.0,2.0,6.0,0.0,1.0,0.0,2.0,0.0,0.0,0.0,0.0,0.0,890.0
120,12,treino,23 25 26 27 28 29 30 31,0 2 3 4 5 7 8 10 11 22,,V,8.0,0.0,5.0,0.0,2.0,4.0,7.0,0.0,10.0,0.0,14.0,2.0,3.0,3.0,9.0,1.0,-119.0
120,36,treino,19,2 3 4 5 8 11 29 31,29 31,V,1.0,0.0,3.0,0.0,1.0,0.0,0.0,0.0,6.0,2.0,6.0,0.0,3.0,2.0,3.0,0.0,-1600.0
120,30,treino,27 28,2 3 4 5 7 8 20 26,20,V,2.0,0.0,1.0,0.0,2.0,1.0,0.0,0.0,7.0,1.0,11.0,0.0,3.0,2.0,6.0,0.0,-795.0
120,11,treino,9 17 23 25 26 27 28 29 30 31,0 2 3 4 5 6 7 8 10 11,,P,10.0,0.0,10.0,1.0,3.0,3.0,10.0,0.0,10.0,0.0,13.0,2.0,2.0,4.0,7.0,1.0,122.0
120,34,treino,23,2 3 4 5 8 11 26 29,29,V,1.0,0.0,2.0,0.0,0.0,0.0,0.0,0.0,7.0,1.0,12.0,0.0,3.0,2.0,3.0,0.0,-886.0
120,19,treino,24 26 27 28 30 31,0 2 3 4 7 8 11 17,,P,8.0,0.0,10.0,1.0,3.0,3.0,7.0,0.0,6.0,0.0,3.0,0.0,2.0,3.0,6.0,0.0,223.0
120,6,treino,13 21 23 24 25 26 27 28 29 30 31,0 1 2 3 4 6 7 8 10 11 14,,V,11.0,0.0,12.0,2.0,2.0,4.0,10.0,1.0,11.0,0.0,12.0,2.0,3.0,4.0,11.0,0.0,10.0
120,21,treino,23 24 27 28 30 31,0 2 3 4 7 8 15 17,,P,8.0,0.0,11.0,1.0,2.0,3.0,6.0,0.0,6.0,0.0,4.0,0.0,2.0,3.0,5.0,0.0,221.0
120,20,treino,24 26 27 28 30 31,0 2 3 4 7 8 15 17,,V,6.0,0.0,3.0,0.0,2.0,3.0,6.0,0.0,8.0,0.0,11.0,1.0,2.0,3.0,6.0,0.0,-215.0
120,13,treino,18 23 26 27 28 29 30 31,0 2 3 4 5 7 8 10 11,,P,9.0,0.0,9.0,1.0,3.0,3.0,9.0,0.0,8.0,0.0,7.0,1.0,2.0,4.0,6.0,0.0,125.0
120,27,treino,24 26 27 28,2 3 4 5 7 8 17 29,29,P,7.0,1.0,9.0,1.0,2.0,2.0,6.0,0.0,4.0,0.0,3.0,0.0,2.0,1.0,2.0,1.0,622.0
120,29,treino,22 27 28,2 3 4 5 7 8 17 20,20,P,7.0,1.0,9.0,1.0,3.0,2.0,6.0,1.0,3.0,0.0,3.0,1.0,2.0,1.0,0.0,1.0,733.0
120,7,treino,13 17 23 24 25 26 27 28 29 30 31,0 1 2 3 4 6 7 8 10 11 14,,P,11.0,0.0,12.0,2.0,3.0,4.0,11.0,0.0,11.0,0.0,13.0,2.0,2.0,4.0,11.0,1.0,-10.0
120,18,treino,26 27 28 29 30 31,0 2 3 4 7 8 11 17,,V,6.0,0.0,2.0,0.0,2.0,4.0,4.0,0.0,8.0,0.0,10.0,1.0,3.0,3.0,7.0,0.0,-223.0
120,8,treino,13 23 24 25 26 27 28 29 30 31,0 1 2 3 4 6 7 8 10 11 21,,V,10.0,0.0,10.0,1.0,2.0,4.0,9.0,1.0,11.0,0.0,14.0,2.0,3.0,4.0,10.0,1.0,-18.0
120,31,treino,24 27,2 3 4 5 7 8 20 26,20,P,7.0,1.0,11.0,0.0,3.0,2.0,6.0,0.0,2.0,0.0,2.0,0.0,1.0,0.0,0.0,1.0,837.0
120,26,treino,24 27 28 31,2 3 4 5 7 8 17 29,29,V,4.0,0.0,2.0,0.0,2.0,2.0,4.0,1.0,7.0,1.0,9.0,1.0,2.0,2.0,6.0,0.0,-498.0
120,16,treino,23 26 27 28 29 30 31,0 2 3 4 7 8 10 11 18,,V,7.0,0.0,4.0,0.0,2.0,4.0,5.0,0.0,9.0,0.0,12.0,2.0,3.0,3.0,8.0,1.0,-237.0
121,35,treino,0 17 23 25 27 28 29,9 11,0 17,P,2.0,0.0,4.0,1.0,1.0,0.0,0.0,0.0,5.0,2.0,4.0,1.0,2.0,2.0,4.0,0.0,-697.0
121,16,treino,12 20 22 23 25 27 28 29 30 31,2 4 5 6 7 8 9 10 13 15,,V,10.0,0.0,12.0,1.0,4.0,4.0,7.0,0.0,10.0,0.0,16.0,3.0,1.0,1.0,10.0,0.0,105.0
121,17,treino,12 19 20 22 25 27 28 29 30 31,2 4 5 6 7 8 9 10 13 15,,P,10.0,0.0,16.0,3.0,1.0,1.0,10.0,0.0,10.0,0.0,13.0,1.0,5.0,4.0,6.0,0.0,16.0
121,10,treino,20 21 23 25 26 27 28 29 30 31,1 2 3 4 6 8 9 10 11 13,,V,10.0,0.0,9.0,1.0,3.0,4.0,8.0,0.0,10.0,0.0,13.0,3.0,3.0,3.0,8.0,0.0,-8.0
121,36,treino,0 17 23 25 27 28 29,11 14,0 17,V,5.0,2.0,4.0,1.0,2.0,2.0,4.0,1.0,2.0,0.0,5.0,1.0,1.0,0.0,0.0,1.0,1600.0
121,4,treino,20 21 23 24 25 26 27 28 29 30 31,0 1 2 3 4 5 6 7 8 11 13 17,,V,11.0,0.0,10.0,1.0,3.0,4.0,11.0,0.0,12.0,0.0,15.0,2.0,3.0,4.0,12.0,1.0,-25.0
121,14,treino,16 20 22 23 25 27 28 29 30 31,2 3 4 5 6 8 9 10 13 15,,V,10.0,0.0,11.0,1.0,3.0,4.0,9.0,0.0,10.0,0.0,15.0,3.0,2.0,2.0,9.0,0.0,106.0
121,21,treino,12 13 19 25 27 28 29 30 31,2 4 5 6 7 8 10 15,,P,8.0,0.0,11.0,1.0,1.0,1.0,8.0,0.0,9.0,0.0,13.0,1.0,4.0,4.0,5.0,1.0,-8.0
121,33,treino,0 1 23 25 27 28 29,2 9 11 14,0 1,P,4.0,0.0,7.0,2.0,1.0,1.0,2.0,0.0,5.0,2.0,4.0,0.0,2.0,2.0,4.0,0.0,-465.0
121,31,treino,0 19 23 25 27 28 29,2 6 9 10 11 15,0,P,6.0,0.0,10.0,2.0,1.0,1.0,6.0,0.0,6.0,1.0,7.0,0.0,3.0,2.0,5.0,0.0,-167.0
121,7,treino,5 20 23 24 25 26 27 28 29 30 31,0 1 2 3 4 6 7 8 11 13,,P,10.0,0.0,10.0,1.0,3.0,4.0,10.0,0.0,11.0,0.0,14.0,0.0,3.0,4.0,10.0,1.0,11.0
121,34,treino,0 1 23 25 27 28 29,6 9 11 14,0 1,V,5.0,2.0,4.0,0.0,2.0,2.0,4.0,0.0,4.0,0.0,8.0,2.0,1.0,0.0,3.0,1.0,681.0
121,6,treino,14 20 23 24 25 26 27 28 29 30 31,0 1 2 3 4 6 7 8 9 11 13,,V,11.0,0.0,12.0,1.0,3.0,4.0,10.0,1.0,11.0,0.0,12.0,2.0,3.0,4.0,11.0,1.0,-20.0
121,37,treino,0 10 23 25 27 28 29,11,0 10,P,1.0,0.0,2.0,0.0,1.0,0.0,0.0,0.0,5.0,2.0,4.0,1.0,2.0,2.0,4.0,0.0,-1600.0
121,18,treino,12 19 20 22 25 27 28 29 30 31,2 4 5 6 7 8 9 10 15 17,,V,10.0,0.0,13.0,1.0,5.0,4.0,6.0,1.0,10.0,0.0,17.0,3.0,1.0,1.0,9.0,1.0,-16.0
121,19,treino,12 13 19 20 25 27 28 29 30 31,2 4 5 6 7 8 9 10 15,,P,9.0,0.0,13.0,2.0,1.0,1.0,9.0,0.0,10.0,0.0,15.0,1.0,5.0,4.0,5.0,1.0,6.0
121,12,treino,16 20 23 25 26 27 28 29 30 31,1 2 3 4 6 8 9 10 13 15,,V,10.0,0.0,10.0,0.0,3.0,4.0,9.0,0.0,10.0,0.0,14.0,3.0,2.0,3.0,9.0,0.0,-6.0
121,11,treino,16 20 23 25 26 27 28 29 30 31,1 2 3 4 6 8 9 10 11 13,,P,10.0,0.0,13.0,3.0,3.0,3.0,8.0,0.0,10.0,0.0,10.0,0.0,3.0,4.0,9.0,0.0,26.0
121,8,treino,20 23 24 25 26 27 28 29 30 31,1 2 3 4 6 7 8 9 11 13,,V,10.0,0.0,8.0,0.0,3.0,4.0,10.0,0.0,10.0,0.0,12.0,2.0,3.0,3.0,10.0,0.0,-17.0
121,32,treino,0 19 23 25 27 28 29,2 6 9 11 14 15,0,V,6.0,1.0,7.0,0.0,3.0,2.0,5.0,0.0,6.0,0.0,11.0,2.0,1.0,1.0,6.0,1.0,446.0
121,26,treino,12 19 25 27 28 29 30,2 5 6 7 8 10 15 26,,V,7.0,0.0,9.0,0.0,4.0,3.0,3.0,0.0,8.0,0.0,16.0,1.0,0.0,1.0,7.0,1.0,-6.0
121,9,treino,20 21 23 25 26 27 28 29 30 31,1 2 3 4 6 7 8 9 11 13,,P,10.0,0.0,12.0,2.0,3.0,3.0,10.0,0.0,10.0,0.0,9.0,1.0,3.0,4.0,8.0,0.0,8.0
121,20,treino,12 19 20 25 27 28 29 30 31,2 4 5 6 7 8 10 15 16,,V,9.0,0.0,11.0,0.0,5.0,4.0,5.0,0.0,9.0,0.0,15.0,1.0,1.0,1.0,8.0,1.0,-6.0
121,27,treino,12 19 23 25 27 28 29,2 5 6 7 8 10 15,,P,7.0,0.0,10.0,1.0,0.0,1.0,7.0,0.0,7.0,0.0,11.0,0.0,4.0,2.0,5.0,0.0,3.0
121,28,treino,12 19 23 25 27 28 29,2 6 7 8 9 10 15,,V,7.0,0.0,11.0,0.0,4.0,2.0,5.0,0.0,7.0,0.0,11.0,2.0,0.0,1.0,6.0,1.0,101.0
121,38,treino,0 10 23 25 27 28 29,15,0 10,V,5.0,2.0,4.0,1.0,2.0,2.0,4.0,0.0,1.0,0.0,3.0,0.0,0.0,0.0,0.0,1.0,1600.0
121,15,treino,12 20 22 23 25 27 28 29 30 31,2 3 4 5 6 8 9 10 13 15,,P,10.0,0.0,15.0,3.0,2.0,2.0,9.0,0.0,10.0,0.0,12.0,1.0,4.0,4.0,7.0,0.0,18.0
121,23,treino,12 19 25 26 27 28 29 30,2 4 5 6 7 10 15 17,,P,8.0,0.0,13.0,2.0,1.0,1.0,5.0,0.0,8.0,0.0,10.0,0.0,4.0,3.0,4.0,0.0,0.0
121,29,treino,5 19 23 25 27 28 29,2 6 7 9 10 15,,P,6.0,0.0,9.0,2.0,0.0,1.0,6.0,0.0,7.0,0.0,13.0,0.0,3.0,2.0,5.0,0.0,-101.0
121,24,treino,12 19 25 26 27 28 29 30,2 5 6 7 8 10 15 17,,V,8.0,0.0,10.0,0.0,4.0,3.0,4.0,0.0,8.0,0.0,14.0,2.0,0.0,1.0,7.0,0.0,3.0
121,13,treino,16 20 22 23 25 27 28 29 30 31,1 2 3 4 6 8 9 10 13 15,,P,10.0,0.0,14.0,3.0,2.0,3.0,9.0,0.0,10.0,0.0,11.0,1.0,3.0,4.0,9.0,0.0,21.0
121,5,treino,14 20 23 24 25 26 27 28 29 30 31,0 1 2 3 4 5 6 7 8 11 13,,P,11.0,0.0,11.0,1.0,3.0,4.0,11.0,0.0,11.0,0.0,12.0,1.0,3.0,4.0,10.0,0.0,20.0
122,45,validacao,24,9 15 17,,P,3.0,0.0,9.0,2.0,0.0,0.0,0.0,0.0,1.0,0.0,1.0,0.0,0.0,0.0,0.0,0.0,240.0
122,4,validacao,17 19 20 21 24 25 26 27 28 29 30 31,0 1 2 3 4 5 6 7 8 9 10 18,,V,12.0,0.0,14.0,2.0,4.0,4.0,11.0,0.0,12.0,0.0,14.0,3.0,2.0,4.0,11.0,0.0,18.0
122,28,validacao,20 23 24 28 31,1 2 5 6 12 14,,V,5.0,0.0,5.0,0.0,2.0,2.0,3.0,0.0,6.0,0.0,8.0,1.0,1.0,2.0,4.0,0.0,-110.0
122,38,validacao,26 28,1 8 15,,V,2.0,0.0,1.0,0.0,1.0,1.0,0.0,0.0,3.0,0.0,5.0,0.0,0.0,1.0,0.0,0.0,-110.0
122,47,validacao,21,14 15 17,,P,3.0,0.0,10.0,2.0,0.0,0.0,2.0,0.0,1.0,0.0,2.0,1.0,0.0,0.0,0.0,1.0,1600.0
122,16,validacao,17 19 20 25 28 29 30 31,0 1 2 4 6 7 8,,V,8.0,0.0,9.0,1.0,3.0,4.0,3.0,0.0,7.0,0.0,5.0,0.0,1.0,3.0,7.0,0.0,109.0
122,11,validacao,16 17 18 20 25 26 28 29 30 31,0 1 2 3 4 5 6 8 9,,P,9.0,0.0,7.0,1.0,2.0,4.0,8.0,0.0,10.0,0.0,13.0,2.0,2.0,4.0,7.0,0.0,-105.0
122,5,validacao,16 17 19 20 24 25 26 27 28 29 30 31,0 1 2 3 4 5 6 7 8 9 10 18,,P,12.0,0.0,14.0,3.0,2.0,4.0,11.0,0.0,12.0,0.0,15.0,1.0,4.0,4.0,10.0,0.0,24.0
122,26,validacao,15 20 23 24 28 31,1 2 5 6 7 12,,V,6.0,0.0,9.0,0.0,2.0,2.0,3.0,0.0,6.0,0.0,6.0,0.0,1.0,2.0,5.0,0.0,11.0
122,29,validacao,16 23 24 28 31,1 2 5 6 12 14,,P,6.0,0.0,8.0,1.0,1.0,2.0,4.0,0.0,5.0,0.0,6.0,0.0,1.0,2.0,2.0,1.0,110.0
122,39,validacao,22 28,1 8 15,,P,3.0,0.0,5.0,0.0,0.0,1.0,0.0,0.0,2.0,0.0,2.0,1.0,1.0,1.0,0.0,0.0,113.0
122,10,validacao,16 17 20 25 26 27 28 29 30 31,0 1 2 3 4 5 6 8 9 23,,V,10.0,0.0,11.0,1.0,3.0,4.0,8.0,0.0,10.0,0.0,12.0,1.0,2.0,4.0,8.0,1.0,103.0
122,40,validacao,22 28,6 8 15,,V,2.0,0.0,2.0,1.0,1.0,1.0,0.0,0.0,3.0,0.0,6.0,0.0,0.0,0.0,0.0,0.0,-112.0
122,32,validacao,23 28 31,1 2 5 15,,V,3.0,0.0,2.0,0.0,1.0,2.0,0.0,0.0,4.0,0.0,4.0,0.0,0.0,2.0,2.0,0.0,-110.0
122,9,validacao,16 17 20 25 26 27 28 29 30 31,0 1 2 3 4 5 6 8 9 18,,P,10.0,0.0,11.0,2.0,2.0,4.0,8.0,0.0,10.0,0.0,11.0,1.0,3.0,4.0,8.0,0.0,20.0
122,21,validacao,15 20 24 25 28 30 31,1 2 4 5 6 7 17,,P,7.0,0.0,8.0,1.0,1.0,2.0,5.0,0.0,7.0,0.0,8.0,0.0,2.0,3.0,5.0,0.0,11.0
122,22,validacao,15 20 24 25 28 30 31,1 2 5 6 7 8 17,,V,7.0,0.0,8.0,0.0,2.0,3.0,5.0,0.0,7.0,0.0,9.0,1.0,0.0,2.0,6.0,0.0,13.0
122,8,validacao,16 20 24 25 26 27 28 29 30 31,0 1 2 3 4 5 6 8 9 18 21,,V,10.0,0.0,9.0,0.0,3.0,4.0,10.0,0.0,11.0,0.0,16.0,3.0,2.0,4.0,8.0,1.0,-22.0
122,30,validacao,23 24 28 31,1 2 5 6 14 21,,V,4.0,0.0,3.0,0.0,1.0,2.0,2.0,0.0,6.0,0.0,10.0,2.0,0.0,2.0,4.0,1.0,-110.0
122,15,validacao,17 19 20 25 28 29 30 31,0 1 2 3 4 6 8,,P,7.0,0.0,4.0,0.0,2.0,4.0,6.0,0.0,8.0,0.0,9.0,1.0,3.0,4.0,3.0,0.0,-104.0
122,23,validacao,15 20 22 24 28 30 31,1 2 5 6 7 8 17,,P,7.0,0.0,9.0,1.0,0.0,2.0,6.0,1.0,7.0,0.0,9.0,1.0,2.0,3.0,3.0,1.0,-13.0
122,7,validacao,10 16 17 20 24 25 26 27 28 29 30 31,0 1 2 3 4 5 6 7 8 9 18,,P,11.0,0.0,12.0,2.0,2.0,4.0,10.0,0.0,12.0,0.0,17.0,2.0,3.0,4.0,10.0,1.0,4.0
122,33,validacao,19 28 31,1 2 5 15,,P,4.0,0.0,4.0,0.0,0.0,2.0,2.0,1.0,3.0,0.0,3.0,0.0,2.0,2.0,0.0,0.0,113.0
122,42,validacao,17 28,8 9 15,,V,2.0,0.0,3.0,1.0,1.0,1.0,0.0,0.0,3.0,0.0,7.0,1.0,0.0,0.0,0.0,0.0,-134.0
122,44,validacao,28,9 15 17,,V,1.0,0.0,0.0,0.0,1.0,1.0,0.0,0.0,3.0,0.0,9.0,2.0,0.0,0.0,0.0,0.0,-245.0
122,6,validacao,16 17 19 20 24 25 26 27 28 29 30 31,0 1 2 3 4 5 6 7 8 9 15 18,,V,12.0,0.0,15.0,1.0,4.0,4.0,10.0,0.0,12.0,0.0,15.0,2.0,2.0,4.0,12.0,1.0,-13.0
122,37,validacao,26 28,1 5 15,,P,3.0,0.0,4.0,0.0,0.0,1.0,2.0,0.0,2.0,0.0,1.0,0.0,1.0,1.0,0.0,0.0,125.0
122,25,validacao,15 20 23 24 28 31,1 2 5 6 7 8,,P,6.0,0.0,5.0,0.0,0.0,2.0,6.0,0.0,6.0,0.0,9.0,0.0,2.0,2.0,3.0,0.0,7.0
122,12,validacao,16 17 18 20 25 26 28 29 30 31,0 1 2 3 4 5 6 8 13,,V,10.0,0.0,13.0,2.0,2.0,4.0,7.0,1.0,9.0,0.0,8.0,1.0,2.0,4.0,8.0,1.0,114.0
122,35,validacao,10 28 31,1 5 6,,P,3.0,0.0,2.0,0.0,0.0,1.0,3.0,0.0,3.0,0.0,5.0,1.0,1.0,2.0,0.0,1.0,111.0
122,19,validacao,19 20 24 25 28 30 31,0 1 2 4 6 7 17,,P,7.0,0.0,7.0,1.0,1.0,3.0,6.0,0.0,7.0,0.0,7.0,0.0,3.0,3.0,5.0,0.0,-8.0
122,46,validacao,24,14 15 17,,V,1.0,0.0,1.0,0.0,0.0,0.0,0.0,0.0,3.0,0.0,10.0,2.0,0.0,0.0,2.0,0.0,-252.0
123,15,treino,12 17 18 20 23 24 27 28 30 31,0 1 2 3 4 5 7 10 11,,P,9.0,0.0,7.0,1.0,3.0,4.0,9.0,0.0,10.0,0.0,16.0,2.0,4.0,3.0,7.0,0.0,-115.0
123,9,treino,12 17 18 20 24 25 26 27 28 30 31,0 1 2 3 4 5 6 7 9 11,,P,10.0,0.0,8.0,1.0,3.0,4.0,10.0,0.0,11.0,0.0,16.0,2.0,4.0,3.0,8.0,0.0,173.0
123,35,treino,5 11 16 24 25 27 28,0 9,11,P,2.0,0.0,2.0,1.0,0.0,1.0,0.0,0.0,6.0,1.0,12.0,0.0,3.0,1.0,2.0,0.0,-675.0
123,5,treino,17 18 20 21 24 26 27 28 29 30 31,0 1 2 3 4 5 6 7 8 9 11,,P,11.0,0.0,10.0,1.0,3.0,4.0,11.0,0.0,11.0,0.0,13.0,3.0,3.0,4.0,10.0,0.0,1.0
123,17,treino,10 12 18 20 23 24 27 28 30 31,0 1 2 3 4 5 7 11,,P,8.0,0.0,5.0,0.0,3.0,4.0,8.0,0.0,10.0,0.0,18.0,2.0,4.0,3.0,7.0,1.0,-116.0
123,42,treino,0 7 9 24 25 27 28,13,0 7,V,5.0,2.0,8.0,1.0,2.0,1.0,2.0,0.0,1.0,0.0,3.0,1.0,0.0,0.0,0.0,0.0,1600.0
123,30,treino,11 12 20 24 27 28 30,0 4 5,11,V,6.0,1.0,8.0,0.0,5.0,2.0,3.0,0.0,3.0,0.0,2.0,0.0,1.0,1.0,3.0,0.0,501.0
123,40,treino,5 7 9 24 25 27 28,8,7,V,6.0,1.0,14.0,1.0,2.0,1.0,4.0,0.0,1.0,0.0,2.0,0.0,0.0,0.0,0.0,0.0,789.0
123,23,treino,12 18 20 24 28 30 31,0 1 2 3 4 11,,P,6.0,0.0,3.0,0.0,3.0,4.0,2.0,0.0,7.0,0.0,10.0,1.0,3.0,3.0,3.0,0.0,-115.0
123,16,treino,12 17 18 20 23 24 27 28 30 31,0 1 2 3 4 5 7 11 14,,V,10.0,0.0,16.0,2.0,4.0,3.0,7.0,1.0,9.0,0.0,8.0,1.0,3.0,4.0,8.0,1.0,119.0
123,33,treino,11 12 16 24 25 27 28,0 4 9,11,P,3.0,0.0,3.0,1.0,1.0,1.0,2.0,0.0,6.0,1.0,10.0,0.0,4.0,1.0,4.0,0.0,-516.0
123,21,treino,12 18 20 24 27 28 30 31,0 1 2 3 4 11 14,,P,7.0,0.0,6.0,1.0,3.0,4.0,2.0,1.0,8.0,0.0,11.0,1.0,4.0,3.0,5.0,1.0,-126.0
123,44,treino,0 9 11 24 25 27 28,17,0 11,V,5.0,2.0,8.0,1.0,3.0,1.0,2.0,0.0,1.0,0.0,4.0,1.0,0.0,0.0,0.0,0.0,1600.0
123,7,treino,17 18 20 21 24 25 26 27 28 30 31,0 1 2 3 4 5 6 7 9 11 12,,P,11.0,0.0,11.0,1.0,4.0,4.0,10.0,0.0,11.0,0.0,14.0,3.0,3.0,3.0,10.0,0.0,283.0
123,14,treino,12 17 20 23 24 25 27 28 30 31,0 1 2 3 4 5 7 10 11 22,,V,10.0,0.0,14.0,1.0,4.0,3.0,8.0,1.0,10.0,0.0,12.0,2.0,3.0,4.0,9.0,1.0,112.0
123,45,treino,4 9 11 24 25 27 28,17,4 11,P,1.0,0.0,4.0,1.0,0.0,0.0,0.0,0.0,5.0,2.0,8.0,1.0,4.0,1.0,2.0,0.0,-1600.0
123,26,treino,12 18 20 24 27 28 30,0 1 3 4 7 15,,V,7.0,0.0,11.0,1.0,4.0,2.0,3.0,1.0,6.0,0.0,5.0,0.0,2.0,3.0,4.0,1.0,393.0
123,28,treino,2 12 20 24 27 28 30,0 1 4 7,2,V,6.0,1.0,8.0,0.0,4.0,2.0,3.0,0.0,4.0,0.0,2.0,0.0,1.0,2.0,2.0,1.0,501.0
123,22,treino,12 20 24 27 28 30 31,0 1 2 3 4 11 23,,V,7.0,0.0,8.0,0.0,4.0,3.0,5.0,0.0,7.0,0.0,8.0,0.0,3.0,4.0,2.0,1.0,115.0
123,24,treino,12 18 20 24 28 30 31,0 1 3 4 7 11,,V,7.0,0.0,10.0,1.0,3.0,3.0,3.0,0.0,6.0,0.0,4.0,0.0,3.0,3.0,5.0,0.0,112.0
123,4,treino,17 20 21 24 25 26 27 28 29 30 31,0 1 2 3 4 5 6 7 8 9 11 22,,V,11.0,0.0,11.0,2.0,3.0,4.0,11.0,0.0,12.0,0.0,15.0,2.0,3.0,4.0,11.0,1.0,-1.0
123,11,treino,12 14 17 20 24 25 26 27 28 30 31,0 1 2 3 4 5 7 9 10 11,,P,10.0,0.0,9.0,2.0,3.0,4.0,10.0,0.0,11.0,0.0,17.0,2.0,4.0,3.0,10.0,1.0,-23.0
123,34,treino,11 12 16 24 25 27 28,0 8 9,11,V,6.0,1.0,10.0,0.0,4.0,1.0,4.0,0.0,3.0,0.0,4.0,1.0,0.0,1.0,0.0,1.0,597.0
123,38,treino,5 9 11 24 25 27 28,4,11,V,6.0,1.0,14.0,1.0,3.0,1.0,4.0,0.0,1.0,0.0,1.0,0.0,1.0,0.0,0.0,0.0,800.0
123,37,treino,5 9 11 24 25 27 28,0,11,P,1.0,0.0,0.0,0.0,0.0,1.0,0.0,0.0,6.0,1.0,14.0,1.0,3.0,1.0,4.0,0.0,-801.0
123,8,treino,17 18 20 21 24 25 26 27 28 30 31,0 1 2 3 4 5 6 7 9 11 16,,V,11.0,0.0,14.0,3.0,3.0,3.0,10.0,0.0,11.0,0.0,12.0,1.0,3.0,4.0,10.0,1.0,126.0
123,41,treino,0 7 9 24 25 27 28,8,0 7,P,1.0,0.0,2.0,0.0,0.0,0.0,0.0,0.0,5.0,2.0,8.0,1.0,2.0,1.0,2.0,0.0,-801.0
123,29,treino,11 12 20 24 27 28 30,0 1 4,11,P,3.0,0.0,1.0,0.0,1.0,2.0,2.0,0.0,6.0,1.0,8.0,0.0,5.0,2.0,3.0,0.0,-501.0
123,18,treino,12 18 20 23 24 27 28 30 31,0 1 2 3 4 5 11 14,,V,9.0,0.0,13.0,1.0,4.0,3.0,7.0,0.0,8.0,0.0,7.0,1.0,3.0,4.0,4.0,1.0,116.0
123,25,treino,12 18 20 24 27 28 30,0 1 3 4 7 11,,P,6.0,0.0,4.0,0.0,3.0,3.0,5.0,0.0,7.0,0.0,11.0,1.0,4.0,2.0,3.0,0.0,-108.0
123,31,treino,11 12 16 24 27 28 30,0 4 5,11,P,3.0,0.0,2.0,0.0,1.0,1.0,3.0,0.0,6.0,1.0,9.0,0.0,4.0,2.0,4.0,0.0,-498.0
123,20,treino,12 20 23 24 27 28 30 31,0 1 2 3 4 11 14,,V,8.0,0.0,10.0,0.0,4.0,3.0,6.0,0.0,7.0,0.0,6.0,1.0,3.0,4.0,2.0,0.0,126.0
124,7,treino,17 21 22 23 24 25 27 28 29 30 31,0 1 2 3 4 6 7 8 10 14 15,,P,11.0,0.0,13.0,2.0,2.0,4.0,11.0,0.0,11.0,0.0,12.0,3.0,2.0,4.0,11.0,0.0,10.0
124,8,treino,17 21 22 23 24 25 27 28 29 30 31,0 1 2 3 4 6 7 8 10 14 18,,V,11.0,0.0,12.0,3.0,2.0,4.0,11.0,0.0,11.0,0.0,14.0,3.0,2.0,4.0,11.0,1.0,30.0
124,9,treino,15 17 21 23 24 25 27 28 29 30 31,0 1 2 3 4 6 7 8 10 14,,P,10.0,0.0,10.0,2.0,2.0,4.0,10.0,0.0,11.0,0.0,14.0,2.0,2.0,4.0,10.0,1.0,-30.0
124,10,treino,17 21 24 25 27 28 29 30 31,0 1 2 3 4 6 7 8 14 26,,V,9.0,0.0,8.0,2.0,2.0,4.0,9.0,0.0,10.0,0.0,14.0,1.0,2.0,4.0,8.0,2.0,5.0
124,11,treino,17 21 23 24 25 27 28 29 31,0 1 2 3 4 6 7 8 14,,P,9.0,0.0,8.0,1.0,2.0,4.0,8.0,1.0,9.0,0.0,10.0,2.0,2.0,3.0,9.0,0.0,4.0
124,12,treino,17 21 23 24 25 27 28 29 31,0 1 2 3 4 7 8 9 14,,V,9.0,0.0,10.0,2.0,2.0,3.0,9.0,0.0,9.0,0.0,9.0,2.0,2.0,4.0,8.0,1.0,-4.0
124,13,treino,10 21 23 24 25 27 28 29 31,0 1 2 3 4 7 8 9,,P,8.0,0.0,6.0,1.0,2.0,4.0,6.0,0.0,9.0,0.0,12.0,2.0,2.0,3.0,8.0,1.0,-12.0
124,14,treino,21 23 24 25 27 28 29 31,0 1 2 3 4 8 9 14,,V,8.0,0.0,7.0,1.0,2.0,3.0,8.0,0.0,8.0,0.0,8.0,2.0,2.0,4.0,5.0,0.0,12.0
124,15,treino,19 21 24 25 27 28 29 31,0 1 2 3 4 8 9 14,,P,8.0,0.0,8.0,2.0,2.0,4.0,5.0,0.0,8.0,0.0,8.0,1.0,3.0,3.0,7.0,0.0,5.0
124,16,treino,19 21 24 25 27 28 29 31,0 2 3 4 6 8 9 14,,V,8.0,0.0,8.0,1.0,3.0,3.0,7.0,0.0,8.0,0.0,9.0,2.0,2.0,3.0,7.0,0.0,-10.0
124,17,treino,16 19 24 25 27 28 29 31,0 2 3 4 6 8 9 14,,P,8.0,0.0,9.0,2.0,2.0,3.0,7.0,0.0,8.0,0.0,9.0,0.0,3.0,3.0,6.0,0.0,17.0
124,18,treino,16 19 24 25 27 28 29 31,0 2 3 4 8 9 10 14,,V,8.0,0.0,9.0,0.0,3.0,3.0,6.0,0.0,8.0,0.0,10.0,3.0,2.0,3.0,6.0,0.0,-27.0
124,19,treino,16 19 24 25 26 27 28 29,0 2 3 4 8 9 10 14,,P,8.0,0.0,10.0,3.0,2.0,3.0,6.0,0.0,8.0,0.0,10.0,0.0,3.0,2.0,4.0,0.0,30.0
124,20,treino,16 19 24 25 26 27 28 29,0 2 4 7 8 9 10 14,,V,8.0,0.0,10.0,0.0,3.0,2.0,4.0,0.0,8.0,0.0,11.0,3.0,1.0,2.0,8.0,0.0,-37.0
124,21,treino,16 19 23 24 25 26 28 29,0 2 4 7 8 9 10 14,,P,8.0,0.0,11.0,3.0,1.0,2.0,8.0,0.0,8.0,0.0,11.0,0.0,2.0,2.0,7.0,0.0,23.0
124,22,treino,16 19 23 24 25 26 28 29,0 2 4 8 9 10 11 14,,V,8.0,0.0,11.0,0.0,2.0,2.0,7.0,0.0,8.0,0.0,12.0,3.0,2.0,2.0,6.0,0.0,-26.0
124,23,treino,13 19 23 24 25 26 28 29,0 2 4 8 9 10 11 14,,P,8.0,0.0,12.0,3.0,2.0,2.0,6.0,1.0,8.0,0.0,12.0,1.0,2.0,2.0,7.0,1.0,114.0
124,24,treino,19 23 24 25 26 28 29,0 2 4 8 10 11 14 16,,V,7.0,0.0,8.0,0.0,2.0,2.0,7.0,0.0,8.0,0.0,14.0,2.0,2.0,2.0,5.0,0.0,-110.0
124,25,treino,18 19 24 25 26 28 29,0 2 4 8 10 11 14 16,,P,8.0,0.0,14.0,2.0,2.0,2.0,5.0,1.0,7.0,0.0,9.0,1.0,2.0,2.0,4.0,1.0,379.0
124,26,treino,19 24 25 28 29,0 2 4 8 10 11 16 30,30,V,5.0,0.0,5.0,0.0,2.0,2.0,4.0,1.0,7.0,1.0,11.0,1.0,2.0,2.0,3.0,0.0,-390.0
124,27,treino,15 24 25 28 29,0 2 4 8 10 11 16 30,30,P,7.0,1.0,11.0,1.0,2.0,2.0,3.0,1.0,5.0,0.0,6.0,0.0,1.0,2.0,4.0,2.0,492.0
124,28,treino,24 25 28 29,0 2 4 8 10 16 18 30,30,V,4.0,0.0,2.0,0.0,1.0,2.0,4.0,1.0,7.0,1.0,13.0,2.0,1.0,2.0,3.0,0.0,-401.0
124,29,treino,20 25 28 29,0 2 4 8 10 16 18 30,30,P,7.0,1.0,13.0,2.0,1.0,2.0,3.0,1.0,4.0,0.0,3.0,0.0,2.0,2.0,2.0,1.0,649.0
124,30,treino,20 28 29,0 2 4 8 10 16 18 21,21,V,3.0,0.0,2.0,0.0,2.0,2.0,0.0,0.0,7.0,1.0,13.0,3.0,1.0,2.0,5.0,1.0,-649.0
124,31,treino,13 28 29,0 2 4 8 10 18 21,21,P,6.0,1.0,9.0,3.0,1.0,2.0,3.0,0.0,3.0,0.0,4.0,1.0,1.0,2.0,0.0,1.0,644.0
124,32,treino,28 29,0 2 4 10 17 18 21,21,V,2.0,0.0,0.0,0.0,1.0,2.0,0.0,0.0,6.0,1.0,11.0,4.0,1.0,2.0,4.0,0.0,-653.0
124,33,treino,24 29,0 2 4 10 17 18 21,21,P,6.0,1.0,11.0,4.0,1.0,2.0,4.0,0.0,2.0,0.0,1.0,0.0,0.0,1.0,2.0,1.0,746.0
124,34,treino,29,0 2 4 10 17 18 28,28,V,1.0,0.0,0.0,0.0,0.0,1.0,0.0,0.0,6.0,1.0,11.0,3.0,2.0,2.0,2.0,0.0,-771.0
124,35,treino,24,0 2 4 10 17 18 28,28,P,6.0,1.0,11.0,3.0,2.0,2.0,2.0,0.0,1.0,0.0,1.0,0.0,0.0,0.0,0.0,1.0,1600.0
125,71,teste,4 5 6 21,20 25,4 6 20 25,P,0.0,2.0,0.0,0.0,1.0,0.0,0.0,0.0,2.0,2.0,8.0,1.0,1.0,0.0,0.0,1.0,-180.0
125,52,teste,4 13 14 28,10 16 20 22,4 20,V,3.0,1.0,8.0,2.0,2.0,1.0,0.0,1.0,3.0,1.0,11.0,2.0,1.0,0.0,2.0,1.0,100.0
125,30,teste,13 22 23 28 31,0 2 4 5 10 12 14 20,20,V,5.0,0.0,8.0,2.0,1.0,2.0,0.0,0.0,7.0,1.0,10.0,2.0,3.0,2.0,5.0,0.0,-411.0
125,36,teste,13 14 28 31,0 2 4 5 12 15 20 26,20,V,4.0,0.0,8.0,2.0,1.0,2.0,0.0,0.0,7.0,1.0,14.0,0.0,3.0,2.0,3.0,1.0,-514.0
125,43,teste,0 14 17 28,2 5 8 12 15 20,0 20,P,5.0,1.0,9.0,0.0,2.0,1.0,3.0,1.0,3.0,1.0,7.0,2.0,1.0,1.0,2.0,0.0,93.0
125,54,teste,4 7 13 28,16 20 26,4 20,V,3.0,1.0,10.0,1.0,2.0,1.0,0.0,0.0,2.0,1.0,10.0,0.0,1.0,0.0,2.0,0.0,108.0
125,7,teste,11 17 20 21 23 24 26 27 28 29 30 31,0 1 2 3 4 5 6 7 8 9 19,,P,11.0,0.0,12.0,1.0,3.0,4.0,10.0,0.0,12.0,0.0,17.0,2.0,4.0,4.0,11.0,0.0,-107.0
125,9,teste,10 11 20 21 23 24 26 27 28 29 30 31,0 1 2 3 4 5 6 7 8 19,,P,10.0,0.0,10.0,0.0,3.0,4.0,9.0,0.0,12.0,0.0,19.0,2.0,4.0,4.0,10.0,1.0,-130.0
125,25,teste,8 13 23 26 28 30 31,0 1 2 4 5 10 14 19 20,20,P,8.0,1.0,11.0,2.0,3.0,3.0,6.0,0.0,7.0,0.0,12.0,1.0,1.0,3.0,6.0,1.0,403.0
125,15,teste,11 13 21 23 24 25 26 27 28 30 31,0 1 2 3 4 5 10 12 15 19,,P,10.0,0.0,14.0,1.0,4.0,4.0,7.0,0.0,11.0,0.0,17.0,2.0,3.0,3.0,9.0,0.0,-98.0
125,4,teste,17 20 21 22 23 24 26 27 28 29 30 31,0 1 2 3 4 5 6 7 8 9 10 19,,V,12.0,0.0,14.0,3.0,3.0,4.0,12.0,0.0,12.0,0.0,14.0,2.0,3.0,4.0,11.0,0.0,-1.0
125,42,teste,4 14 17 28,2 5 8 12 15 20,20,V,4.0,0.0,13.0,2.0,2.0,1.0,2.0,0.0,5.0,1.0,9.0,0.0,2.0,1.0,3.0,0.0,-93.0
125,20,teste,11 12 13 24 26 27 28 30 31,0 1 2 3 4 5 14 19 29,29,V,9.0,0.0,16.0,1.0,4.0,3.0,6.0,1.0,8.0,1.0,9.0,1.0,3.0,4.0,4.0,0.0,-163.0
125,40,teste,4 14 22 28,0 2 8 12 15 20,20,V,4.0,0.0,12.0,2.0,2.0,1.0,0.0,0.0,5.0,1.0,8.0,0.0,2.0,2.0,2.0,0.0,-266.0
125,6,teste,17 18 20 21 23 24 26 27 28 29 30 31,0 1 2 3 4 5 6 7 8 9 15 19,,V,12.0,0.0,15.0,3.0,3.0,4.0,12.0,1.0,12.0,0.0,15.0,1.0,3.0,4.0,12.0,1.0,107.0
125,11,teste,11 16 21 23 24 26 27 28 29 30 31,0 1 2 3 4 5 7 8 15 19,,P,10.0,0.0,12.0,0.0,3.0,4.0,10.0,0.0,11.0,0.0,15.0,1.0,3.0,4.0,10.0,0.0,-106.0
125,64,teste,0 6 13 28,20 25 29,0 6 20 25 29,V,2.0,2.0,4.0,1.0,1.0,1.0,0.0,0.0,0.0,3.0,0.0,0.0,1.0,0.0,2.0,0.0,48.0
125,19,teste,11 12 13 18 24 25 26 27 28 30 31,0 1 2 3 4 5 14 15 19,,P,9.0,0.0,12.0,1.0,3.0,4.0,6.0,1.0,11.0,0.0,20.0,2.0,4.0,3.0,7.0,1.0,64.0
125,21,teste,7 12 13 24 26 27 28 30 31,0 1 2 3 4 5 14 19 29,29,P,8.0,1.0,9.0,1.0,3.0,4.0,4.0,0.0,9.0,0.0,17.0,1.0,3.0,3.0,6.0,2.0,292.0
125,34,teste,13 17 28 31,0 2 4 5 12 15 20 23,20,V,4.0,0.0,7.0,2.0,1.0,2.0,2.0,0.0,7.0,1.0,13.0,0.0,3.0,2.0,3.0,0.0,-507.0
125,26,teste,13 23 26 28 30 31,0 1 2 4 10 12 14 19 20,20,V,6.0,0.0,7.0,1.0,1.0,3.0,4.0,0.0,8.0,1.0,13.0,2.0,4.0,3.0,4.0,0.0,-403.0
125,69,teste,4 5 6 28,20 21 24,4 6 20 21 24,P,0.0,3.0,0.0,1.0,1.0,0.0,3.0,0.0,2.0,2.0,6.0,0.0,2.0,1.0,0.0,0.0,-99.0
125,50,teste,4 14 17 28,7 16 20 22,4 20,V,3.0,1.0,7.0,2.0,2.0,1.0,2.0,0.0,3.0,1.0,10.0,1.0,1.0,0.0,2.0,0.0,-4.0
125,46,teste,9 14 17 28,2 8 12 20 22,9 20,V,3.0,1.0,7.0,3.0,1.0,1.0,3.0,0.0,4.0,1.0,10.0,1.0,2.0,1.0,2.0,0.0,2.0
125,44,teste,0 14 17 28,2 5 8 12 18 20,0 20,V,3.0,1.0,7.0,2.0,1.0,1.0,2.0,0.0,5.0,1.0,10.0,1.0,2.0,1.0,3.0,1.0,-96.0
125,73,teste,1 4 6,16 20,1 4 6 16 20,P,0.0,2.0,0.0,0.0,1.0,0.0,2.0,0.0,0.0,3.0,0.0,0.0,1.0,0.0,2.0,0.0,-180.0
125,57,teste,2 8 13 28,16 20 30,2 8 20 30,P,1.0,2.0,4.0,0.0,1.0,0.0,2.0,0.0,2.0,2.0,4.0,1.0,1.0,1.0,2.0,0.0,-107.0
125,41,teste,4 14 17 28,0 2 8 12 15 20,20,P,5.0,1.0,8.0,0.0,2.0,2.0,2.0,0.0,4.0,0.0,13.0,2.0,2.0,1.0,2.0,0.0,269.0
125,68,teste,4 6 9 28,20 21 24,4 6 20 21 24,V,2.0,2.0,5.0,1.0,2.0,1.0,2.0,0.0,0.0,3.0,0.0,1.0,1.0,0.0,3.0,0.0,40.0
125,23,teste,12 13 23 24 26 28 30 31,0 1 2 4 5 10 14 19 29,29,P,8.0,1.0,11.0,2.0,2.0,3.0,6.0,0.0,8.0,0.0,12.0,1.0,2.0,3.0,6.0,1.0,287.0
125,8,teste,11 17 20 21 23 24 26 27 28 29 30 31,0 1 2 3 4 5 6 7 8 14 19,,V,12.0,0.0,17.0,2.0,4.0,4.0,11.0,0.0,11.0,0.0,13.0,1.0,3.0,4.0,9.0,1.0,114.0
125,29,teste,13 22 23 28 31,0 1 2 4 10 12 14 20,20,P,7.0,1.0,9.0,2.0,3.0,3.0,4.0,0.0,5.0,0.0,8.0,2.0,1.0,2.0,0.0,0.0,404.0
126,50,treino,4,7 10 20 26 27,4 20,V,0.0,1.0,0.0,0.0,1.0,0.0,0.0,0.0,4.0,1.0,15.0,1.0,2.0,0.0,2.0,0.0,-529.0
126,28,treino,4 14 24 25 28 29 31,1 2 3 7 15 20,,V,7.0,0.0,12.0,1.0,2.0,3.0,4.0,0.0,6.0,0.0,9.0,0.0,2.0,3.0,3.0,0.0,160.0
126,43,treino,0 24 25 27,6 7 17 18 29,0 29,P,4.0,1.0,10.0,2.0,0.0,0.0,0.0,0.0,3.0,1.0,3.0,0.0,1.0,0.0,0.0,2.0,244.0
126,9,treino,14 17 21 22 24 26 27 28 29 30 31,0 1 2 3 5 6 7 8 10 11 13 20,,P,12.0,0.0,17.0,2.0,3.0,4.0,11.0,0.0,11.0,0.0,14.0,4.0,2.0,4.0,11.0,0.0,122.0
126,5,treino,17 21 22 23 24 26 27 28 29 30 31,0 1 2 3 4 5 6 7 9 10 11 20,,P,12.0,0.0,15.0,2.0,4.0,4.0,11.0,0.0,11.0,0.0,12.0,3.0,2.0,4.0,11.0,0.0,117.0
126,39,treino,0 14 24 27 28 29,6 7 10 18 20,0,P,5.0,0.0,13.0,2.0,1.0,0.0,3.0,0.0,5.0,1.0,6.0,1.0,2.0,2.0,3.0,1.0,-60.0
126,56,treino,9,10 15 20 26 31,9 20 31,V,0.0,1.0,0.0,1.0,0.0,0.0,0.0,0.0,3.0,2.0,11.0,1.0,1.0,0.0,4.0,0.0,-583.0
126,29,treino,4 14 22 24 28 29 31,1 2 3 7 15 20,,P,6.0,0.0,9.0,0.0,2.0,3.0,3.0,0.0,7.0,0.0,13.0,2.0,2.0,3.0,3.0,0.0,-106.0
126,27,treino,4 14 24 25 28 29 31,1 2 3 7 11 20,,P,6.0,0.0,8.0,0.0,3.0,3.0,4.0,0.0,7.0,0.0,12.0,1.0,2.0,3.0,4.0,0.0,-107.0
126,36,treino,0 17 24 28 29 31,6 7 10 15 20,0,V,5.0,1.0,4.0,1.0,1.0,3.0,3.0,0.0,5.0,0.0,12.0,1.0,1.0,0.0,4.0,0.0,165.0
126,32,treino,4 22 24 28 29 31,1 2 10 15 20,,V,6.0,0.0,9.0,1.0,2.0,3.0,3.0,0.0,5.0,0.0,10.0,1.0,1.0,2.0,2.0,0.0,161.0
126,17,treino,8 18 21 24 27 28 29 30 31,1 2 3 6 7 9 10 11 20,,P,9.0,0.0,13.0,2.0,3.0,3.0,8.0,0.0,9.0,0.0,12.0,2.0,2.0,4.0,6.0,0.0,13.0
126,16,treino,17 18 21 24 27 28 29 30 31,1 2 3 6 7 9 10 11 13 20,,V,9.0,0.0,10.0,3.0,2.0,4.0,7.0,1.0,10.0,0.0,16.0,3.0,3.0,3.0,9.0,1.0,-26.0
126,37,treino,0 17 24 27 28 29,6 7 10 15 20,0,P,5.0,0.0,12.0,1.0,1.0,0.0,4.0,0.0,5.0,1.0,5.0,1.0,2.0,2.0,3.0,0.0,-166.0
126,31,treino,4 7 22 24 28 29 31,1 2 3 15 20,,P,5.0,0.0,8.0,0.0,2.0,3.0,0.0,0.0,7.0,0.0,15.0,1.0,2.0,3.0,3.0,1.0,-166.0
126,47,treino,4 25,6 7 17 20 27,4 20,P,4.0,1.0,12.0,1.0,2.0,0.0,0.0,0.0,1.0,1.0,1.0,0.0,1.0,0.0,0.0,0.0,403.0
126,40,treino,0 24 27 28 29,6 7 17 18 20,0,V,4.0,1.0,2.0,0.0,2.0,2.0,3.0,0.0,5.0,0.0,15.0,2.0,1.0,0.0,0.0,0.0,60.0
126,14,treino,18 21 24 26 27 28 29 30 31,1 2 3 6 7 8 9 10 11 20 22,,V,9.0,0.0,8.0,2.0,2.0,4.0,8.0,0.0,11.0,0.0,20.0,3.0,3.0,3.0,8.0,1.0,-240.0
126,35,treino,0 17 24 28 29 31,2 6 10 15 20,0,P,5.0,0.0,11.0,1.0,1.0,1.0,4.0,0.0,5.0,1.0,4.0,1.0,1.0,3.0,3.0,0.0,-164.0
126,42,treino,0 25 27 28,6 7 17 18 29,0 29,V,3.0,1.0,2.0,0.0,2.0,1.0,0.0,1.0,4.0,1.0,10.0,2.0,0.0,0.0,0.0,0.0,-107.0
126,34,treino,0 22 24 28 29 31,2 6 10 15 20,0,V,5.0,1.0,3.0,1.0,1.0,3.0,3.0,0.0,5.0,0.0,11.0,1.0,1.0,1.0,4.0,0.0,161.0
126,48,treino,4 25,7 10 17 20 27,4 20,V,1.0,1.0,1.0,0.0,1.0,0.0,0.0,0.0,4.0,1.0,13.0,2.0,2.0,0.0,2.0,0.0,-418.0
126,12,treino,17 21 22 24 26 27 28 29 30 31,1 2 3 6 7 8 9 10 11 13 20,,V,10.0,0.0,10.0,3.0,2.0,4.0,10.0,0.0,11.0,0.0,18.0,3.0,3.0,3.0,10.0,0.0,-110.0
126,7,treino,17 18 21 22 24 26 27 28 29 30 31,0 1 2 3 5 6 7 8 9 10 11 20,,P,12.0,0.0,16.0,2.0,3.0,4.0,11.0,0.0,11.0,0.0,13.0,4.0,2.0,4.0,11.0,0.0,114.0
126,53,treino,5,7 15 20 26 27,5 20,P,4.0,1.0,16.0,0.0,2.0,0.0,0.0,0.0,0.0,1.0,0.0,0.0,0.0,0.0,0.0,0.0,514.0
126,21,treino,8 18 21 24 25 28 29 31,1 2 3 6 7 9 11 20,,P,8.0,0.0,11.0,1.0,3.0,3.0,7.0,0.0,8.0,0.0,12.0,2.0,1.0,3.0,5.0,0.0,7.0
126,51,treino,8,7 10 20 26 27,8 20,P,4.0,1.0,15.0,1.0,2.0,0.0,2.0,0.0,0.0,1.0,0.0,0.0,0.0,0.0,0.0,0.0,523.0
126,25,treino,4 21 24 25 28 29 31,1 2 3 7 11 13 20,,P,7.0,0.0,11.0,1.0,3.0,3.0,4.0,0.0,7.0,0.0,10.0,1.0,2.0,3.0,5.0,0.0,-56.0
126,23,treino,8 9 21 24 25 28 29 31,1 2 3 6 7 11 20,,P,7.0,0.0,9.0,0.0,3.0,3.0,6.0,0.0,8.0,0.0,14.0,2.0,1.0,3.0,5.0,1.0,-3.0
126,8,treino,17 18 21 22 24 26 27 28 29 30 31,0 1 2 3 5 6 7 8 10 11 13 20,,V,11.0,0.0,13.0,4.0,2.0,4.0,11.0,0.0,12.0,0.0,17.0,2.0,3.0,4.0,11.0,0.0,-99.0
126,24,treino,8 21 24 25 28 29 31,1 2 3 7 11 13 20,,V,7.0,0.0,9.0,1.0,1.0,3.0,5.0,0.0,7.0,0.0,11.0,1.0,3.0,3.0,4.0,0.0,2.0
126,13,treino,17 18 21 24 26 27 28 29 30 31,1 2 3 6 7 8 9 10 11 13 20,,P,11.0,0.0,18.0,3.0,3.0,3.0,10.0,0.0,10.0,0.0,11.0,3.0,2.0,4.0,9.0,1.0,110.0
127,12,validacao,1 20 22 24 25 26 27 28 29 30 31,0 2 3 6 7 8 9 11 13 15,1,V,10.0,1.0,8.0,1.0,3.0,4.0,10.0,0.0,10.0,0.0,14.0,2.0,2.0,3.0,9.0,1.0,308.0
127,26,validacao,17 18 20 22 25 26 29 30 31,3 4 6 8 13 14,,V,9.0,0.0,12.0,3.0,1.0,3.0,8.0,2.0,6.0,0.0,10.0,2.0,2.0,1.0,3.0,1.0,607.0
127,11,validacao,1 20 22 24 25 26 27 28 29 30 31,0 2 3 4 6 7 9 11 13 15,1,P,10.0,0.0,13.0,2.0,3.0,3.0,10.0,1.0,10.0,1.0,8.0,1.0,3.0,4.0,10.0,0.0,-70.0
127,15,validacao,10 20 22 24 25 26 27 28 29 30 31,0 2 3 7 8 9 13,10,P,7.0,0.0,8.0,2.0,1.0,3.0,6.0,0.0,10.0,1.0,8.0,2.0,3.0,4.0,10.0,1.0,-332.0
127,29,validacao,1 17 18 20 25 26 29 30 31,3 4 12 13,1,P,4.0,0.0,7.0,1.0,3.0,1.0,0.0,1.0,8.0,1.0,10.0,2.0,1.0,3.0,5.0,1.0,-620.0
127,10,validacao,5 20 22 24 25 26 27 28 29 30 31,0 2 3 4 6 7 9 11 13 15,,V,11.0,0.0,14.0,1.0,3.0,4.0,10.0,0.0,10.0,0.0,13.0,2.0,3.0,3.0,10.0,0.0,116.0
127,24,validacao,18 20 21 22 25 26 29 30 31,3 4 6 8 9 13,,V,9.0,0.0,11.0,3.0,1.0,3.0,8.0,0.0,6.0,0.0,9.0,2.0,2.0,1.0,5.0,0.0,336.0
127,35,validacao,1 4 17 18 25 29 30 31,3,1,P,1.0,0.0,0.0,0.0,1.0,1.0,0.0,0.0,7.0,1.0,13.0,2.0,1.0,3.0,3.0,0.0,-911.0
127,13,validacao,19 20 22 24 25 26 27 28 29 30 31,0 2 3 7 8 9 11 13,19,P,8.0,0.0,10.0,2.0,2.0,3.0,7.0,0.0,10.0,1.0,8.0,1.0,4.0,4.0,10.0,0.0,-308.0
127,28,validacao,1 18 20 22 25 26 29 30 31,3 4 12 13,1,V,8.0,1.0,9.0,2.0,1.0,3.0,7.0,0.0,4.0,0.0,7.0,1.0,3.0,1.0,0.0,0.0,620.0
127,36,validacao,1 4 17 18 25 29 30 31,7,1,V,7.0,1.0,13.0,2.0,1.0,3.0,3.0,0.0,1.0,0.0,1.0,0.0,0.0,0.0,0.0,0.0,902.0
127,21,validacao,20 21 22 23 25 26 29 30 31,0 2 3 8 9 13,,P,6.0,0.0,7.0,2.0,1.0,3.0,3.0,0.0,9.0,0.0,10.0,2.0,1.0,3.0,8.0,0.0,-331.0
127,40,validacao,0 1 17 18 22 29 30 31,14,0 1,V,6.0,2.0,8.0,3.0,0.0,3.0,3.0,2.0,1.0,0.0,3.0,1.0,0.0,0.0,0.0,1.0,1600.0
127,16,validacao,20 22 24 25 26 27 28 29 30 31,0 2 3 8 9 13 14,,V,10.0,0.0,8.0,1.0,3.0,4.0,10.0,0.0,7.0,0.0,10.0,3.0,1.0,3.0,4.0,0.0,332.0
127,7,validacao,12 20 22 24 25 26 27 28 29 30 31,0 1 2 3 4 7 8 9 10 11 13,,P,11.0,0.0,13.0,3.0,3.0,4.0,10.0,1.0,11.0,0.0,12.0,1.0,4.0,4.0,10.0,0.0,26.0
127,22,validacao,20 21 22 23 25 26 29 30 31,2 3 4 8 9 13,,V,9.0,0.0,10.0,2.0,1.0,3.0,8.0,0.0,6.0,0.0,8.0,2.0,2.0,2.0,4.0,0.0,332.0
127,20,validacao,20 22 23 25 26 28 29 30 31,0 2 3 8 9 13 24,,V,9.0,0.0,8.0,1.0,2.0,4.0,7.0,0.0,7.0,0.0,13.0,2.0,1.0,3.0,3.0,1.0,319.0
127,5,validacao,16 20 22 24 25 26 27 28 29 30 31,0 1 2 3 4 5 7 8 10 11 13,,P,11.0,0.0,12.0,2.0,3.0,4.0,11.0,1.0,11.0,0.0,11.0,1.0,3.0,4.0,11.0,0.0,15.0
127,9,validacao,5 20 22 24 25 26 27 28 29 30 31,0 2 3 4 6 7 9 10 11 13,,P,10.0,0.0,12.0,3.0,3.0,3.0,10.0,0.0,11.0,0.0,14.0,1.0,3.0,4.0,10.0,0.0,15.0
127,33,validacao,1 13 17 18 25 29 30 31,3 4,1,P,2.0,0.0,1.0,0.0,2.0,1.0,0.0,0.0,7.0,1.0,11.0,3.0,0.0,3.0,5.0,0.0,-756.0
127,30,validacao,1 18 20 25 26 29 30 31,3 4 12 22,1,V,7.0,1.0,7.0,1.0,1.0,3.0,5.0,0.0,4.0,0.0,9.0,1.0,3.0,1.0,0.0,1.0,613.0
127,39,validacao,0 1 17 18 22 29 30 31,10,0 1,P,1.0,0.0,2.0,1.0,0.0,0.0,0.0,0.0,6.0,2.0,8.0,3.0,0.0,3.0,3.0,0.0,-1600.0
127,18,validacao,20 22 23 24 25 26 28 29 30 31,0 2 3 8 9 13 17,,V,10.0,0.0,9.0,1.0,2.0,4.0,10.0,0.0,7.0,0.0,11.0,3.0,1.0,3.0,4.0,0.0,434.0
127,14,validacao,19 20 22 24 25 26 27 28 29 30 31,0 2 3 7 8 9 13 15,19,V,10.0,1.0,8.0,1.0,4.0,4.0,10.0,0.0,8.0,0.0,11.0,2.0,1.0,3.0,6.0,1.0,308.0
127,37,validacao,0 1 17 18 25 29 30 31,7,0 1,P,1.0,0.0,1.0,0.0,0.0,0.0,0.0,0.0,6.0,2.0,7.0,2.0,0.0,3.0,3.0,0.0,-915.0
127,31,validacao,1 17 18 20 25 29 30 31,3 4 12,1,P,3.0,0.0,4.0,0.0,3.0,1.0,0.0,0.0,7.0,1.0,9.0,2.0,1.0,3.0,3.0,0.0,-622.0
127,19,validacao,20 21 22 23 25 26 28 29 30 31,0 2 3 8 9 13 17,,P,7.0,0.0,11.0,3.0,1.0,3.0,4.0,1.0,10.0,0.0,10.0,2.0,2.0,4.0,8.0,1.0,-324.0
127,38,validacao,0 1 17 18 25 29 30 31,10,0 1,V,6.0,2.0,7.0,2.0,0.0,3.0,3.0,0.0,1.0,0.0,2.0,1.0,0.0,0.0,0.0,0.0,1600.0
127,23,validacao,18 20 21 22 25 26 29 30 31,2 3 4 8 9 13,,P,6.0,0.0,8.0,2.0,2.0,2.0,4.0,0.0,9.0,0.0,11.0,3.0,1.0,3.0,8.0,0.0,-336.0
127,17,validacao,20 22 23 24 25 26 28 29 30 31,0 2 3 8 9 13 14,,P,7.0,0.0,10.0,3.0,1.0,3.0,4.0,0.0,10.0,0.0,9.0,1.0,2.0,4.0,10.0,0.0,-322.0
127,34,validacao,1 13 17 18 25 29 30 31,3 8,1,V,7.0,1.0,11.0,3.0,0.0,3.0,5.0,0.0,2.0,0.0,2.0,0.0,1.0,1.0,0.0,1.0,851.0
127,6,validacao,16 20 22 24 25 26 27 28 29 30 31,0 1 2 3 4 7 8 9 10 11 13,,V,11.0,0.0,11.0,1.0,3.0,4.0,11.0,0.0,11.0,0.0,13.0,3.0,3.0,4.0,10.0,0.0,-0.0
128,20,teste,20 21 23 24 27 28 29 31,2 3 4 5 9 18,,V,8.0,0.0,8.0,1.0,3.0,3.0,8.0,0.0,6.0,0.0,8.0,2.0,2.0,2.0,2.0,1.0,227.0
128,50,teste,11,21 29,11 21 29,V,0.0,1.0,0.0,0.0,1.0,0.0,0.0,0.0,0.0,2.0,0.0,1.0,0.0,0.0,0.0,0.0,-192.0
128,54,teste,19,21 29,19 21 29,V,0.0,1.0,0.0,0.0,1.0,0.0,0.0,0.0,0.0,2.0,0.0,1.0,0.0,0.0,0.0,0.0,-192.0
128,6,teste,17 18 20 21 24 26 27 28 29 30 31,0 1 2 3 4 5 6 8 9 10 11,,V,11.0,0.0,13.0,3.0,3.0,4.0,10.0,0.0,11.0,0.0,11.0,2.0,3.0,4.0,9.0,0.0,21.0
128,24,teste,20 21 24 28 29 31,2 3 4 5 27,,V,6.0,0.0,5.0,1.0,2.0,3.0,5.0,0.0,5.0,0.0,8.0,0.0,3.0,2.0,0.0,0.0,106.0
128,59,teste,23,28 29,23 28 29,P,0.0,2.0,0.0,0.0,1.0,0.0,0.0,0.0,0.0,1.0,0.0,0.0,0.0,0.0,0.0,0.0,182.0
128,40,teste,16 28,3 6 9 20 29,29,V,2.0,0.0,3.0,0.0,1.0,1.0,0.0,0.0,4.0,1.0,8.0,1.0,2.0,1.0,2.0,0.0,-407.0
128,51,teste,15,21 29,15 21 29,P,0.0,2.0,0.0,1.0,0.0,0.0,0.0,0.0,0.0,1.0,0.0,0.0,0.0,0.0,0.0,0.0,186.0
128,41,teste,16 24,3 6 9 20 29,29,P,4.0,1.0,8.0,1.0,2.0,1.0,2.0,0.0,2.0,0.0,4.0,0.0,0.0,0.0,0.0,0.0,400.0
128,65,teste,25,16 28,16 25 28,P,0.0,2.0,0.0,0.0,1.0,0.0,0.0,0.0,0.0,1.0,0.0,0.0,0.0,0.0,0.0,0.0,182.0
128,33,teste,8 20 24 28,3 4 6 9 29,29,P,4.0,1.0,4.0,1.0,2.0,1.0,2.0,0.0,4.0,0.0,8.0,0.0,2.0,1.0,3.0,1.0,299.0
128,61,teste,26,24 28,24 26 28,P,0.0,2.0,0.0,0.0,1.0,0.0,2.0,0.0,0.0,1.0,0.0,0.0,0.0,0.0,0.0,0.0,182.0
128,47,teste,15 24,20 25,15 25,P,1.0,1.0,5.0,0.0,1.0,0.0,0.0,0.0,1.0,1.0,1.0,0.0,0.0,0.0,0.0,1.0,180.0
128,38,teste,21 28,3 6 9 20 25,25,V,2.0,0.0,2.0,1.0,1.0,1.0,0.0,1.0,4.0,1.0,8.0,1.0,2.0,1.0,2.0,0.0,-425.0
128,49,teste,11,25 29,11 25 29,P,0.0,2.0,0.0,0.0,0.0,0.0,2.0,0.0,0.0,1.0,0.0,0.0,1.0,0.0,0.0,0.0,186.0
128,42,teste,16 24,3 6 13 20 29,29,V,2.0,0.0,4.0,0.0,0.0,0.0,0.0,0.0,4.0,1.0,9.0,1.0,2.0,1.0,0.0,1.0,-136.0
128,67,teste,16,28,16 28,P,0.0,1.0,0.0,0.0,1.0,0.0,0.0,0.0,0.0,1.0,0.0,0.0,0.0,0.0,0.0,0.0,-18.0
128,72,teste,17,24,17 24,V,0.0,1.0,0.0,1.0,0.0,0.0,0.0,0.0,0.0,1.0,0.0,0.0,0.0,0.0,0.0,0.0,0.0
128,19,teste,15 20 21 23 24 27 28 29 31,2 3 4 5 9 11,15,P,6.0,0.0,6.0,1.0,3.0,2.0,2.0,0.0,8.0,1.0,8.0,1.0,3.0,3.0,8.0,1.0,-227.0
128,21,teste,14 20 21 24 27 28 29 31,2 3 4 5 9,,P,5.0,0.0,4.0,1.0,2.0,2.0,2.0,0.0,8.0,0.0,10.0,2.0,3.0,3.0,7.0,1.0,-228.0
128,36,teste,20 21 28,3 6 9 13 25,25,V,3.0,0.0,4.0,1.0,2.0,1.0,0.0,1.0,4.0,1.0,6.0,2.0,1.0,1.0,3.0,0.0,-318.0
128,66,teste,25,21 28,21 25 28,V,0.0,1.0,0.0,0.0,0.0,0.0,0.0,1.0,0.0,2.0,0.0,1.0,1.0,0.0,0.0,1.0,0.0
128,26,teste,20 21 24 25 28 31,2 3 4 9 27,,V,6.0,0.0,6.0,1.0,2.0,2.0,5.0,0.0,5.0,0.0,9.0,1.0,3.0,2.0,0.0,0.0,105.0
128,11,teste,20 21 23 24 26 27 28 29 31,0 1 2 3 4 5 8 9 11 22,,P,10.0,0.0,13.0,2.0,3.0,4.0,6.0,1.0,9.0,0.0,9.0,1.0,3.0,3.0,9.0,0.0,104.0
128,30,teste,17 20 24 25 26 28,3 4 6 9 31,31,V,6.0,0.0,8.0,1.0,2.0,1.0,3.0,1.0,4.0,1.0,4.0,1.0,2.0,1.0,2.0,0.0,43.0
128,10,teste,20 21 23 24 27 28 29 30 31,0 1 2 3 4 5 8 9 11 22,,V,9.0,0.0,8.0,1.0,3.0,4.0,8.0,0.0,10.0,0.0,13.0,2.0,3.0,4.0,6.0,0.0,11.0
128,34,teste,20 24 28,3 6 9 13 29,29,V,3.0,0.0,3.0,0.0,2.0,1.0,3.0,0.0,4.0,1.0,6.0,2.0,1.0,1.0,3.0,0.0,-315.0
128,13,teste,17 20 21 23 24 27 28 29 31,0 2 3 4 5 6 8 9 11,,P,9.0,0.0,9.0,1.0,3.0,3.0,7.0,0.0,9.0,0.0,11.0,2.0,3.0,3.0,9.0,0.0,-15.0
128,46,teste,11 24,20 25,11 25,V,1.0,1.0,1.0,0.0,1.0,0.0,0.0,1.0,1.0,1.0,5.0,0.0,1.0,0.0,0.0,0.0,-121.0
128,15,teste,1 20 21 23 24 27 28 29 31,0 2 3 4 6 9 11,1,P,7.0,0.0,6.0,1.0,3.0,3.0,5.0,1.0,8.0,1.0,8.0,1.0,3.0,3.0,8.0,0.0,-210.0
128,44,teste,2 24,7 20 29,2 29,V,1.0,1.0,1.0,0.0,0.0,0.0,0.0,0.0,2.0,1.0,6.0,0.0,1.0,0.0,0.0,1.0,-28.0
128,43,teste,2 24,3 20 29,2 29,P,2.0,1.0,5.0,0.0,2.0,1.0,0.0,0.0,1.0,1.0,1.0,0.0,0.0,0.0,0.0,0.0,229.0
129,100,validacao,15,22,15 22,V,0.0,1.0,0.0,0.0,0.0,0.0,0.0,0.0,0.0,1.0,0.0,1.0,0.0,0.0,0.0,0.0,0.0
129,21,validacao,7 20 21 22 24 25 27 28,0 1 2 3 5 8,,P,6.0,0.0,3.0,0.0,1.0,4.0,4.0,0.0,8.0,0.0,15.0,2.0,3.0,1.0,6.0,1.0,-125.0
129,70,validacao,4 22,17 20 23,4 22 23,V,0.0,2.0,0.0,1.0,1.0,0.0,0.0,1.0,2.0,1.0,9.0,1.0,1.0,0.0,0.0,1.0,65.0
129,26,validacao,16 17 21 24 25 27 28,0 1 5 7 11 12,,V,7.0,0.0,11.0,2.0,2.0,1.0,6.0,0.0,6.0,0.0,7.0,0.0,2.0,2.0,5.0,0.0,129.0
129,81,validacao,4 23,24,4 23 24,P,0.0,1.0,0.0,0.0,0.0,0.0,0.0,0.0,0.0,2.0,0.0,0.0,1.0,0.0,0.0,0.0,-182.0
129,105,validacao,2,14,2 14,P,0.0,1.0,0.0,1.0,0.0,0.0,0.0,0.0,0.0,1.0,0.0,0.0,0.0,0.0,0.0,0.0,1600.0
129,113,validacao,10,31,10 31,P,0.0,1.0,0.0,0.0,0.0,0.0,0.0,0.0,0.0,1.0,0.0,1.0,0.0,0.0,0.0,0.0,-4.0
129,107,validacao,7,18,7 18,P,0.0,1.0,0.0,1.0,0.0,0.0,0.0,0.0,0.0,1.0,0.0,0.0,0.0,0.0,0.0,0.0,4.0
129,73,validacao,4 17,18 20,4 17 18,P,1.0,1.0,5.0,1.0,1.0,0.0,0.0,0.0,0.0,2.0,0.0,1.0,1.0,0.0,0.0,0.0,-71.0
129,99,validacao,15,17,15 17,P,0.0,1.0,0.0,1.0,0.0,0.0,0.0,0.0,0.0,1.0,0.0,0.0,0.0,0.0,0.0,0.0,4.0
129,65,validacao,4 15,16 17 30,4 15 30,P,2.0,1.0,8.0,1.0,0.0,0.0,0.0,0.0,0.0,2.0,0.0,0.0,1.0,0.0,0.0,0.0,57.0
129,17,validacao,20 21 22 23 24 27 28 29,0 1 2 3 4 5 10 14,,P,8.0,0.0,7.0,2.0,2.0,4.0,6.0,0.0,8.0,0.0,10.0,2.0,3.0,2.0,7.0,0.0,-23.0
129,68,validacao,4 18,17 20 26,4 18 26,V,0.0,2.0,0.0,1.0,1.0,0.0,0.0,0.0,2.0,1.0,9.0,1.0,1.0,0.0,0.0,0.0,71.0
129,62,validacao,0 11,16 17 25,0 11 25,V,0.0,2.0,0.0,0.0,1.0,0.0,0.0,0.0,2.0,1.0,8.0,1.0,0.0,0.0,0.0,0.0,-64.0
129,20,validacao,20 21 22 23 24 25 27 28,0 1 2 3 5 8 10 18,,V,8.0,0.0,11.0,2.0,3.0,1.0,8.0,0.0,8.0,0.0,9.0,2.0,1.0,4.0,4.0,1.0,122.0
129,85,validacao,4 15,16,4 15 16,P,0.0,1.0,0.0,0.0,0.0,0.0,0.0,0.0,0.0,2.0,0.0,0.0,1.0,0.0,0.0,0.0,-182.0
129,44,validacao,12 19 24,9 11 13 25,25,V,3.0,0.0,8.0,0.0,2.0,0.0,0.0,0.0,3.0,1.0,7.0,2.0,1.0,0.0,2.0,0.0,-194.0
129,83,validacao,4 18,21,4 18 21,P,0.0,1.0,0.0,1.0,0.0,0.0,0.0,0.0,0.0,2.0,0.0,1.0,1.0,0.0,0.0,0.0,-180.0
129,6,validacao,19 20 21 22 23 24 25 26 27 28 29 31,0 1 2 3 4 5 6 7 8 10 15 17,,V,12.0,0.0,15.0,2.0,4.0,3.0,12.0,0.0,12.0,0.0,15.0,2.0,2.0,4.0,11.0,1.0,-17.0
129,59,validacao,5 11,13 17 29,11 29,P,2.0,1.0,7.0,2.0,0.0,0.0,2.0,0.0,1.0,1.0,6.0,0.0,1.0,0.0,0.0,0.0,57.0
129,57,validacao,8 11,9 17 29,11 29,P,2.0,1.0,6.0,2.0,0.0,0.0,0.0,0.0,1.0,1.0,5.0,0.0,1.0,0.0,0.0,0.0,117.0
129,11,validacao,10 20 23 24 25 26 27 28 29 31,0 1 2 3 4 5 6 7 17,,P,9.0,0.0,8.0,1.0,2.0,4.0,8.0,0.0,10.0,0.0,13.0,1.0,3.0,3.0,9.0,1.0,-9.0
129,13,validacao,20 21 23 24 26 27 28 29 31,0 1 2 3 4 5 6 14 17,,P,9.0,0.0,10.0,2.0,2.0,4.0,8.0,0.0,9.0,0.0,9.0,1.0,3.0,3.0,9.0,0.0,-3.0
129,7,validacao,14 19 20 22 23 24 25 26 27 28 29 31,0 1 2 3 4 5 6 7 8 10 15,,P,11.0,0.0,11.0,1.0,2.0,4.0,11.0,0.0,12.0,0.0,17.0,2.0,4.0,3.0,11.0,1.0,17.0
129,94,validacao,18,8,8 18,V,0.0,1.0,0.0,1.0,0.0,0.0,0.0,0.0,0.0,1.0,0.0,0.0,0.0,0.0,0.0,0.0,0.0
129,98,validacao,19,17,17 19,V,0.0,1.0,0.0,0.0,1.0,0.0,0.0,0.0,0.0,1.0,0.0,1.0,0.0,0.0,0.0,0.0,-6.0
129,63,validacao,4 11,16 17 25,4 11 25,P,2.0,1.0,8.0,1.0,0.0,0.0,0.0,0.0,0.0,2.0,0.0,0.0,2.0,0.0,0.0,0.0,66.0
129,87,validacao,8 15,12,8 12 15,P,0.0,1.0,0.0,0.0,1.0,0.0,0.0,0.0,0.0,2.0,0.0,0.0,0.0,0.0,0.0,1.0,-6.0
129,10,validacao,19 20 23 24 25 26 27 28 29 31,0 1 2 3 4 5 6 7 15 17,,V,10.0,0.0,11.0,0.0,4.0,3.0,10.0,0.0,10.0,0.0,11.0,1.0,2.0,4.0,8.0,1.0,-17.0
129,56,validacao,7 8,9 17 29,7 29,V,1.0,1.0,5.0,0.0,0.0,0.0,0.0,0.0,2.0,1.0,6.0,2.0,0.0,0.0,0.0,0.0,-118.0
129,15,validacao,20 21 22 23 24 27 28 29 31,0 1 2 3 4 5 10 14 17,,P,9.0,0.0,11.0,3.0,2.0,4.0,7.0,1.0,9.0,0.0,10.0,2.0,3.0,3.0,8.0,1.0,-6.0
129,27,validacao,16 17 21 23 24 25 28,0 1 5 7 11 12,,P,6.0,0.0,7.0,0.0,2.0,2.0,5.0,0.0,7.0,0.0,12.0,2.0,1.0,1.0,6.0,0.0,-130.0
130,47,treino,14 24 25 27,5 7 11 13 26,24 26,P,4.0,1.0,7.0,1.0,1.0,0.0,2.0,0.0,3.0,1.0,6.0,1.0,1.0,0.0,0.0,0.0,103.0
130,53,treino,10 18 27 28,5 7 11 22,28,P,4.0,0.0,9.0,1.0,1.0,0.0,2.0,1.0,3.0,1.0,9.0,2.0,2.0,1.0,0.0,1.0,31.0
130,24,treino,13 21 23 24 27 30 31,2 4 5 7 11 12,13,V,6.0,1.0,6.0,2.0,1.0,2.0,5.0,0.0,6.0,0.0,8.0,0.0,3.0,1.0,3.0,0.0,183.0
130,63,treino,24,9 23 26,24,P,3.0,0.0,13.0,1.0,0.0,0.0,2.0,0.0,0.0,1.0,0.0,0.0,0.0,0.0,0.0,0.0,221.0
130,43,treino,18 21 25 27,5 7 8 11 30,21 30,P,4.0,1.0,6.0,0.0,1.0,0.0,4.0,0.0,3.0,1.0,5.0,2.0,1.0,0.0,2.0,0.0,94.0
130,21,treino,6 21 23 24 27 30 31,0 2 3 4 9 11 12,6,P,7.0,0.0,8.0,1.0,4.0,3.0,2.0,1.0,6.0,1.0,6.0,1.0,1.0,2.0,5.0,0.0,-92.0
130,62,treino,20,9 23 26,20,V,0.0,1.0,0.0,0.0,1.0,0.0,0.0,0.0,3.0,0.0,13.0,1.0,0.0,0.0,2.0,0.0,-227.0
130,8,treino,20 23 24 25 26 27 28 29 30 31,0 1 2 3 4 5 8 11 13 14,,V,10.0,0.0,8.0,0.0,3.0,4.0,10.0,0.0,10.0,0.0,12.0,2.0,3.0,4.0,6.0,0.0,1.0
130,17,treino,10 21 23 24 27 30 31,0 1 2 3 4 8 9 11,,P,8.0,0.0,7.0,1.0,3.0,4.0,3.0,0.0,7.0,0.0,11.0,2.0,1.0,2.0,5.0,0.0,210.0
130,76,treino,14,22 27,14 22 27,V,0.0,1.0,0.0,1.0,0.0,0.0,0.0,0.0,0.0,2.0,0.0,1.0,1.0,0.0,0.0,0.0,-182.0
130,44,treino,18 21 25 27,5 7 11 13 30,21 30,V,3.0,1.0,5.0,2.0,1.0,0.0,2.0,0.0,4.0,1.0,7.0,1.0,1.0,0.0,2.0,0.0,-107.0
130,55,treino,18 28,5 11 22,28,P,3.0,0.0,8.0,1.0,1.0,0.0,0.0,0.0,1.0,1.0,3.0,1.0,1.0,1.0,0.0,0.0,46.0
130,16,treino,21 23 24 26 27 30 31,0 1 2 3 4 8 9 11 14 22,22,V,7.0,0.0,7.0,1.0,1.0,2.0,7.0,0.0,9.0,1.0,10.0,3.0,3.0,4.0,5.0,1.0,-112.0
130,26,treino,13 23 27 30 31,2 4 5 7 11 28,13 28,V,4.0,1.0,3.0,1.0,1.0,2.0,3.0,0.0,5.0,1.0,5.0,0.0,3.0,1.0,3.0,0.0,-109.0
130,58,treino,28,9 18 22,28,V,0.0,1.0,0.0,0.0,1.0,1.0,0.0,0.0,3.0,0.0,11.0,3.0,0.0,0.0,2.0,0.0,-183.0
130,75,treino,14,22 31,14 22 31,P,0.0,2.0,0.0,1.0,0.0,0.0,0.0,0.0,0.0,1.0,0.0,1.0,0.0,0.0,0.0,0.0,186.0
130,50,treino,14 18 24 27,5 7 11 17,24,V,3.0,1.0,8.0,2.0,1.0,0.0,2.0,0.0,4.0,0.0,8.0,1.0,1.0,0.0,2.0,0.0,89.0
130,60,treino,24,9 22 23,24,V,0.0,1.0,0.0,0.0,0.0,0.0,0.0,0.0,3.0,0.0,12.0,2.0,0.0,0.0,0.0,0.0,-171.0
130,25,treino,13 16 23 24 27 30 31,2 4 5 7 11 12,13,P,6.0,0.0,8.0,0.0,3.0,1.0,3.0,0.0,6.0,1.0,7.0,1.0,1.0,2.0,5.0,1.0,94.0
130,13,treino,21 23 24 25 26 27 28 30 31,0 1 2 3 4 8 9 11 14 20,,P,10.0,0.0,15.0,2.0,4.0,4.0,5.0,0.0,9.0,0.0,8.0,1.0,2.0,3.0,9.0,1.0,89.0
130,29,treino,21 23 27 30 31,2 4 5 7 15 28,21 28,P,5.0,1.0,6.0,0.0,2.0,1.0,2.0,0.0,4.0,1.0,3.0,1.0,1.0,2.0,3.0,0.0,102.0
130,35,treino,23 24 26 27 30,2 5 7 8 19,24,P,5.0,0.0,8.0,0.0,1.0,1.0,4.0,0.0,4.0,1.0,4.0,0.0,1.0,1.0,4.0,0.0,-78.0
130,28,treino,16 23 27 30 31,2 4 5 7 15 28,16 28,V,4.0,1.0,3.0,0.0,1.0,2.0,3.0,0.0,5.0,1.0,6.0,0.0,2.0,1.0,2.0,0.0,-111.0
130,23,treino,13 21 23 24 27 30 31,2 3 4 5 11 12,13,P,6.0,0.0,7.0,0.0,4.0,2.0,0.0,0.0,6.0,1.0,6.0,2.0,1.0,2.0,5.0,0.0,-107.0
130,30,treino,21 23 27 30 31,2 4 5 7 15 24,21 24,V,4.0,1.0,3.0,1.0,1.0,2.0,3.0,1.0,5.0,1.0,6.0,0.0,1.0,1.0,2.0,1.0,63.0
130,5,treino,16 20 23 24 25 26 27 28 29 30 31,0 1 2 3 4 5 6 8 9 11 14,,P,11.0,0.0,12.0,2.0,3.0,4.0,9.0,0.0,11.0,0.0,11.0,0.0,3.0,4.0,11.0,0.0,12.0
130,42,treino,21 22 25 27,5 7 8 11 30,21 30,V,3.0,1.0,4.0,2.0,1.0,0.0,3.0,0.0,4.0,1.0,6.0,0.0,1.0,0.0,4.0,0.0,-97.0
130,20,treino,1 21 23 24 27 30 31,0 2 3 4 9 11 12,1,V,6.0,1.0,6.0,1.0,1.0,2.0,5.0,0.0,7.0,0.0,8.0,1.0,4.0,3.0,2.0,0.0,54.0
130,69,treino,10,26 31,10 31,P,1.0,1.0,6.0,0.0,0.0,0.0,2.0,0.0,0.0,1.0,0.0,1.0,0.0,0.0,0.0,0.0,174.0
130,57,treino,15 28,9 11 22,28,P,3.0,0.0,9.0,2.0,1.0,0.0,0.0,0.0,1.0,1.0,4.0,0.0,1.0,1.0,0.0,1.0,177.0
130,61,treino,20,9 22 23,20,P,3.0,0.0,12.0,2.0,0.0,0.0,0.0,0.0,0.0,1.0,0.0,0.0,1.0,0.0,0.0,0.0,177.0
130,41,treino,21 22 25 27,5 7 8 11 26,21,P,5.0,0.0,12.0,0.0,1.0,0.0,4.0,0.0,3.0,1.0,4.0,2.0,1.0,0.0,3.0,0.0,94.0
131,21,teste,13 18 23 24 26 28 30 31,0 1 3 5 6 10 11 12,,P,8.0,0.0,9.0,1.0,3.0,3.0,5.0,0.0,8.0,0.0,11.0,2.0,1.0,3.0,7.0,0.0,-14.0
131,19,teste,13 18 23 26 28 29 30 31,0 1 3 5 6 7 11 12,,P,8.0,0.0,8.0,0.0,3.0,3.0,7.0,0.0,8.0,0.0,10.0,2.0,1.0,4.0,5.0,0.0,8.0
131,24,teste,13 18 20 23 26 28 30 31,0 1 5 6 7 10 11 16,,V,8.0,0.0,12.0,2.0,2.0,3.0,5.0,0.0,8.0,0.0,11.0,1.0,1.0,2.0,7.0,0.0,11.0
131,9,teste,13 18 21 22 25 26 27 28 29 30 31,0 1 2 3 4 5 7 10 11 12 15,,P,11.0,0.0,13.0,1.0,4.0,4.0,10.0,0.0,11.0,0.0,14.0,4.0,2.0,4.0,9.0,0.0,-0.0
131,49,teste,1 2 30 31,18 21,1 2,P,2.0,0.0,9.0,2.0,0.0,0.0,0.0,0.0,2.0,2.0,0.0,0.0,0.0,2.0,0.0,0.0,-338.0
131,64,teste,7 8 21,25,7 8 25,V,1.0,2.0,2.0,1.0,0.0,0.0,0.0,1.0,0.0,1.0,0.0,0.0,0.0,0.0,0.0,0.0,1600.0
131,7,teste,13 18 20 21 22 25 26 27 28 29 30 31,0 1 2 3 4 5 7 9 10 11 12 15,,P,12.0,0.0,15.0,2.0,4.0,4.0,11.0,1.0,12.0,0.0,16.0,4.0,3.0,4.0,9.0,1.0,-14.0
131,34,teste,2 13 19 20 26 30 31,0 1 5 11 22,2,V,6.0,1.0,10.0,1.0,2.0,2.0,3.0,0.0,5.0,0.0,8.0,1.0,1.0,2.0,3.0,1.0,212.0
131,67,teste,8 10 17,29,8 10 29,P,0.0,1.0,0.0,0.0,0.0,0.0,0.0,0.0,1.0,2.0,3.0,2.0,0.0,0.0,0.0,0.0,-313.0
131,22,teste,13 18 23 24 26 28 30 31,0 1 5 6 7 10 11 12,,V,8.0,0.0,11.0,2.0,1.0,3.0,7.0,0.0,8.0,0.0,10.0,1.0,2.0,2.0,7.0,0.0,-8.0
131,59,teste,2 5 21,22,2 5 22,P,0.0,1.0,0.0,1.0,0.0,0.0,0.0,0.0,1.0,2.0,2.0,1.0,0.0,0.0,0.0,0.0,-292.0
131,76,teste,11 12 13,18,11 12 18,V,1.0,2.0,4.0,1.0,2.0,0.0,0.0,0.0,0.0,1.0,0.0,1.0,0.0,0.0,0.0,0.0,300.0
131,78,teste,9 11 12,15,11 12 15,V,1.0,2.0,5.0,1.0,2.0,0.0,0.0,0.0,0.0,1.0,0.0,0.0,0.0,0.0,0.0,1.0,1600.0
131,17,teste,13 18 23 25 26 28 29 30 31,0 1 3 5 6 7 11 12 15,,P,9.0,0.0,11.0,0.0,3.0,3.0,8.0,0.0,9.0,0.0,11.0,2.0,1.0,4.0,7.0,1.0,-12.0
131,73,teste,12 13 15,25,12 15 25,P,0.0,1.0,0.0,0.0,0.0,0.0,0.0,0.0,1.0,2.0,4.0,1.0,1.0,0.0,0.0,0.0,-300.0
131,68,teste,8 10 17,24,8 10 24,V,1.0,2.0,3.0,2.0,0.0,0.0,0.0,0.0,0.0,1.0,0.0,0.0,0.0,0.0,0.0,0.0,304.0
131,69,teste,8 15 17,24,8 15 24,P,0.0,1.0,0.0,0.0,0.0,0.0,0.0,0.0,1.0,2.0,3.0,1.0,0.0,0.0,0.0,0.0,-298.0
131,65,teste,7 8 17,25,7 8 25,P,0.0,1.0,0.0,0.0,0.0,0.0,0.0,0.0,1.0,2.0,3.0,1.0,0.0,0.0,0.0,0.0,-298.0
131,66,teste,7 8 17,29,7 8 29,V,1.0,2.0,3.0,1.0,0.0,0.0,0.0,0.0,0.0,1.0,0.0,0.0,0.0,0.0,0.0,0.0,307.0
131,71,teste,12 15 17,29,12 15 29,P,0.0,1.0,0.0,0.0,0.0,0.0,0.0,0.0,1.0,2.0,3.0,1.0,1.0,0.0,0.0,0.0,-303.0
131,60,teste,2 5 21,18,2 5 18,V,1.0,2.0,2.0,1.0,0.0,0.0,0.0,0.0,0.0,1.0,0.0,1.0,0.0,0.0,0.0,0.0,292.0
131,45,teste,2 12 30 31,4 17 18,2,P,3.0,0.0,9.0,2.0,1.0,0.0,0.0,0.0,3.0,1.0,4.0,0.0,1.0,2.0,0.0,0.0,-157.0
131,33,teste,2 13 19 20 26 30 31,0 1 5 11 17,2,P,5.0,0.0,7.0,1.0,1.0,2.0,3.0,0.0,6.0,1.0,10.0,1.0,2.0,2.0,3.0,0.0,-206.0
131,36,teste,2 13 17 19 20 30 31,1 4 5 11,2,V,6.0,1.0,12.0,2.0,2.0,2.0,2.0,0.0,4.0,0.0,4.0,0.0,2.0,1.0,2.0,0.0,417.0
131,55,teste,2 6 21 26,27,2 6,P,1.0,0.0,6.0,0.0,1.0,0.0,0.0,0.0,2.0,2.0,3.0,1.0,0.0,0.0,2.0,0.0,-410.0
131,58,teste,1 2 21,22,1 2 22,V,1.0,2.0,2.0,1.0,0.0,0.0,0.0,0.0,0.0,1.0,0.0,1.0,0.0,0.0,0.0,0.0,283.0
131,31,teste,2 13 14 20 23 26 30 31,0 1 5 10 11,2,P,5.0,0.0,5.0,1.0,1.0,2.0,3.0,1.0,7.0,1.0,13.0,2.0,1.0,2.0,4.0,1.0,-300.0
131,43,teste,2 14 16 30 31,4 10 18,2,P,3.0,0.0,7.0,2.0,1.0,0.0,0.0,1.0,4.0,1.0,7.0,1.0,0.0,2.0,0.0,1.0,-165.0
131,18,teste,13 23 25 26 28 29 30 31,0 1 3 5 6 7 11 12 22,,V,8.0,0.0,8.0,1.0,1.0,4.0,6.0,0.0,9.0,0.0,13.0,1.0,3.0,3.0,7.0,1.0,-10.0
131,14,teste,18 21 22 23 25 26 28 29 30 31,0 1 3 5 6 7 10 11 12 15 17,,V,10.0,0.0,11.0,3.0,1.0,4.0,9.0,1.0,11.0,0.0,17.0,2.0,3.0,3.0,9.0,1.0,12.0
131,13,teste,18 21 22 23 25 26 28 29 30 31,0 1 3 5 6 7 10 11 12 13 15,,P,11.0,0.0,16.0,2.0,3.0,3.0,9.0,0.0,10.0,0.0,11.0,3.0,1.0,4.0,9.0,0.0,103.0
131,75,teste,11 12 13,22,11 12 22,P,0.0,1.0,0.0,1.0,0.0,0.0,0.0,0.0,1.0,2.0,4.0,1.0,2.0,0.0,0.0,0.0,-300.0
132,45,validacao,13 14 17 18 26,3 11 24,24,P,2.0,1.0,2.0,0.0,2.0,1.0,0.0,0.0,5.0,0.0,15.0,4.0,0.0,0.0,4.0,0.0,-193.0
132,18,validacao,0 17 22 25 26 27 29 30 31,1 2 3 5 6 7 12 13,0,V,8.0,1.0,8.0,2.0,1.0,3.0,8.0,0.0,8.0,0.0,9.0,1.0,2.0,3.0,6.0,2.0,339.0
132,40,validacao,14 16 17 27 31,3 11 19 28,28,V,5.0,0.0,11.0,2.0,1.0,1.0,4.0,0.0,3.0,1.0,6.0,0.0,4.0,1.0,0.0,0.0,67.0
132,10,validacao,4 21 22 23 25 26 27 28 29 30 31,0 1 2 3 5 6 7 10 12 18,,V,11.0,0.0,15.0,2.0,3.0,4.0,9.0,0.0,10.0,0.0,12.0,2.0,2.0,4.0,8.0,1.0,132.0
132,4,validacao,17 20 21 22 23 25 26 27 28 29 30 31,0 1 2 3 4 5 6 7 9 10 12 15,,V,12.0,0.0,14.0,3.0,3.0,4.0,10.0,0.0,12.0,0.0,14.0,2.0,3.0,4.0,11.0,0.0,10.0
132,27,validacao,14 16 17 24 26 27 30 31,1 3 7 10 11,,P,5.0,0.0,5.0,1.0,2.0,2.0,4.0,0.0,8.0,0.0,13.0,2.0,1.0,2.0,6.0,0.0,-347.0
132,43,validacao,13 14 17 18 31,3 11 28,28,P,2.0,1.0,2.0,0.0,3.0,1.0,0.0,0.0,5.0,0.0,14.0,4.0,0.0,1.0,4.0,0.0,-186.0
132,36,validacao,14 16 25 27 31,3 7 15 28,28,V,5.0,0.0,9.0,1.0,1.0,1.0,2.0,0.0,3.0,1.0,4.0,0.0,2.0,1.0,2.0,0.0,33.0
132,39,validacao,14 16 17 27 31,3 11 15 28,28,P,3.0,1.0,5.0,0.0,3.0,1.0,2.0,0.0,5.0,0.0,11.0,2.0,1.0,1.0,4.0,0.0,-61.0
132,48,validacao,10 13 17 18 26,7 11 28,28,V,5.0,0.0,16.0,4.0,0.0,0.0,2.0,1.0,2.0,1.0,3.0,0.0,2.0,0.0,2.0,1.0,351.0
132,63,validacao,7 23,10,7 10,P,0.0,1.0,0.0,1.0,0.0,0.0,0.0,1.0,1.0,1.0,2.0,0.0,0.0,0.0,0.0,1.0,71.0
132,34,validacao,16 23 25 27 31,3 7 11 18 28,28,V,5.0,0.0,7.0,0.0,1.0,1.0,3.0,0.0,4.0,1.0,7.0,1.0,3.0,1.0,3.0,1.0,25.0
132,15,validacao,4 17 22 25 26 27 29 30 31,0 1 2 3 6 7 8 12,,P,8.0,0.0,7.0,0.0,2.0,4.0,7.0,0.0,9.0,0.0,14.0,2.0,2.0,3.0,8.0,0.0,-132.0
132,59,validacao,2 3 23,5,2 3 5,P,0.0,1.0,0.0,0.0,0.0,0.0,0.0,0.0,1.0,2.0,2.0,0.0,1.0,0.0,0.0,0.0,-291.0
132,62,validacao,3 23,10,3 10,V,1.0,1.0,2.0,0.0,1.0,0.0,0.0,0.0,0.0,1.0,0.0,1.0,0.0,0.0,0.0,0.0,117.0
132,35,validacao,14 16 25 27 31,3 7 11 28,28,P,3.0,1.0,3.0,0.0,3.0,1.0,3.0,0.0,5.0,0.0,9.0,1.0,1.0,1.0,2.0,0.0,-25.0
132,22,validacao,16 17 22 26 27 29 30 31,1 2 3 6 11,,V,8.0,0.0,10.0,2.0,1.0,3.0,6.0,0.0,5.0,0.0,3.0,0.0,2.0,3.0,3.0,0.0,340.0
132,67,validacao,14,7,7,P,0.0,1.0,0.0,0.0,0.0,0.0,0.0,0.0,1.0,0.0,4.0,1.0,0.0,0.0,0.0,0.0,65.0
132,8,validacao,13 21 22 23 25 26 27 28 29 30 31,0 1 2 3 5 6 7 8 10 12 15,,V,11.0,0.0,13.0,3.0,2.0,4.0,9.0,1.0,11.0,0.0,13.0,1.0,2.0,4.0,11.0,1.0,111.0
132,29,validacao,9 16 17 24 26 27 30 31,3 5 7 10 11,,P,5.0,0.0,6.0,1.0,2.0,1.0,4.0,1.0,8.0,0.0,14.0,2.0,1.0,2.0,4.0,1.0,77.0
132,17,validacao,0 17 22 25 26 27 29 30 31,1 2 3 5 6 7 8 12,0,P,8.0,0.0,8.0,0.0,2.0,3.0,8.0,1.0,8.0,1.0,8.0,2.0,1.0,3.0,8.0,0.0,-106.0
132,14,validacao,4 21 22 25 26 27 29 30 31,0 1 2 3 6 7 8 12,,V,9.0,0.0,13.0,2.0,2.0,3.0,8.0,0.0,8.0,0.0,7.0,0.0,2.0,4.0,7.0,0.0,131.0
132,55,validacao,3 7 13 17 23,21,3 21,P,0.0,1.0,0.0,1.0,0.0,0.0,0.0,0.0,4.0,1.0,15.0,2.0,1.0,0.0,4.0,1.0,-400.0
132,31,validacao,16 25 26 27 31,3 7 10 11 28,28,P,4.0,1.0,5.0,1.0,3.0,1.0,4.0,0.0,5.0,0.0,6.0,0.0,1.0,1.0,3.0,0.0,76.0
132,68,validacao,14,11,11,V,1.0,0.0,4.0,1.0,0.0,0.0,0.0,0.0,0.0,1.0,0.0,0.0,1.0,0.0,0.0,0.0,-59.0
132,42,validacao,13 14 17 27 31,3 11 23 28,28,V,5.0,0.0,12.0,3.0,1.0,1.0,5.0,0.0,3.0,1.0,7.0,0.0,3.0,1.0,0.0,1.0,183.0
132,28,validacao,14 16 17 24 26 27 30 31,3 5 7 10 11,,V,8.0,0.0,13.0,2.0,1.0,2.0,6.0,0.0,5.0,0.0,6.0,1.0,2.0,1.0,4.0,0.0,347.0
132,33,validacao,16 23 25 27 31,3 7 11 14 28,28,P,4.0,1.0,6.0,1.0,3.0,1.0,3.0,0.0,5.0,0.0,7.0,0.0,1.0,1.0,3.0,0.0,77.0
132,51,validacao,3 11 13 17 26,28,3 28,P,0.0,1.0,0.0,0.0,1.0,0.0,0.0,0.0,4.0,1.0,13.0,2.0,2.0,0.0,2.0,0.0,-473.0
132,57,validacao,3 7 9 23,14,3 14,P,0.0,1.0,0.0,1.0,0.0,0.0,0.0,0.0,3.0,1.0,13.0,1.0,1.0,0.0,2.0,1.0,-288.0
132,25,validacao,14 16 22 24 26 27 30 31,1 3 6 7 11,,P,5.0,0.0,4.0,0.0,2.0,2.0,5.0,0.0,8.0,0.0,12.0,2.0,1.0,2.0,5.0,0.0,-319.0
132,12,validacao,4 22 25 26 27 28 29 30 31,0 1 2 3 5 6 7 12 24,,V,9.0,0.0,11.0,1.0,3.0,4.0,7.0,0.0,9.0,0.0,12.0,0.0,2.0,4.0,7.0,1.0,123.0
133,59,treino,4 13 24 28,14 17,4 17,P,1.0,1.0,3.0,2.0,0.0,0.0,2.0,0.0,3.0,1.0,5.0,1.0,2.0,1.0,2.0,1.0,-286.0
133,34,treino,4 12 25 28 29 30 31,0 3 8 11 18 23 27,,V,7.0,0.0,11.0,0.0,3.0,4.0,3.0,0.0,7.0,0.0,19.0,1.0,3.0,2.0,3.0,1.0,-38.0
133,9,treino,13 21 22 23 24 25 26 28 29 30 31,0 1 2 3 4 5 8 10 11 14 15,,P,11.0,0.0,14.0,2.0,3.0,4.0,9.0,0.0,11.0,0.0,13.0,3.0,1.0,4.0,10.0,1.0,4.0
133,44,treino,0 11 24 28 30 31,3 16 23 27,0,V,5.0,1.0,6.0,0.0,2.0,3.0,2.0,0.0,4.0,0.0,15.0,0.0,2.0,1.0,2.0,0.0,272.0
133,8,treino,16 21 22 23 24 25 26 28 29 30 31,0 1 2 3 4 5 8 10 11 14 15,,V,11.0,0.0,12.0,2.0,1.0,4.0,11.0,0.0,11.0,0.0,14.0,2.0,3.0,4.0,9.0,0.0,7.0
133,10,treino,21 22 23 24 25 26 28 29 30 31,0 1 2 3 4 5 10 11 14 15 17,,V,10.0,0.0,9.0,2.0,1.0,4.0,10.0,0.0,11.0,0.0,16.0,3.0,3.0,4.0,9.0,1.0,-26.0
133,39,treino,0 18 28 29 30 31,3 9 11 23 27,0,P,5.0,0.0,15.0,1.0,3.0,1.0,2.0,0.0,5.0,1.0,3.0,1.0,1.0,4.0,0.0,0.0,-164.0
133,32,treino,4 16 25 28 29 30 31,0 3 8 11 14 23 27,,V,7.0,0.0,10.0,0.0,2.0,4.0,3.0,0.0,7.0,0.0,18.0,1.0,3.0,2.0,2.0,0.0,47.0
133,26,treino,4 16 21 22 25 28 29 30 31,0 3 7 8 10 11 14 27,,V,9.0,0.0,14.0,2.0,2.0,4.0,6.0,0.0,8.0,0.0,16.0,2.0,3.0,2.0,5.0,0.0,101.0
133,51,treino,5 11 16 22 24 28,3 31,5 31,P,1.0,1.0,0.0,0.0,1.0,1.0,0.0,0.0,5.0,1.0,11.0,1.0,2.0,1.0,2.0,0.0,-450.0
133,28,treino,4 16 21 25 28 29 30 31,0 3 7 8 10 11 23 27,,V,8.0,0.0,12.0,1.0,2.0,4.0,5.0,0.0,8.0,0.0,18.0,1.0,3.0,2.0,6.0,0.0,53.0
133,48,treino,0 11 22 24 25 28,3 16 31,0 31,V,5.0,1.0,9.0,1.0,2.0,1.0,4.0,0.0,2.0,1.0,4.0,0.0,1.0,1.0,0.0,0.0,328.0
133,11,treino,13 21 23 24 25 26 28 29 30 31,0 1 2 3 4 5 10 11 14 15,,P,10.0,0.0,12.0,2.0,3.0,4.0,8.0,0.0,10.0,0.0,11.0,2.0,1.0,4.0,9.0,0.0,24.0
133,42,treino,0 18 24 28 30 31,3 13 15 23 27,0,V,5.0,1.0,4.0,1.0,1.0,3.0,2.0,1.0,5.0,0.0,17.0,1.0,2.0,1.0,2.0,1.0,255.0
133,36,treino,4 25 28 29 30 31,3 9 11 18 23 27,,V,6.0,0.0,7.0,0.0,2.0,4.0,3.0,0.0,6.0,0.0,19.0,2.0,3.0,1.0,3.0,0.0,33.0
133,22,treino,4 10 20 21 22 25 28 29 30 31,0 1 3 5 7 11 14 27,,V,10.0,0.0,18.0,3.0,3.0,4.0,5.0,0.0,8.0,0.0,13.0,1.0,3.0,3.0,6.0,0.0,212.0
133,65,treino,22 24 28,23,22,P,1.0,0.0,5.0,0.0,0.0,0.0,0.0,0.0,2.0,1.0,1.0,1.0,1.0,1.0,2.0,0.0,-284.0
133,38,treino,0 25 28 29 30 31,3 9 11 22 23 27,0,V,5.0,1.0,1.0,0.0,1.0,4.0,3.0,0.0,6.0,0.0,20.0,2.0,3.0,1.0,2.0,1.0,143.0
133,7,treino,16 21 22 23 24 25 26 28 29 30 31,0 1 2 3 4 5 8 9 10 11 15,,P,11.0,0.0,13.0,2.0,3.0,4.0,9.0,0.0,11.0,0.0,12.0,2.0,1.0,4.0,11.0,0.0,8.0
133,13,treino,4 21 23 24 25 26 28 29 30 31,0 1 2 3 5 10 11 14 15,,P,9.0,0.0,11.0,2.0,2.0,4.0,7.0,0.0,10.0,0.0,13.0,1.0,2.0,4.0,9.0,0.0,-102.0
133,40,treino,0 18 28 29 30 31,3 11 13 23 27,0,V,5.0,1.0,3.0,1.0,1.0,4.0,0.0,0.0,5.0,0.0,16.0,1.0,3.0,1.0,2.0,0.0,211.0
133,30,treino,4 16 17 25 28 29 30 31,0 3 7 8 11 14 23 27,,V,8.0,0.0,13.0,1.0,2.0,4.0,3.0,1.0,8.0,0.0,19.0,1.0,3.0,2.0,5.0,1.0,-21.0
133,29,treino,4 16 17 25 28 29 30 31,0 3 7 8 10 11 23 27,,P,8.0,0.0,18.0,1.0,3.0,2.0,6.0,0.0,8.0,0.0,13.0,1.0,2.0,4.0,3.0,0.0,21.0
133,47,treino,0 11 22 24 25 28,3 16 27,0,P,3.0,0.0,10.0,0.0,2.0,1.0,0.0,0.0,5.0,1.0,9.0,1.0,2.0,1.0,4.0,0.0,-357.0
133,41,treino,0 18 24 28 30 31,3 11 13 23 27,0,P,5.0,0.0,16.0,1.0,3.0,1.0,2.0,0.0,5.0,1.0,4.0,1.0,1.0,3.0,2.0,0.0,-166.0
133,52,treino,5 11 16 22 24 28,3 26,5 26,V,5.0,1.0,11.0,1.0,2.0,1.0,2.0,1.0,1.0,1.0,0.0,0.0,1.0,1.0,0.0,0.0,428.0
133,17,treino,4 19 20 21 25 26 28 29 30 31,0 1 3 5 7 10 11 14 18,,P,9.0,0.0,13.0,3.0,2.0,3.0,9.0,0.0,10.0,0.0,15.0,1.0,4.0,4.0,6.0,0.0,-96.0
133,21,treino,4 10 20 21 22 25 28 29 30 31,0 1 3 5 7 11 14 23,,P,8.0,0.0,12.0,1.0,2.0,3.0,6.0,0.0,10.0,0.0,18.0,3.0,3.0,4.0,5.0,0.0,-204.0
133,20,treino,4 19 20 21 22 25 28 29 30 31,0 1 3 5 7 11 14 15 23,,V,10.0,0.0,16.0,2.0,4.0,4.0,5.0,0.0,9.0,0.0,15.0,1.0,2.0,3.0,7.0,1.0,204.0
133,19,treino,4 19 20 21 22 25 28 29 30 31,0 1 3 5 7 10 11 14 23,,P,9.0,0.0,14.0,2.0,2.0,3.0,8.0,0.0,10.0,0.0,16.0,2.0,4.0,4.0,5.0,0.0,-105.0
133,33,treino,4 12 25 28 29 30 31,0 3 8 11 14 23 27,,P,7.0,0.0,18.0,1.0,3.0,2.0,2.0,1.0,7.0,0.0,11.0,0.0,3.0,4.0,3.0,0.0,41.0
133,37,treino,0 25 28 29 30 31,3 9 11 18 23 27,0,P,6.0,0.0,19.0,2.0,3.0,1.0,3.0,0.0,5.0,1.0,1.0,0.0,1.0,4.0,3.0,0.0,-36.0
134,96,validacao,6 9 17,10,6 9 10 17,V,0.0,3.0,0.0,2.0,0.0,0.0,2.0,1.0,0.0,1.0,0.0,1.0,0.0,0.0,0.0,1.0,1600.0
134,78,validacao,1 5 9,11 29,1 5 9 11 29,V,0.0,3.0,0.0,1.0,0.0,0.0,3.0,0.0,0.0,2.0,0.0,0.0,1.0,0.0,0.0,0.0,193.0
134,7,validacao,8 22 23 24 25 26 27 28 29 30 31,0 1 2 3 4 5 6 7 11 12 15,,P,11.0,0.0,12.0,0.0,4.0,4.0,10.0,0.0,11.0,0.0,13.0,1.0,2.0,4.0,10.0,1.0,-4.0
134,13,validacao,21 22 25 26 27 28 29 30 31,0 1 2 3 6 7 11 12 13 15 18,,P,11.0,0.0,17.0,2.0,3.0,4.0,8.0,0.0,9.0,0.0,7.0,2.0,2.0,4.0,8.0,0.0,235.0
134,75,validacao,0 1 9,11 29,0 1 9 11 29,P,0.0,2.0,0.0,0.0,1.0,0.0,0.0,0.0,0.0,3.0,0.0,1.0,0.0,0.0,0.0,0.0,-193.0
134,56,validacao,0 6 14 23,22 25,0 6 25,V,2.0,2.0,6.0,1.0,0.0,0.0,0.0,0.0,1.0,1.0,5.0,1.0,0.0,0.0,2.0,0.0,292.0
134,53,validacao,0 6 14 27,13 25,0 6 25,P,1.0,1.0,3.0,1.0,0.0,0.0,0.0,0.0,2.0,2.0,5.0,1.0,1.0,0.0,0.0,0.0,-297.0
134,12,validacao,22 24 25 26 27 28 29 30 31,0 1 2 3 6 7 11 12 13 15 18,,V,9.0,0.0,6.0,1.0,2.0,4.0,9.0,0.0,11.0,0.0,17.0,2.0,3.0,4.0,8.0,0.0,-215.0
134,9,validacao,18 22 24 25 26 27 28 29 30 31,0 1 2 3 5 6 7 11 12 13 15,,P,11.0,0.0,14.0,1.0,3.0,4.0,9.0,0.0,10.0,0.0,9.0,2.0,2.0,4.0,10.0,0.0,108.0
134,85,validacao,2 8 14,7 29,2 7 8 14 29,P,0.0,2.0,0.0,0.0,0.0,0.0,0.0,1.0,0.0,3.0,0.0,1.0,0.0,0.0,0.0,0.0,-186.0
134,69,validacao,0 1 14 23,26 29,0 1 14 26 29,P,0.0,2.0,0.0,0.0,0.0,0.0,0.0,0.0,1.0,3.0,2.0,1.0,0.0,0.0,0.0,1.0,-190.0
134,8,validacao,22 23 24 25 26 27 28 29 30 31,0 1 2 3 5 6 7 11 12 13 15,,V,10.0,0.0,8.0,1.0,2.0,4.0,10.0,0.0,11.0,0.0,14.0,1.0,3.0,4.0,9.0,0.0,4.0
134,17,validacao,9 22 26 27 28 29 30 31,1 2 3 4 6 7 11 15 18,,P,9.0,0.0,12.0,1.0,3.0,3.0,8.0,0.0,8.0,0.0,9.0,2.0,2.0,4.0,5.0,2.0,220.0
134,19,validacao,22 25 26 27 28 30 31,1 2 3 4 7 11 13 15 18,,P,9.0,0.0,14.0,2.0,3.0,3.0,6.0,0.0,7.0,0.0,5.0,1.0,2.0,3.0,6.0,0.0,238.0
134,61,validacao,1 6 9 23,22 25,1 6 25,P,1.0,1.0,5.0,1.0,0.0,0.0,2.0,0.0,2.0,2.0,7.0,1.0,0.0,0.0,3.0,0.0,-298.0
134,70,validacao,0 1 14,19 29,0 1 14 19 29,V,0.0,3.0,0.0,1.0,0.0,0.0,0.0,0.0,0.0,2.0,0.0,0.0,1.0,0.0,0.0,0.0,190.0
134,42,validacao,2 12 23 25 27,4 13 14,2,V,4.0,1.0,8.0,0.0,2.0,0.0,2.0,0.0,3.0,0.0,7.0,2.0,1.0,0.0,0.0,0.0,292.0
134,91,validacao,6 9 13,11 21,6 9 11 13 21,P,0.0,2.0,0.0,1.0,1.0,0.0,0.0,0.0,0.0,3.0,0.0,2.0,0.0,0.0,3.0,0.0,-192.0
134,31,validacao,11 25 26 27 28,1 3 4 6 16,,P,5.0,0.0,6.0,0.0,2.0,2.0,2.0,0.0,5.0,0.0,8.0,0.0,3.0,1.0,0.0,0.0,-8.0
134,43,validacao,2 12 22 23 27,4 13 14,2,P,3.0,0.0,7.0,2.0,1.0,0.0,0.0,0.0,4.0,1.0,9.0,1.0,2.0,0.0,2.0,0.0,-285.0
134,51,validacao,0 6 18 27,13 30,0 6 30,P,1.0,1.0,3.0,1.0,0.0,0.0,0.0,0.0,2.0,2.0,4.0,1.0,1.0,0.0,0.0,0.0,-289.0
134,63,validacao,1 9 10 23,22 29,1 10 29,P,1.0,1.0,5.0,1.0,0.0,0.0,0.0,0.0,2.0,2.0,7.0,2.0,0.0,0.0,0.0,0.0,-295.0
134,16,validacao,22 25 26 27 28 29 30 31,1 2 3 4 6 7 11 13 15 18 21,,V,8.0,0.0,5.0,1.0,2.0,4.0,7.0,0.0,11.0,0.0,20.0,3.0,3.0,3.0,8.0,1.0,-253.0
134,68,validacao,1 5 14 23,26 29,1 14 26 29,V,2.0,2.0,8.0,1.0,0.0,0.0,2.0,1.0,0.0,2.0,0.0,0.0,0.0,0.0,0.0,0.0,235.0
134,24,validacao,25 27 28 30 31,1 2 3 4 11 13 23,,V,5.0,0.0,2.0,0.0,2.0,3.0,4.0,0.0,7.0,0.0,11.0,1.0,3.0,3.0,0.0,1.0,-112.0
134,21,validacao,10 22 25 27 28 30 31,1 2 3 4 7 11 13,,P,7.0,0.0,7.0,1.0,3.0,3.0,4.0,0.0,7.0,0.0,9.0,2.0,2.0,3.0,5.0,1.0,104.0
134,71,validacao,0 6 14,19 29,0 6 14 19 29,P,0.0,2.0,0.0,0.0,1.0,0.0,0.0,0.0,0.0,3.0,0.0,1.0,0.0,0.0,0.0,0.0,-196.0
134,47,validacao,0 2 22 23 27,13 17,0 2,P,2.0,0.0,7.0,2.0,0.0,0.0,2.0,0.0,3.0,2.0,5.0,1.0,1.0,0.0,2.0,1.0,-347.0
134,6,validacao,13 22 23 24 25 26 27 28 29 30 31,0 1 2 3 4 5 6 7 11 12 15,,V,11.0,0.0,12.0,2.0,2.0,4.0,10.0,0.0,11.0,0.0,12.0,0.0,4.0,4.0,10.0,0.0,20.0
134,38,validacao,11 21 23 25 27,4 6 7 13 16,,V,5.0,0.0,11.0,1.0,2.0,0.0,4.0,0.0,5.0,0.0,10.0,1.0,1.0,0.0,2.0,2.0,276.0
134,28,validacao,18 25 26 28 31,1 2 3 4 15 16,,V,5.0,0.0,5.0,1.0,1.0,2.0,2.0,1.0,6.0,0.0,8.0,0.0,2.0,3.0,0.0,1.0,3.0
134,23,validacao,18 25 27 28 30 31,1 2 3 4 11 13 14,,P,7.0,0.0,9.0,2.0,3.0,3.0,0.0,1.0,6.0,0.0,5.0,1.0,2.0,3.0,4.0,1.0,104.0
135,25,treino,2 17 19 21 26 27 30 31,3 5 7 8 10 11 15 28,2 28,P,7.0,1.0,11.0,1.0,3.0,1.0,7.0,0.0,7.0,1.0,10.0,2.0,2.0,2.0,6.0,0.0,-9.0
135,49,treino,2,3 5 8 11 12 19 21 29,2 12 19 29,P,5.0,3.0,10.0,1.0,4.0,1.0,3.0,0.0,0.0,1.0,0.0,0.0,0.0,0.0,0.0,0.0,924.0
135,26,treino,2 17 19 21 26 27 30 31,3 5 7 8 10 11 18 28,2 28,V,7.0,1.0,10.0,2.0,2.0,2.0,6.0,0.0,7.0,1.0,12.0,2.0,3.0,1.0,6.0,0.0,-16.0
135,23,treino,2 17 19 25 26 27 30 31,0 3 7 8 10 11 15 28,2 28,P,7.0,1.0,10.0,1.0,3.0,2.0,5.0,0.0,7.0,1.0,9.0,1.0,2.0,2.0,5.0,0.0,0.0
135,41,treino,2 14 17 31,3 5 7 8 11 12 26 29,2 12 29,P,6.0,2.0,12.0,0.0,3.0,1.0,6.0,1.0,3.0,1.0,7.0,2.0,0.0,1.0,2.0,0.0,620.0
135,54,treino,2,3 5 13 15 16 19 21 29,2 16 19 29,V,0.0,1.0,0.0,0.0,0.0,0.0,0.0,0.0,5.0,3.0,12.0,2.0,2.0,1.0,5.0,0.0,-943.0
135,7,treino,16 17 20 22 23 24 25 26 27 29 30 31,0 1 2 3 4 5 6 7 10 12 14 15,,P,12.0,0.0,15.0,2.0,3.0,4.0,11.0,0.0,12.0,0.0,16.0,2.0,2.0,3.0,12.0,2.0,261.0
135,59,treino,7,3 5 13 15 17 19 21 29,7 13 19 29,P,5.0,3.0,13.0,3.0,2.0,1.0,5.0,0.0,0.0,1.0,0.0,0.0,0.0,0.0,0.0,1.0,1600.0
135,44,treino,2 14 17,3 5 7 8 11 12 23 29,2 12 23 29,V,2.0,1.0,7.0,2.0,0.0,0.0,2.0,0.0,5.0,3.0,6.0,0.0,3.0,1.0,6.0,0.0,-751.0
135,9,treino,16 19 20 22 25 26 27 29 30 31,0 1 2 3 4 5 6 7 10 12 15 28,28,P,11.0,1.0,12.0,1.0,4.0,4.0,10.0,0.0,10.0,0.0,13.0,1.0,3.0,3.0,9.0,1.0,284.0
135,43,treino,2 14 17 26,3 5 7 8 11 12 29 30,2 12 29 30,P,5.0,3.0,6.0,0.0,3.0,1.0,6.0,0.0,3.0,1.0,8.0,2.0,0.0,0.0,2.0,1.0,667.0
135,11,treino,16 19 20 22 26 27 29 30 31,0 1 2 3 4 5 6 7 10 15 28,28,P,10.0,1.0,9.0,1.0,3.0,4.0,10.0,0.0,9.0,0.0,12.0,1.0,3.0,3.0,7.0,0.0,286.0
135,29,treino,2 17 19 21 26 27 31,3 5 7 8 10 11 25 28,2 28,P,7.0,1.0,14.0,1.0,3.0,1.0,6.0,0.0,6.0,1.0,10.0,2.0,2.0,1.0,5.0,0.0,157.0
135,8,treino,16 20 22 23 25 26 27 29 30 31,0 1 2 3 4 5 6 7 10 12 15 28,28,V,10.0,0.0,12.0,1.0,2.0,3.0,10.0,1.0,11.0,1.0,12.0,1.0,4.0,4.0,10.0,0.0,-261.0
135,4,treino,17 20 21 22 23 25 26 27 28 29 30 31,0 1 2 3 4 5 6 7 8 10 14 15,,V,12.0,0.0,14.0,3.0,3.0,4.0,10.0,0.0,12.0,0.0,14.0,2.0,2.0,4.0,12.0,0.0,132.0
135,18,treino,12 16 17 19 26 27 29 30 31,0 1 3 5 6 7 10 11 13 15 28,28,V,9.0,0.0,15.0,1.0,3.0,3.0,6.0,2.0,10.0,1.0,13.0,2.0,3.0,3.0,9.0,1.0,-185.0
135,42,treino,2 14 17 31,3 5 7 8 11 12 29 30,2 12 29 30,V,3.0,1.0,7.0,2.0,0.0,1.0,2.0,0.0,5.0,3.0,6.0,0.0,3.0,1.0,6.0,0.0,-580.0
135,19,treino,2 12 17 19 26 27 29 30 31,0 1 3 5 7 10 11 15 28,2 28,P,8.0,1.0,9.0,1.0,3.0,3.0,8.0,0.0,8.0,1.0,12.0,1.0,3.0,3.0,4.0,0.0,203.0
135,56,treino,6,3 5 15 16 17 19 21 29,6 16 19 29,V,0.0,1.0,0.0,0.0,0.0,0.0,0.0,0.0,5.0,3.0,13.0,2.0,2.0,1.0,5.0,0.0,-937.0
135,5,treino,17 20 21 22 23 24 25 26 27 29 30 31,0 1 2 3 4 5 6 7 8 10 14 15,,P,12.0,0.0,14.0,2.0,2.0,4.0,12.0,0.0,12.0,0.0,15.0,3.0,2.0,3.0,12.0,0.0,11.0
135,34,treino,2 16 17 26 27 31,3 5 7 8 11 19 21 25,2 21,V,5.0,1.0,8.0,1.0,1.0,1.0,3.0,2.0,7.0,1.0,16.0,1.0,3.0,1.0,7.0,0.0,-226.0
135,40,treino,2 14 22 31,3 5 7 8 11 12 26 29,2 12 29,V,3.0,1.0,6.0,2.0,0.0,1.0,0.0,0.0,6.0,2.0,12.0,0.0,3.0,1.0,6.0,0.0,-563.0
135,51,treino,6,3 5 8 11 16 19 21 29,6 16 19 29,P,5.0,3.0,10.0,1.0,3.0,1.0,4.0,0.0,0.0,1.0,0.0,0.0,0.0,0.0,0.0,0.0,922.0
135,38,treino,2 17 22 31,3 5 7 8 11 12 25 26,2 12,V,3.0,1.0,5.0,2.0,0.0,1.0,2.0,0.0,7.0,1.0,18.0,0.0,3.0,1.0,6.0,0.0,-429.0
135,10,treino,19 20 22 25 26 27 29 30 31,0 1 2 3 4 5 6 7 10 15 21 28,28,V,9.0,0.0,10.0,1.0,3.0,3.0,7.0,0.0,11.0,1.0,14.0,2.0,3.0,4.0,10.0,1.0,-293.0
135,21,treino,2 5 17 19 26 27 29 30 31,0 1 3 7 10 11 15 28,2 28,P,7.0,1.0,8.0,1.0,3.0,3.0,5.0,0.0,8.0,1.0,14.0,1.0,2.0,3.0,4.0,1.0,-2.0
135,47,treino,6 10 17,3 5 7 8 11 12 19 29,6 12 19 29,P,5.0,3.0,6.0,0.0,4.0,1.0,6.0,0.0,2.0,1.0,8.0,2.0,0.0,0.0,2.0,1.0,911.0
135,31,treino,2 15 17 21 26 27 31,3 5 7 8 10 11 24 25,2 24,P,7.0,1.0,14.0,1.0,2.0,1.0,6.0,1.0,6.0,1.0,11.0,2.0,1.0,1.0,5.0,1.0,206.0
135,57,treino,10,3 5 15 16 17 19 21 29,10 16 19 29,P,5.0,3.0,13.0,2.0,2.0,1.0,5.0,0.0,0.0,1.0,0.0,1.0,0.0,0.0,0.0,0.0,934.0
135,24,treino,2 17 19 25 26 27 30 31,3 5 7 8 10 11 15 28,2 28,V,7.0,1.0,9.0,1.0,2.0,2.0,5.0,0.0,7.0,1.0,11.0,1.0,3.0,1.0,7.0,0.0,-1.0
135,20,treino,2 12 17 19 26 27 29 30 31,0 1 3 7 8 10 11 15 28,2 28,V,8.0,1.0,12.0,1.0,3.0,3.0,4.0,0.0,8.0,1.0,10.0,1.0,3.0,3.0,5.0,1.0,-13.0
135,28,treino,2 17 19 21 27 30 31,3 5 7 8 10 11 25 28,2 28,V,6.0,1.0,9.0,2.0,2.0,2.0,4.0,0.0,7.0,1.0,14.0,1.0,3.0,1.0,6.0,0.0,-174.0
136,32,treino,7 16 24 25 26 29 31,4 5 9 11 19,7,V,6.0,1.0,6.0,0.0,0.0,2.0,5.0,0.0,5.0,0.0,10.0,1.0,3.0,0.0,2.0,0.0,289.0
136,21,treino,20 25 27 28 29 30 31,0 1 4 5 10 11 15 19,,P,8.0,0.0,13.0,1.0,3.0,2.0,8.0,0.0,7.0,0.0,4.0,0.0,3.0,4.0,5.0,0.0,120.0
136,99,treino,7 19,24 30,7 19 24 30,P,0.0,2.0,0.0,0.0,0.0,0.0,0.0,0.0,0.0,2.0,0.0,0.0,1.0,0.0,0.0,0.0,-2.0
136,10,treino,14 20 21 24 25 27 28 29 30 31,0 1 2 3 4 5 6 8 11 19,,V,10.0,0.0,11.0,2.0,3.0,4.0,9.0,0.0,10.0,0.0,11.0,0.0,4.0,4.0,7.0,0.0,30.0
136,44,treino,9 19 21 25 26 29,4 12 23,,V,6.0,0.0,12.0,2.0,1.0,1.0,3.0,1.0,3.0,0.0,9.0,0.0,2.0,0.0,0.0,0.0,337.0
136,104,treino,2 15,29 30,2 15 29 30,V,0.0,2.0,0.0,0.0,0.0,0.0,0.0,0.0,0.0,2.0,0.0,0.0,0.0,0.0,0.0,0.0,0.0
136,20,treino,24 25 27 28 29 30 31,0 1 4 5 10 11 15 19,,V,7.0,0.0,3.0,0.0,2.0,4.0,7.0,0.0,8.0,0.0,13.0,1.0,3.0,2.0,8.0,0.0,-116.0
136,41,treino,9 19 21 25 29 31,4 8 18,,P,3.0,0.0,7.0,1.0,1.0,0.0,2.0,0.0,6.0,0.0,11.0,2.0,1.0,2.0,3.0,0.0,-340.0
136,67,treino,2 7,26 28,2 28,P,1.0,1.0,6.0,0.0,1.0,0.0,0.0,0.0,1.0,1.0,6.0,0.0,0.0,0.0,2.0,0.0,0.0
136,76,treino,3 7,21 29,3 7 21 29,V,0.0,2.0,0.0,0.0,1.0,0.0,2.0,0.0,0.0,2.0,0.0,1.0,0.0,0.0,0.0,0.0,-4.0
136,77,treino,3 11,21 29,3 11 21 29,P,0.0,2.0,0.0,1.0,0.0,0.0,0.0,0.0,0.0,2.0,0.0,0.0,2.0,0.0,0.0,0.0,4.0
136,113,treino,6 13,21 30,6 13 21 30,P,0.0,2.0,0.0,1.0,0.0,0.0,0.0,0.0,0.0,2.0,0.0,1.0,0.0,0.0,0.0,0.0,-6.0
136,116,treino,6 20,26,6 20 26,V,0.0,2.0,0.0,0.0,1.0,0.0,0.0,0.0,0.0,1.0,0.0,0.0,0.0,0.0,0.0,0.0,182.0
136,23,treino,16 25 27 28 29 30 31,0 1 4 5 11 14 15 19,,P,8.0,0.0,14.0,1.0,3.0,2.0,7.0,0.0,7.0,0.0,5.0,0.0,2.0,4.0,5.0,0.0,125.0
136,31,treino,7 16 24 25 26 29 31,0 4 9 11 19,7,P,5.0,0.0,9.0,1.0,3.0,1.0,2.0,0.0,6.0,1.0,6.0,0.0,0.0,2.0,5.0,0.0,-287.0
136,34,treino,10 16 24 25 26 29 31,4 8 9 11 19,10,V,6.0,1.0,6.0,1.0,0.0,2.0,5.0,0.0,5.0,0.0,11.0,1.0,3.0,0.0,2.0,0.0,292.0
136,13,treino,16 21 24 25 27 28 29 30 31,0 1 2 3 4 5 8 11 15 19,,P,10.0,0.0,13.0,0.0,4.0,4.0,8.0,0.0,9.0,0.0,8.0,1.0,2.0,4.0,9.0,0.0,119.0
136,91,treino,2 7,25 29,2 7 25 29,P,0.0,2.0,0.0,0.0,0.0,0.0,2.0,0.0,0.0,2.0,0.0,0.0,0.0,0.0,2.0,0.0,0.0
136,48,treino,6 19 21 24 25,4 16 30,30,V,5.0,0.0,13.0,1.0,1.0,0.0,3.0,0.0,2.0,1.0,5.0,0.0,1.0,0.0,0.0,1.0,56.0
136,80,treino,3 15,29 30,3 15 29 30,V,0.0,2.0,0.0,0.0,1.0,0.0,0.0,0.0,0.0,2.0,0.0,0.0,0.0,0.0,0.0,0.0,2.0
136,59,treino,7 8 11,4 28,7 28,P,1.0,1.0,1.0,0.0,2.0,0.0,0.0,0.0,2.0,1.0,10.0,0.0,1.0,0.0,2.0,1.0,-6.0
136,19,treino,7 24 25 27 28 29 30 31,0 1 3 4 5 11 15 19,,P,8.0,0.0,11.0,0.0,4.0,3.0,7.0,0.0,8.0,0.0,9.0,0.0,2.0,4.0,7.0,1.0,116.0
136,8,treino,14 20 21 22 24 25 27 28 29 30 31,0 1 2 3 4 5 6 8 10 11 18,,V,11.0,0.0,13.0,3.0,3.0,4.0,10.0,1.0,11.0,0.0,13.0,2.0,3.0,4.0,8.0,2.0,-7.0
136,88,treino,7 11,29 30,7 11 29 30,V,0.0,2.0,0.0,0.0,1.0,0.0,2.0,0.0,0.0,2.0,0.0,0.0,0.0,0.0,0.0,0.0,2.0
136,117,treino,9 20,26,9 20 26,P,0.0,1.0,0.0,0.0,0.0,0.0,0.0,0.0,0.0,2.0,0.0,1.0,1.0,0.0,0.0,0.0,-182.0
136,11,treino,10 20 21 24 25 27 28 29 30 31,0 1 2 3 4 5 6 8 11 19,,P,10.0,0.0,11.0,0.0,4.0,4.0,7.0,0.0,10.0,0.0,12.0,2.0,3.0,4.0,9.0,1.0,94.0
136,69,treino,2 3,24 26,2 3 24,P,1.0,1.0,6.0,0.0,0.0,0.0,0.0,0.0,0.0,2.0,0.0,0.0,1.0,0.0,0.0,0.0,-8.0
136,60,treino,7 11,13 28,7 28,V,1.0,1.0,5.0,0.0,1.0,0.0,2.0,0.0,1.0,1.0,3.0,1.0,1.0,0.0,0.0,0.0,3.0
136,119,treino,14 20,22,14 20 22,P,0.0,1.0,0.0,1.0,0.0,0.0,0.0,0.0,0.0,2.0,0.0,1.0,1.0,0.0,0.0,0.0,-188.0
136,98,treino,7 15,24 30,7 15 24 30,V,0.0,2.0,0.0,0.0,0.0,0.0,0.0,0.0,0.0,2.0,0.0,0.0,0.0,0.0,0.0,0.0,6.0
136,107,treino,2 14,24 30,2 14 24 30,P,0.0,2.0,0.0,0.0,0.0,0.0,0.0,0.0,0.0,2.0,0.0,1.0,0.0,0.0,0.0,0.0,0.0
136,45,treino,6 19 21 25 26 29,4 12 23,,P,3.0,0.0,9.0,0.0,2.0,0.0,0.0,0.0,6.0,0.0,13.0,1.0,1.0,1.0,3.0,1.0,-223.0
137,22,validacao,17 18 21 24 25 28 29 31,1 2 5 6 7 9 10 11 12 19 27,,V,8.0,0.0,10.0,3.0,1.0,3.0,6.0,0.0,11.0,0.0,22.0,2.0,4.0,2.0,8.0,0.0,-332.0
137,20,validacao,17 18 21 24 28 29 30 31,0 1 2 6 7 9 10 11 12 19 27,,V,8.0,0.0,9.0,3.0,1.0,4.0,5.0,0.0,11.0,0.0,21.0,2.0,4.0,3.0,7.0,0.0,-349.0
137,26,validacao,21 24 25 28 29 31,1 2 5 6 7 10 12 16 18 19 27,,V,6.0,0.0,4.0,1.0,1.0,3.0,5.0,0.0,11.0,0.0,26.0,2.0,3.0,2.0,8.0,0.0,-584.0
137,7,validacao,16 21 22 23 24 25 26 28 29 30 31,0 1 2 3 4 5 6 7 11 12 15 18,,P,12.0,0.0,16.0,1.0,4.0,4.0,11.0,1.0,11.0,0.0,12.0,2.0,1.0,4.0,11.0,1.0,214.0
137,47,validacao,24,5 7 11 12 17 19 26 31,26 31,P,6.0,2.0,15.0,1.0,3.0,0.0,4.0,0.0,1.0,0.0,1.0,0.0,0.0,0.0,0.0,0.0,930.0
137,18,validacao,17 18 24 25 28 29 30 31,0 1 2 5 6 7 10 11 12 19 27,,V,8.0,0.0,8.0,2.0,1.0,4.0,5.0,0.0,11.0,0.0,20.0,1.0,4.0,3.0,8.0,0.0,-338.0
137,45,validacao,6 14 28,1 5 7 11 12 19 26 31,26 31,P,6.0,2.0,11.0,0.0,3.0,1.0,6.0,0.0,3.0,0.0,10.0,1.0,1.0,1.0,0.0,1.0,926.0
137,17,validacao,17 18 24 25 28 29 30 31,0 1 2 3 5 6 10 11 12 19 27,,P,11.0,0.0,19.0,1.0,5.0,4.0,6.0,0.0,8.0,0.0,8.0,2.0,1.0,4.0,5.0,0.0,338.0
137,49,validacao,20,7 8 11 12 17 19 26 31,26 31,P,6.0,2.0,16.0,1.0,3.0,0.0,6.0,0.0,1.0,0.0,2.0,0.0,1.0,0.0,0.0,0.0,1600.0
137,42,validacao,13 17 28,1 5 6 7 11 12 19 26 31,26 31,V,3.0,0.0,7.0,2.0,1.0,1.0,2.0,0.0,7.0,2.0,12.0,0.0,3.0,1.0,7.0,0.0,-808.0
137,50,validacao,20,7 8 11 12 17 19 22 31,22 31,V,1.0,0.0,2.0,0.0,1.0,0.0,0.0,0.0,6.0,2.0,16.0,2.0,3.0,0.0,6.0,0.0,-1600.0
137,25,validacao,15 21 24 25 28 29 31,1 2 5 6 7 10 11 12 16 19 27,,P,11.0,0.0,24.0,1.0,4.0,2.0,9.0,0.0,7.0,0.0,8.0,1.0,1.0,3.0,5.0,1.0,566.0
137,24,validacao,18 21 24 25 28 29 31,1 2 5 6 7 10 11 12 16 19 27,,V,7.0,0.0,7.0,2.0,1.0,3.0,5.0,0.0,11.0,0.0,24.0,1.0,4.0,2.0,9.0,0.0,-456.0
137,30,validacao,21 24 25 28 29,1 2 5 6 7 10 12 16 19 27 31,31,V,5.0,0.0,4.0,1.0,1.0,2.0,5.0,0.0,10.0,1.0,22.0,1.0,3.0,2.0,10.0,0.0,-756.0
137,43,validacao,13 14 28,1 5 6 7 11 12 19 26 31,26 31,P,7.0,2.0,12.0,0.0,3.0,1.0,7.0,0.0,3.0,0.0,8.0,2.0,1.0,1.0,0.0,0.0,923.0
137,46,validacao,28,5 7 11 12 17 19 26 31,26 31,V,1.0,0.0,0.0,0.0,1.0,1.0,0.0,0.0,6.0,2.0,15.0,1.0,3.0,0.0,4.0,0.0,-935.0
137,34,validacao,24 25 28 29,1 2 5 6 11 12 16 17 19 27 31,31,V,4.0,0.0,2.0,0.0,1.0,2.0,4.0,0.0,10.0,1.0,25.0,1.0,4.0,2.0,8.0,0.0,-732.0
137,28,validacao,21 24 25 26 28 29,1 2 5 6 7 10 12 16 18 19 31,31,V,6.0,0.0,5.0,1.0,1.0,2.0,5.0,1.0,10.0,1.0,20.0,2.0,2.0,2.0,8.0,0.0,-630.0
137,16,validacao,18 24 25 26 28 29 30 31,0 1 2 3 5 6 10 11 12 19 22 27,,V,8.0,0.0,6.0,1.0,1.0,4.0,7.0,0.0,12.0,0.0,24.0,2.0,5.0,4.0,6.0,1.0,-357.0
137,4,validacao,20 21 22 24 25 26 27 28 29 30 31,0 1 2 3 4 5 6 7 8 11 15 18,,V,11.0,0.0,10.0,2.0,3.0,4.0,11.0,0.0,12.0,0.0,15.0,1.0,3.0,4.0,12.0,0.0,-112.0
137,21,validacao,17 18 21 24 25 28 29 31,0 1 2 6 7 9 10 11 12 19 27,,P,11.0,0.0,21.0,2.0,4.0,3.0,7.0,0.0,8.0,0.0,10.0,3.0,1.0,3.0,6.0,0.0,336.0
137,29,validacao,21 23 24 25 28 29,1 2 5 6 7 10 12 16 18 19 31,31,P,10.0,1.0,20.0,2.0,2.0,2.0,8.0,1.0,6.0,0.0,6.0,1.0,1.0,2.0,5.0,1.0,740.0
137,11,validacao,13 18 21 24 25 26 28 29 30 31,0 1 2 3 4 5 6 7 11 12 19 27,,P,12.0,0.0,19.0,0.0,6.0,4.0,9.0,0.0,10.0,0.0,12.0,3.0,1.0,4.0,8.0,0.0,236.0
137,44,validacao,13 14 28,1 5 7 9 11 12 19 26 31,26 31,V,3.0,0.0,8.0,2.0,1.0,1.0,0.0,2.0,7.0,2.0,13.0,1.0,3.0,1.0,7.0,1.0,-923.0
137,19,validacao,17 18 21 24 28 29 30 31,0 1 2 5 6 7 10 11 12 19 27,,P,11.0,0.0,20.0,1.0,4.0,3.0,8.0,0.0,8.0,0.0,9.0,3.0,1.0,4.0,5.0,0.0,335.0
137,10,validacao,13 21 22 24 25 26 28 29 30 31,0 1 2 3 4 5 6 7 11 12 19 27,,V,10.0,0.0,11.0,3.0,1.0,4.0,9.0,0.0,12.0,0.0,19.0,0.0,6.0,4.0,9.0,0.0,-208.0
137,12,validacao,13 18 21 24 25 26 28 29 30 31,0 1 2 3 4 5 6 10 11 12 19 27,,V,10.0,0.0,12.0,3.0,1.0,4.0,8.0,0.0,12.0,0.0,20.0,1.0,6.0,4.0,7.0,0.0,-200.0
137,31,validacao,17 24 25 28 29,1 2 5 6 7 10 12 16 19 27 31,31,P,10.0,1.0,22.0,1.0,3.0,2.0,10.0,0.0,5.0,0.0,5.0,1.0,1.0,2.0,4.0,0.0,751.0
137,37,validacao,13 24 28,1 2 5 6 11 12 19 27 31,31,P,8.0,1.0,17.0,0.0,4.0,2.0,6.0,0.0,3.0,0.0,5.0,1.0,1.0,1.0,2.0,0.0,752.0
137,33,validacao,14 24 25 28 29,1 2 5 6 10 11 12 16 19 27 31,31,P,10.0,1.0,23.0,1.0,4.0,2.0,9.0,1.0,5.0,0.0,6.0,1.0,1.0,2.0,4.0,1.0,732.0
137,6,validacao,16 21 22 24 25 26 27 28 29 30 31,0 1 2 3 4 5 6 7 11 12 15 18,,V,11.0,0.0,11.0,2.0,2.0,4.0,11.0,0.0,12.0,0.0,16.0,1.0,4.0,4.0,11.0,0.0,-91.0
137,35,validacao,21 24 28 29,1 2 5 6 11 12 16 17 19 27 31,31,P,10.0,1.0,25.0,1.0,4.0,2.0,8.0,1.0,4.0,0.0,3.0,1.0,1.0,2.0,4.0,1.0,732.0
138,11,treino,14 20 21 24 27 28 29 30 31,0 1 3 4 5 6 7 8 11,,P,9.0,0.0,8.0,0.0,3.0,3.0,9.0,0.0,9.0,0.0,10.0,2.0,3.0,4.0,7.0,0.0,112.0
138,18,treino,16 20 21 27 29 30 31,0 1 3 4 5 7 11 12,,V,7.0,0.0,8.0,1.0,2.0,3.0,5.0,0.0,8.0,0.0,8.0,0.0,4.0,3.0,7.0,0.0,-103.0
138,25,treino,20 23 26 27 29,0 3 4 5 7 11 12 24,,P,8.0,0.0,14.0,0.0,4.0,2.0,6.0,0.0,5.0,0.0,6.0,0.0,2.0,1.0,3.0,0.0,399.0
138,79,treino,5 6 10 21,3 18 28,5 6 21 28,P,2.0,1.0,4.0,1.0,2.0,1.0,0.0,0.0,1.0,3.0,5.0,2.0,0.0,0.0,2.0,0.0,-279.0
138,28,treino,13 23 26 27 29,0 3 4 5 7 11 28,28,V,5.0,0.0,8.0,1.0,1.0,1.0,3.0,0.0,6.0,1.0,5.0,0.0,4.0,2.0,6.0,0.0,-297.0
138,62,treino,0 5 6 15,3 18 20 21,0 5 21,V,2.0,2.0,10.0,0.0,0.0,0.0,2.0,0.0,3.0,1.0,9.0,2.0,2.0,1.0,0.0,0.0,127.0
138,7,treino,10 18 20 21 24 26 27 28 29 30 31,0 1 2 3 4 5 6 7 8 11,,P,10.0,0.0,8.0,0.0,3.0,4.0,10.0,0.0,11.0,0.0,15.0,3.0,3.0,4.0,9.0,1.0,-15.0
138,32,treino,4 22 23 27 29,0 3 5 7 15 28,28,V,5.0,0.0,11.0,1.0,2.0,1.0,2.0,0.0,5.0,1.0,5.0,0.0,2.0,2.0,4.0,0.0,-162.0
138,82,treino,5 6 10 28,7 18,5 6 28,V,1.0,3.0,5.0,1.0,1.0,1.0,2.0,1.0,2.0,0.0,5.0,1.0,0.0,0.0,0.0,1.0,607.0
138,72,treino,4 5 6 15,3 16 18 28,4 5 6 16 28,V,1.0,3.0,4.0,0.0,1.0,0.0,0.0,0.0,2.0,2.0,4.0,1.0,2.0,1.0,0.0,0.0,77.0
138,75,treino,5 6 15 17,3 18 28,5 6 17 28,P,2.0,1.0,4.0,1.0,2.0,1.0,0.0,0.0,1.0,3.0,4.0,1.0,0.0,0.0,0.0,0.0,-270.0
138,66,treino,2 4 5 15,3 16 18 24,2 4 5 16,V,1.0,3.0,4.0,0.0,1.0,0.0,0.0,0.0,3.0,1.0,10.0,1.0,1.0,1.0,0.0,0.0,77.0
138,80,treino,5 6 10 21,3 18 24,5 6 21 24,V,1.0,3.0,5.0,2.0,0.0,0.0,2.0,1.0,2.0,1.0,4.0,1.0,1.0,1.0,0.0,1.0,446.0
138,46,treino,1 4 10 23 29,3 12 15 28,1 28,V,4.0,1.0,13.0,1.0,1.0,1.0,0.0,0.0,3.0,1.0,6.0,0.0,3.0,1.0,0.0,0.0,162.0
138,73,treino,5 6 8 15,3 16 18 28,5 6 8 16 28,P,2.0,2.0,4.0,1.0,2.0,1.0,0.0,0.0,1.0,3.0,4.0,0.0,0.0,0.0,2.0,0.0,-81.0
138,47,treino,1 4 10 23 24,3 12 15 28,1 28,P,3.0,1.0,6.0,0.0,3.0,1.0,0.0,0.0,4.0,1.0,14.0,1.0,1.0,0.0,0.0,1.0,-75.0
138,63,treino,4 5 6 15,3 18 20 21,4 5 21,P,3.0,1.0,9.0,2.0,2.0,1.0,0.0,0.0,2.0,2.0,10.0,0.0,1.0,0.0,0.0,0.0,-126.0
138,19,treino,13 20 21 27 29 30 31,0 1 3 4 5 7 11 12,,P,8.0,0.0,8.0,0.0,4.0,3.0,7.0,0.0,7.0,0.0,9.0,2.0,2.0,3.0,2.0,0.0,124.0
138,29,treino,13 22 23 27 29,0 3 4 5 7 11 28,28,P,6.0,1.0,5.0,0.0,4.0,2.0,6.0,0.0,5.0,0.0,9.0,2.0,1.0,1.0,2.0,0.0,272.0
138,22,treino,20 26 27 29 30,0 1 3 4 7 11 12 24,,V,5.0,0.0,4.0,0.0,2.0,2.0,2.0,0.0,8.0,0.0,13.0,0.0,4.0,3.0,5.0,0.0,-340.0
138,86,treino,3 5 6 24,25,3 5 6 24,V,0.0,4.0,0.0,0.0,1.0,0.0,0.0,0.0,1.0,0.0,6.0,0.0,0.0,0.0,0.0,0.0,548.0
138,42,treino,4 6 17 23 29,3 8 9 15 28,28,V,5.0,0.0,17.0,1.0,1.0,1.0,0.0,0.0,4.0,1.0,7.0,1.0,2.0,1.0,0.0,0.0,-15.0
138,34,treino,4 19 22 27 29,0 3 5 11 15 28,28,V,5.0,0.0,12.0,1.0,3.0,1.0,0.0,0.0,5.0,1.0,6.0,0.0,3.0,2.0,4.0,1.0,-50.0
138,39,treino,4 6 17 27 29,0 3 9 15 28,28,P,4.0,1.0,5.0,1.0,2.0,2.0,0.0,0.0,5.0,0.0,16.0,1.0,2.0,1.0,0.0,0.0,-2.0
138,81,treino,5 6 10 28,3 18,5 6 28,P,2.0,0.0,4.0,1.0,1.0,1.0,0.0,0.0,1.0,3.0,5.0,1.0,1.0,1.0,2.0,0.0,-455.0
138,84,treino,3 5 6 28,22,3 5 6 28,V,0.0,4.0,0.0,0.0,2.0,1.0,0.0,0.0,1.0,0.0,5.0,1.0,0.0,0.0,0.0,0.0,622.0
138,35,treino,4 10 22 27 29,0 3 5 11 28,28,P,4.0,1.0,3.0,0.0,3.0,2.0,2.0,0.0,5.0,0.0,14.0,2.0,2.0,1.0,0.0,0.0,45.0
138,40,treino,4 6 17 27 29,3 5 9 15 28,28,V,5.0,0.0,16.0,1.0,2.0,1.0,0.0,0.0,4.0,1.0,6.0,1.0,2.0,1.0,2.0,0.0,1.0
138,10,treino,17 20 21 24 27 28 29 30 31,0 1 3 4 5 6 7 8 11,,V,9.0,0.0,9.0,2.0,3.0,4.0,8.0,0.0,9.0,0.0,8.0,0.0,3.0,3.0,9.0,0.0,10.0
138,43,treino,1 4 17 23 29,3 8 9 15 28,1 28,P,4.0,1.0,7.0,1.0,2.0,1.0,0.0,0.0,4.0,1.0,11.0,1.0,1.0,1.0,0.0,0.0,-10.0
138,52,treino,0 5 10 23,3 12 15 20,0 5 20,V,2.0,2.0,7.0,1.0,0.0,0.0,2.0,0.0,3.0,1.0,6.0,0.0,3.0,1.0,0.0,0.0,81.0
138,58,treino,0 1 10 15,3 12 18 21,0 1 21,V,2.0,2.0,9.0,1.0,0.0,0.0,2.0,0.0,3.0,1.0,7.0,2.0,2.0,1.0,0.0,0.0,77.0
139,24,treino,20 21 26 28 29 31,1 3 4 5 11 12 14 27,,V,6.0,0.0,5.0,1.0,2.0,3.0,2.0,0.0,8.0,0.0,16.0,1.0,5.0,2.0,2.0,0.0,-233.0
139,34,treino,29 31,1 3 4 9 21 22 27 28,28,V,2.0,0.0,0.0,0.0,0.0,2.0,0.0,0.0,7.0,1.0,19.0,3.0,4.0,2.0,0.0,0.0,-783.0
139,20,treino,20 26 27 28 29 30 31,1 3 4 5 11 12 14 15 25,,V,7.0,0.0,4.0,0.0,3.0,4.0,4.0,0.0,9.0,0.0,19.0,1.0,4.0,2.0,4.0,1.0,-131.0
139,26,treino,20 21 24 26 29 31,1 3 4 9 11 12 14 27,,V,6.0,0.0,6.0,1.0,1.0,2.0,6.0,0.0,8.0,0.0,17.0,2.0,5.0,2.0,2.0,0.0,-239.0
139,15,treino,16 19 20 21 26 27 28 29 30 31,1 2 3 4 5 9 11 12 14 15,,P,10.0,0.0,15.0,2.0,4.0,3.0,6.0,1.0,10.0,0.0,12.0,1.0,4.0,4.0,7.0,0.0,15.0
139,27,treino,20 21 23 24 29 31,1 3 4 9 11 12 14 27,,P,8.0,0.0,17.0,2.0,5.0,2.0,2.0,0.0,6.0,0.0,7.0,1.0,1.0,2.0,4.0,0.0,240.0
139,14,treino,16 20 21 23 26 27 28 29 30 31,1 2 3 4 5 9 11 12 14 15,,V,10.0,0.0,11.0,1.0,3.0,4.0,8.0,0.0,10.0,0.0,15.0,2.0,4.0,3.0,6.0,0.0,126.0
139,23,treino,20 21 23 26 28 29 31,1 3 4 5 11 12 14 18,,P,8.0,0.0,14.0,2.0,4.0,2.0,4.0,0.0,7.0,0.0,7.0,1.0,2.0,3.0,3.0,1.0,224.0
139,8,treino,16 21 22 23 24 26 27 28 29 30 31,1 2 3 4 5 6 7 9 11 12 15,,V,11.0,0.0,12.0,2.0,2.0,4.0,11.0,0.0,11.0,0.0,14.0,1.0,4.0,3.0,9.0,0.0,12.0
139,33,treino,18 29 31,1 3 4 9 15 21 27 28,28,P,7.0,1.0,17.0,2.0,4.0,2.0,0.0,1.0,3.0,0.0,3.0,1.0,0.0,2.0,0.0,1.0,748.0
139,37,treino,25,1 3 4 9 21 27 28 31,28 31,P,6.0,2.0,14.0,2.0,4.0,2.0,2.0,1.0,1.0,0.0,1.0,0.0,0.0,0.0,0.0,1.0,1600.0
139,7,treino,16 21 22 23 24 26 27 28 29 30 31,0 1 2 3 4 6 7 9 11 12 15,,P,11.0,0.0,13.0,1.0,4.0,4.0,10.0,0.0,11.0,0.0,12.0,2.0,2.0,4.0,11.0,0.0,1.0
139,5,treino,8 20 21 22 23 24 26 27 28 29 30 31,0 1 2 3 4 5 6 7 9 11 15,,P,11.0,0.0,11.0,1.0,3.0,4.0,11.0,0.0,12.0,0.0,16.0,2.0,3.0,4.0,11.0,1.0,-15.0
139,9,treino,16 17 21 23 24 26 27 28 29 30 31,1 2 3 4 5 6 7 9 11 12 15,,P,11.0,0.0,14.0,1.0,4.0,3.0,9.0,0.0,11.0,0.0,13.0,2.0,2.0,4.0,11.0,0.0,-0.0
139,16,treino,16 19 20 21 26 27 28 29 30 31,1 3 4 5 6 9 11 12 14 15,,V,10.0,0.0,12.0,1.0,4.0,4.0,7.0,0.0,10.0,0.0,16.0,2.0,4.0,2.0,7.0,1.0,-15.0
139,21,treino,20 21 26 27 28 29 31,1 3 4 5 11 12 14 15,,P,8.0,0.0,13.0,1.0,4.0,2.0,4.0,0.0,7.0,0.0,6.0,1.0,3.0,3.0,3.0,0.0,120.0
139,19,treino,13 20 21 26 27 28 29 30 31,1 3 4 5 9 11 12 14 15,,P,9.0,0.0,15.0,2.0,4.0,2.0,6.0,1.0,9.0,0.0,10.0,2.0,3.0,4.0,4.0,1.0,116.0
139,29,treino,17 20 23 24 29 31,1 3 4 9 12 14 15 27,,P,8.0,0.0,18.0,2.0,4.0,2.0,2.0,1.0,6.0,0.0,8.0,1.0,1.0,2.0,3.0,1.0,506.0
139,10,treino,16 17 21 23 24 26 27 28 29 30 31,1 2 3 4 5 6 7 11 12 14 15,,V,11.0,0.0,13.0,2.0,2.0,4.0,11.0,0.0,11.0,0.0,15.0,1.0,4.0,3.0,8.0,1.0,0.0
139,17,treino,10 16 20 21 26 27 28 29 30 31,1 3 4 5 6 9 11 12 14,,P,9.0,0.0,13.0,2.0,4.0,2.0,5.0,0.0,10.0,0.0,14.0,2.0,3.0,4.0,7.0,1.0,10.0
139,18,treino,16 20 21 26 27 28 29 30 31,1 3 4 5 9 11 12 14 15,,V,9.0,0.0,9.0,1.0,3.0,4.0,7.0,0.0,9.0,0.0,15.0,2.0,4.0,2.0,6.0,0.0,-29.0
139,13,treino,16 20 21 23 26 27 28 29 30 31,1 2 3 4 5 6 11 12 14 15,,P,10.0,0.0,14.0,1.0,4.0,3.0,6.0,0.0,10.0,0.0,11.0,1.0,3.0,4.0,8.0,0.0,8.0
139,11,treino,10 16 21 23 24 26 27 28 29 30 31,1 2 3 4 5 6 7 11 12 15,,P,10.0,0.0,12.0,0.0,4.0,3.0,8.0,0.0,11.0,0.0,15.0,2.0,2.0,4.0,10.0,1.0,-18.0
139,31,treino,16 23 29 31,1 3 4 9 12 15 27 28,28,P,7.0,1.0,15.0,1.0,5.0,2.0,0.0,0.0,4.0,0.0,5.0,0.0,0.0,2.0,0.0,1.0,624.0
139,25,treino,20 21 24 26 29 31,1 3 4 5 11 12 14 27,,P,8.0,0.0,16.0,1.0,5.0,2.0,2.0,0.0,6.0,0.0,6.0,1.0,1.0,2.0,6.0,0.0,232.0
139,32,treino,23 29 31,1 3 4 9 15 21 27 28,28,V,3.0,0.0,2.0,0.0,0.0,2.0,0.0,0.0,7.0,1.0,17.0,2.0,4.0,2.0,0.0,0.0,-649.0
139,4,treino,17 20 21 22 23 24 26 27 28 29 30 31,0 1 2 3 4 5 6 7 9 11 13 15,,V,12.0,0.0,14.0,3.0,3.0,4.0,12.0,0.0,12.0,0.0,14.0,2.0,3.0,4.0,12.0,1.0,-4.0
139,28,treino,20 21 23 24 29 31,1 3 4 9 12 14 15 27,,V,6.0,0.0,7.0,1.0,1.0,2.0,4.0,0.0,8.0,0.0,18.0,2.0,4.0,2.0,2.0,0.0,-246.0
139,36,treino,29,1 3 4 9 21 27 28 31,28 31,V,1.0,0.0,0.0,0.0,0.0,1.0,0.0,0.0,6.0,2.0,14.0,2.0,4.0,2.0,2.0,0.0,-1600.0
139,6,treino,20 21 22 23 24 26 27 28 29 30 31,0 1 2 3 4 6 7 9 11 12 15,,V,11.0,0.0,11.0,2.0,3.0,4.0,11.0,0.0,11.0,0.0,13.0,1.0,4.0,4.0,10.0,0.0,7.0
139,30,treino,20 23 29 31,1 3 4 9 12 15 27 28,28,V,4.0,0.0,4.0,0.0,1.0,2.0,0.0,0.0,7.0,1.0,15.0,1.0,5.0,2.0,0.0,0.0,-531.0
139,12,treino,16 21 23 24 26 27 28 29 30 31,1 2 3 4 5 6 11 12 14 15,,V,10.0,0.0,10.0,1.0,2.0,4.0,10.0,0.0,10.0,0.0,14.0,1.0,4.0,3.0,6.0,0.0,6.0
140,34,teste,12 18 20 21 29,0 1 4 8 9 11 19,,V,5.0,0.0,11.0,2.0,2.0,1.0,0.0,0.0,7.0,0.0,11.0,1.0,3.0,2.0,3.0,1.0,-219.0
140,97,teste,0 6,12 21 22 31,0 6 12 22 31,P,1.0,3.0,5.0,2.0,1.0,0.0,0.0,0.0,0.0,2.0,0.0,0.0,0.0,0.0,0.0,0.0,309.0
140,94,teste,5 10,12 21 26 31,5 10 12 26 31,V,0.0,2.0,0.0,1.0,0.0,0.0,0.0,0.0,1.0,3.0,5.0,1.0,1.0,0.0,2.0,0.0,-301.0
140,114,teste,0,6 16 23 25,0 6 16 23,V,0.0,1.0,0.0,0.0,0.0,0.0,0.0,0.0,1.0,3.0,6.0,0.0,0.0,0.0,0.0,0.0,-538.0
140,90,teste,0 14,12 21 26 30,0 12 14 30,V,0.0,2.0,0.0,1.0,0.0,0.0,0.0,0.0,2.0,2.0,11.0,1.0,1.0,0.0,2.0,0.0,-241.0
140,50,teste,6 10 29,0 15 19 22,,V,3.0,0.0,11.0,1.0,0.0,1.0,2.0,0.0,4.0,0.0,12.0,1.0,1.0,1.0,2.0,0.0,-58.0
140,95,teste,0 10,12 21 26 31,0 10 12 26 31,P,1.0,3.0,5.0,1.0,1.0,0.0,2.0,0.0,0.0,2.0,0.0,1.0,0.0,0.0,0.0,0.0,305.0
140,87,teste,0 10,12 19 21 30,0 10 12 30,P,2.0,2.0,9.0,1.0,2.0,0.0,0.0,0.0,0.0,2.0,0.0,1.0,0.0,0.0,0.0,0.0,235.0
140,86,teste,5 10,12 19 21 30,5 10 12 30,V,0.0,2.0,0.0,1.0,0.0,0.0,0.0,0.0,2.0,2.0,9.0,1.0,2.0,0.0,0.0,0.0,-231.0
140,107,teste,4,9 16 21 22,4 9 16 22,P,1.0,3.0,5.0,3.0,0.0,0.0,2.0,0.0,0.0,1.0,0.0,0.0,1.0,0.0,0.0,0.0,505.0
140,62,teste,1 6 21,4 15 29 30,1 6 29 30,V,1.0,2.0,2.0,1.0,0.0,0.0,2.0,0.0,2.0,2.0,4.0,0.0,1.0,0.0,0.0,0.0,-102.0
140,110,teste,8,9 16 21 23,8 9 16 23,V,0.0,1.0,0.0,0.0,0.0,0.0,0.0,0.0,1.0,3.0,5.0,2.0,0.0,0.0,2.0,0.0,-311.0
140,60,teste,1 6 24,4 15 25 30,1 6 30,V,1.0,2.0,1.0,0.0,0.0,0.0,2.0,0.0,3.0,1.0,10.0,0.0,1.0,0.0,2.0,0.0,-96.0
140,99,teste,4 6,12 21 22 27,4 6 12 22 27,P,1.0,3.0,5.0,2.0,2.0,0.0,0.0,0.0,0.0,2.0,0.0,0.0,1.0,0.0,0.0,0.0,309.0
140,116,teste,4,6 16 23 30,4 6 16 23 30,V,0.0,1.0,0.0,0.0,1.0,0.0,0.0,0.0,0.0,4.0,0.0,0.0,0.0,0.0,0.0,0.0,-546.0
140,49,teste,6 10 29,0 15 17 19,,P,4.0,0.0,11.0,1.0,1.0,1.0,2.0,0.0,3.0,0.0,11.0,1.0,0.0,1.0,2.0,0.0,49.0
140,56,teste,1 7 24,4 15 22 26,1,V,2.0,1.0,7.0,0.0,0.0,0.0,0.0,0.0,4.0,0.0,15.0,1.0,1.0,0.0,2.0,0.0,-50.0
140,117,teste,0,6 16 23 30,0 6 16 23 30,P,0.0,4.0,0.0,0.0,0.0,0.0,0.0,0.0,0.0,1.0,0.0,0.0,0.0,0.0,0.0,0.0,544.0
140,40,teste,9 16 21 29,0 4 8 15 19,,V,4.0,0.0,10.0,2.0,0.0,1.0,2.0,0.0,5.0,0.0,10.0,0.0,2.0,1.0,5.0,0.0,-107.0
140,30,teste,12 18 20 28 29,0 1 4 5 7 8 19,,V,5.0,0.0,9.0,1.0,3.0,2.0,0.0,0.0,7.0,0.0,9.0,0.0,2.0,2.0,5.0,0.0,-212.0
140,104,teste,0 10,16 18 21 22,0 10 16 18 22,V,0.0,2.0,0.0,1.0,0.0,0.0,0.0,0.0,1.0,3.0,5.0,3.0,0.0,0.0,4.0,0.0,-317.0
140,83,teste,5 7,12 13 19 30,5 7 12 30,P,2.0,2.0,7.0,1.0,2.0,0.0,0.0,0.0,0.0,2.0,0.0,0.0,0.0,0.0,0.0,0.0,228.0
140,71,teste,5 15,4 12 19 30,5 12 15 30,P,2.0,2.0,5.0,0.0,3.0,0.0,0.0,0.0,0.0,2.0,0.0,0.0,0.0,0.0,0.0,0.0,222.0
140,74,teste,0 15,8 12 19 25,0 12 15 25,V,0.0,2.0,0.0,0.0,0.0,0.0,0.0,0.0,2.0,2.0,6.0,0.0,2.0,0.0,2.0,0.0,-228.0
140,13,teste,12 14 17 24 25 27 28 29 30 31,0 1 2 3 4 5 6 8 15,,P,9.0,0.0,8.0,0.0,2.0,4.0,7.0,0.0,10.0,0.0,14.0,2.0,3.0,4.0,9.0,0.0,-105.0
140,12,teste,12 14 21 24 25 27 28 29 30 31,0 1 2 3 4 5 6 8 15,,V,10.0,0.0,13.0,2.0,3.0,4.0,8.0,0.0,9.0,0.0,8.0,0.0,2.0,4.0,7.0,0.0,110.0
140,35,teste,5 18 20 21 29,0 1 4 9 11 19,,P,6.0,0.0,9.0,1.0,3.0,2.0,2.0,0.0,5.0,0.0,13.0,2.0,1.0,1.0,0.0,1.0,211.0
140,26,teste,12 20 26 28 29 30,0 1 2 4 5 8 19 31,31,V,6.0,0.0,7.0,0.0,3.0,3.0,2.0,1.0,7.0,1.0,8.0,0.0,2.0,3.0,5.0,0.0,-208.0
140,10,teste,12 21 23 24 25 27 28 29 30 31,0 1 2 3 4 5 6 8 11 18,,V,10.0,0.0,11.0,1.0,3.0,4.0,9.0,0.0,10.0,0.0,11.0,1.0,3.0,4.0,7.0,1.0,106.0
140,28,teste,12 20 25 28 29,0 1 2 4 5 8 19 22,22,V,5.0,0.0,7.0,0.0,3.0,2.0,2.0,0.0,7.0,1.0,8.0,1.0,2.0,3.0,5.0,1.0,-221.0
140,101,teste,4 10,16 21 22 27,4 10 16 22 27,P,1.0,3.0,5.0,2.0,1.0,0.0,2.0,0.0,0.0,2.0,0.0,1.0,1.0,0.0,0.0,0.0,312.0
140,76,teste,0 11,8 12 19 29,0 11 12 29,V,0.0,2.0,0.0,0.0,1.0,0.0,0.0,0.0,2.0,2.0,6.0,0.0,2.0,0.0,2.0,0.0,-227.0
141,14,validacao,20 21 22 24 26 28 30 31,0 1 2 3 5 6 9 10 13,,V,8.0,0.0,8.0,2.0,2.0,3.0,8.0,0.0,9.0,0.0,9.0,3.0,1.0,4.0,8.0,0.0,-102.0
141,17,validacao,11 20 21 24 26 28 30 31,0 1 2 3 5 6 9 13,,P,8.0,0.0,7.0,2.0,1.0,4.0,7.0,0.0,8.0,0.0,11.0,1.0,3.0,3.0,7.0,0.0,-6.0
141,22,validacao,11 17 20 24 28 30 31,1 2 3 5 6 8 9,,V,7.0,0.0,11.0,1.0,3.0,3.0,3.0,0.0,7.0,0.0,6.0,1.0,1.0,3.0,6.0,0.0,-3.0
141,38,validacao,11 26 28,1 5 6 7 18 27,,V,3.0,0.0,6.0,0.0,2.0,1.0,0.0,0.0,6.0,0.0,13.0,1.0,1.0,1.0,3.0,1.0,-177.0
141,31,validacao,11 17 26 28 30,1 2 3 5 9 18,,P,6.0,0.0,7.0,2.0,1.0,3.0,3.0,0.0,5.0,0.0,9.0,1.0,2.0,2.0,2.0,0.0,111.0
141,7,validacao,15 17 20 21 24 25 26 28 29 30 31,0 1 2 3 4 5 6 8 9 10 11,,P,11.0,0.0,11.0,2.0,3.0,4.0,9.0,0.0,11.0,0.0,14.0,2.0,2.0,4.0,10.0,1.0,90.0
141,19,validacao,11 17 20 24 26 28 30 31,0 1 2 3 6 8 9 13,,P,8.0,0.0,8.0,2.0,1.0,4.0,6.0,0.0,8.0,0.0,12.0,1.0,3.0,3.0,6.0,1.0,-15.0
141,23,validacao,11 14 20 24 28 30 31,1 2 3 5 6 8 9,,P,7.0,0.0,6.0,1.0,1.0,3.0,6.0,0.0,7.0,0.0,12.0,1.0,3.0,3.0,3.0,1.0,103.0
141,21,validacao,11 17 20 24 28 30 31,0 1 2 3 6 8 9,,P,7.0,0.0,5.0,1.0,1.0,4.0,4.0,0.0,7.0,0.0,11.0,1.0,3.0,3.0,3.0,0.0,-14.0
141,35,validacao,11 14 28 30,1 2 5 7 9 27,,P,6.0,0.0,10.0,1.0,1.0,2.0,5.0,0.0,4.0,0.0,9.0,1.0,2.0,2.0,0.0,1.0,338.0
141,39,validacao,2 26 28,1 5 6 18 27,2,P,5.0,0.0,12.0,1.0,1.0,1.0,3.0,1.0,2.0,1.0,1.0,0.0,1.0,1.0,0.0,0.0,158.0
141,37,validacao,11 26 28,1 2 5 7 18 27,,P,6.0,0.0,12.0,1.0,1.0,2.0,4.0,0.0,3.0,0.0,6.0,0.0,2.0,1.0,0.0,0.0,501.0
141,9,validacao,17 20 21 22 24 26 28 29 30 31,0 1 2 3 4 5 6 8 9 10 18,,P,11.0,0.0,13.0,3.0,2.0,4.0,9.0,1.0,10.0,0.0,11.0,3.0,2.0,4.0,10.0,1.0,92.0
141,15,validacao,18 20 21 24 26 28 30 31,0 1 2 3 5 6 9 10 13,,P,9.0,0.0,9.0,3.0,1.0,4.0,8.0,0.0,8.0,0.0,9.0,2.0,2.0,3.0,7.0,0.0,117.0
141,20,validacao,11 20 24 26 28 30 31,0 1 2 3 6 8 9 22,,V,7.0,0.0,9.0,0.0,3.0,3.0,6.0,0.0,8.0,0.0,10.0,2.0,1.0,4.0,4.0,1.0,-7.0
141,25,validacao,11 16 24 28 30 31,1 2 3 5 6 8 18,,P,7.0,0.0,8.0,1.0,1.0,3.0,5.0,0.0,6.0,0.0,9.0,0.0,2.0,3.0,2.0,0.0,107.0
141,6,validacao,17 18 20 21 24 25 26 28 29 30 31,0 1 2 3 4 5 6 8 9 10 11,,V,11.0,0.0,13.0,3.0,2.0,4.0,10.0,0.0,11.0,0.0,11.0,2.0,3.0,4.0,9.0,0.0,19.0
141,24,validacao,11 20 24 28 30 31,1 2 3 5 6 8 18,,V,6.0,0.0,8.0,0.0,3.0,3.0,3.0,0.0,7.0,0.0,8.0,1.0,1.0,3.0,5.0,0.0,-109.0
141,30,validacao,11 24 26 28 30,1 2 3 5 9 18 21,,V,5.0,0.0,7.0,0.0,2.0,2.0,4.0,0.0,7.0,0.0,12.0,3.0,1.0,3.0,3.0,1.0,-124.0
141,12,validacao,17 20 21 22 24 26 28 30 31,0 1 2 3 4 5 6 9 10 13,,V,9.0,0.0,11.0,3.0,2.0,3.0,9.0,0.0,10.0,0.0,10.0,3.0,2.0,4.0,9.0,1.0,-111.0
141,26,validacao,11 16 24 28 30 31,1 2 3 5 8 9 18,,V,6.0,0.0,9.0,0.0,2.0,3.0,2.0,0.0,7.0,0.0,9.0,2.0,1.0,3.0,4.0,0.0,-120.0
141,34,validacao,11 17 28 30,1 2 5 7 9 27,,V,4.0,0.0,8.0,1.0,2.0,2.0,0.0,0.0,6.0,0.0,10.0,1.0,1.0,2.0,5.0,0.0,-280.0
141,32,validacao,11 17 26 28 30,1 2 5 7 9 18,,V,5.0,0.0,9.0,1.0,2.0,2.0,2.0,0.0,6.0,0.0,8.0,2.0,0.0,2.0,5.0,0.0,-85.0
141,41,validacao,9 26 28,1 8 18 27,9,P,4.0,0.0,12.0,1.0,1.0,1.0,0.0,0.0,2.0,1.0,1.0,1.0,1.0,1.0,0.0,0.0,110.0
141,33,validacao,11 17 23 28 30,1 2 5 7 9 18,,P,6.0,0.0,8.0,2.0,0.0,2.0,5.0,1.0,5.0,0.0,10.0,1.0,2.0,2.0,0.0,1.0,220.0
141,29,validacao,11 24 26 28 30,1 2 3 5 9 17 18,,P,7.0,0.0,11.0,3.0,1.0,3.0,3.0,0.0,5.0,0.0,7.0,0.0,2.0,2.0,4.0,0.0,241.0
141,8,validacao,17 20 21 24 25 26 28 29 30 31,0 1 2 3 4 5 6 8 9 10 18,,V,10.0,0.0,10.0,2.0,2.0,4.0,10.0,0.0,11.0,0.0,13.0,3.0,2.0,4.0,9.0,0.0,-92.0
141,48,validacao,24,8 13 25 31,31,V,1.0,0.0,1.0,0.0,0.0,0.0,0.0,0.0,3.0,1.0,11.0,1.0,0.0,0.0,2.0,0.0,-475.0
141,36,validacao,11 28 30,1 2 5 7 18 27,,V,3.0,0.0,5.0,0.0,2.0,2.0,0.0,0.0,6.0,0.0,12.0,1.0,1.0,2.0,4.0,0.0,-398.0
141,10,validacao,17 20 21 24 26 28 29 30 31,0 1 2 3 4 5 6 8 9 10 25,,V,9.0,0.0,9.0,2.0,2.0,4.0,9.0,0.0,11.0,0.0,15.0,2.0,2.0,4.0,9.0,1.0,-111.0
141,28,validacao,11 24 28 30 31,1 2 3 5 9 17 18,,V,5.0,0.0,6.0,0.0,2.0,3.0,2.0,0.0,7.0,0.0,11.0,3.0,1.0,3.0,3.0,0.0,-219.0
141,47,validacao,5 24,1 13 25 31,5 31,P,3.0,1.0,9.0,1.0,0.0,1.0,0.0,0.0,1.0,1.0,1.0,0.0,0.0,0.0,0.0,1.0,413.0
142,25,teste,4 15 24 27 28 30 31,0 3 5 6 11 14,,P,6.0,0.0,7.0,1.0,2.0,2.0,2.0,0.0,7.0,0.0,12.0,0.0,3.0,3.0,4.0,1.0,4.0
142,23,teste,4 19 24 27 28 30 31,0 1 3 5 11 14,,P,6.0,0.0,6.0,1.0,2.0,3.0,3.0,0.0,7.0,0.0,11.0,0.0,4.0,3.0,4.0,0.0,-113.0
142,42,teste,4 23 28,0 3 13 20 21 31,31,V,3.0,0.0,8.0,0.0,2.0,1.0,0.0,0.0,5.0,1.0,13.0,2.0,2.0,2.0,0.0,0.0,-411.0
142,21,teste,4 10 19 27 28 29 30 31,0 1 3 5 7 11,,P,6.0,0.0,4.0,0.0,2.0,3.0,6.0,0.0,8.0,0.0,15.0,1.0,4.0,4.0,2.0,1.0,-116.0
142,22,teste,4 19 27 28 29 30 31,0 1 3 5 11 14,,V,7.0,0.0,10.0,0.0,4.0,4.0,2.0,0.0,6.0,0.0,6.0,1.0,2.0,3.0,3.0,0.0,110.0
142,27,teste,4 24 26 27 28 31,0 3 5 6 14 18,,P,6.0,0.0,9.0,2.0,1.0,2.0,4.0,0.0,6.0,0.0,9.0,0.0,3.0,2.0,5.0,0.0,14.0
142,24,teste,4 19 24 27 28 30 31,0 3 5 6 11 14,,V,7.0,0.0,11.0,0.0,4.0,3.0,4.0,0.0,6.0,0.0,7.0,1.0,2.0,2.0,2.0,0.0,108.0
142,51,teste,4 7,0 3 13 27 28 29,27 28 29,P,3.0,3.0,3.0,1.0,3.0,2.0,0.0,0.0,2.0,0.0,12.0,0.0,1.0,0.0,0.0,1.0,1600.0
142,28,teste,4 24 26 27 28 31,0 3 5 9 14 18,,V,6.0,0.0,9.0,0.0,3.0,2.0,5.0,0.0,6.0,0.0,10.0,3.0,1.0,2.0,5.0,0.0,-14.0
142,37,teste,4 23 26 28,0 3 8 14 20 27,,P,6.0,0.0,16.0,1.0,3.0,2.0,0.0,0.0,4.0,0.0,9.0,0.0,2.0,1.0,2.0,0.0,284.0
142,35,teste,4 16 23 28 31,0 3 8 13 14 27,,P,6.0,0.0,14.0,2.0,2.0,2.0,2.0,1.0,5.0,0.0,11.0,0.0,2.0,2.0,0.0,1.0,227.0
142,47,teste,4 15,0 3 13 20 27 28,27 28,P,4.0,2.0,8.0,1.0,4.0,2.0,0.0,0.0,2.0,0.0,10.0,0.0,1.0,0.0,0.0,0.0,572.0
142,39,teste,4 22 23 28,0 3 13 14 20 27,,P,6.0,0.0,17.0,2.0,3.0,2.0,0.0,0.0,4.0,0.0,10.0,1.0,2.0,1.0,0.0,0.0,268.0
142,18,teste,17 19 20 27 28 29 30 31,0 1 3 5 7 8 10 11 16,,V,8.0,0.0,9.0,1.0,4.0,4.0,2.0,0.0,9.0,0.0,12.0,1.0,2.0,3.0,8.0,1.0,-6.0
142,9,teste,17 19 20 24 26 27 28 29 30 31,0 1 2 3 4 5 7 10 11 13,,P,10.0,0.0,10.0,2.0,3.0,4.0,9.0,1.0,10.0,0.0,11.0,1.0,4.0,4.0,8.0,1.0,-2.0
142,43,teste,4 23 24,0 3 13 20 21 31,31,P,5.0,1.0,13.0,2.0,2.0,2.0,0.0,1.0,3.0,0.0,9.0,0.0,1.0,0.0,0.0,1.0,571.0
142,45,teste,4 19,0 3 13 20 28 31,28 31,P,4.0,2.0,8.0,1.0,3.0,2.0,0.0,0.0,2.0,0.0,9.0,0.0,2.0,0.0,0.0,0.0,579.0
142,36,teste,4 23 28 31,0 3 8 14 20 27,,V,4.0,0.0,8.0,0.0,2.0,2.0,0.0,0.0,6.0,0.0,16.0,1.0,3.0,2.0,0.0,0.0,-236.0
142,32,teste,4 21 26 28 31,0 3 5 13 14 27,,V,5.0,0.0,9.0,1.0,2.0,2.0,2.0,0.0,6.0,0.0,13.0,2.0,2.0,2.0,2.0,0.0,-127.0
142,30,teste,4 24 26 28 31,0 3 5 9 14 27,,V,5.0,0.0,8.0,0.0,2.0,2.0,4.0,0.0,6.0,0.0,12.0,2.0,2.0,2.0,4.0,0.0,-118.0
142,33,teste,4 21 23 28 31,0 3 5 13 14 27,,P,6.0,0.0,13.0,2.0,2.0,2.0,2.0,0.0,5.0,0.0,10.0,1.0,2.0,2.0,0.0,0.0,128.0
142,26,teste,4 24 27 28 30 31,0 3 5 6 14 18,,V,6.0,0.0,8.0,0.0,3.0,3.0,4.0,0.0,6.0,0.0,9.0,2.0,1.0,2.0,4.0,0.0,-16.0
142,16,teste,16 17 19 20 27 28 29 30 31,0 1 3 5 7 8 9 10 11,,V,9.0,0.0,12.0,1.0,4.0,4.0,4.0,0.0,9.0,0.0,10.0,2.0,2.0,3.0,9.0,0.0,114.0
142,15,teste,16 17 19 20 27 28 29 30 31,0 1 3 5 6 7 8 10 11,,P,9.0,0.0,9.0,1.0,2.0,3.0,9.0,0.0,9.0,0.0,12.0,1.0,4.0,4.0,4.0,0.0,118.0
142,8,teste,19 20 22 24 26 27 28 29 30 31,0 1 2 3 4 5 7 10 11 13,,V,10.0,0.0,10.0,1.0,4.0,4.0,9.0,0.0,10.0,0.0,10.0,2.0,3.0,4.0,9.0,0.0,2.0
142,12,teste,17 19 20 24 27 28 29 30 31,0 1 2 3 5 7 8 10 11,,V,9.0,0.0,10.0,1.0,4.0,4.0,6.0,0.0,9.0,0.0,8.0,1.0,2.0,4.0,9.0,0.0,-2.0
142,49,teste,4 10,0 3 13 24 27 28,27 28,P,4.0,2.0,9.0,1.0,3.0,2.0,2.0,0.0,2.0,0.0,11.0,1.0,1.0,0.0,0.0,0.0,631.0
142,40,teste,4 22 23 28,0 3 13 14 20 31,31,V,4.0,0.0,10.0,1.0,2.0,1.0,0.0,0.0,5.0,1.0,11.0,2.0,2.0,2.0,0.0,0.0,-293.0
142,10,teste,19 20 24 26 27 28 29 30 31,0 1 2 3 4 5 7 10 11 22,,V,9.0,0.0,8.0,0.0,4.0,4.0,8.0,0.0,10.0,0.0,12.0,2.0,3.0,4.0,9.0,1.0,-1.0
142,44,teste,4 23,0 3 13 20 28 31,28 31,V,2.0,0.0,8.0,0.0,1.0,0.0,0.0,0.0,4.0,2.0,8.0,1.0,3.0,2.0,0.0,0.0,-576.0
142,50,teste,4 10,0 3 13 27 28 29,27 28 29,V,2.0,0.0,11.0,1.0,1.0,0.0,0.0,0.0,3.0,3.0,3.0,1.0,3.0,2.0,0.0,0.0,-637.0
142,17,teste,13 17 19 20 27 28 29 30 31,0 1 3 5 7 8 9 10 11,,P,9.0,0.0,10.0,2.0,2.0,3.0,9.0,2.0,9.0,0.0,13.0,2.0,4.0,4.0,4.0,1.0,-114.0
143,23,treino,16 20 24 28 29 30,1 2 3 4 5 11 23,,P,7.0,0.0,9.0,0.0,3.0,3.0,2.0,0.0,6.0,0.0,6.0,0.0,2.0,3.0,5.0,0.0,104.0
143,11,treino,17 18 20 21 24 27 28 29 30 31,0 1 2 3 4 5 7 9 11 19,,P,10.0,0.0,11.0,1.0,4.0,4.0,9.0,0.0,10.0,0.0,12.0,3.0,3.0,4.0,8.0,0.0,-0.0
143,9,treino,17 18 20 21 24 26 27 28 29 30 31,0 1 2 3 4 5 7 9 11 13 19,,P,11.0,0.0,14.0,2.0,4.0,4.0,10.0,1.0,11.0,0.0,13.0,3.0,3.0,4.0,10.0,1.0,-10.0
143,31,treino,16 24 28,1 2 3 5 11 17 21,21,P,6.0,1.0,7.0,2.0,2.0,3.0,4.0,0.0,3.0,0.0,4.0,0.0,1.0,1.0,2.0,1.0,601.0
143,38,treino,16,1 3 5 6 11 12 28,12 28,V,1.0,0.0,3.0,0.0,0.0,0.0,0.0,1.0,5.0,2.0,4.0,0.0,4.0,2.0,3.0,0.0,-1600.0
143,32,treino,24 28,1 2 3 5 11 12 17,12,V,2.0,0.0,1.0,0.0,1.0,1.0,2.0,0.0,6.0,1.0,7.0,1.0,3.0,3.0,2.0,0.0,-601.0
143,6,treino,20 21 22 23 24 26 27 28 29 30 31,0 1 2 3 4 5 7 9 11 13 15,,V,11.0,0.0,11.0,2.0,3.0,4.0,11.0,0.0,11.0,0.0,13.0,2.0,3.0,4.0,11.0,0.0,6.0
143,15,treino,10 20 21 24 27 28 29 30 31,0 1 2 3 4 7 11 19,,P,8.0,0.0,8.0,0.0,4.0,4.0,6.0,0.0,9.0,0.0,11.0,2.0,3.0,4.0,7.0,1.0,-12.0
143,35,treino,16 28,1 2 3 5 11 12 21,12,P,6.0,1.0,8.0,1.0,3.0,3.0,2.0,0.0,2.0,0.0,3.0,0.0,1.0,1.0,0.0,0.0,743.0
143,25,treino,16 20 24 26 28 29,1 2 3 5 8 11 23,,P,7.0,0.0,10.0,0.0,2.0,3.0,3.0,1.0,6.0,0.0,7.0,0.0,2.0,2.0,5.0,1.0,272.0
143,17,treino,20 21 23 24 28 29 30 31,0 1 2 3 4 11 14 19,,P,8.0,0.0,10.0,1.0,4.0,4.0,2.0,0.0,8.0,0.0,7.0,1.0,2.0,4.0,5.0,1.0,-12.0
143,13,treino,9 17 20 21 24 27 28 29 30 31,0 1 2 3 4 5 7 11 19,,P,9.0,0.0,9.0,0.0,4.0,4.0,8.0,0.0,10.0,0.0,14.0,3.0,3.0,4.0,8.0,1.0,-1.0
143,27,treino,13 20 24 28 29,1 2 3 5 8 11 30,30,P,6.0,1.0,5.0,0.0,2.0,3.0,3.0,1.0,5.0,0.0,7.0,1.0,2.0,2.0,4.0,1.0,387.0
143,22,treino,20 21 24 28 29 30,1 2 3 4 5 11 23,,V,6.0,0.0,5.0,1.0,2.0,3.0,5.0,0.0,7.0,0.0,9.0,0.0,3.0,3.0,2.0,0.0,-105.0
143,21,treino,18 20 21 24 28 29 30,1 2 3 4 5 11 14,,P,7.0,0.0,7.0,1.0,3.0,3.0,2.0,1.0,7.0,0.0,8.0,2.0,2.0,3.0,5.0,1.0,97.0
143,20,treino,20 21 22 24 28 29 30,1 2 3 4 5 11 14,,V,7.0,0.0,7.0,2.0,2.0,3.0,5.0,0.0,7.0,0.0,7.0,1.0,3.0,3.0,2.0,0.0,19.0
143,34,treino,20 28,1 2 3 5 11 12 21,12,V,2.0,0.0,2.0,0.0,2.0,1.0,0.0,0.0,6.0,1.0,8.0,1.0,3.0,3.0,2.0,0.0,-632.0
143,16,treino,20 21 24 27 28 29 30 31,0 1 2 3 4 11 14 19,,V,8.0,0.0,6.0,1.0,3.0,4.0,7.0,0.0,8.0,0.0,10.0,1.0,4.0,4.0,2.0,0.0,12.0
143,39,treino,13,1 3 5 6 11 12 28,12 28,P,5.0,2.0,4.0,0.0,4.0,2.0,3.0,0.0,1.0,0.0,4.0,1.0,0.0,0.0,0.0,0.0,1600.0
143,29,treino,20 24 25 28,1 2 3 5 11 17 30,30,P,6.0,1.0,7.0,1.0,2.0,3.0,2.0,0.0,4.0,0.0,4.0,0.0,2.0,1.0,3.0,1.0,616.0
143,19,treino,20 21 22 24 28 29 30,0 1 2 3 4 11 14,,P,7.0,0.0,6.0,1.0,3.0,4.0,2.0,0.0,7.0,0.0,7.0,2.0,2.0,3.0,5.0,0.0,-5.0
143,37,treino,16 24,1 3 5 6 11 12 21,12,P,6.0,1.0,9.0,1.0,3.0,2.0,3.0,1.0,2.0,0.0,4.0,0.0,0.0,0.0,0.0,1.0,779.0
143,36,treino,16 28,1 3 5 6 11 12 21,12,V,2.0,0.0,3.0,0.0,1.0,1.0,0.0,0.0,6.0,1.0,9.0,1.0,3.0,2.0,3.0,0.0,-637.0
143,10,treino,18 20 21 24 26 27 28 29 30 31,0 1 2 3 4 5 7 9 11 19 22,,V,10.0,0.0,10.0,2.0,3.0,4.0,9.0,0.0,11.0,0.0,16.0,2.0,4.0,4.0,9.0,1.0,0.0
143,40,treino,13,1 3 5 6 11 12 24,12 24,V,1.0,0.0,4.0,1.0,0.0,0.0,0.0,0.0,5.0,2.0,4.0,0.0,3.0,2.0,3.0,0.0,-805.0
143,28,treino,20 24 28 29,1 2 3 5 11 17 30,30,V,4.0,0.0,3.0,0.0,2.0,2.0,4.0,0.0,6.0,1.0,7.0,1.0,2.0,3.0,2.0,0.0,-387.0
143,30,treino,20 24 28,1 2 3 5 11 17 21,21,V,3.0,0.0,3.0,0.0,2.0,1.0,3.0,0.0,6.0,1.0,7.0,2.0,2.0,3.0,4.0,0.0,-616.0
143,33,treino,20 28,1 2 3 5 11 12 17,12,P,6.0,1.0,7.0,1.0,3.0,3.0,2.0,0.0,2.0,0.0,2.0,0.0,2.0,1.0,0.0,0.0,622.0
143,18,treino,20 21 24 28 29 30 31,0 1 2 3 4 11 14 26,,V,7.0,0.0,5.0,1.0,2.0,4.0,5.0,0.0,8.0,0.0,12.0,1.0,3.0,4.0,2.0,1.0,4.0
143,14,treino,17 20 21 24 27 28 29 30 31,0 1 2 3 4 7 11 14 19,,V,9.0,0.0,9.0,2.0,3.0,4.0,8.0,0.0,9.0,0.0,11.0,1.0,4.0,4.0,6.0,1.0,1.0
143,8,treino,18 20 21 22 24 26 27 28 29 30 31,0 1 2 3 4 5 7 9 11 13 19,,V,11.0,0.0,12.0,3.0,3.0,4.0,11.0,0.0,11.0,0.0,14.0,2.0,4.0,4.0,10.0,0.0,11.0
143,12,treino,17 18 20 21 24 27 28 29 30 31,0 1 2 3 4 5 7 11 14 19,,V,10.0,0.0,12.0,3.0,3.0,4.0,8.0,1.0,10.0,0.0,12.0,1.0,4.0,4.0,8.0,1.0,11.0
144,4,validacao,17 20 21 22 23 24 26 27 28 29 30 31,0 1 2 3 4 6 7 8 9 10 11 12,,V,12.0,0.0,14.0,3.0,3.0,4.0,12.0,0.0,12.0,0.0,14.0,2.0,4.0,4.0,12.0,0.0,0.0
144,5,validacao,17 18 20 21 23 24 26 27 28 29 30 31,0 1 2 3 4 6 7 8 9 10 11 12,,P,12.0,0.0,14.0,2.0,4.0,4.0,12.0,0.0,12.0,0.0,15.0,3.0,3.0,4.0,12.0,0.0,6.0
144,6,validacao,17 18 20 21 23 24 26 27 28 29 30 31,0 1 2 3 4 6 7 8 9 10 12 15,,V,12.0,0.0,15.0,3.0,3.0,4.0,12.0,1.0,12.0,0.0,15.0,2.0,3.0,4.0,12.0,1.0,98.0
144,7,validacao,11 17 20 21 23 24 26 27 28 29 30 31,0 1 2 3 4 6 7 8 9 10 12,,P,11.0,0.0,12.0,2.0,3.0,4.0,11.0,0.0,12.0,0.0,17.0,2.0,4.0,4.0,11.0,0.0,-104.0
144,8,validacao,11 17 20 21 23 24 26 27 28 29 30 31,0 1 2 3 4 6 7 8 9 10 16,,V,12.0,0.0,17.0,2.0,4.0,4.0,11.0,1.0,11.0,0.0,13.0,2.0,2.0,4.0,10.0,1.0,220.0
144,9,validacao,5 11 17 20 23 24 26 27 28 29 30 31,0 1 2 3 4 6 7 9 10,,P,9.0,0.0,7.0,2.0,2.0,4.0,9.0,0.0,12.0,0.0,21.0,1.0,4.0,4.0,9.0,1.0,-229.0
144,10,validacao,11 17 20 23 24 26 27 28 29 30 31,0 2 3 4 6 7 8 9 10,,V,11.0,0.0,15.0,1.0,4.0,4.0,9.0,0.0,9.0,0.0,9.0,2.0,2.0,3.0,9.0,0.0,210.0
144,11,validacao,11 16 17 23 24 26 27 28 29 30 31,0 2 3 4 6 7 8 9 10,,P,9.0,0.0,9.0,2.0,2.0,3.0,9.0,0.0,11.0,0.0,16.0,1.0,3.0,4.0,8.0,0.0,-97.0
144,12,validacao,11 16 17 23 24 26 27 28 29 30 31,0 2 3 4 6 7 8 10 13,,V,11.0,0.0,16.0,1.0,3.0,4.0,8.0,2.0,9.0,0.0,10.0,2.0,2.0,3.0,9.0,1.0,221.0
144,13,validacao,9 11 17 23 24 26 27 28 29 30 31,0 2 3 4 6 7 8 10,,P,8.0,0.0,7.0,1.0,2.0,3.0,8.0,0.0,11.0,0.0,18.0,2.0,3.0,4.0,8.0,1.0,-221.0
144,14,validacao,11 23 24 26 27 28 29 30 31,0 2 3 4 7 8 10 22,,V,9.0,0.0,10.0,0.0,3.0,4.0,8.0,0.0,8.0,0.0,11.0,2.0,2.0,3.0,7.0,1.0,211.0
144,15,validacao,11 17 23 24 27 28 29 30 31,0 2 3 4 7 8 10,,P,7.0,0.0,6.0,1.0,2.0,3.0,7.0,0.0,9.0,0.0,12.0,1.0,3.0,4.0,6.0,0.0,-211.0
144,16,validacao,11 17 23 24 27 28 29 30 31,0 3 4 6 7 8 10,,V,9.0,0.0,12.0,1.0,3.0,4.0,6.0,0.0,7.0,0.0,7.0,1.0,2.0,2.0,7.0,1.0,391.0
144,17,validacao,2 17 23 24 27 28 29 30 31,0 3 4 6 8 10,2,P,6.0,0.0,6.0,1.0,2.0,2.0,5.0,1.0,8.0,1.0,7.0,1.0,2.0,4.0,6.0,0.0,-423.0
144,18,validacao,2 17 23 24 27 28 29 30 31,3 4 5 6 8 10,2,V,8.0,1.0,7.0,1.0,2.0,4.0,6.0,0.0,6.0,0.0,7.0,1.0,2.0,1.0,5.0,1.0,597.0
144,19,validacao,0 17 23 24 27 28 29 30 31,3 4 8 10,0,P,4.0,0.0,5.0,1.0,2.0,1.0,2.0,0.0,8.0,1.0,7.0,1.0,2.0,4.0,6.0,0.0,-597.0
144,20,validacao,0 17 23 24 27 28 29 30 31,4 7 8 10,0,V,8.0,1.0,7.0,1.0,2.0,4.0,6.0,0.0,4.0,0.0,6.0,1.0,1.0,0.0,4.0,0.0,600.0
144,21,validacao,0 17 23 24 25 27 28 29 31,4 7 8 10,0,P,4.0,0.0,6.0,1.0,1.0,0.0,4.0,0.0,8.0,1.0,8.0,1.0,2.0,3.0,7.0,0.0,-596.0
144,22,validacao,0 17 23 24 25 27 28 29 31,4 8 10 11,0,V,8.0,1.0,8.0,1.0,2.0,3.0,7.0,0.0,4.0,0.0,7.0,1.0,2.0,0.0,2.0,0.0,606.0
144,23,validacao,0 17 21 23 24 27 28 29 31,4 8 10 11,0,P,4.0,0.0,7.0,1.0,2.0,0.0,2.0,0.0,8.0,1.0,9.0,2.0,2.0,3.0,8.0,0.0,-606.0
144,24,validacao,0 17 21 23 24 27 28 29 31,4 8 10 15,0,V,8.0,1.0,9.0,2.0,2.0,3.0,8.0,0.0,4.0,0.0,8.0,1.0,1.0,0.0,4.0,0.0,730.0
144,25,validacao,0 16 17 23 24 27 28 29 31,4 8 10 15,0,P,4.0,0.0,8.0,1.0,1.0,0.0,4.0,0.0,8.0,1.0,10.0,1.0,2.0,3.0,6.0,0.0,-622.0
144,26,validacao,0 16 17 23 24 27 28 29 31,4 10 12 15,0,V,8.0,1.0,10.0,1.0,2.0,3.0,6.0,1.0,4.0,0.0,9.0,1.0,2.0,0.0,2.0,0.0,621.0
144,27,validacao,0 16 17 21 23 27 28 29 31,4 10 12 15,0,P,4.0,0.0,9.0,1.0,2.0,0.0,2.0,0.0,8.0,1.0,11.0,2.0,2.0,3.0,6.0,0.0,-634.0
144,28,validacao,0 16 17 21 23 27 28 29 31,4 10 12 18,0,V,8.0,1.0,11.0,2.0,2.0,3.0,6.0,0.0,4.0,0.0,10.0,2.0,2.0,0.0,0.0,1.0,845.0
144,29,validacao,0 7 16 17 21 27 28 29 31,4 12,0,P,2.0,0.0,4.0,0.0,2.0,0.0,0.0,0.0,8.0,1.0,15.0,2.0,2.0,3.0,5.0,0.0,-1600.0
144,30,validacao,0 7 16 17 21 27 28 29 31,8 12,0,V,8.0,1.0,15.0,2.0,2.0,3.0,5.0,0.0,2.0,0.0,5.0,0.0,1.0,0.0,2.0,0.0,1600.0
144,31,validacao,0 7 16 17 21 26 27 28 29,8 12,0,P,2.0,0.0,5.0,0.0,1.0,0.0,2.0,0.0,8.0,1.0,16.0,2.0,2.0,2.0,3.0,0.0,-1600.0
144,32,validacao,0 7 16 17 21 26 27 28 29,12 13,0,V,8.0,1.0,16.0,2.0,2.0,2.0,3.0,2.0,2.0,0.0,6.0,1.0,1.0,0.0,0.0,1.0,1600.0
145,24,treino,27 28 29 30 31,1 3 4 6 14 15 25,,V,5.0,0.0,1.0,0.0,2.0,4.0,2.0,0.0,7.0,0.0,14.0,1.0,2.0,2.0,2.0,1.0,-126.0
145,8,treino,13 20 24 25 26 27 28 29 30 31,0 1 2 3 4 5 6 9 10 11 22,,V,10.0,0.0,10.0,1.0,3.0,4.0,9.0,1.0,11.0,0.0,14.0,3.0,3.0,4.0,8.0,1.0,19.0
145,37,treino,17 24 27 30,3 8 15 19,,P,4.0,0.0,9.0,0.0,2.0,1.0,2.0,0.0,4.0,0.0,5.0,1.0,1.0,1.0,0.0,0.0,2.0
145,50,treino,5 13 30,15 22,,V,3.0,0.0,10.0,1.0,0.0,1.0,0.0,0.0,2.0,0.0,8.0,1.0,0.0,0.0,0.0,0.0,157.0
145,16,treino,13 16 17 25 27 28 29 30 31,0 1 3 4 6 7 8 10 15,,V,9.0,0.0,12.0,2.0,2.0,4.0,8.0,0.0,9.0,0.0,10.0,1.0,2.0,3.0,9.0,0.0,-13.0
145,30,treino,13 24 27 30 31,1 3 4 9 19,,V,5.0,0.0,6.0,1.0,1.0,2.0,2.0,1.0,5.0,0.0,7.0,1.0,3.0,2.0,0.0,1.0,-15.0
145,14,treino,13 17 20 25 27 28 29 30 31,0 1 3 4 5 6 7 10 15,,V,9.0,0.0,11.0,2.0,3.0,4.0,7.0,0.0,9.0,0.0,9.0,1.0,2.0,3.0,9.0,0.0,7.0
145,36,treino,22 24 27 30,3 8 15 19,,V,4.0,0.0,4.0,1.0,1.0,1.0,0.0,0.0,4.0,0.0,9.0,0.0,2.0,1.0,2.0,0.0,-0.0
145,38,treino,17 24 27 30,7 8 15 19,,V,4.0,0.0,5.0,1.0,1.0,1.0,0.0,0.0,4.0,0.0,10.0,0.0,1.0,0.0,2.0,0.0,6.0
145,41,treino,14 20 27 30,8 11 15 19,,P,4.0,0.0,11.0,0.0,2.0,0.0,3.0,0.0,4.0,0.0,7.0,1.0,2.0,1.0,0.0,0.0,8.0
145,11,treino,13 17 24 25 27 28 29 30 31,0 1 2 3 4 5 6 10 11,,P,9.0,0.0,7.0,1.0,3.0,4.0,7.0,0.0,9.0,0.0,10.0,2.0,2.0,4.0,9.0,0.0,4.0
145,51,treino,0 13 30,15 22,0,P,2.0,0.0,8.0,1.0,0.0,0.0,0.0,0.0,2.0,1.0,4.0,1.0,0.0,1.0,0.0,0.0,-160.0
145,42,treino,14 20 27 30,8 11 15 23,,V,4.0,0.0,7.0,1.0,2.0,1.0,0.0,0.0,4.0,0.0,12.0,0.0,1.0,0.0,2.0,1.0,-5.0
145,18,treino,12 13 17 25 27 28 29 30 31,0 1 3 4 6 7 8 14 15,,V,9.0,0.0,13.0,2.0,3.0,4.0,7.0,1.0,9.0,0.0,11.0,1.0,2.0,3.0,7.0,2.0,-122.0
145,43,treino,14 18 20 30,8 11 15,,P,3.0,0.0,7.0,0.0,1.0,0.0,2.0,0.0,4.0,0.0,9.0,2.0,1.0,1.0,2.0,1.0,2.0
145,15,treino,13 16 17 25 27 28 29 30 31,0 1 3 4 5 6 7 10 15,,P,9.0,0.0,9.0,1.0,2.0,3.0,9.0,0.0,9.0,0.0,12.0,2.0,2.0,4.0,8.0,0.0,-10.0
145,34,treino,24 26 27 30,3 4 15 19,,V,4.0,0.0,3.0,0.0,1.0,1.0,2.0,0.0,4.0,0.0,8.0,0.0,3.0,1.0,2.0,0.0,-0.0
145,29,treino,13 24 27 30 31,1 3 4 6 19,,P,5.0,0.0,6.0,0.0,3.0,2.0,2.0,0.0,5.0,0.0,6.0,1.0,1.0,2.0,2.0,0.0,15.0
145,5,treino,13 18 20 22 24 25 26 27 28 29 30 31,0 1 2 3 4 5 6 8 9 10 11 15,,P,12.0,0.0,14.0,2.0,3.0,4.0,11.0,0.0,12.0,0.0,15.0,3.0,3.0,4.0,11.0,1.0,-19.0
145,12,treino,13 17 24 25 27 28 29 30 31,0 1 3 4 5 6 7 10 11,,V,9.0,0.0,10.0,2.0,2.0,4.0,9.0,0.0,9.0,0.0,8.0,1.0,3.0,3.0,9.0,0.0,-5.0
145,17,treino,12 13 17 25 27 28 29 30 31,0 1 3 4 6 7 8 10 15,,P,9.0,0.0,10.0,1.0,2.0,3.0,9.0,1.0,9.0,0.0,13.0,2.0,3.0,4.0,7.0,0.0,122.0
145,19,treino,5 13 17 25 27 28 29 30 31,0 1 3 4 6 7 14 15,,P,8.0,0.0,9.0,1.0,2.0,3.0,6.0,1.0,9.0,0.0,15.0,2.0,2.0,4.0,7.0,2.0,122.0
145,20,treino,17 25 27 28 29 30 31,1 3 4 6 7 14 15 16,,V,7.0,0.0,5.0,1.0,2.0,4.0,5.0,1.0,8.0,0.0,13.0,1.0,2.0,2.0,4.0,1.0,-119.0
145,32,treino,24 27 30 31,3 4 10 19,,V,4.0,0.0,2.0,0.0,1.0,2.0,2.0,0.0,4.0,0.0,7.0,1.0,3.0,1.0,0.0,0.0,-4.0
145,13,treino,13 17 20 25 27 28 29 30 31,0 1 3 4 5 6 7 10 11,,P,9.0,0.0,8.0,1.0,3.0,3.0,9.0,0.0,9.0,0.0,11.0,2.0,3.0,4.0,7.0,0.0,-1.0
145,53,treino,0 13 23,15,0,P,1.0,0.0,3.0,0.0,0.0,0.0,0.0,0.0,2.0,1.0,6.0,1.0,0.0,0.0,0.0,0.0,-299.0
145,23,treino,21 27 28 29 30 31,1 3 4 6 14 15 16,,P,7.0,0.0,12.0,1.0,2.0,2.0,2.0,1.0,6.0,0.0,3.0,1.0,2.0,4.0,2.0,1.0,111.0
145,6,treino,18 20 22 24 25 26 27 28 29 30 31,0 1 2 3 4 5 6 9 10 11 15 17,,V,11.0,0.0,11.0,2.0,3.0,4.0,11.0,0.0,12.0,0.0,16.0,3.0,3.0,4.0,10.0,1.0,19.0
145,44,treino,14 20 30,8 11 22,,V,3.0,0.0,6.0,1.0,1.0,1.0,0.0,0.0,3.0,0.0,9.0,1.0,1.0,0.0,0.0,0.0,-11.0
145,35,treino,22 24 27 30,3 4 15 19,,P,4.0,0.0,8.0,0.0,3.0,1.0,2.0,0.0,4.0,0.0,4.0,1.0,1.0,1.0,0.0,0.0,0.0
145,26,treino,22 27 28 30 31,1 3 4 6 15 17,,V,5.0,0.0,3.0,1.0,2.0,3.0,2.0,1.0,6.0,0.0,9.0,1.0,2.0,2.0,2.0,1.0,-13.0
145,45,treino,9 20 30,8 11 22,,P,3.0,0.0,9.0,1.0,1.0,0.0,0.0,0.0,3.0,0.0,7.0,1.0,1.0,1.0,0.0,0.0,14.0
146,35,teste,18 20 23 28,1 3 5 8 10 11 22,,P,7.0,0.0,12.0,2.0,2.0,2.0,3.0,0.0,4.0,0.0,7.0,1.0,2.0,1.0,2.0,0.0,331.0
146,36,teste,18 20 23 28,1 3 5 8 10 11 25,,V,4.0,0.0,7.0,1.0,2.0,1.0,2.0,0.0,7.0,0.0,13.0,1.0,2.0,2.0,3.0,0.0,-384.0
146,26,teste,11 18 24 27 28 31,1 2 3 4 5 7 13 26,,V,6.0,0.0,10.0,1.0,3.0,2.0,4.0,0.0,8.0,0.0,12.0,1.0,2.0,3.0,5.0,1.0,-94.0
146,21,teste,11 18 24 25 27 28 29 31,0 1 2 3 5 7 13 16 17,,P,9.0,0.0,13.0,2.0,1.0,4.0,9.0,0.0,8.0,0.0,11.0,1.0,3.0,3.0,6.0,0.0,99.0
146,20,teste,11 18 24 27 28 29 30 31,0 1 2 3 5 7 13 16 17,,V,8.0,0.0,10.0,1.0,3.0,4.0,5.0,0.0,9.0,0.0,13.0,2.0,1.0,4.0,9.0,0.0,12.0
146,14,teste,11 16 17 23 24 27 28 29 30 31,0 1 2 3 5 7 8 9 10,,V,10.0,0.0,15.0,1.0,3.0,4.0,6.0,0.0,9.0,0.0,8.0,2.0,1.0,4.0,9.0,0.0,110.0
146,7,teste,13 18 20 23 24 26 27 28 29 30 31,0 1 2 3 4 5 7 8 9 10 11,,P,11.0,0.0,11.0,2.0,3.0,4.0,11.0,1.0,11.0,0.0,14.0,2.0,3.0,4.0,10.0,1.0,117.0
146,43,teste,15 20 24,1 3 5 10 13 18 30,30,P,6.0,1.0,10.0,3.0,1.0,2.0,2.0,1.0,3.0,0.0,7.0,0.0,1.0,0.0,2.0,1.0,626.0
146,30,teste,11 18 24 27 28,1 2 3 4 5 10 22,,V,5.0,0.0,10.0,1.0,3.0,1.0,2.0,0.0,7.0,0.0,9.0,2.0,2.0,3.0,2.0,0.0,-208.0
146,25,teste,11 18 22 24 27 28 31,1 2 3 4 5 7 13 17,,P,8.0,0.0,10.0,2.0,2.0,3.0,7.0,0.0,7.0,0.0,12.0,2.0,3.0,2.0,6.0,1.0,85.0
146,4,teste,18 20 23 24 25 26 27 28 29 30 31,0 1 2 3 4 5 6 7 8 10 11 21,,V,11.0,0.0,11.0,1.0,3.0,4.0,11.0,0.0,12.0,0.0,15.0,2.0,3.0,4.0,11.0,1.0,-7.0
146,15,teste,11 13 17 23 24 27 28 29 30 31,0 1 2 3 5 7 8 9 10,,P,9.0,0.0,8.0,2.0,1.0,4.0,9.0,2.0,10.0,0.0,16.0,2.0,3.0,4.0,8.0,1.0,-18.0
146,22,teste,11 18 24 25 27 28 29 31,1 2 3 4 5 7 13 16 17,,V,8.0,0.0,11.0,1.0,3.0,3.0,6.0,0.0,9.0,0.0,14.0,2.0,2.0,3.0,8.0,0.0,19.0
146,16,teste,11 17 23 24 27 28 29 30 31,0 1 2 3 5 7 8 10 16,,V,9.0,0.0,12.0,1.0,3.0,4.0,6.0,0.0,9.0,0.0,10.0,1.0,1.0,4.0,8.0,0.0,18.0
146,31,teste,11 18 20 27 28,1 2 3 4 5 10 22,,P,7.0,0.0,9.0,2.0,2.0,3.0,2.0,0.0,5.0,0.0,11.0,1.0,4.0,1.0,0.0,0.0,209.0
146,38,teste,18 19 20 28,1 3 5 10 11 13 25,,V,4.0,0.0,8.0,1.0,3.0,1.0,0.0,0.0,7.0,0.0,14.0,2.0,2.0,2.0,2.0,0.0,-391.0
146,10,teste,16 18 23 24 26 27 28 29 30 31,0 1 2 3 4 5 7 9 10 15 17,,V,10.0,0.0,11.0,1.0,2.0,4.0,9.0,1.0,11.0,0.0,14.0,3.0,2.0,4.0,10.0,1.0,-19.0
146,32,teste,11 18 20 27 28,1 2 3 5 8 10 22,,V,5.0,0.0,11.0,1.0,4.0,1.0,0.0,0.0,7.0,0.0,10.0,2.0,1.0,3.0,3.0,0.0,-213.0
146,37,teste,18 19 20 28,1 3 5 8 10 11 25,,P,7.0,0.0,13.0,1.0,2.0,2.0,3.0,0.0,4.0,0.0,8.0,1.0,3.0,1.0,0.0,0.0,385.0
146,33,teste,7 18 20 27 28,1 2 3 5 8 10 22,,P,7.0,0.0,10.0,2.0,1.0,3.0,3.0,0.0,5.0,0.0,12.0,1.0,3.0,1.0,0.0,1.0,328.0
146,42,teste,19 20 24,1 3 5 10 13 18 30,30,V,3.0,0.0,6.0,0.0,2.0,0.0,2.0,0.0,6.0,1.0,10.0,3.0,1.0,2.0,2.0,0.0,-529.0
146,41,teste,19 20 24,1 3 5 10 13 18 25,,P,7.0,0.0,16.0,3.0,1.0,2.0,2.0,0.0,3.0,0.0,6.0,0.0,2.0,0.0,2.0,0.0,513.0
146,5,teste,16 18 20 23 24 26 27 28 29 30 31,0 1 2 3 4 5 6 7 8 10 11,,P,11.0,0.0,10.0,1.0,3.0,4.0,11.0,0.0,11.0,0.0,13.0,1.0,3.0,4.0,11.0,0.0,12.0
146,17,teste,11 14 23 24 27 28 29 30 31,0 1 2 3 5 7 8 10 16,,P,9.0,0.0,10.0,1.0,1.0,4.0,8.0,0.0,9.0,0.0,13.0,1.0,3.0,4.0,6.0,1.0,-129.0
146,44,teste,20 24,1 3 5 13 18 19 30,30,V,2.0,0.0,3.0,0.0,1.0,0.0,2.0,0.0,6.0,1.0,12.0,2.0,2.0,2.0,2.0,0.0,-642.0
146,11,teste,11 16 23 24 26 27 28 29 30 31,0 1 2 3 4 5 7 9 10 17,,P,10.0,0.0,11.0,3.0,2.0,4.0,9.0,0.0,10.0,0.0,13.0,0.0,3.0,4.0,8.0,0.0,19.0
146,45,teste,16 24,1 3 5 13 18 19 30,30,P,6.0,1.0,12.0,2.0,2.0,2.0,2.0,1.0,2.0,0.0,4.0,0.0,0.0,0.0,0.0,1.0,1600.0
146,34,teste,18 20 27 28,1 3 5 8 10 11 22,,V,4.0,0.0,6.0,1.0,3.0,1.0,0.0,0.0,7.0,0.0,12.0,2.0,2.0,2.0,3.0,0.0,-334.0
146,18,teste,11 23 24 27 28 29 30 31,0 1 2 3 5 7 8 16 17,,V,8.0,0.0,9.0,0.0,3.0,4.0,6.0,0.0,9.0,0.0,12.0,1.0,1.0,4.0,7.0,0.0,129.0
146,12,teste,11 16 23 24 26 27 28 29 30 31,0 1 2 3 4 5 7 9 10 22,,V,10.0,0.0,13.0,0.0,3.0,4.0,8.0,0.0,10.0,0.0,12.0,3.0,2.0,4.0,9.0,1.0,92.0
146,28,teste,11 18 22 24 27 28,1 2 3 4 5 10 13,,V,6.0,0.0,12.0,2.0,3.0,1.0,4.0,0.0,7.0,0.0,7.0,2.0,2.0,3.0,2.0,0.0,-90.0
146,13,teste,11 16 17 23 24 27 28 29 30 31,0 1 2 3 4 5 7 9 10,,P,9.0,0.0,7.0,2.0,2.0,4.0,9.0,0.0,10.0,0.0,15.0,1.0,3.0,4.0,6.0,0.0,-105.0
147,12,validacao,20 23 24 25 26 27 28 29 31,0 2 3 4 5 6 7 11 15 16,,V,9.0,0.0,8.0,0.0,3.0,3.0,9.0,0.0,10.0,0.0,13.0,0.0,3.0,3.0,9.0,1.0,-21.0
147,45,validacao,3 14,4 13 21 28,3 28,P,3.0,1.0,9.0,2.0,2.0,0.0,0.0,0.0,1.0,1.0,4.0,1.0,1.0,0.0,0.0,0.0,229.0
147,23,validacao,6 21 25 26 27 29 31,2 3 4 8 10 11,6,P,6.0,0.0,7.0,1.0,3.0,2.0,2.0,1.0,6.0,1.0,5.0,1.0,1.0,2.0,6.0,1.0,-3.0
147,41,validacao,3 23,4 8 21 24,3 24,P,3.0,1.0,8.0,1.0,1.0,0.0,4.0,0.0,1.0,1.0,2.0,0.0,1.0,0.0,0.0,0.0,230.0
147,8,validacao,16 20 23 24 26 27 28 29 30 31,0 1 2 3 4 6 7 9 11 15,,V,10.0,0.0,10.0,0.0,3.0,4.0,10.0,0.0,10.0,0.0,10.0,1.0,3.0,4.0,10.0,0.0,4.0
147,43,validacao,3 18,4 13 21 24,3 24,P,3.0,1.0,9.0,2.0,1.0,0.0,2.0,0.0,1.0,1.0,3.0,1.0,1.0,0.0,0.0,0.0,234.0
147,26,validacao,21 24 25 26 27 31,3 4 8 10 11 14,,V,6.0,0.0,6.0,1.0,1.0,1.0,6.0,0.0,6.0,0.0,10.0,2.0,3.0,1.0,4.0,0.0,-11.0
147,42,validacao,3 23,4 13 21 24,3 24,V,1.0,1.0,2.0,0.0,1.0,0.0,0.0,0.0,3.0,1.0,9.0,2.0,1.0,0.0,2.0,0.0,-237.0
147,34,validacao,21 23 27,4 7 8 11 14 20,20,V,3.0,0.0,5.0,1.0,1.0,0.0,2.0,0.0,5.0,1.0,9.0,1.0,3.0,0.0,4.0,0.0,-389.0
147,18,validacao,21 23 25 26 27 29 31,0 2 3 6 7 8 11 15,,V,7.0,0.0,7.0,1.0,1.0,2.0,7.0,0.0,8.0,0.0,9.0,0.0,2.0,3.0,6.0,0.0,-88.0
147,66,validacao,3 27,29,3 27 29,V,0.0,2.0,0.0,0.0,2.0,0.0,0.0,0.0,0.0,1.0,0.0,0.0,0.0,0.0,0.0,0.0,186.0
147,50,validacao,3 5,4 16 28 29,3 28 29,V,1.0,1.0,6.0,0.0,1.0,0.0,0.0,0.0,2.0,2.0,5.0,0.0,2.0,0.0,0.0,0.0,-226.0
147,36,validacao,23 27,4 7 8 11 20 21,20,V,2.0,0.0,3.0,0.0,1.0,0.0,2.0,0.0,5.0,1.0,11.0,1.0,3.0,0.0,4.0,0.0,-521.0
147,69,validacao,3 26,25,3 25 26,P,0.0,1.0,0.0,0.0,0.0,0.0,0.0,0.0,0.0,2.0,0.0,0.0,1.0,0.0,0.0,0.0,-182.0
147,55,validacao,3 30,28,3 28 30,P,0.0,1.0,0.0,0.0,1.0,0.0,0.0,0.0,0.0,2.0,0.0,0.0,1.0,1.0,0.0,0.0,-184.0
147,52,validacao,1 3,4 16 25 28,1 3 25 28,V,0.0,2.0,0.0,0.0,1.0,0.0,0.0,0.0,2.0,2.0,5.0,0.0,2.0,0.0,0.0,0.0,-232.0
147,17,validacao,21 23 25 26 27 29 31,0 2 3 4 6 7 11 15,,P,8.0,0.0,8.0,0.0,3.0,3.0,8.0,0.0,7.0,0.0,7.0,1.0,1.0,2.0,7.0,0.0,104.0
147,25,validacao,21 24 25 26 27 31,3 4 8 9 10 11,,P,6.0,0.0,9.0,2.0,3.0,1.0,2.0,0.0,6.0,0.0,6.0,1.0,1.0,1.0,6.0,0.0,7.0
147,56,validacao,3 30,24,3 24 30,V,0.0,2.0,0.0,0.0,1.0,1.0,0.0,0.0,0.0,1.0,0.0,0.0,0.0,0.0,0.0,0.0,178.0
147,59,validacao,3 31,29,3 29 31,P,0.0,1.0,0.0,0.0,0.0,0.0,0.0,0.0,0.0,2.0,0.0,0.0,1.0,1.0,0.0,0.0,-184.0
147,33,validacao,21 23 24 27,4 7 8 11 14 29,29,P,5.0,1.0,9.0,1.0,2.0,0.0,4.0,0.0,4.0,0.0,6.0,1.0,1.0,0.0,4.0,1.0,389.0
147,57,validacao,3 26,24,3 24 26,P,0.0,1.0,0.0,0.0,0.0,0.0,0.0,0.0,0.0,2.0,0.0,0.0,1.0,0.0,0.0,0.0,-182.0
147,29,validacao,21 22 23 24 25 31,4 7 8 10 11 14,,P,6.0,0.0,11.0,2.0,2.0,0.0,6.0,0.0,6.0,0.0,8.0,2.0,0.0,1.0,4.0,0.0,9.0
147,21,validacao,1 21 25 26 27 29 31,2 3 4 7 8 11,1,P,6.0,0.0,6.0,0.0,3.0,2.0,6.0,0.0,6.0,1.0,5.0,1.0,1.0,2.0,6.0,0.0,-103.0
147,24,validacao,21 25 26 27 29 31,3 4 8 9 10 11,,V,6.0,0.0,5.0,1.0,1.0,2.0,6.0,0.0,6.0,0.0,9.0,2.0,3.0,1.0,2.0,0.0,-6.0
147,46,validacao,3 14,4 13 24 28,3 28,V,1.0,1.0,4.0,1.0,1.0,0.0,0.0,0.0,3.0,1.0,10.0,1.0,2.0,0.0,2.0,0.0,-279.0
147,9,validacao,16 20 23 24 25 26 27 28 29 31,0 1 2 3 4 6 7 9 11 15,,P,10.0,0.0,10.0,1.0,3.0,4.0,10.0,0.0,10.0,0.0,11.0,0.0,3.0,3.0,10.0,0.0,10.0
147,20,validacao,19 21 25 26 27 29 31,2 3 4 6 7 8 11 15,,V,7.0,0.0,8.0,1.0,2.0,2.0,6.0,0.0,8.0,0.0,10.0,0.0,3.0,2.0,8.0,1.0,103.0
147,39,validacao,3 27,4 8 20 21,3 20,P,3.0,1.0,8.0,1.0,2.0,0.0,2.0,0.0,1.0,1.0,1.0,0.0,2.0,0.0,0.0,0.0,236.0
147,11,validacao,13 20 23 24 25 26 27 28 29 31,0 2 3 4 5 6 7 9 11 15,,P,10.0,0.0,11.0,1.0,3.0,3.0,10.0,0.0,10.0,0.0,12.0,1.0,3.0,3.0,9.0,1.0,-4.0
147,53,validacao,3 5,4 16 25 28,3 5 25 28,P,2.0,2.0,5.0,0.0,2.0,0.0,0.0,0.0,0.0,2.0,0.0,0.0,1.0,0.0,0.0,0.0,226.0
147,38,validacao,19 27,4 7 8 15 20 21,20,V,2.0,0.0,4.0,0.0,2.0,0.0,0.0,0.0,5.0,1.0,12.0,1.0,2.0,0.0,2.0,1.0,-237.0
148,94,treino,0 4 9,3,0 3 4,V,1.0,2.0,5.0,1.0,1.0,0.0,2.0,0.0,0.0,1.0,0.0,0.0,1.0,1.0,0.0,0.0,309.0
148,56,treino,0 7 20 27 28,22 30,0 7 30,V,3.0,2.0,3.0,0.0,3.0,1.0,0.0,0.0,1.0,1.0,5.0,1.0,0.0,0.0,0.0,0.0,378.0
148,53,treino,4 7 20 27 28,18 25,4 7 25,P,1.0,1.0,4.0,1.0,0.0,0.0,0.0,0.0,3.0,2.0,3.0,0.0,4.0,1.0,0.0,0.0,-377.0
148,67,treino,4 10 16 28,19 26,4 10 19,P,1.0,1.0,6.0,0.0,1.0,0.0,0.0,0.0,2.0,2.0,3.0,1.0,2.0,1.0,0.0,0.0,-230.0
148,88,treino,4 5 16,7,4 7,V,2.0,1.0,9.0,0.0,1.0,0.0,0.0,0.0,0.0,1.0,0.0,0.0,0.0,0.0,0.0,0.0,291.0
148,49,treino,0 3 20 27 28,9 25,0 3 25,P,1.0,1.0,2.0,1.0,0.0,0.0,0.0,0.0,3.0,2.0,3.0,0.0,4.0,1.0,0.0,0.0,-389.0
148,34,treino,3 25 26 27 28 29,4 5 17,3,V,5.0,1.0,3.0,0.0,3.0,2.0,2.0,0.0,3.0,0.0,6.0,1.0,1.0,0.0,0.0,0.0,398.0
148,97,treino,0 1 4,7,0 1 4 7,P,0.0,1.0,0.0,0.0,0.0,0.0,0.0,0.0,0.0,3.0,0.0,0.0,1.0,0.0,2.0,0.0,-365.0
148,23,treino,3 14 25 27 28 29 31,0 1 4 5 6,3,P,5.0,0.0,3.0,0.0,1.0,2.0,5.0,0.0,6.0,1.0,6.0,1.0,3.0,3.0,4.0,0.0,-283.0
148,37,treino,3 22 24 25 27 28,5 8 17,3,P,3.0,0.0,7.0,1.0,0.0,0.0,2.0,1.0,5.0,1.0,5.0,1.0,3.0,1.0,4.0,1.0,-284.0
148,61,treino,5 7 16 28,19 22,5 7 19,P,1.0,1.0,5.0,1.0,1.0,0.0,0.0,0.0,2.0,2.0,3.0,0.0,1.0,1.0,0.0,0.0,-283.0
148,16,treino,21 23 25 27 28 29 30 31,0 1 2 3 4 5 13 14 18,,V,8.0,0.0,6.0,1.0,2.0,4.0,7.0,0.0,9.0,0.0,12.0,3.0,2.0,4.0,6.0,0.0,-110.0
148,98,treino,0 1 4,10,0 1 4 10,V,0.0,3.0,0.0,0.0,1.0,0.0,2.0,0.0,0.0,1.0,0.0,1.0,0.0,0.0,0.0,0.0,365.0
148,72,treino,4 16 19 24,27,4 19 27,V,2.0,2.0,4.0,0.0,2.0,0.0,0.0,0.0,0.0,1.0,0.0,0.0,1.0,0.0,0.0,0.0,411.0
148,17,treino,21 23 25 26 27 28 29 31,0 1 2 3 4 5 13 14 18,,P,9.0,0.0,12.0,3.0,2.0,4.0,6.0,0.0,8.0,0.0,7.0,1.0,2.0,3.0,7.0,0.0,112.0
148,92,treino,0 4 13,7,0 4 7,V,1.0,2.0,4.0,1.0,1.0,0.0,2.0,0.0,0.0,1.0,0.0,0.0,0.0,0.0,0.0,0.0,303.0
148,6,treino,20 23 24 25 26 27 28 29 30 31,0 1 2 3 4 5 6 7 11 14 16,,V,10.0,0.0,8.0,0.0,3.0,4.0,10.0,0.0,11.0,0.0,13.0,1.0,3.0,4.0,9.0,1.0,-27.0
148,33,treino,3 25 26 27 28 29,0 4 17,3,P,3.0,0.0,5.0,1.0,1.0,1.0,2.0,0.0,5.0,1.0,3.0,0.0,3.0,2.0,2.0,0.0,-406.0
148,100,treino,0 1 8,14,0 1 8 14,V,0.0,3.0,0.0,0.0,0.0,0.0,0.0,0.0,0.0,1.0,0.0,1.0,0.0,0.0,0.0,0.0,363.0
148,15,treino,9 21 23 25 27 28 29 30 31,0 1 2 3 4 5 6 14 18,,P,9.0,0.0,10.0,2.0,2.0,4.0,8.0,0.0,9.0,0.0,11.0,2.0,2.0,4.0,7.0,1.0,110.0
148,24,treino,3 14 25 27 28 29 31,0 1 4 5 10,3,V,6.0,1.0,6.0,1.0,3.0,3.0,4.0,1.0,5.0,0.0,4.0,1.0,1.0,2.0,4.0,1.0,409.0
148,4,treino,20 22 23 24 25 26 27 28 29 30 31,0 1 2 3 4 5 6 7 9 11 14 17,,V,11.0,0.0,10.0,1.0,3.0,4.0,11.0,0.0,12.0,0.0,15.0,3.0,3.0,4.0,12.0,1.0,1.0
148,43,treino,3 16 20 27 28,5 8 25,3 25,P,2.0,1.0,3.0,0.0,0.0,0.0,2.0,0.0,4.0,1.0,6.0,0.0,4.0,1.0,2.0,0.0,-214.0
148,30,treino,3 6 25 27 28 29 31,0 4 8 9,3 6,V,5.0,2.0,2.0,0.0,3.0,3.0,4.0,0.0,4.0,0.0,5.0,1.0,1.0,1.0,3.0,1.0,383.0
148,55,treino,0 7 20 27 28,22 25,0 7 25,P,1.0,1.0,5.0,1.0,0.0,0.0,2.0,0.0,3.0,2.0,3.0,0.0,3.0,1.0,0.0,0.0,-378.0
148,85,treino,4 8 16,7,4 7,P,0.0,1.0,0.0,0.0,0.0,0.0,0.0,0.0,2.0,1.0,8.0,0.0,1.0,0.0,2.0,0.0,-238.0
148,74,treino,4 16 24,18,4 18,V,2.0,1.0,4.0,0.0,1.0,0.0,0.0,0.0,0.0,1.0,0.0,1.0,0.0,0.0,0.0,0.0,223.0
148,39,treino,3 20 25 27 28,5 8 26,3,P,3.0,0.0,9.0,0.0,0.0,0.0,2.0,0.0,4.0,1.0,4.0,0.0,4.0,1.0,0.0,0.0,-218.0
148,9,treino,13 21 23 25 26 27 28 29 30 31,0 1 2 3 4 5 6 7 14 15,,P,10.0,0.0,10.0,1.0,2.0,4.0,8.0,0.0,10.0,0.0,11.0,2.0,2.0,4.0,8.0,0.0,91.0
148,13,treino,13 15 21 23 25 27 28 29 30 31,0 1 2 3 4 5 6 11 14,,P,9.0,0.0,8.0,1.0,3.0,4.0,6.0,0.0,10.0,0.0,14.0,2.0,2.0,4.0,7.0,1.0,-25.0
148,102,treino,1 4 8,9,1 4 8 9,V,0.0,3.0,0.0,0.0,1.0,0.0,2.0,0.0,0.0,1.0,0.0,1.0,0.0,0.0,0.0,0.0,358.0
148,93,treino,0 4 9,7,0 4 7,P,0.0,1.0,0.0,0.0,0.0,0.0,0.0,0.0,1.0,2.0,5.0,1.0,1.0,0.0,2.0,0.0,-303.0
149,22,validacao,12 14 19 20 24 25 27 28 31,0 2 3 4 5 7 13,,V,9.0,0.0,16.0,1.0,5.0,2.0,5.0,0.0,7.0,0.0,6.0,1.0,2.0,3.0,6.0,0.0,110.0
149,33,validacao,12 16 21 25 27 31,2 3 4 9 14,,P,5.0,0.0,6.0,2.0,2.0,2.0,2.0,0.0,6.0,0.0,11.0,1.0,2.0,1.0,6.0,0.0,-117.0
149,38,validacao,2 12 21 25 27 31,4 7 14,2,V,5.0,1.0,8.0,1.0,2.0,1.0,4.0,0.0,3.0,0.0,5.0,1.0,1.0,0.0,0.0,1.0,509.0
149,37,validacao,2 12 21 25 27 31,3 4 14,2,P,3.0,0.0,4.0,1.0,2.0,1.0,0.0,0.0,5.0,1.0,8.0,1.0,2.0,1.0,4.0,0.0,-401.0
149,39,validacao,11 12 21 25 27 31,4 14,11,P,2.0,0.0,4.0,1.0,1.0,0.0,0.0,0.0,5.0,1.0,8.0,1.0,3.0,1.0,4.0,0.0,-523.0
149,9,validacao,17 19 20 21 22 23 24 25 27 28 29 31,0 2 3 4 5 6 7 8 10 11 13 14,,P,12.0,0.0,16.0,3.0,3.0,3.0,12.0,0.0,12.0,0.0,17.0,3.0,4.0,3.0,12.0,0.0,-9.0
149,35,validacao,9 12 21 25 27 31,2 3 4 14,,P,4.0,0.0,4.0,1.0,2.0,2.0,0.0,0.0,6.0,0.0,13.0,2.0,2.0,1.0,4.0,0.0,-235.0
149,10,validacao,17 19 20 21 22 23 24 25 27 28 29 31,0 2 3 4 5 6 7 8 10 11 13 18,,V,12.0,0.0,17.0,3.0,4.0,3.0,12.0,0.0,12.0,0.0,17.0,3.0,3.0,3.0,11.0,1.0,135.0
149,15,validacao,9 15 19 20 21 23 24 27 28 29 31,0 2 3 4 5 6 7 8 11,,P,9.0,0.0,8.0,0.0,3.0,3.0,9.0,0.0,11.0,0.0,20.0,2.0,4.0,3.0,10.0,2.0,-122.0
149,42,validacao,11 12 14 25 27 31,8,11,V,5.0,1.0,10.0,1.0,3.0,1.0,2.0,0.0,1.0,0.0,2.0,0.0,0.0,0.0,0.0,1.0,1600.0
149,25,validacao,12 14 15 20 21 25 27 28 31,0 2 3 4 5 7 17,,P,7.0,0.0,7.0,1.0,2.0,3.0,6.0,0.0,9.0,0.0,18.0,2.0,4.0,2.0,4.0,1.0,-245.0
149,23,validacao,12 14 19 20 21 25 27 28 31,0 2 3 4 5 7 13,,P,7.0,0.0,6.0,1.0,2.0,3.0,6.0,0.0,9.0,0.0,17.0,2.0,5.0,2.0,4.0,0.0,-101.0
149,21,validacao,12 14 19 20 24 25 27 28 31,0 2 3 4 5 7 8,,P,7.0,0.0,5.0,0.0,2.0,3.0,7.0,0.0,9.0,0.0,16.0,1.0,5.0,2.0,5.0,0.0,-223.0
149,8,validacao,17 19 20 21 22 24 25 26 27 28 29 31,0 2 3 4 5 6 7 8 10 11 13 14,,V,12.0,0.0,16.0,3.0,4.0,3.0,11.0,0.0,12.0,0.0,16.0,3.0,3.0,3.0,12.0,0.0,171.0
149,5,validacao,17 19 20 21 22 24 26 27 28 29 30 31,0 1 2 3 4 6 7 8 9 10 11 13,,P,12.0,0.0,14.0,3.0,3.0,4.0,12.0,0.0,12.0,0.0,15.0,3.0,4.0,4.0,11.0,0.0,7.0
149,19,validacao,14 19 20 21 24 25 27 28 31,0 2 3 4 5 7 8 13,,P,8.0,0.0,8.0,1.0,2.0,3.0,8.0,0.0,9.0,0.0,14.0,2.0,4.0,2.0,7.0,0.0,-101.0
149,20,validacao,14 19 20 21 24 25 27 28 31,0 2 3 4 5 7 8 16,,V,9.0,0.0,14.0,2.0,4.0,2.0,7.0,0.0,8.0,0.0,9.0,0.0,2.0,3.0,7.0,1.0,223.0
149,12,validacao,15 19 20 21 23 24 25 27 28 29 31,0 2 3 4 5 6 7 8 10 11 22,,V,11.0,0.0,16.0,1.0,4.0,3.0,11.0,1.0,11.0,0.0,15.0,2.0,3.0,3.0,10.0,1.0,104.0
149,13,validacao,15 18 19 20 21 23 24 27 28 29 31,0 2 3 4 5 6 7 8 10 11,,P,10.0,0.0,10.0,1.0,3.0,3.0,10.0,0.0,11.0,0.0,18.0,2.0,4.0,3.0,11.0,0.0,-104.0
149,11,validacao,15 17 19 20 21 23 24 25 27 28 29 31,0 2 3 4 5 6 7 8 10 11 13,,P,11.0,0.0,13.0,2.0,3.0,3.0,11.0,0.0,12.0,0.0,19.0,2.0,4.0,3.0,12.0,2.0,-135.0
149,7,validacao,17 19 20 21 22 24 25 26 27 28 29 31,0 2 3 4 5 6 7 8 9 10 11 13,,P,12.0,0.0,15.0,3.0,3.0,3.0,12.0,0.0,12.0,0.0,16.0,3.0,4.0,3.0,11.0,0.0,-19.0
149,26,validacao,12 14 15 20 25 27 28 31,0 2 3 4 5 7 24,,V,8.0,0.0,16.0,1.0,4.0,2.0,2.0,0.0,7.0,0.0,9.0,0.0,2.0,3.0,6.0,1.0,111.0
149,29,validacao,5 12 15 20 21 25 27 31,0 2 3 4 7,,P,5.0,0.0,2.0,0.0,2.0,3.0,5.0,0.0,8.0,0.0,20.0,1.0,3.0,1.0,4.0,1.0,-238.0
149,24,validacao,12 14 19 20 21 25 27 28 31,0 2 3 4 5 7 17,,V,9.0,0.0,17.0,2.0,5.0,2.0,4.0,1.0,7.0,0.0,7.0,1.0,2.0,3.0,6.0,0.0,251.0
149,41,validacao,11 12 14 25 27 31,4,11,P,1.0,0.0,1.0,0.0,1.0,0.0,0.0,0.0,5.0,1.0,10.0,1.0,3.0,1.0,2.0,0.0,-1600.0
149,36,validacao,9 12 21 25 27 31,3 4 6 14,,V,6.0,0.0,13.0,2.0,2.0,1.0,4.0,1.0,4.0,0.0,5.0,1.0,2.0,1.0,0.0,1.0,401.0
149,34,validacao,12 16 21 25 27 31,2 3 4 13 14,,V,6.0,0.0,11.0,1.0,2.0,1.0,6.0,1.0,5.0,0.0,7.0,2.0,2.0,2.0,0.0,1.0,236.0
149,14,validacao,15 18 19 20 21 23 24 27 28 29 31,0 2 3 4 5 6 7 8 11 14,,V,11.0,0.0,18.0,2.0,4.0,3.0,11.0,0.0,10.0,0.0,11.0,1.0,3.0,3.0,9.0,1.0,104.0
149,28,validacao,12 14 15 20 21 25 27 31,0 2 3 4 7 9,,V,8.0,0.0,18.0,2.0,3.0,1.0,4.0,1.0,6.0,0.0,4.0,1.0,2.0,3.0,5.0,1.0,231.0
149,6,validacao,17 19 20 21 22 24 26 27 28 29 30 31,0 2 3 4 5 6 7 8 9 10 11 13,,V,12.0,0.0,15.0,3.0,4.0,4.0,11.0,0.0,12.0,0.0,15.0,3.0,3.0,3.0,12.0,0.0,12.0
149,32,validacao,12 20 21 25 27 31,2 3 4 9 14,,V,6.0,0.0,10.0,1.0,3.0,1.0,4.0,0.0,5.0,0.0,6.0,2.0,2.0,2.0,2.0,0.0,112.0
149,17,validacao,9 14 19 20 21 24 27 28 29 31,0 2 3 4 5 6 7 8,,P,8.0,0.0,6.0,0.0,2.0,3.0,8.0,0.0,10.0,0.0,18.0,3.0,4.0,3.0,9.0,1.0,-135.0
150,27,teste,16 19 21 23 28 29 31,4 5 7 8 9 11,,P,6.0,0.0,9.0,1.0,2.0,0.0,6.0,0.0,7.0,0.0,10.0,1.0,2.0,3.0,4.0,0.0,-102.0
150,31,teste,15 16 21 23 25 28 31,4 7 8 9 11 12,,P,6.0,0.0,11.0,1.0,3.0,0.0,5.0,0.0,7.0,0.0,12.0,1.0,1.0,2.0,3.0,1.0,117.0
150,19,teste,16 24 27 28 29 30 31,0 2 4 6 8 11 19,,P,7.0,0.0,10.0,0.0,3.0,2.0,5.0,0.0,7.0,0.0,5.0,0.0,2.0,4.0,5.0,0.0,15.0
150,29,teste,16 19 21 23 25 28 31,4 5 7 9 11 12,,P,6.0,0.0,10.0,1.0,3.0,0.0,4.0,0.0,7.0,0.0,11.0,1.0,2.0,2.0,5.0,0.0,-111.0
150,20,teste,16 24 27 28 29 30 31,0 2 4 8 9 11 19,,V,7.0,0.0,5.0,0.0,2.0,4.0,5.0,0.0,7.0,0.0,11.0,1.0,3.0,2.0,3.0,0.0,-1.0
150,16,teste,19 20 24 27 28 29 30 31,0 2 4 6 8 10 11,,V,8.0,0.0,7.0,0.0,4.0,4.0,6.0,0.0,7.0,0.0,8.0,1.0,2.0,2.0,6.0,0.0,99.0
150,21,teste,16 24 26 27 28 29 31,0 2 4 8 9 11 19,,P,7.0,0.0,11.0,1.0,3.0,2.0,3.0,0.0,7.0,0.0,6.0,0.0,2.0,3.0,6.0,0.0,17.0
150,22,teste,16 24 26 27 28 29 31,0 2 4 8 9 11 23,,V,7.0,0.0,6.0,0.0,2.0,3.0,6.0,1.0,7.0,0.0,12.0,1.0,2.0,2.0,3.0,1.0,83.0
150,34,teste,25 28 31,4 7 9 12 24 27,,V,3.0,0.0,1.0,0.0,1.0,2.0,0.0,0.0,6.0,0.0,19.0,1.0,3.0,0.0,0.0,1.0,-235.0
150,9,teste,14 19 20 23 24 25 27 28 29 30 31,0 2 3 4 6 7 8 9 10 11,,P,10.0,0.0,11.0,2.0,3.0,3.0,10.0,1.0,11.0,0.0,14.0,1.0,4.0,4.0,10.0,1.0,9.0
150,6,teste,18 19 20 21 23 24 25 27 28 29 30 31,0 1 2 3 4 6 7 8 9 10 11 16,,V,12.0,0.0,15.0,2.0,4.0,4.0,12.0,0.0,12.0,0.0,15.0,2.0,3.0,4.0,11.0,1.0,110.0
150,23,teste,16 19 24 27 28 29 31,0 2 4 8 9 11,,P,6.0,0.0,7.0,1.0,2.0,2.0,3.0,0.0,7.0,0.0,8.0,0.0,3.0,3.0,5.0,0.0,-102.0
150,15,teste,7 19 20 24 27 28 29 30 31,0 2 3 4 6 8 11,,P,7.0,0.0,6.0,0.0,3.0,3.0,5.0,0.0,9.0,0.0,13.0,0.0,4.0,4.0,6.0,1.0,-105.0
150,35,teste,21 25 31,4 7 9 12 27,,P,5.0,0.0,13.0,1.0,3.0,0.0,0.0,0.0,3.0,0.0,3.0,1.0,0.0,1.0,2.0,0.0,232.0
150,17,teste,15 20 24 27 28 29 30 31,0 2 4 6 8 10 11,,P,7.0,0.0,8.0,1.0,2.0,2.0,6.0,0.0,8.0,0.0,8.0,0.0,3.0,4.0,6.0,1.0,16.0
150,38,teste,31,7 8 9 27 30,30,V,1.0,0.0,0.0,0.0,0.0,1.0,0.0,0.0,4.0,1.0,11.0,1.0,1.0,0.0,0.0,0.0,-1600.0
150,36,teste,21 25 31,7 8 9 12 27,,V,3.0,0.0,3.0,1.0,0.0,1.0,2.0,0.0,5.0,0.0,14.0,1.0,2.0,0.0,2.0,0.0,-239.0
150,10,teste,19 20 23 24 25 27 28 29 30 31,0 2 3 4 6 7 8 10 11 18,,V,10.0,0.0,10.0,0.0,4.0,4.0,10.0,0.0,10.0,0.0,13.0,2.0,3.0,3.0,9.0,1.0,-9.0
150,12,teste,19 20 24 25 27 28 29 30 31,0 2 3 4 6 7 8 11 17,,V,9.0,0.0,8.0,0.0,4.0,4.0,8.0,0.0,9.0,0.0,11.0,1.0,3.0,3.0,8.0,0.0,8.0
150,11,teste,14 19 20 24 25 27 28 29 30 31,0 2 3 4 6 7 8 10 11,,P,9.0,0.0,9.0,1.0,3.0,3.0,9.0,0.0,10.0,0.0,12.0,1.0,4.0,4.0,8.0,1.0,-13.0
150,5,teste,18 19 20 21 23 24 25 27 28 29 30 31,0 1 2 3 4 6 7 8 9 10 11 13,,P,12.0,0.0,14.0,3.0,3.0,4.0,12.0,0.0,12.0,0.0,15.0,2.0,4.0,4.0,12.0,0.0,6.0
150,18,teste,20 24 27 28 29 30 31,0 2 4 6 8 11 19,,V,7.0,0.0,4.0,0.0,3.0,4.0,6.0,0.0,7.0,0.0,10.0,0.0,3.0,2.0,5.0,0.0,4.0
150,28,teste,16 19 21 23 28 29 31,4 5 7 9 11 12,,V,7.0,0.0,10.0,1.0,2.0,3.0,4.0,0.0,6.0,0.0,10.0,1.0,3.0,0.0,4.0,0.0,108.0
150,32,teste,16 21 25 28 31,4 7 8 9 12 27,,V,5.0,0.0,6.0,1.0,1.0,2.0,3.0,0.0,6.0,0.0,15.0,1.0,3.0,0.0,3.0,0.0,-139.0
150,14,teste,19 20 21 24 27 28 29 30 31,0 2 3 4 6 8 10 11 17,,V,9.0,0.0,9.0,1.0,4.0,4.0,7.0,0.0,9.0,0.0,12.0,2.0,3.0,3.0,6.0,1.0,103.0
150,13,teste,19 20 21 24 27 28 29 30 31,0 2 3 4 6 7 8 11 17,,P,9.0,0.0,11.0,1.0,3.0,3.0,8.0,1.0,9.0,0.0,9.0,1.0,4.0,4.0,7.0,0.0,12.0
150,8,teste,18 19 20 23 24 25 27 28 29 30 31,0 2 3 4 6 7 8 9 10 11,,V,11.0,0.0,13.0,1.0,4.0,4.0,11.0,0.0,10.0,0.0,11.0,2.0,3.0,3.0,10.0,0.0,100.0
150,33,teste,13 21 25 28 31,4 7 8 9 12 27,,P,6.0,0.0,15.0,1.0,3.0,0.0,3.0,1.0,5.0,0.0,7.0,2.0,1.0,2.0,2.0,1.0,238.0
150,30,teste,16 19 21 23 25 28 31,4 7 8 9 11 12,,V,7.0,0.0,11.0,1.0,2.0,2.0,5.0,0.0,6.0,0.0,11.0,1.0,3.0,0.0,5.0,0.0,90.0
150,7,teste,5 18 19 20 23 24 25 27 28 29 30 31,0 1 2 3 4 6 7 9 10 11,,P,10.0,0.0,9.0,2.0,3.0,4.0,10.0,0.0,12.0,0.0,19.0,1.0,4.0,4.0,11.0,1.0,-115.0
150,26,teste,16 19 21 27 28 29 31,4 5 7 8 9 11,,V,7.0,0.0,9.0,1.0,3.0,3.0,4.0,0.0,6.0,0.0,9.0,1.0,2.0,0.0,6.0,0.0,101.0
150,4,teste,19 20 21 22 23 24 25 27 28 29 30 31,0 1 2 3 4 6 7 8 9 10 11 13,,V,12.0,0.0,14.0,2.0,4.0,4.0,12.0,0.0,12.0,0.0,14.0,3.0,3.0,4.0,12.0,0.0,8.0
151,68,treino,13,22 25,13 22 25,V,0.0,1.0,0.0,1.0,0.0,0.0,0.0,0.0,0.0,2.0,0.0,1.0,0.0,0.0,2.0,0.0,-186.0
151,60,treino,6,22 26,6 26,V,0.0,1.0,0.0,0.0,0.0,0.0,0.0,0.0,1.0,1.0,5.0,1.0,0.0,0.0,2.0,0.0,-115.0
151,61,treino,9,22 26,9 26,P,1.0,1.0,5.0,1.0,0.0,0.0,2.0,0.0,0.0,1.0,0.0,1.0,0.0,0.0,0.0,0.0,115.0
151,24,treino,12 16 20 23 25 26 27 30,2 3 4 5 6 8 10 15,,V,8.0,0.0,14.0,0.0,3.0,1.0,8.0,0.0,8.0,0.0,10.0,1.0,2.0,2.0,7.0,0.0,10.0
151,67,treino,13,22 30,13 22 30,P,0.0,2.0,0.0,1.0,0.0,0.0,0.0,0.0,0.0,1.0,0.0,1.0,0.0,0.0,0.0,0.0,186.0
151,21,treino,12 16 20 23 25 27 30 31,2 3 4 5 6 7 8 11,,P,8.0,0.0,8.0,0.0,3.0,2.0,8.0,0.0,8.0,0.0,13.0,0.0,3.0,2.0,8.0,0.0,-12.0
151,65,treino,8,26 30,8 26 30,P,0.0,2.0,0.0,0.0,0.0,0.0,2.0,0.0,0.0,1.0,0.0,0.0,0.0,0.0,0.0,0.0,180.0
151,53,treino,1,18 22,1,P,2.0,0.0,9.0,2.0,0.0,0.0,2.0,0.0,0.0,1.0,0.0,0.0,0.0,0.0,0.0,0.0,56.0
151,62,treino,9,25 26,9 26,V,0.0,1.0,0.0,1.0,0.0,0.0,0.0,0.0,1.0,1.0,6.0,0.0,0.0,0.0,0.0,0.0,-180.0
151,18,treino,12 16 23 25 27 29 30 31,0 2 3 5 6 7 8 11,,V,8.0,0.0,11.0,0.0,2.0,3.0,8.0,0.0,8.0,0.0,7.0,0.0,2.0,3.0,8.0,0.0,3.0
151,27,treino,12 13 20 22 23 25 27 30,2 3 4 5 8 9 10 15,,P,8.0,0.0,11.0,2.0,2.0,2.0,6.0,1.0,8.0,0.0,16.0,2.0,3.0,1.0,5.0,1.0,219.0
151,5,treino,14 20 23 24 25 26 27 28 29 30 31,0 1 2 3 4 5 6 7 9 11 12,,P,11.0,0.0,11.0,1.0,4.0,4.0,10.0,0.0,11.0,0.0,12.0,1.0,3.0,4.0,10.0,1.0,-7.0
151,35,treino,12 21 23 27,2 3 4 5 14 22,,P,6.0,0.0,10.0,2.0,2.0,2.0,0.0,0.0,4.0,0.0,9.0,1.0,2.0,0.0,2.0,0.0,207.0
151,41,treino,5 18 21,2 3 9 22,,P,4.0,0.0,7.0,2.0,1.0,2.0,0.0,0.0,3.0,0.0,11.0,2.0,0.0,0.0,0.0,0.0,41.0
151,31,treino,12 21 23 27 30,2 3 4 5 10 15 26,,P,7.0,0.0,13.0,1.0,2.0,2.0,2.0,0.0,5.0,0.0,9.0,1.0,2.0,1.0,2.0,0.0,273.0
151,75,treino,13,17 18,13 17 18,P,0.0,2.0,0.0,2.0,0.0,0.0,0.0,1.0,0.0,1.0,0.0,1.0,0.0,0.0,0.0,1.0,1600.0
151,57,treino,9,22 26,9,P,2.0,0.0,11.0,1.0,0.0,0.0,2.0,0.0,0.0,1.0,0.0,1.0,0.0,0.0,0.0,0.0,115.0
151,29,treino,12 13 22 23 25 27 30,2 3 4 5 8 10 15,,P,7.0,0.0,9.0,1.0,2.0,2.0,5.0,0.0,7.0,0.0,14.0,2.0,2.0,1.0,5.0,1.0,204.0
151,15,treino,12 20 23 25 27 29 30 31,0 1 2 3 4 5 7 11,,P,8.0,0.0,5.0,0.0,3.0,4.0,8.0,0.0,8.0,0.0,10.0,0.0,3.0,3.0,6.0,0.0,5.0
151,26,treino,12 16 20 22 23 25 27 30,2 3 4 5 8 9 10 15,,V,8.0,0.0,15.0,1.0,3.0,1.0,8.0,0.0,8.0,0.0,11.0,2.0,2.0,2.0,6.0,0.0,17.0
151,51,treino,5 15,11 22,5,P,2.0,0.0,7.0,1.0,1.0,0.0,0.0,0.0,1.0,1.0,4.0,0.0,0.0,0.0,0.0,1.0,59.0
151,55,treino,6,22 23,6,P,2.0,0.0,10.0,1.0,0.0,0.0,0.0,0.0,0.0,1.0,0.0,0.0,0.0,0.0,0.0,0.0,59.0
151,63,treino,13,25 26,13 26,P,1.0,1.0,6.0,0.0,0.0,0.0,0.0,0.0,0.0,1.0,0.0,1.0,0.0,0.0,0.0,0.0,180.0
151,73,treino,16,17 22,16 17 22,P,0.0,2.0,0.0,2.0,0.0,0.0,2.0,0.0,0.0,1.0,0.0,0.0,0.0,0.0,0.0,0.0,190.0
151,13,treino,20 21 23 25 27 29 30 31,0 1 2 3 4 5 7 11 12,,P,9.0,0.0,8.0,0.0,4.0,4.0,8.0,0.0,8.0,0.0,8.0,1.0,2.0,3.0,7.0,0.0,103.0
151,49,treino,5 7 18,2 22,5,P,2.0,0.0,5.0,1.0,0.0,1.0,0.0,0.0,2.0,1.0,9.0,1.0,0.0,0.0,0.0,1.0,-72.0
151,22,treino,12 16 20 23 25 27 30 31,2 3 4 5 6 7 8 15,,V,8.0,0.0,13.0,0.0,3.0,2.0,8.0,0.0,8.0,0.0,9.0,0.0,2.0,2.0,7.0,0.0,4.0
151,64,treino,13,26 30,13 26 30,V,0.0,1.0,0.0,1.0,0.0,0.0,0.0,0.0,0.0,2.0,0.0,0.0,0.0,0.0,2.0,0.0,-180.0
151,72,treino,20,17 22,17 20 22,V,0.0,1.0,0.0,0.0,1.0,0.0,0.0,0.0,0.0,2.0,0.0,2.0,0.0,0.0,2.0,0.0,-192.0
151,50,treino,5 18,11 22,5,V,1.0,1.0,3.0,1.0,0.0,0.0,0.0,0.0,2.0,0.0,7.0,1.0,1.0,0.0,0.0,0.0,75.0
151,69,treino,16,22 25,16 22 25,P,0.0,2.0,0.0,1.0,0.0,0.0,2.0,0.0,0.0,1.0,0.0,0.0,0.0,0.0,0.0,0.0,184.0
151,39,treino,12 18 21,2 3 4 9 22,,P,5.0,0.0,8.0,2.0,2.0,2.0,0.0,0.0,3.0,0.0,9.0,2.0,1.0,0.0,0.0,0.0,209.0
152,50,treino,2 9 13 15 16 27 31,20 21,2 9 20,V,5.0,2.0,12.0,2.0,1.0,1.0,5.0,0.0,1.0,1.0,5.0,1.0,1.0,0.0,0.0,0.0,631.0
152,78,treino,3 7 14 18 27,25,3 7 14 25,V,2.0,3.0,4.0,2.0,2.0,0.0,4.0,0.0,0.0,1.0,0.0,0.0,0.0,0.0,0.0,0.0,594.0
152,86,treino,3 19,11,3 11,V,1.0,1.0,3.0,0.0,2.0,0.0,0.0,0.0,0.0,1.0,0.0,0.0,1.0,0.0,0.0,0.0,-4.0
152,11,treino,9 13 21 23 25 26 27 28 29 30 31,0 1 2 3 4 5 6 7 11 12 24,,P,11.0,0.0,15.0,0.0,4.0,4.0,9.0,1.0,11.0,0.0,16.0,3.0,2.0,4.0,10.0,1.0,-3.0
152,22,treino,12 13 20 21 22 23 24 27 30 31,0 1 3 4 6 7 10 14 19,,V,10.0,0.0,18.0,3.0,3.0,2.0,6.0,1.0,9.0,0.0,12.0,2.0,3.0,3.0,8.0,0.0,328.0
152,14,treino,13 20 21 23 25 26 27 28 30 31,0 1 2 3 4 6 7 12 14 15,,V,10.0,0.0,13.0,2.0,3.0,3.0,7.0,0.0,10.0,0.0,12.0,1.0,3.0,4.0,7.0,0.0,13.0
152,47,treino,0 2 13 15 16 27 31,1 21 24,0 2 24,P,2.0,1.0,5.0,1.0,0.0,1.0,2.0,0.0,5.0,2.0,12.0,1.0,1.0,1.0,4.0,0.0,-522.0
152,15,treino,13 20 21 23 24 25 26 27 30 31,0 1 2 3 4 6 7 12 14 15,,P,10.0,0.0,12.0,1.0,3.0,4.0,7.0,0.0,10.0,0.0,14.0,2.0,2.0,2.0,9.0,0.0,18.0
152,56,treino,2 9 15 23 27,4 29,2 4 9 29,V,3.0,2.0,7.0,1.0,1.0,0.0,2.0,0.0,0.0,2.0,0.0,0.0,1.0,0.0,0.0,0.0,340.0
152,45,treino,0 2 13 16 19 27 31,1 20 21,0 2 20,P,2.0,1.0,5.0,1.0,1.0,1.0,0.0,0.0,5.0,2.0,11.0,1.0,2.0,1.0,4.0,0.0,-510.0
152,29,treino,0 12 16 21 22 23 24 27 31,1 3 5 6 7 10 14,0,P,7.0,0.0,8.0,2.0,1.0,2.0,7.0,1.0,8.0,1.0,15.0,2.0,2.0,1.0,7.0,0.0,-289.0
152,64,treino,0 2 7 23 27,4 21,0 2 4 21,V,3.0,2.0,9.0,0.0,1.0,0.0,4.0,0.0,0.0,2.0,0.0,1.0,1.0,0.0,0.0,0.0,391.0
152,4,treino,17 22 23 24 25 26 27 28 29 30 31,0 1 2 3 4 5 6 7 8 10 11 20,,V,11.0,0.0,11.0,2.0,2.0,4.0,11.0,0.0,12.0,0.0,15.0,1.0,4.0,4.0,11.0,0.0,-116.0
152,60,treino,0 2 15 23 27,8 24,0 2 8 24,V,3.0,2.0,7.0,0.0,1.0,0.0,2.0,0.0,0.0,2.0,0.0,0.0,0.0,0.0,0.0,0.0,332.0
152,65,treino,0 2 3 23 27,4 21,0 2 3 4 21,P,0.0,2.0,0.0,1.0,1.0,0.0,0.0,0.0,2.0,3.0,3.0,0.0,2.0,0.0,2.0,0.0,-397.0
152,88,treino,3,18,3 18,V,0.0,1.0,0.0,0.0,1.0,0.0,0.0,0.0,0.0,1.0,0.0,1.0,0.0,0.0,0.0,0.0,-6.0
152,68,treino,0 3 7 23 27,5 21,0 3 5 7 21,V,2.0,3.0,3.0,0.0,2.0,0.0,4.0,0.0,0.0,2.0,0.0,1.0,0.0,0.0,0.0,1.0,585.0
152,19,treino,12 13 20 22 23 24 25 27 30 31,0 1 2 3 4 7 10 14 15,,P,9.0,0.0,10.0,2.0,2.0,4.0,8.0,0.0,10.0,0.0,17.0,2.0,3.0,2.0,8.0,0.0,-132.0
152,55,treino,2 8 9 15 16 23 27,20 29,2 9 20 29,P,0.0,2.0,0.0,0.0,1.0,0.0,0.0,0.0,5.0,2.0,15.0,1.0,1.0,0.0,2.0,1.0,-342.0
152,23,treino,12 13 16 21 22 23 24 27 30 31,0 1 3 4 6 7 10 14 19,,P,9.0,0.0,12.0,2.0,3.0,3.0,8.0,0.0,10.0,0.0,19.0,3.0,2.0,2.0,8.0,1.0,-131.0
152,39,treino,4 11 13 16 23 27 31,1 3 14 20,11 20,P,3.0,1.0,3.0,1.0,2.0,2.0,0.0,0.0,6.0,1.0,16.0,1.0,3.0,1.0,5.0,0.0,-409.0
152,93,treino,7,10,7 10,P,0.0,1.0,0.0,1.0,0.0,0.0,0.0,1.0,0.0,1.0,0.0,0.0,0.0,0.0,0.0,1.0,1600.0
152,16,treino,13 20 21 23 24 25 26 27 30 31,0 1 2 3 4 7 10 12 14 15,,V,10.0,0.0,14.0,2.0,2.0,2.0,9.0,0.0,10.0,0.0,13.0,2.0,3.0,4.0,8.0,0.0,2.0
152,91,treino,3,14,3 14,P,0.0,1.0,0.0,1.0,0.0,0.0,0.0,0.0,0.0,1.0,0.0,0.0,1.0,0.0,0.0,0.0,1600.0
152,85,treino,3 19,15,3 15,P,0.0,1.0,0.0,0.0,0.0,0.0,0.0,1.0,1.0,1.0,3.0,0.0,2.0,0.0,0.0,0.0,4.0
152,75,treino,3 7 14 23 27,24,3 7 14 24,P,0.0,1.0,0.0,0.0,0.0,0.0,0.0,0.0,2.0,3.0,3.0,1.0,2.0,0.0,4.0,0.0,-594.0
152,12,treino,13 21 23 25 26 27 28 29 30 31,0 1 2 3 4 6 7 11 12 14 24,,V,10.0,0.0,11.0,2.0,2.0,4.0,8.0,0.0,11.0,0.0,17.0,1.0,4.0,4.0,8.0,1.0,-20.0
152,53,treino,2 9 13 15 16 23 27,20 24,2 9 20,P,1.0,1.0,6.0,0.0,1.0,0.0,2.0,0.0,5.0,2.0,14.0,2.0,1.0,0.0,5.0,0.0,-576.0
152,32,treino,11 12 16 21 23 24 27 31,1 3 10 25,11,V,7.0,1.0,13.0,1.0,3.0,1.0,7.0,0.0,4.0,0.0,8.0,1.0,1.0,2.0,0.0,0.0,459.0
152,80,treino,3 10 14 18 27,22,3 10 14 22,V,2.0,3.0,4.0,3.0,2.0,0.0,3.0,1.0,0.0,1.0,0.0,1.0,0.0,0.0,0.0,0.0,600.0
152,24,treino,12 13 16 21 22 24 27 30 31,0 1 3 4 6 7 10 14 26,,V,9.0,0.0,17.0,3.0,2.0,2.0,7.0,0.0,9.0,0.0,14.0,2.0,2.0,3.0,8.0,1.0,132.0
152,33,treino,11 12 13 21 23 24 27 31,1 3 10 25,11,P,4.0,0.0,8.0,1.0,1.0,2.0,0.0,0.0,7.0,1.0,14.0,2.0,3.0,1.0,5.0,0.0,-462.0
153,22,teste,14 18 20 23 24 27 28 29 31,0 1 4 5 11,18,V,8.0,1.0,10.0,2.0,3.0,3.0,9.0,0.0,5.0,0.0,4.0,0.0,2.0,2.0,4.0,0.0,528.0
153,10,teste,11 20 21 23 24 27 28 29 30 31,0 1 2 3 4 5 6 7 8 22,,V,10.0,0.0,13.0,1.0,4.0,4.0,8.0,0.0,10.0,0.0,11.0,1.0,2.0,4.0,9.0,0.0,133.0
153,27,teste,9 14 18 21 23 27 28 29 31,0 1 5 11,18,P,4.0,0.0,3.0,0.0,1.0,2.0,3.0,0.0,8.0,1.0,14.0,4.0,2.0,3.0,6.0,0.0,-666.0
153,17,teste,17 18 20 21 23 24 27 28 29 31,0 1 3 4 5 8,18,P,6.0,0.0,4.0,0.0,2.0,3.0,5.0,0.0,9.0,1.0,11.0,3.0,3.0,3.0,10.0,0.0,-520.0
153,18,teste,17 18 20 21 23 24 27 28 29 31,0 1 4 5 7 8,18,V,9.0,1.0,11.0,3.0,3.0,3.0,10.0,0.0,6.0,0.0,5.0,0.0,1.0,2.0,5.0,0.0,536.0
153,8,teste,11 20 21 23 24 26 27 28 29 30 31,0 1 2 3 4 5 6 7 8 13 22,,V,11.0,0.0,14.0,1.0,4.0,4.0,10.0,0.0,11.0,0.0,14.0,2.0,2.0,4.0,10.0,1.0,7.0
153,36,teste,13 18 19 27 28 29 31,11 24,13 18,V,5.0,2.0,4.0,2.0,3.0,3.0,2.0,0.0,2.0,0.0,8.0,0.0,1.0,0.0,0.0,1.0,1600.0
153,28,teste,9 14 18 21 23 27 28 29 31,0 1 8 11,18,V,8.0,1.0,14.0,4.0,2.0,3.0,6.0,0.0,4.0,0.0,4.0,0.0,1.0,2.0,0.0,0.0,657.0
153,38,teste,13 18 19 20 27 28 31,15,13 18,V,5.0,2.0,6.0,2.0,4.0,2.0,2.0,1.0,1.0,0.0,3.0,0.0,0.0,0.0,0.0,1.0,1600.0
153,33,teste,4 14 18 19 21 27 28 29 31,6 8 11,4 18,P,3.0,0.0,5.0,0.0,1.0,0.0,0.0,1.0,7.0,2.0,10.0,3.0,4.0,3.0,4.0,0.0,-826.0
153,19,teste,13 18 20 21 23 24 27 28 29 31,0 1 4 5 7 8,18,P,6.0,0.0,5.0,0.0,1.0,2.0,5.0,0.0,9.0,1.0,12.0,3.0,3.0,3.0,9.0,1.0,-536.0
153,9,teste,11 17 20 21 23 24 27 28 29 30 31,0 1 2 3 4 5 6 7 8 13,,P,10.0,0.0,9.0,1.0,2.0,4.0,10.0,0.0,11.0,0.0,16.0,2.0,4.0,4.0,9.0,1.0,-25.0
153,7,teste,11 18 20 21 23 24 26 27 28 29 30 31,0 1 2 3 4 5 6 7 8 13 15,,P,11.0,0.0,12.0,1.0,2.0,4.0,10.0,0.0,12.0,0.0,17.0,2.0,4.0,4.0,11.0,1.0,-7.0
153,4,teste,11 20 21 23 24 25 26 27 28 29 30 31,0 1 2 3 4 5 6 7 8 9 15,,V,12.0,0.0,15.0,1.0,4.0,4.0,11.0,0.0,11.0,0.0,11.0,1.0,2.0,4.0,10.0,0.0,131.0
153,12,teste,11 20 21 23 24 26 27 28 29 31,0 1 2 3 4 5 7 8 9 22,,V,10.0,0.0,14.0,1.0,4.0,3.0,9.0,0.0,10.0,0.0,12.0,2.0,2.0,4.0,9.0,1.0,114.0
153,20,teste,18 20 21 23 24 27 28 29 31,0 1 4 5 7 17,18,V,8.0,1.0,8.0,2.0,3.0,3.0,9.0,0.0,6.0,0.0,7.0,1.0,1.0,2.0,4.0,1.0,519.0
153,5,teste,11 20 21 22 23 24 26 27 28 29 30 31,0 1 2 3 4 5 6 7 8 9 15,,P,11.0,0.0,11.0,1.0,2.0,4.0,10.0,0.0,12.0,0.0,16.0,2.0,4.0,4.0,11.0,0.0,-125.0
153,11,teste,11 20 21 23 24 26 27 28 29 31,0 1 2 3 4 5 6 7 8 22,,P,10.0,0.0,11.0,1.0,2.0,4.0,9.0,1.0,10.0,0.0,14.0,1.0,4.0,3.0,9.0,0.0,-126.0
153,16,teste,2 17 20 21 23 24 27 28 29 31,0 1 3 4 5 6 8 14,2,V,9.0,1.0,11.0,2.0,3.0,3.0,9.0,0.0,8.0,0.0,8.0,1.0,2.0,3.0,6.0,2.0,520.0
153,13,teste,11 17 20 21 23 24 27 28 29 31,0 1 2 3 4 5 7 8 9,,P,9.0,0.0,7.0,1.0,2.0,4.0,9.0,0.0,10.0,0.0,16.0,2.0,4.0,3.0,9.0,0.0,-114.0
153,37,teste,13 18 19 20 27 28 31,11,13 18,P,1.0,0.0,2.0,0.0,1.0,0.0,0.0,0.0,5.0,2.0,6.0,2.0,4.0,2.0,2.0,0.0,-1600.0
153,30,teste,9 14 18 19 21 27 28 29 31,1 5 8 11,18,V,8.0,1.0,15.0,4.0,3.0,3.0,5.0,0.0,4.0,0.0,5.0,0.0,1.0,1.0,3.0,1.0,811.0
153,21,teste,14 18 20 23 24 27 28 29 31,0 1 4 5 7,18,P,5.0,0.0,3.0,0.0,1.0,2.0,4.0,0.0,8.0,1.0,10.0,2.0,3.0,3.0,9.0,0.0,-519.0
153,6,teste,11 20 21 22 23 24 26 27 28 29 30 31,0 1 2 3 4 5 6 7 8 13 15,,V,12.0,0.0,16.0,2.0,4.0,4.0,11.0,0.0,11.0,0.0,12.0,1.0,2.0,4.0,10.0,0.0,137.0
153,29,teste,9 14 18 19 21 27 28 29 31,0 1 8 11,18,P,4.0,0.0,4.0,0.0,1.0,2.0,0.0,0.0,8.0,1.0,15.0,4.0,3.0,3.0,5.0,0.0,-659.0
153,23,teste,14 16 18 23 24 27 28 29 31,0 1 4 5 11,18,P,5.0,0.0,4.0,0.0,2.0,2.0,4.0,0.0,8.0,1.0,11.0,2.0,2.0,3.0,8.0,0.0,-512.0
153,31,teste,0 14 18 19 21 27 28 29 31,1 8 11,0 18,P,3.0,0.0,4.0,0.0,1.0,1.0,0.0,0.0,7.0,2.0,10.0,3.0,3.0,3.0,4.0,0.0,-819.0
153,34,teste,4 14 18 19 21 27 28 29 31,8 10 11,4 18,V,7.0,2.0,10.0,3.0,4.0,3.0,4.0,1.0,3.0,0.0,6.0,1.0,1.0,0.0,0.0,2.0,911.0
153,26,teste,14 16 18 21 23 27 28 29 31,0 1 5 11 13,18,V,8.0,1.0,12.0,3.0,2.0,3.0,7.0,1.0,5.0,0.0,6.0,1.0,1.0,2.0,3.0,1.0,658.0
153,32,teste,0 14 18 19 21 27 28 29 31,6 8 11,0 18,V,7.0,2.0,10.0,3.0,3.0,3.0,4.0,0.0,3.0,0.0,5.0,0.0,1.0,0.0,0.0,0.0,822.0
153,25,teste,14 16 18 21 23 27 28 29 31,0 1 5 8 11,18,P,5.0,0.0,5.0,0.0,1.0,2.0,4.0,0.0,8.0,1.0,12.0,3.0,2.0,3.0,7.0,0.0,-520.0
153,15,teste,2 17 20 21 23 24 27 28 29 31,0 1 3 4 5 6 8 9,2,P,8.0,0.0,7.0,1.0,2.0,3.0,7.0,0.0,9.0,1.0,11.0,2.0,3.0,3.0,9.0,0.0,-287.0
154,38,treino,12 20 22 26 28 30,4 5 10 13 17,,V,6.0,0.0,9.0,1.0,3.0,2.0,3.0,0.0,5.0,0.0,11.0,3.0,1.0,0.0,2.0,0.0,114.0
154,57,treino,0 8,4 23 24,0 24,P,2.0,1.0,6.0,0.0,1.0,0.0,0.0,0.0,1.0,1.0,5.0,0.0,0.0,0.0,0.0,1.0,228.0
154,43,treino,12 20 22 23 28,4 5 13 15 26,,P,5.0,0.0,14.0,1.0,1.0,0.0,0.0,0.0,5.0,0.0,10.0,1.0,3.0,1.0,0.0,0.0,35.0
154,85,treino,28,30,28 30,P,0.0,1.0,0.0,0.0,0.0,0.0,0.0,0.0,0.0,1.0,0.0,0.0,1.0,1.0,0.0,0.0,0.0
154,18,treino,12 14 24 25 27 28 29 30 31,2 3 4 5 7 8 11,,V,9.0,0.0,11.0,1.0,3.0,4.0,7.0,0.0,7.0,0.0,7.0,0.0,3.0,2.0,7.0,0.0,223.0
154,16,treino,12 23 24 25 27 28 29 30 31,0 2 3 4 7 8 11 18,,V,9.0,0.0,9.0,0.0,3.0,4.0,8.0,0.0,8.0,0.0,10.0,1.0,3.0,3.0,7.0,2.0,330.0
154,91,treino,24,27,24 27,P,0.0,1.0,0.0,0.0,1.0,0.0,0.0,0.0,0.0,1.0,0.0,0.0,0.0,0.0,0.0,0.0,-6.0
154,41,treino,12 20 22 23 25 28,4 5 13 15 17,,P,5.0,0.0,12.0,2.0,1.0,0.0,2.0,0.0,6.0,0.0,11.0,1.0,3.0,1.0,2.0,1.0,-8.0
154,5,treino,9 16 21 23 24 25 26 27 28 29 30 31,0 1 2 3 4 5 6 7 8 11 15,,P,11.0,0.0,11.0,0.0,3.0,4.0,11.0,0.0,12.0,0.0,16.0,2.0,2.0,4.0,11.0,1.0,101.0
154,33,treino,10 12 22 26 28 29 30,3 4 5 8 17 20,,P,6.0,0.0,13.0,1.0,3.0,1.0,3.0,1.0,7.0,0.0,12.0,2.0,2.0,3.0,3.0,0.0,-106.0
154,11,treino,14 16 23 24 25 27 28 29 30 31,0 1 2 3 4 6 7 11 15,,P,9.0,0.0,8.0,0.0,3.0,4.0,9.0,0.0,10.0,0.0,12.0,1.0,2.0,4.0,8.0,0.0,-95.0
154,35,treino,10 12 20 22 26 28 30,3 4 5 8 17,,P,5.0,0.0,8.0,1.0,2.0,1.0,3.0,1.0,7.0,0.0,14.0,2.0,3.0,2.0,3.0,0.0,-234.0
154,79,treino,24,18,18 24,P,0.0,1.0,0.0,1.0,0.0,0.0,0.0,0.0,0.0,1.0,0.0,0.0,0.0,0.0,0.0,0.0,0.0
154,63,treino,4,17 24 26,4 24,P,2.0,1.0,10.0,1.0,0.0,0.0,0.0,0.0,0.0,1.0,0.0,0.0,1.0,0.0,0.0,0.0,298.0
154,37,treino,7 12 20 22 26 28 30,3 4 5 13 17,,P,5.0,0.0,9.0,2.0,2.0,1.0,2.0,0.0,7.0,0.0,15.0,1.0,3.0,2.0,3.0,1.0,-114.0
154,23,treino,12 21 22 27 28 29 30 31,3 4 5 6 8 11 14,,P,7.0,0.0,10.0,1.0,3.0,1.0,3.0,0.0,8.0,0.0,9.0,2.0,3.0,4.0,2.0,0.0,-105.0
154,69,treino,9,17 26 29,9 26 29,P,1.0,2.0,4.0,1.0,0.0,0.0,0.0,0.0,0.0,1.0,0.0,1.0,0.0,0.0,0.0,0.0,301.0
154,53,treino,9 12 21 22,4 5 19 26,26,P,3.0,1.0,6.0,0.0,2.0,0.0,0.0,1.0,4.0,0.0,13.0,3.0,1.0,0.0,0.0,2.0,151.0
154,4,treino,16 18 21 23 24 25 26 27 28 29 30 31,0 1 2 3 4 5 6 7 8 11 14 15,,V,12.0,0.0,14.0,2.0,2.0,4.0,12.0,1.0,12.0,0.0,14.0,1.0,3.0,4.0,11.0,1.0,-119.0
154,20,treino,12 14 22 24 27 28 29 30 31,3 4 5 6 7 8 11,,V,9.0,0.0,12.0,2.0,3.0,4.0,5.0,0.0,7.0,0.0,8.0,0.0,3.0,1.0,6.0,0.0,214.0
154,40,treino,12 20 22 25 26 28,4 5 13 15 17,,V,6.0,0.0,10.0,1.0,3.0,1.0,3.0,0.0,5.0,0.0,12.0,2.0,1.0,0.0,2.0,0.0,123.0
154,17,treino,12 14 24 25 27 28 29 30 31,0 2 3 4 7 8 11,,P,7.0,0.0,6.0,0.0,3.0,3.0,7.0,1.0,9.0,0.0,11.0,1.0,3.0,4.0,7.0,0.0,-90.0
154,50,treino,12 18 21 22,4 5 19 30,30,V,4.0,0.0,11.0,3.0,1.0,0.0,2.0,0.0,3.0,1.0,6.0,0.0,2.0,0.0,0.0,0.0,-46.0
154,74,treino,28,17,17 28,V,0.0,1.0,0.0,0.0,1.0,1.0,0.0,0.0,0.0,1.0,0.0,1.0,0.0,0.0,0.0,0.0,-6.0
154,67,treino,5,17 29 31,5 29 31,P,1.0,2.0,4.0,1.0,0.0,0.0,0.0,0.0,0.0,1.0,0.0,0.0,0.0,0.0,0.0,0.0,295.0
154,76,treino,24,14,14 24,V,0.0,1.0,0.0,0.0,0.0,0.0,0.0,0.0,0.0,1.0,0.0,1.0,0.0,0.0,0.0,0.0,0.0
154,51,treino,12 14 21 22,4 5 19 30,30,P,3.0,1.0,6.0,0.0,2.0,0.0,0.0,0.0,4.0,0.0,12.0,3.0,1.0,0.0,0.0,0.0,149.0
154,45,treino,12 16 22 23 28,4 5 13 15 30,30,P,4.0,1.0,8.0,1.0,1.0,0.0,0.0,1.0,5.0,0.0,11.0,1.0,2.0,1.0,2.0,1.0,145.0
154,14,treino,16 23 24 25 27 28 29 30 31,0 2 3 4 7 8 11 15,,V,9.0,0.0,8.0,0.0,2.0,4.0,8.0,0.0,8.0,0.0,9.0,0.0,3.0,3.0,8.0,0.0,108.0
154,89,treino,28,23,23 28,P,0.0,1.0,0.0,0.0,0.0,0.0,0.0,0.0,0.0,1.0,0.0,0.0,1.0,1.0,0.0,0.0,6.0
154,19,treino,12 14 22 24 27 28 29 30 31,2 3 4 5 7 8 11,,P,7.0,0.0,7.0,0.0,3.0,2.0,7.0,0.0,9.0,0.0,12.0,2.0,3.0,4.0,5.0,0.0,-220.0
154,8,treino,16 21 22 23 24 25 27 28 29 30 31,0 1 2 3 4 6 7 8 11 15 17,,V,11.0,0.0,12.0,2.0,2.0,4.0,11.0,1.0,11.0,0.0,14.0,1.0,3.0,4.0,10.0,1.0,113.0
155,38,treino,17 20 27 28 30 31,5 8 12 22,30,V,5.0,1.0,6.0,1.0,3.0,3.0,2.0,0.0,4.0,0.0,11.0,1.0,1.0,0.0,3.0,0.0,281.0
155,13,treino,17 20 22 23 26 27 28 29 31,0 1 2 3 4 7 8 9 11 19,,P,10.0,0.0,12.0,1.0,4.0,4.0,7.0,0.0,9.0,0.0,11.0,2.0,3.0,3.0,6.0,0.0,125.0
155,17,treino,10 20 22 23 25 26 27 28 31,0 1 2 3 4 7 11 12 19,,P,9.0,0.0,11.0,0.0,5.0,4.0,6.0,0.0,9.0,0.0,14.0,2.0,3.0,2.0,6.0,1.0,96.0
155,35,treino,17 20 22 27 28 30 31,5 8 11 12,30,P,4.0,0.0,8.0,0.0,2.0,0.0,3.0,0.0,6.0,1.0,8.0,2.0,3.0,3.0,4.0,0.0,-406.0
155,4,treino,20 21 23 24 25 26 27 28 29 30 31,0 1 2 3 4 5 6 7 9 11 13 19,,V,11.0,0.0,10.0,1.0,3.0,4.0,11.0,0.0,12.0,0.0,15.0,2.0,4.0,4.0,11.0,0.0,-98.0
155,6,treino,20 21 22 23 24 26 27 28 29 30 31,0 1 2 3 4 5 6 7 9 11 16 19,,V,11.0,0.0,11.0,2.0,3.0,4.0,11.0,1.0,12.0,0.0,16.0,1.0,4.0,4.0,10.0,1.0,-7.0
155,48,treino,0 13 21 24 27 31,16,0 21,V,4.0,2.0,6.0,2.0,1.0,1.0,4.0,1.0,1.0,0.0,4.0,0.0,0.0,0.0,0.0,1.0,1600.0
155,26,treino,2 20 21 23 26 27 28 31,0 4 6 7 12 14 19,2,V,7.0,1.0,8.0,1.0,3.0,2.0,4.0,0.0,7.0,0.0,13.0,1.0,3.0,1.0,2.0,2.0,393.0
155,24,treino,11 20 21 23 26 27 28 31,0 3 4 6 7 12 14 19,,V,8.0,0.0,13.0,1.0,4.0,2.0,4.0,0.0,8.0,0.0,13.0,1.0,4.0,2.0,4.0,1.0,157.0
155,16,treino,17 20 22 23 25 26 27 28 31,0 1 2 3 4 7 11 12 14 19,,V,9.0,0.0,12.0,2.0,3.0,2.0,7.0,1.0,10.0,0.0,14.0,1.0,5.0,4.0,6.0,1.0,-112.0
155,14,treino,17 20 22 23 26 27 28 29 31,0 1 2 3 4 7 9 11 12 19,,V,9.0,0.0,11.0,2.0,3.0,3.0,6.0,0.0,10.0,0.0,13.0,1.0,5.0,4.0,6.0,0.0,-104.0
155,29,treino,18 20 21 22 23 27 28 31,0 7 8 12 19,18,P,5.0,0.0,10.0,0.0,2.0,1.0,2.0,0.0,7.0,1.0,9.0,3.0,3.0,2.0,5.0,1.0,-316.0
155,36,treino,17 20 22 27 28 30 31,5 8 12 15,30,V,6.0,1.0,8.0,2.0,3.0,3.0,4.0,0.0,4.0,0.0,9.0,0.0,1.0,0.0,3.0,0.0,405.0
155,39,treino,17 20 24 27 30 31,5 8 12 22,30,P,4.0,0.0,11.0,1.0,1.0,0.0,3.0,0.0,5.0,1.0,7.0,1.0,2.0,2.0,4.0,0.0,-284.0
155,33,treino,20 21 22 27 28 30 31,0 8 11 12,30,P,4.0,0.0,7.0,0.0,2.0,1.0,2.0,0.0,6.0,1.0,7.0,2.0,3.0,3.0,2.0,0.0,-407.0
155,5,treino,20 21 22 23 24 26 27 28 29 30 31,0 1 2 3 4 5 6 7 9 11 13 19,,P,12.0,0.0,15.0,2.0,4.0,4.0,11.0,0.0,11.0,0.0,11.0,2.0,3.0,4.0,11.0,0.0,103.0
155,31,treino,20 21 22 23 27 28 31,0 7 8 12 26,23,P,5.0,0.0,12.0,0.0,1.0,1.0,2.0,1.0,6.0,1.0,7.0,2.0,3.0,2.0,3.0,0.0,-235.0
155,22,treino,18 20 21 23 26 27 28 31,0 2 3 4 6 12 14 15 19,,V,8.0,0.0,11.0,2.0,3.0,2.0,5.0,1.0,9.0,0.0,15.0,1.0,4.0,3.0,6.0,2.0,-10.0
155,20,treino,20 21 22 23 26 27 28 31,0 2 3 4 6 11 12 14 19,,V,8.0,0.0,10.0,2.0,3.0,2.0,5.0,0.0,9.0,0.0,14.0,1.0,5.0,3.0,4.0,0.0,-113.0
155,43,treino,0 17 24 27 30 31,8 22,0 30,P,2.0,0.0,7.0,1.0,0.0,0.0,0.0,0.0,4.0,2.0,5.0,1.0,1.0,2.0,2.0,0.0,-580.0
155,27,treino,18 20 21 23 26 27 28 31,0 4 7 12 19,18,P,5.0,0.0,9.0,0.0,3.0,1.0,2.0,0.0,7.0,1.0,8.0,2.0,3.0,2.0,5.0,0.0,-400.0
155,21,treino,18 20 21 23 26 27 28 31,0 2 3 4 6 11 12 14 19,,P,9.0,0.0,14.0,1.0,5.0,3.0,4.0,1.0,8.0,0.0,11.0,2.0,3.0,2.0,5.0,0.0,123.0
155,42,treino,4 17 24 27 30 31,8 22,30,V,5.0,1.0,11.0,1.0,2.0,2.0,2.0,0.0,2.0,0.0,7.0,1.0,0.0,0.0,0.0,0.0,565.0
155,37,treino,17 18 20 27 28 30 31,5 8 12 15,30,P,4.0,0.0,9.0,0.0,1.0,0.0,3.0,1.0,6.0,1.0,9.0,2.0,3.0,3.0,2.0,1.0,-281.0
155,44,treino,0 17 24 27 30 31,8 25,0 30,V,4.0,2.0,5.0,1.0,1.0,2.0,2.0,0.0,2.0,0.0,8.0,0.0,0.0,0.0,0.0,1.0,697.0
155,40,treino,17 20 24 27 30 31,5 8 16 22,30,V,5.0,1.0,7.0,1.0,2.0,2.0,4.0,0.0,4.0,0.0,12.0,1.0,0.0,0.0,2.0,1.0,504.0
155,8,treino,22 23 24 26 27 28 29 30 31,0 1 2 3 4 5 6 7 11 19 25,,V,9.0,0.0,7.0,1.0,2.0,4.0,9.0,0.0,11.0,0.0,16.0,0.0,4.0,4.0,9.0,1.0,-108.0
155,46,treino,0 17 21 24 27 31,12,0 21,V,4.0,2.0,5.0,2.0,1.0,1.0,5.0,0.0,1.0,0.0,3.0,0.0,1.0,0.0,0.0,0.0,1600.0
155,41,treino,4 17 24 27 30 31,5 22,30,P,2.0,0.0,6.0,1.0,0.0,0.0,0.0,0.0,5.0,1.0,11.0,1.0,2.0,2.0,2.0,0.0,-564.0
155,23,treino,11 20 21 23 26 27 28 31,0 2 3 4 6 12 14 19,,P,8.0,0.0,12.0,1.0,4.0,3.0,4.0,0.0,8.0,0.0,13.0,1.0,4.0,2.0,4.0,0.0,3.0
155,34,treino,20 21 22 27 28 30 31,5 8 11 12,30,V,6.0,1.0,7.0,2.0,3.0,3.0,2.0,0.0,4.0,0.0,8.0,0.0,2.0,0.0,3.0,0.0,403.0
155,28,treino,18 20 21 23 26 27 28 31,0 7 8 12 19,18,V,7.0,1.0,8.0,2.0,3.0,2.0,5.0,0.0,5.0,0.0,10.0,0.0,2.0,1.0,2.0,0.0,399.0
156,44,treino,0 4 17 21 27,2 3 10 19 20 26 29,0 26 29,V,4.0,1.0,12.0,2.0,2.0,0.0,4.0,0.0,5.0,2.0,11.0,1.0,3.0,2.0,0.0,0.0,-294.0
156,38,treino,5 13 17 24 27,2 3 7 8 11 20 26 29,26 29,V,5.0,0.0,15.0,2.0,1.0,0.0,2.0,0.0,6.0,2.0,10.0,0.0,3.0,2.0,4.0,1.0,-371.0
156,61,treino,0 8,2 3 18 24 25 28 30,0 8 18 25 28 30,P,3.0,4.0,6.0,1.0,2.0,2.0,4.0,0.0,0.0,2.0,0.0,0.0,0.0,0.0,0.0,0.0,759.0
156,37,treino,5 13 17 24 27,2 3 4 7 11 20 26 29,26 29,P,6.0,2.0,9.0,0.0,4.0,2.0,4.0,0.0,5.0,0.0,15.0,2.0,1.0,0.0,2.0,0.0,560.0
156,46,treino,0 4 27,2 3 19 20 24 26 29,0 26 29,V,2.0,1.0,7.0,0.0,2.0,0.0,2.0,0.0,5.0,2.0,15.0,0.0,3.0,2.0,3.0,0.0,-571.0
156,80,treino,1 12,3 11 17 18 26 28 29,1 12 17 18 26 28 29,V,0.0,2.0,0.0,0.0,1.0,0.0,0.0,0.0,2.0,5.0,2.0,2.0,3.0,1.0,0.0,0.0,-781.0
156,39,treino,4 5 17 24 27,2 3 7 11 20 26 29,26 29,P,5.0,2.0,8.0,0.0,3.0,2.0,4.0,0.0,5.0,0.0,17.0,1.0,2.0,0.0,0.0,0.0,453.0
156,50,treino,4 5,2 3 20 22 24 26 29,5 22 29,V,1.0,1.0,6.0,0.0,1.0,0.0,0.0,0.0,5.0,2.0,17.0,1.0,2.0,2.0,5.0,0.0,-634.0
156,81,treino,5 12,3 11 17 18 26 28 29,5 12 17 18 26 28 29,P,2.0,5.0,2.0,2.0,3.0,1.0,0.0,0.0,0.0,2.0,0.0,0.0,1.0,0.0,0.0,0.0,775.0
156,15,treino,12 21 22 23 25 26 27 28 30 31,1 2 3 4 5 7 8 11 13 15 20,,P,11.0,0.0,18.0,1.0,4.0,3.0,10.0,0.0,10.0,0.0,13.0,2.0,3.0,3.0,8.0,0.0,133.0
156,23,treino,12 21 22 23 24 25 27 31,2 3 4 5 7 10 11 13 15 20 29,29,P,10.0,1.0,18.0,2.0,4.0,2.0,6.0,0.0,8.0,0.0,13.0,2.0,2.0,1.0,7.0,0.0,399.0
156,76,treino,1 20,3 11 17 22 28 29 30,1 17 20 22 28 29 30,V,0.0,2.0,0.0,0.0,1.0,0.0,0.0,0.0,2.0,5.0,2.0,2.0,3.0,1.0,2.0,0.0,-778.0
156,53,treino,0 8,2 3 20 22 24 29 30,0 8 22 29 30,P,4.0,3.0,11.0,1.0,2.0,2.0,3.0,0.0,0.0,2.0,0.0,0.0,0.0,0.0,0.0,0.0,687.0
156,40,treino,4 5 17 24 27,2 3 7 15 20 26 29,26 29,V,5.0,0.0,17.0,1.0,2.0,0.0,0.0,0.0,5.0,2.0,9.0,0.0,2.0,2.0,3.0,0.0,-301.0
156,79,treino,1 12,3 11 17 22 26 28 29,1 12 17 22 26 28 29,P,2.0,5.0,2.0,2.0,3.0,1.0,3.0,0.0,0.0,2.0,0.0,0.0,1.0,0.0,0.0,0.0,781.0
156,51,treino,4 8,2 3 20 22 24 26 29,8 22 29,P,5.0,2.0,17.0,1.0,2.0,2.0,5.0,0.0,1.0,1.0,6.0,0.0,1.0,0.0,2.0,0.0,640.0
156,31,treino,12 16 22 24 27,2 3 4 5 7 11 20 26 29,29,P,8.0,1.0,16.0,0.0,4.0,2.0,4.0,0.0,5.0,0.0,11.0,1.0,2.0,0.0,2.0,0.0,613.0
156,36,treino,5 13 22 24 27,2 3 4 7 11 20 26 29,26 29,V,5.0,0.0,14.0,2.0,1.0,0.0,0.0,1.0,6.0,2.0,9.0,0.0,4.0,2.0,4.0,0.0,-466.0
156,7,treino,12 17 23 24 25 26 27 28 29 30 31,0 1 2 3 5 6 7 8 9 10 11 20,,P,12.0,0.0,16.0,2.0,3.0,4.0,11.0,0.0,11.0,0.0,13.0,1.0,3.0,4.0,9.0,0.0,127.0
156,9,treino,12 17 22 23 24 26 27 28 29 30 31,0 1 2 3 5 6 7 8 10 11 13 20,,P,12.0,0.0,17.0,2.0,3.0,4.0,11.0,0.0,11.0,0.0,14.0,2.0,3.0,4.0,10.0,0.0,125.0
156,55,treino,0 5,2 3 20 22 28 29 30,0 5 22 28 29 30,P,3.0,4.0,5.0,1.0,3.0,2.0,0.0,0.0,0.0,2.0,0.0,0.0,0.0,0.0,2.0,0.0,699.0
156,41,treino,0 4 17 24 27,2 3 7 15 20 26 29,0 26 29,P,5.0,2.0,9.0,0.0,2.0,2.0,3.0,0.0,4.0,1.0,11.0,1.0,2.0,0.0,2.0,0.0,388.0
156,35,treino,5 13 22 24 27,2 3 4 7 11 20 29 31,29 31,P,6.0,2.0,9.0,0.0,4.0,2.0,4.0,0.0,5.0,0.0,14.0,2.0,1.0,0.0,0.0,0.0,585.0
156,77,treino,1 16,3 11 17 22 28 29 30,1 16 17 22 28 29 30,P,2.0,5.0,2.0,2.0,3.0,1.0,2.0,0.0,0.0,2.0,0.0,0.0,0.0,0.0,0.0,0.0,778.0
156,63,treino,0 12,3 7 18 24 25 28 30,0 12 18 25 28 30,P,3.0,4.0,7.0,1.0,2.0,1.0,6.0,0.0,0.0,2.0,0.0,0.0,1.0,0.0,0.0,0.0,768.0
156,4,treino,12 21 22 23 24 25 26 27 28 29 30 31,0 1 2 3 5 6 7 8 9 10 11 13,,V,12.0,0.0,14.0,2.0,3.0,4.0,11.0,0.0,12.0,0.0,14.0,3.0,2.0,4.0,12.0,0.0,8.0
156,22,treino,12 21 22 23 24 27 30 31,2 3 4 5 7 10 11 13 15 20 29,29,V,8.0,0.0,12.0,2.0,2.0,2.0,5.0,0.0,10.0,1.0,18.0,2.0,4.0,2.0,6.0,0.0,-418.0
156,32,treino,12 16 22 24 27,2 3 4 5 7 11 20 29 31,29 31,V,5.0,0.0,11.0,1.0,2.0,0.0,2.0,0.0,7.0,2.0,10.0,0.0,4.0,2.0,4.0,0.0,-579.0
156,30,treino,12 21 22 24 27,2 3 4 5 7 11 20 26 29,29,V,5.0,0.0,10.0,2.0,2.0,0.0,2.0,0.0,8.0,1.0,16.0,0.0,4.0,2.0,4.0,0.0,-560.0
156,24,treino,12 21 22 23 24 25 27 31,2 3 4 5 7 10 11 15 17 20 29,29,V,8.0,0.0,13.0,2.0,2.0,1.0,7.0,1.0,10.0,1.0,19.0,2.0,4.0,2.0,6.0,1.0,-395.0
156,18,treino,12 21 23 26 27 28 30 31,2 3 4 5 6 7 8 11 15 20 29,29,V,8.0,0.0,10.0,1.0,3.0,3.0,5.0,0.0,10.0,1.0,16.0,0.0,4.0,2.0,9.0,0.0,-314.0
156,33,treino,12 13 22 24 27,2 3 4 5 7 11 20 29 31,29 31,P,7.0,2.0,10.0,0.0,4.0,2.0,4.0,0.0,5.0,0.0,12.0,2.0,2.0,0.0,0.0,0.0,720.0
157,34,teste,7 23 28,0 4 10,7,V,2.0,1.0,2.0,0.0,1.0,1.0,0.0,0.0,3.0,0.0,3.0,1.0,1.0,1.0,2.0,1.0,188.0
157,45,teste,16,8 27,,P,2.0,0.0,8.0,0.0,1.0,0.0,0.0,0.0,1.0,0.0,3.0,0.0,0.0,0.0,0.0,0.0,156.0
157,68,teste,1,14,1 14,V,0.0,1.0,0.0,0.0,0.0,0.0,0.0,0.0,0.0,1.0,0.0,1.0,0.0,0.0,0.0,0.0,-6.0
157,61,teste,4,15,4 15,P,0.0,1.0,0.0,0.0,0.0,0.0,0.0,0.0,0.0,1.0,0.0,0.0,1.0,0.0,0.0,0.0,6.0
157,27,teste,23 24 25 28,0 2 3 4 14 30,30,P,5.0,1.0,4.0,1.0,2.0,3.0,2.0,0.0,4.0,0.0,4.0,0.0,1.0,1.0,2.0,1.0,92.0
157,67,teste,1,10,1 10,P,0.0,1.0,0.0,1.0,0.0,0.0,0.0,0.0,0.0,1.0,0.0,0.0,0.0,0.0,0.0,0.0,6.0
157,65,teste,5,7,5 7,P,0.0,1.0,0.0,0.0,0.0,0.0,0.0,0.0,0.0,1.0,0.0,0.0,0.0,0.0,0.0,0.0,0.0
157,8,teste,16 21 23 24 25 27 28 29 30 31,0 1 2 3 4 5 6 8 9 14,,V,10.0,0.0,10.0,1.0,2.0,4.0,10.0,0.0,10.0,0.0,10.0,2.0,2.0,4.0,9.0,0.0,10.0
157,32,teste,3 23 28,0 4 6,3,V,2.0,1.0,2.0,0.0,2.0,1.0,0.0,0.0,3.0,0.0,2.0,0.0,1.0,1.0,2.0,0.0,76.0
157,9,teste,16 18 21 24 25 27 28 29 30 31,0 1 2 3 4 5 6 8 9 14,,P,10.0,0.0,10.0,2.0,2.0,4.0,9.0,0.0,10.0,0.0,11.0,2.0,2.0,4.0,9.0,1.0,-10.0
157,14,teste,16 18 21 24 25 27 28 29 30,0 1 2 3 4 5 8 10 13,,V,9.0,0.0,11.0,2.0,2.0,3.0,7.0,1.0,9.0,0.0,9.0,2.0,2.0,4.0,6.0,1.0,15.0
157,40,teste,28,4 23,,V,1.0,0.0,0.0,0.0,1.0,1.0,0.0,0.0,2.0,0.0,6.0,0.0,1.0,0.0,0.0,0.0,-122.0
157,18,teste,18 21 24 25 28 29 30,0 1 2 3 4 8 14,,V,7.0,0.0,7.0,2.0,1.0,3.0,6.0,1.0,7.0,0.0,6.0,1.0,2.0,4.0,3.0,1.0,112.0
157,12,teste,16 18 21 24 25 28 29 30 31,0 1 2 3 4 5 8 9 10,,V,9.0,0.0,10.0,2.0,1.0,4.0,7.0,0.0,9.0,0.0,8.0,2.0,2.0,4.0,6.0,0.0,-5.0
157,35,teste,14 23 28,0 4,14,P,2.0,0.0,1.0,0.0,1.0,1.0,2.0,0.0,2.0,1.0,2.0,1.0,1.0,1.0,0.0,0.0,-203.0
157,20,teste,9 21 24 25 28 29 30,0 2 3 4 5 8,,V,7.0,0.0,9.0,2.0,1.0,3.0,6.0,1.0,6.0,0.0,4.0,0.0,2.0,3.0,4.0,0.0,7.0
157,31,teste,3 23 28,0 2 4,3,P,3.0,0.0,1.0,0.0,1.0,2.0,2.0,0.0,2.0,1.0,2.0,0.0,2.0,1.0,0.0,0.0,-85.0
157,43,teste,20,8 23,,P,2.0,0.0,7.0,0.0,0.0,0.0,0.0,0.0,1.0,0.0,2.0,0.0,1.0,0.0,0.0,0.0,1600.0
157,15,teste,9 18 21 24 25 27 28 29 30,0 1 2 3 4 5 8 10,,P,8.0,0.0,6.0,1.0,2.0,4.0,5.0,0.0,9.0,0.0,13.0,3.0,2.0,3.0,6.0,1.0,-15.0
157,60,teste,8,15,8 15,V,0.0,1.0,0.0,0.0,0.0,0.0,0.0,0.0,0.0,1.0,0.0,0.0,0.0,0.0,0.0,0.0,0.0
157,30,teste,10 23 28,0 2 4 7,,V,3.0,0.0,7.0,1.0,1.0,1.0,0.0,1.0,4.0,0.0,2.0,0.0,1.0,2.0,4.0,1.0,76.0
157,55,teste,0,27,0 27,P,0.0,1.0,0.0,0.0,1.0,0.0,0.0,0.0,0.0,1.0,0.0,0.0,0.0,0.0,0.0,0.0,-2.0
157,46,teste,16,13 27,,V,1.0,0.0,3.0,0.0,0.0,0.0,0.0,1.0,2.0,0.0,9.0,1.0,1.0,0.0,0.0,1.0,-59.0
157,38,teste,23 28,4 14,,V,2.0,0.0,2.0,0.0,1.0,1.0,0.0,0.0,2.0,0.0,4.0,1.0,1.0,0.0,0.0,0.0,-6.0
157,63,teste,8,11,8 11,P,0.0,1.0,0.0,0.0,1.0,0.0,0.0,0.0,0.0,1.0,0.0,0.0,0.0,0.0,0.0,0.0,-6.0
157,22,teste,21 24 25 26 28 29,0 2 3 4 8 14,,V,6.0,0.0,5.0,1.0,1.0,2.0,5.0,0.0,6.0,0.0,6.0,1.0,2.0,3.0,3.0,0.0,3.0
157,44,teste,20,8 27,,V,1.0,0.0,2.0,0.0,1.0,0.0,0.0,0.0,2.0,0.0,8.0,0.0,1.0,0.0,0.0,0.0,-177.0
157,66,teste,5,10,5 10,V,0.0,1.0,0.0,0.0,0.0,0.0,0.0,0.0,0.0,1.0,0.0,1.0,0.0,0.0,0.0,0.0,6.0
157,49,teste,6,31,31,P,0.0,1.0,0.0,0.0,0.0,0.0,0.0,0.0,1.0,0.0,6.0,0.0,0.0,0.0,0.0,0.0,2.0
157,10,teste,16 21 24 25 27 28 29 30 31,0 1 2 3 4 5 6 8 9 23,,V,9.0,0.0,8.0,1.0,2.0,4.0,9.0,0.0,10.0,0.0,12.0,1.0,2.0,4.0,8.0,1.0,-111.0
157,69,teste,6,14,6 14,P,0.0,1.0,0.0,1.0,0.0,0.0,0.0,0.0,0.0,1.0,0.0,0.0,0.0,0.0,0.0,0.0,0.0
157,47,teste,9,27,,P,1.0,0.0,6.0,0.0,1.0,0.0,0.0,0.0,1.0,0.0,5.0,1.0,0.0,0.0,0.0,0.0,62.0
158,41,treino,2 3 5 24 25 28 31,18,2 3 5,P,1.0,0.0,4.0,1.0,0.0,0.0,0.0,0.0,4.0,3.0,2.0,0.0,2.0,2.0,2.0,0.0,-866.0
158,31,treino,2 11 18 25 26 28 29 31,3 5 13 15,2,P,4.0,0.0,7.0,1.0,1.0,1.0,0.0,0.0,7.0,1.0,10.0,1.0,2.0,3.0,4.0,1.0,-794.0
158,13,treino,10 11 20 25 26 27 28 29 30 31,0 1 2 3 5 6 7 13,,P,8.0,0.0,6.0,1.0,1.0,4.0,7.0,0.0,10.0,0.0,15.0,1.0,4.0,4.0,6.0,1.0,-112.0
158,37,treino,2 5 7 25 28 29 31,10,2 5,P,1.0,0.0,2.0,1.0,0.0,0.0,0.0,0.0,5.0,2.0,7.0,0.0,1.0,3.0,4.0,0.0,-850.0
158,16,treino,11 20 22 26 27 28 29 30 31,0 1 2 3 5 7 15 16,,V,9.0,0.0,11.0,1.0,4.0,4.0,5.0,0.0,8.0,0.0,9.0,0.0,1.0,4.0,6.0,1.0,217.0
158,5,treino,17 18 20 23 25 26 27 28 29 30 31,0 1 2 3 4 5 6 7 8 10 11,,P,11.0,0.0,10.0,1.0,3.0,4.0,11.0,0.0,11.0,0.0,13.0,2.0,3.0,4.0,8.0,0.0,7.0
158,20,treino,11 13 22 23 26 28 29 30 31,0 2 3 5 7 10 15,,V,9.0,0.0,14.0,2.0,2.0,4.0,5.0,0.0,7.0,0.0,7.0,1.0,1.0,3.0,7.0,0.0,234.0
158,34,treino,1 2 11 25 28 29 31,7,1 2,V,5.0,2.0,6.0,0.0,2.0,3.0,2.0,0.0,1.0,0.0,1.0,0.0,0.0,0.0,0.0,0.0,1600.0
158,21,treino,11 13 18 22 26 28 29 30 31,0 2 3 5 7 10 15,,P,7.0,0.0,7.0,1.0,1.0,3.0,7.0,0.0,9.0,0.0,15.0,3.0,2.0,4.0,5.0,0.0,-230.0
158,9,treino,18 19 20 25 26 27 28 29 30 31,0 1 2 3 5 6 7 10 11 13,,P,10.0,0.0,10.0,2.0,2.0,4.0,9.0,0.0,10.0,0.0,11.0,1.0,4.0,4.0,6.0,0.0,14.0
158,40,treino,2 5 7 24 25 28 31,18,2 5,V,5.0,2.0,8.0,0.0,1.0,2.0,4.0,0.0,1.0,0.0,4.0,1.0,0.0,0.0,0.0,0.0,1600.0
158,19,treino,11 13 22 23 26 28 29 30 31,0 2 3 5 6 7 15,,P,7.0,0.0,6.0,0.0,1.0,3.0,6.0,0.0,9.0,0.0,14.0,2.0,2.0,4.0,5.0,0.0,-236.0
158,36,treino,2 5 11 25 28 29 31,10,2 5,V,5.0,2.0,6.0,0.0,2.0,3.0,2.0,0.0,1.0,0.0,2.0,1.0,0.0,0.0,0.0,0.0,797.0
158,29,treino,2 11 22 25 26 28 29 31,3 5 9 15,2,P,4.0,0.0,6.0,1.0,1.0,1.0,2.0,0.0,7.0,1.0,9.0,1.0,2.0,3.0,5.0,0.0,-514.0
158,24,treino,11 18 22 26 28 29 30 31,0 3 7 9 10 15,,V,8.0,0.0,11.0,2.0,2.0,4.0,5.0,0.0,6.0,0.0,8.0,2.0,1.0,2.0,4.0,1.0,395.0
158,25,treino,2 18 22 26 28 29 30 31,0 3 9 10 15,2,P,5.0,0.0,7.0,2.0,1.0,2.0,2.0,1.0,7.0,1.0,6.0,2.0,1.0,4.0,5.0,0.0,-427.0
158,8,treino,18 20 23 25 26 27 28 29 30 31,0 1 2 3 5 6 7 10 11 13,,V,10.0,0.0,10.0,1.0,3.0,4.0,8.0,0.0,10.0,0.0,10.0,2.0,2.0,4.0,9.0,0.0,-10.0
158,39,treino,2 5 7 24 25 28 31,14,2 5,P,1.0,0.0,3.0,1.0,0.0,0.0,0.0,0.0,5.0,2.0,8.0,0.0,1.0,2.0,4.0,0.0,-846.0
158,32,treino,2 11 25 26 28 29 31,3 5 13 22,2,V,6.0,1.0,7.0,0.0,2.0,3.0,4.0,0.0,4.0,0.0,9.0,2.0,1.0,1.0,0.0,1.0,797.0
158,33,treino,1 2 11 25 28 29 31,3,1 2,P,1.0,0.0,0.0,0.0,1.0,1.0,0.0,0.0,5.0,2.0,6.0,0.0,2.0,3.0,2.0,0.0,-819.0
158,38,treino,2 5 7 25 28 29 31,14,2 5,V,5.0,2.0,7.0,0.0,1.0,3.0,4.0,0.0,1.0,0.0,3.0,1.0,0.0,0.0,0.0,0.0,1600.0
158,12,treino,11 19 20 25 26 27 28 29 30 31,0 1 2 3 5 6 7 13 15,,V,10.0,0.0,13.0,0.0,5.0,4.0,6.0,0.0,9.0,0.0,9.0,1.0,1.0,4.0,7.0,1.0,103.0
158,28,treino,2 11 22 26 28 29 30 31,3 5 9 15,2,V,7.0,1.0,8.0,1.0,2.0,4.0,4.0,0.0,4.0,0.0,6.0,1.0,1.0,1.0,2.0,0.0,509.0
158,14,treino,11 20 25 26 27 28 29 30 31,0 1 2 3 5 7 13 15,,V,9.0,0.0,10.0,0.0,4.0,4.0,6.0,0.0,8.0,0.0,8.0,1.0,1.0,4.0,6.0,0.0,109.0
158,11,treino,11 19 20 25 26 27 28 29 30 31,0 1 2 3 5 6 7 10 13,,P,9.0,0.0,8.0,2.0,1.0,4.0,8.0,0.0,10.0,0.0,13.0,0.0,5.0,4.0,6.0,0.0,-102.0
158,42,treino,2 3 5 24 25 28 31,22,2 3 5,V,4.0,3.0,2.0,0.0,2.0,2.0,2.0,1.0,1.0,0.0,5.0,1.0,0.0,0.0,0.0,1.0,1600.0
158,6,treino,17 18 20 23 25 26 27 28 29 30 31,0 1 2 3 4 5 6 7 10 11 13,,V,11.0,0.0,13.0,2.0,3.0,4.0,8.0,1.0,11.0,0.0,11.0,2.0,3.0,4.0,10.0,1.0,-7.0
158,10,treino,18 19 20 25 26 27 28 29 30 31,0 1 2 3 5 6 7 10 13 15,,V,10.0,0.0,11.0,1.0,4.0,4.0,6.0,1.0,10.0,0.0,11.0,2.0,1.0,4.0,9.0,1.0,93.0
158,17,treino,11 13 22 26 27 28 29 30 31,0 1 2 3 5 7 15,,P,7.0,0.0,5.0,0.0,1.0,4.0,6.0,0.0,9.0,0.0,13.0,2.0,3.0,4.0,5.0,0.0,-217.0
158,30,treino,2 11 22 25 26 28 29 31,3 5 13 15,2,V,7.0,1.0,9.0,1.0,2.0,3.0,5.0,0.0,4.0,0.0,7.0,1.0,1.0,1.0,0.0,0.0,794.0
158,27,treino,2 11 22 26 28 29 30 31,3 5 9 10,2,P,4.0,0.0,5.0,2.0,1.0,1.0,2.0,0.0,7.0,1.0,8.0,1.0,2.0,4.0,4.0,0.0,-513.0
158,22,treino,11 13 18 22 26 28 29 30 31,0 2 3 7 9 10 15,,V,9.0,0.0,15.0,3.0,2.0,4.0,5.0,1.0,7.0,0.0,8.0,2.0,1.0,3.0,5.0,1.0,410.0
159,28,teste,23 26,0 1 2 4 6 7 8 11 20,6 20,V,2.0,0.0,3.0,0.0,0.0,0.0,2.0,0.0,7.0,2.0,6.0,0.0,3.0,3.0,8.0,0.0,-908.0
159,10,teste,16 18 20 21 23 24 26 27 28 29 31,0 1 2 4 5 6 7 8 9 11 14,,V,11.0,0.0,15.0,2.0,3.0,3.0,11.0,0.0,11.0,0.0,13.0,2.0,2.0,3.0,11.0,0.0,14.0
159,40,teste,3 19,0 2 4 5 6 11 12 24,3 6 24,V,1.0,1.0,3.0,0.0,2.0,0.0,0.0,0.0,6.0,2.0,7.0,0.0,3.0,2.0,5.0,0.0,-838.0
159,33,teste,17 19,0 1 2 4 6 7 8 11 28,6 28,P,7.0,2.0,6.0,0.0,3.0,3.0,8.0,0.0,2.0,0.0,6.0,1.0,1.0,0.0,0.0,0.0,1018.0
159,5,teste,16 18 20 23 24 26 27 28 29 30 31,0 1 2 3 4 5 6 7 8 9 11,,P,11.0,0.0,10.0,1.0,3.0,4.0,11.0,0.0,11.0,0.0,13.0,1.0,3.0,4.0,11.0,0.0,9.0
159,18,teste,21 23 25 26 27 28 31,0 1 2 4 7 8 11 14 29,29,V,7.0,0.0,7.0,1.0,2.0,2.0,6.0,1.0,8.0,1.0,9.0,1.0,2.0,3.0,6.0,0.0,86.0
159,21,teste,23 24 26 27 31,0 1 2 4 7 8 11 29 30,29 30,P,7.0,2.0,6.0,0.0,2.0,3.0,6.0,0.0,5.0,0.0,5.0,0.0,1.0,1.0,4.0,1.0,604.0
159,22,teste,23 26 27 31,0 1 2 4 7 8 11 20 30,20 30,V,4.0,0.0,4.0,0.0,1.0,1.0,4.0,0.0,7.0,2.0,6.0,0.0,3.0,3.0,6.0,0.0,-604.0
159,9,teste,16 18 20 21 23 24 26 27 28 29 31,0 1 2 4 5 6 7 8 9 10 11,,P,11.0,0.0,12.0,2.0,2.0,3.0,11.0,0.0,11.0,0.0,15.0,2.0,3.0,3.0,11.0,0.0,7.0
159,35,teste,14 19,0 2 4 5 6 7 8 11 28,6 28,P,7.0,2.0,7.0,0.0,3.0,2.0,8.0,0.0,2.0,0.0,7.0,1.0,1.0,0.0,0.0,0.0,1026.0
159,27,teste,23 26,0 1 2 4 7 8 9 11 20,9 20,P,7.0,2.0,6.0,1.0,3.0,3.0,6.0,0.0,2.0,0.0,3.0,0.0,0.0,0.0,2.0,0.0,914.0
159,36,teste,14 19,0 2 4 5 6 8 10 11 28,6 28,V,2.0,0.0,7.0,1.0,1.0,0.0,0.0,1.0,7.0,2.0,8.0,1.0,3.0,2.0,7.0,1.0,-797.0
159,42,teste,3,0 2 4 5 6 12 18 24,3 6 24,V,0.0,1.0,0.0,0.0,1.0,0.0,0.0,0.0,6.0,2.0,9.0,1.0,2.0,2.0,5.0,0.0,-1600.0
159,41,teste,3 15,0 2 4 5 6 11 12 24,3 6 24,P,6.0,2.0,7.0,0.0,3.0,2.0,5.0,0.0,1.0,1.0,4.0,0.0,1.0,0.0,0.0,1.0,1600.0
159,34,teste,17 19,0 2 4 5 6 7 8 11 28,6 28,V,2.0,0.0,6.0,1.0,1.0,0.0,0.0,0.0,7.0,2.0,7.0,0.0,3.0,2.0,8.0,0.0,-912.0
159,17,teste,16 21 23 24 25 26 27 28 31,0 1 2 4 7 8 11 13 14,,P,9.0,0.0,12.0,2.0,2.0,3.0,7.0,1.0,9.0,0.0,11.0,1.0,2.0,2.0,9.0,1.0,-86.0
159,15,teste,9 20 21 23 24 25 26 27 28 31,0 1 2 4 5 7 8 11 13,,P,9.0,0.0,10.0,1.0,2.0,3.0,9.0,0.0,10.0,0.0,15.0,2.0,3.0,2.0,9.0,1.0,-2.0
159,11,teste,16 18 20 21 23 24 25 26 27 28 31,0 1 2 4 5 6 7 8 9 11 14,,P,11.0,0.0,13.0,2.0,2.0,3.0,11.0,0.0,11.0,0.0,16.0,2.0,3.0,2.0,11.0,0.0,8.0
159,12,teste,16 18 20 21 23 24 25 26 27 28 31,0 1 2 4 5 6 7 8 11 13 14,,V,11.0,0.0,16.0,2.0,3.0,2.0,11.0,0.0,11.0,0.0,14.0,2.0,2.0,3.0,10.0,2.0,-8.0
159,32,teste,17 23,0 1 2 4 6 7 8 11 28,6 28,V,2.0,0.0,5.0,1.0,0.0,0.0,0.0,0.0,7.0,2.0,6.0,0.0,3.0,3.0,8.0,0.0,-900.0
159,30,teste,22 23,0 1 2 4 6 7 8 11 24,6 24,V,2.0,0.0,4.0,1.0,0.0,0.0,0.0,0.0,7.0,2.0,6.0,0.0,2.0,3.0,8.0,0.0,-891.0
159,24,teste,27 31,0 1 2 4 7 8 11 14 20,14 20,V,2.0,0.0,1.0,0.0,1.0,1.0,2.0,0.0,7.0,2.0,6.0,1.0,3.0,3.0,6.0,0.0,-916.0
159,39,teste,3 19,0 2 4 5 6 11 12 28,3 6 28,P,6.0,2.0,7.0,0.0,4.0,2.0,5.0,0.0,1.0,1.0,3.0,0.0,2.0,0.0,0.0,0.0,840.0
159,8,teste,16 18 20 23 24 25 26 27 28 29 31,0 1 2 4 5 6 7 8 9 10 11,,V,11.0,0.0,14.0,1.0,3.0,3.0,11.0,0.0,11.0,0.0,12.0,2.0,2.0,3.0,11.0,0.0,-7.0
159,4,teste,16 20 23 24 25 26 27 28 29 30 31,0 1 2 3 4 5 6 7 8 9 11 22,,V,11.0,0.0,11.0,0.0,3.0,4.0,11.0,0.0,12.0,0.0,15.0,2.0,3.0,4.0,11.0,1.0,-9.0
159,25,teste,26 27,0 1 2 4 7 8 11 14 20,14 20,P,7.0,2.0,6.0,1.0,3.0,3.0,6.0,0.0,2.0,0.0,2.0,0.0,1.0,0.0,0.0,0.0,909.0
159,13,teste,9 18 20 21 23 24 25 26 27 28 31,0 1 2 4 5 6 7 8 11 14,,P,10.0,0.0,11.0,1.0,2.0,3.0,9.0,0.0,11.0,0.0,18.0,3.0,3.0,2.0,10.0,1.0,8.0
159,38,teste,7 19,0 2 4 5 6 11 12 28,6 28,V,2.0,0.0,9.0,0.0,1.0,0.0,0.0,0.0,6.0,2.0,7.0,0.0,4.0,2.0,5.0,0.0,-728.0
159,23,teste,18 26 27 31,0 1 2 4 7 8 11 20 30,20 30,P,7.0,2.0,6.0,0.0,3.0,3.0,6.0,0.0,4.0,0.0,5.0,1.0,1.0,1.0,3.0,1.0,910.0
159,19,teste,17 23 25 26 27 28 31,0 1 2 4 7 8 11 14 29,29,P,8.0,1.0,9.0,1.0,2.0,3.0,6.0,1.0,7.0,0.0,8.0,1.0,2.0,2.0,4.0,2.0,514.0
159,7,teste,16 18 20 23 24 25 26 27 28 29 31,0 1 2 3 4 5 6 8 9 10 11,,P,11.0,0.0,11.0,2.0,3.0,4.0,9.0,0.0,11.0,0.0,14.0,1.0,3.0,3.0,11.0,0.0,10.0
159,26,teste,26 27,0 1 2 4 7 8 9 11 20,9 20,V,2.0,0.0,2.0,0.0,1.0,0.0,0.0,0.0,7.0,2.0,6.0,1.0,3.0,3.0,6.0,0.0,-915.0
160,10,treino,16 24 25 26 27 28 29 30 31,0 1 2 3 4 5 6 7 17 18,,V,9.0,0.0,7.0,0.0,2.0,4.0,8.0,0.0,10.0,0.0,12.0,2.0,2.0,4.0,8.0,0.0,20.0
160,28,treino,2 10 22 24 26 27 28 30,3 4 5 11,2,V,7.0,1.0,10.0,2.0,2.0,2.0,5.0,0.0,4.0,0.0,4.0,0.0,3.0,1.0,0.0,0.0,524.0
160,8,treino,16 19 24 25 26 27 28 29 30 31,0 1 2 3 4 5 6 7 11 17,,V,10.0,0.0,10.0,0.0,3.0,4.0,8.0,0.0,10.0,0.0,10.0,1.0,3.0,4.0,9.0,0.0,12.0
160,24,treino,16 17 22 24 26 27 28 30,0 3 4 6 10 11 13,,V,8.0,0.0,11.0,2.0,2.0,2.0,6.0,1.0,7.0,0.0,9.0,2.0,3.0,2.0,4.0,1.0,398.0
160,6,treino,16 19 21 24 25 26 27 28 29 30 31,0 1 2 3 4 5 6 7 10 11 17,,V,11.0,0.0,12.0,1.0,3.0,4.0,10.0,0.0,11.0,0.0,12.0,2.0,3.0,4.0,10.0,1.0,-9.0
160,22,treino,16 17 22 26 27 28 29 30,0 3 4 6 8 10 11,,V,8.0,0.0,10.0,2.0,2.0,3.0,4.0,0.0,7.0,0.0,8.0,1.0,3.0,2.0,5.0,0.0,119.0
160,25,treino,2 17 22 24 26 27 28 30,0 3 4 10 11,2,P,5.0,0.0,5.0,1.0,3.0,2.0,2.0,0.0,7.0,1.0,8.0,2.0,2.0,2.0,6.0,0.0,-408.0
160,36,treino,2 8 20 22 26 27 28 30,7 11 16,2 8,V,6.0,2.0,6.0,1.0,3.0,2.0,3.0,0.0,3.0,0.0,7.0,0.0,1.0,0.0,2.0,1.0,803.0
160,18,treino,16 24 25 26 27 28 29 30,0 1 3 4 8 10 11 17,,V,8.0,0.0,7.0,0.0,2.0,3.0,6.0,0.0,8.0,0.0,11.0,2.0,3.0,3.0,3.0,0.0,4.0
160,12,treino,16 23 24 25 27 28 29 30 31,0 1 2 3 4 6 7 8 17 18,,V,9.0,0.0,8.0,0.0,2.0,4.0,8.0,0.0,10.0,0.0,13.0,2.0,2.0,4.0,8.0,1.0,-18.0
160,5,treino,13 16 19 21 24 25 26 27 28 29 30 31,0 1 2 3 4 5 6 7 8 10 11,,P,11.0,0.0,10.0,1.0,3.0,4.0,11.0,0.0,12.0,0.0,16.0,2.0,3.0,4.0,11.0,1.0,9.0
160,27,treino,2 10 22 24 26 27 28 30,0 3 4 11,2,P,4.0,0.0,3.0,0.0,3.0,2.0,2.0,0.0,7.0,1.0,10.0,2.0,2.0,2.0,5.0,0.0,-525.0
160,38,treino,2 8 13 22 26 27 28 30,7 15,2 8,V,6.0,2.0,8.0,2.0,2.0,2.0,5.0,0.0,2.0,0.0,4.0,0.0,0.0,0.0,0.0,1.0,1600.0
160,32,treino,2 6 20 22 26 27 28 30,5 7 8 11,2,V,7.0,1.0,12.0,1.0,3.0,2.0,5.0,0.0,4.0,0.0,6.0,0.0,1.0,0.0,4.0,0.0,572.0
160,9,treino,15 16 24 25 26 27 28 29 30 31,0 1 2 3 4 5 6 7 11 17,,P,10.0,0.0,10.0,1.0,3.0,4.0,9.0,0.0,10.0,0.0,11.0,0.0,2.0,4.0,8.0,1.0,-20.0
160,11,treino,16 23 24 25 27 28 29 30 31,0 1 2 3 4 5 6 7 17 18,,P,10.0,0.0,12.0,2.0,2.0,4.0,8.0,1.0,9.0,0.0,8.0,0.0,2.0,4.0,8.0,0.0,127.0
160,13,treino,14 16 24 25 27 28 29 30 31,0 1 2 3 4 6 7 8 17,,P,9.0,0.0,9.0,1.0,2.0,4.0,8.0,0.0,9.0,0.0,10.0,1.0,2.0,4.0,7.0,0.0,18.0
160,34,treino,1 2 20 22 26 27 28 30,5 7 11 12,1 2,V,6.0,2.0,6.0,1.0,3.0,2.0,3.0,0.0,4.0,0.0,7.0,0.0,2.0,0.0,2.0,1.0,676.0
160,16,treino,16 24 25 27 28 29 30 31,0 1 3 4 6 8 11 17,,V,8.0,0.0,6.0,0.0,2.0,4.0,7.0,0.0,8.0,0.0,10.0,1.0,3.0,3.0,5.0,0.0,11.0
160,33,treino,1 2 20 22 26 27 28 30,5 7 8 11,1 2,P,4.0,0.0,6.0,0.0,1.0,0.0,4.0,0.0,6.0,2.0,6.0,1.0,3.0,2.0,3.0,0.0,-594.0
160,20,treino,16 22 24 26 27 28 29 30,0 1 3 4 8 10 11 21,,V,8.0,0.0,8.0,1.0,2.0,3.0,6.0,0.0,8.0,0.0,12.0,2.0,3.0,3.0,3.0,1.0,98.0
160,26,treino,2 17 22 24 26 27 28 30,0 3 4 11 14,2,V,7.0,1.0,8.0,2.0,2.0,2.0,6.0,1.0,5.0,0.0,6.0,1.0,3.0,2.0,2.0,1.0,519.0
160,17,treino,16 24 25 26 27 28 29 30,0 1 3 4 6 8 11 17,,P,8.0,0.0,10.0,1.0,3.0,3.0,5.0,0.0,8.0,0.0,7.0,0.0,2.0,3.0,6.0,0.0,-11.0
160,37,treino,2 8 13 22 26 27 28 30,7 11,2 8,P,2.0,0.0,3.0,0.0,1.0,0.0,2.0,0.0,6.0,2.0,8.0,2.0,2.0,2.0,5.0,0.0,-819.0
160,19,treino,16 22 24 26 27 28 29 30,0 1 3 4 8 10 11 17,,P,8.0,0.0,11.0,2.0,3.0,3.0,3.0,1.0,8.0,0.0,8.0,1.0,2.0,3.0,6.0,0.0,23.0
160,30,treino,2 6 22 24 26 27 28 30,3 5 8 11,2,V,7.0,1.0,11.0,1.0,2.0,2.0,7.0,0.0,4.0,0.0,5.0,0.0,2.0,1.0,2.0,0.0,576.0
160,7,treino,14 16 19 24 25 26 27 28 29 30 31,0 1 2 3 4 5 6 7 10 11,,P,10.0,0.0,8.0,1.0,3.0,4.0,10.0,0.0,11.0,0.0,14.0,1.0,3.0,4.0,8.0,1.0,-19.0
160,21,treino,16 17 22 26 27 28 29 30,0 1 3 4 8 10 11,,P,7.0,0.0,7.0,1.0,3.0,3.0,3.0,0.0,8.0,0.0,10.0,2.0,2.0,3.0,4.0,0.0,-126.0
160,4,treino,16 19 21 22 24 25 26 27 28 29 30 31,0 1 2 3 4 5 6 7 8 10 11 17,,V,12.0,0.0,14.0,2.0,3.0,4.0,11.0,0.0,12.0,0.0,14.0,2.0,3.0,4.0,11.0,1.0,-9.0
160,29,treino,2 6 22 24 26 27 28 30,3 4 5 11,2,P,4.0,0.0,4.0,0.0,3.0,1.0,0.0,0.0,7.0,1.0,11.0,1.0,2.0,2.0,7.0,0.0,-577.0
160,31,treino,2 6 20 22 26 27 28 30,3 5 8 11,2,P,4.0,0.0,5.0,0.0,2.0,1.0,2.0,0.0,7.0,1.0,12.0,1.0,3.0,2.0,5.0,0.0,-575.0
160,35,treino,2 8 20 22 26 27 28 30,7 11 12,2 8,P,3.0,0.0,6.0,0.0,2.0,0.0,2.0,0.0,6.0,2.0,6.0,1.0,3.0,2.0,3.0,0.0,-692.0
161,15,treino,8 21 24 25 26 28 29 30 31,0 1 3 4 5 7 11 12 15 27,,P,10.0,0.0,17.0,0.0,5.0,3.0,8.0,0.0,9.0,0.0,10.0,1.0,1.0,4.0,8.0,1.0,232.0
161,32,treino,17 20 28 30,3 4 6 7 8 11 26 27,26,V,4.0,0.0,5.0,1.0,2.0,2.0,0.0,0.0,7.0,1.0,13.0,0.0,4.0,1.0,5.0,1.0,-391.0
161,4,treino,16 17 21 23 24 25 26 27 28 29 30 31,0 1 2 3 4 5 6 7 8 10 11 18,,V,12.0,0.0,14.0,2.0,2.0,4.0,12.0,0.0,12.0,0.0,14.0,2.0,3.0,4.0,11.0,1.0,106.0
161,20,treino,21 24 25 28 29 30 31,0 1 3 7 8 11 12 15 22 27,,V,7.0,0.0,4.0,1.0,1.0,4.0,6.0,0.0,10.0,0.0,22.0,1.0,4.0,3.0,6.0,1.0,-353.0
161,30,treino,17 24 28 30,3 4 6 7 8 11 27 31,31,V,4.0,0.0,4.0,1.0,1.0,2.0,2.0,0.0,7.0,1.0,13.0,0.0,4.0,1.0,7.0,0.0,-528.0
161,40,treino,19 20 24,3 4 7 11 13 17 31,31,V,3.0,0.0,6.0,0.0,2.0,0.0,2.0,0.0,6.0,1.0,11.0,2.0,3.0,1.0,5.0,0.0,-625.0
161,23,treino,21 24 26 28 29 30,0 1 3 7 8 11 12 22 27,,P,9.0,0.0,19.0,1.0,4.0,3.0,5.0,1.0,6.0,0.0,4.0,1.0,1.0,3.0,6.0,1.0,517.0
161,9,treino,6 14 17 21 24 25 26 27 28 29 30 31,0 1 2 3 4 5 7 10 11 12,,P,10.0,0.0,10.0,1.0,4.0,4.0,9.0,0.0,12.0,0.0,19.0,3.0,2.0,4.0,11.0,1.0,-16.0
161,14,treino,13 21 24 25 26 28 29 30 31,0 1 3 4 5 7 11 12 15 27,,V,9.0,0.0,9.0,2.0,1.0,4.0,8.0,0.0,10.0,0.0,17.0,0.0,5.0,3.0,8.0,0.0,-108.0
161,24,treino,21 24 28 29 30,0 1 3 7 8 11 12 27 31,31,V,5.0,0.0,3.0,1.0,1.0,3.0,4.0,0.0,8.0,1.0,14.0,0.0,4.0,3.0,7.0,0.0,-517.0
161,18,treino,21 22 24 25 28 29 30 31,0 1 3 7 8 11 12 13 15 27,,V,8.0,0.0,6.0,2.0,1.0,4.0,7.0,0.0,10.0,0.0,20.0,1.0,4.0,3.0,7.0,0.0,-235.0
161,28,treino,17 28 29 30,0 3 6 7 8 11 27 31,31,V,4.0,0.0,3.0,1.0,1.0,3.0,0.0,0.0,7.0,1.0,12.0,0.0,3.0,2.0,5.0,0.0,-523.0
161,41,treino,16 19 24,3 4 7 11 13 17 31,31,P,6.0,1.0,11.0,2.0,3.0,1.0,5.0,1.0,3.0,0.0,7.0,0.0,1.0,0.0,0.0,1.0,1600.0
161,34,treino,17 20 23 28,3 4 7 8 10 11 27,,V,4.0,0.0,7.0,1.0,2.0,1.0,0.0,0.0,7.0,0.0,14.0,1.0,4.0,1.0,6.0,0.0,-394.0
161,33,treino,17 20 23 28,3 4 6 7 8 11 27,,P,7.0,0.0,13.0,0.0,4.0,1.0,5.0,0.0,4.0,0.0,7.0,1.0,2.0,1.0,0.0,0.0,382.0
161,26,treino,24 28 29 30,0 1 3 7 8 11 21 27 31,31,V,4.0,0.0,1.0,0.0,1.0,3.0,3.0,0.0,8.0,1.0,16.0,1.0,3.0,3.0,5.0,1.0,-525.0
161,6,treino,14 16 17 21 24 25 26 27 28 29 30 31,0 1 2 3 4 5 6 7 10 11 12,,V,12.0,0.0,16.0,3.0,2.0,4.0,12.0,0.0,11.0,0.0,11.0,1.0,4.0,4.0,10.0,0.0,140.0
161,42,treino,19,3 4 7 11 17 29 31,29 31,V,1.0,0.0,3.0,0.0,1.0,0.0,0.0,0.0,5.0,2.0,8.0,1.0,3.0,1.0,3.0,0.0,-1600.0
161,11,treino,13 21 24 25 26 27 28 29 30 31,0 1 3 4 5 7 10 11 12 18,,P,10.0,0.0,14.0,2.0,4.0,3.0,8.0,0.0,10.0,0.0,10.0,2.0,2.0,4.0,9.0,0.0,-5.0
161,31,treino,17 20 28 30,3 4 6 7 8 11 27 31,31,P,7.0,1.0,13.0,0.0,4.0,1.0,7.0,0.0,4.0,0.0,5.0,1.0,2.0,2.0,0.0,0.0,532.0
161,25,treino,16 24 28 29 30,0 1 3 7 8 11 12 27 31,31,P,8.0,1.0,14.0,0.0,4.0,3.0,7.0,0.0,5.0,0.0,4.0,0.0,1.0,3.0,3.0,1.0,517.0
161,10,treino,17 21 24 25 26 27 28 29 30 31,0 1 3 4 5 7 10 11 12 18,,V,10.0,0.0,9.0,2.0,2.0,4.0,10.0,0.0,10.0,0.0,14.0,2.0,4.0,3.0,8.0,0.0,11.0
161,36,treino,17 19 20 28,3 4 7 8 10 11 31,31,V,4.0,0.0,8.0,1.0,3.0,1.0,0.0,0.0,6.0,1.0,8.0,1.0,3.0,1.0,6.0,0.0,-516.0
161,39,treino,19 20 24,3 4 7 8 11 17 31,31,P,6.0,1.0,10.0,1.0,3.0,1.0,5.0,0.0,3.0,0.0,6.0,0.0,2.0,0.0,2.0,0.0,625.0
161,13,treino,13 21 23 24 25 26 28 29 30 31,0 1 3 4 5 7 11 12 15 18,,P,10.0,0.0,15.0,1.0,4.0,3.0,9.0,1.0,10.0,0.0,11.0,2.0,1.0,4.0,9.0,1.0,107.0
161,5,treino,14 16 17 21 24 25 26 27 28 29 30 31,0 1 2 3 4 5 6 7 8 10 11,,P,11.0,0.0,10.0,1.0,3.0,4.0,11.0,0.0,12.0,0.0,16.0,3.0,2.0,4.0,12.0,0.0,-108.0
161,8,treino,13 14 17 21 24 25 26 27 28 29 30 31,0 1 2 3 4 5 7 9 10 11 12,,V,12.0,0.0,17.0,4.0,2.0,4.0,12.0,2.0,11.0,0.0,12.0,2.0,4.0,4.0,10.0,1.0,-9.0
161,22,treino,21 24 28 29 30 31,0 1 3 7 8 11 12 22 27,,V,6.0,0.0,3.0,1.0,1.0,4.0,4.0,0.0,9.0,0.0,19.0,1.0,4.0,3.0,5.0,0.0,-223.0
161,35,treino,17 19 20 28,3 4 7 8 10 11 27,,P,7.0,0.0,14.0,1.0,4.0,1.0,6.0,0.0,4.0,0.0,8.0,1.0,3.0,1.0,0.0,0.0,458.0
161,7,treino,13 14 17 21 24 25 26 27 28 29 30 31,0 1 2 3 4 5 6 7 10 11 12,,P,11.0,0.0,11.0,1.0,4.0,4.0,10.0,0.0,12.0,0.0,17.0,4.0,2.0,4.0,12.0,0.0,9.0
161,21,treino,18 21 24 28 29 30 31,0 1 3 7 8 11 12 15 27,,P,9.0,0.0,17.0,0.0,4.0,3.0,6.0,0.0,7.0,0.0,6.0,2.0,1.0,4.0,4.0,1.0,332.0
161,17,treino,21 22 24 25 28 29 30 31,0 1 3 5 7 11 12 13 15 27,,P,10.0,0.0,19.0,1.0,4.0,3.0,7.0,0.0,8.0,0.0,6.0,2.0,1.0,4.0,7.0,0.0,245.0
162,5,treino,14 22 23 24 25 26 27 28 29 30 31,0 1 2 3 4 5 6 7 8 10 11 20,,P,12.0,0.0,15.0,1.0,4.0,4.0,11.0,0.0,11.0,0.0,12.0,2.0,2.0,4.0,10.0,1.0,237.0
162,6,treino,22 23 24 25 26 27 28 29 30 31,0 1 2 3 4 5 6 7 8 11 17 20,,V,10.0,0.0,8.0,1.0,2.0,4.0,10.0,0.0,12.0,0.0,17.0,1.0,4.0,4.0,10.0,1.0,-237.0
162,7,treino,13 23 24 25 26 27 28 29 30 31,0 1 2 3 4 5 6 7 8 11 20,,P,11.0,0.0,13.0,0.0,4.0,4.0,10.0,0.0,10.0,0.0,10.0,1.0,2.0,4.0,9.0,1.0,212.0
162,8,treino,23 24 25 26 27 28 29 30 31,0 1 2 3 4 5 6 7 11 17 20,,V,9.0,0.0,6.0,0.0,2.0,4.0,9.0,0.0,11.0,0.0,15.0,1.0,4.0,4.0,9.0,0.0,-217.0
162,9,treino,18 24 25 26 27 28 29 30 31,0 1 2 3 4 5 6 7 11 17 20,,P,11.0,0.0,15.0,1.0,4.0,4.0,9.0,0.0,9.0,0.0,7.0,1.0,2.0,4.0,8.0,0.0,212.0
162,10,treino,18 24 25 26 27 28 29 30 31,0 1 2 3 4 5 7 10 11 17 20,,V,9.0,0.0,7.0,1.0,2.0,4.0,8.0,0.0,11.0,0.0,16.0,2.0,4.0,4.0,9.0,0.0,-220.0
162,11,treino,14 24 25 26 27 28 29 30 31,0 1 2 3 4 5 7 10 11 17 20,,P,11.0,0.0,16.0,2.0,4.0,4.0,9.0,0.0,9.0,0.0,8.0,1.0,2.0,4.0,8.0,0.0,251.0
162,12,treino,14 24 25 26 27 28 29 30 31,0 1 2 3 4 7 9 10 11 17 20,,V,9.0,0.0,8.0,1.0,2.0,4.0,8.0,1.0,11.0,0.0,17.0,3.0,4.0,4.0,7.0,1.0,-251.0
162,13,treino,5 24 25 26 27 28 29 30 31,0 1 2 3 4 7 10 11 17 20,,P,10.0,0.0,15.0,2.0,4.0,4.0,7.0,0.0,9.0,0.0,10.0,0.0,2.0,4.0,8.0,1.0,226.0
162,14,treino,24 25 26 27 28 29 30 31,1 2 3 4 7 9 10 11 17 20,,V,8.0,0.0,4.0,0.0,2.0,4.0,8.0,0.0,10.0,0.0,17.0,3.0,4.0,3.0,5.0,0.0,-230.0
162,15,treino,23 24 25 27 28 29 30 31,1 2 3 4 7 9 10 11 17 20,,P,10.0,0.0,17.0,3.0,4.0,3.0,5.0,0.0,8.0,0.0,5.0,0.0,2.0,4.0,8.0,0.0,233.0
162,16,treino,23 24 25 27 28 29 30 31,1 2 3 4 7 9 10 11 20 22,,V,8.0,0.0,5.0,0.0,2.0,4.0,8.0,0.0,10.0,0.0,18.0,3.0,4.0,3.0,5.0,1.0,-131.0
162,17,treino,18 23 24 27 28 29 30 31,1 2 3 4 7 9 10 11 20,,P,9.0,0.0,13.0,2.0,4.0,3.0,5.0,0.0,8.0,0.0,7.0,1.0,2.0,4.0,7.0,0.0,121.0
162,18,treino,18 23 24 27 28 29 30 31,1 2 3 4 7 9 11 14 20,,V,8.0,0.0,7.0,1.0,2.0,4.0,7.0,0.0,9.0,0.0,14.0,2.0,4.0,3.0,6.0,0.0,-115.0
162,19,treino,18 19 24 27 28 29 30 31,1 2 3 4 7 9 11 14 20,,P,9.0,0.0,14.0,2.0,4.0,3.0,6.0,0.0,8.0,0.0,8.0,1.0,3.0,4.0,5.0,1.0,115.0
162,20,treino,19 24 27 28 29 30 31,1 2 3 4 7 9 11 20 23,,V,7.0,0.0,5.0,0.0,3.0,4.0,5.0,0.0,9.0,0.0,16.0,1.0,4.0,3.0,4.0,1.0,-120.0
162,21,treino,18 19 24 28 29 30 31,1 2 3 4 7 9 11 20,,P,8.0,0.0,11.0,1.0,4.0,3.0,4.0,0.0,7.0,0.0,7.0,1.0,2.0,4.0,3.0,0.0,113.0
162,22,treino,18 19 24 28 29 30 31,1 2 3 4 7 11 14 20,,V,7.0,0.0,7.0,1.0,2.0,4.0,3.0,1.0,8.0,0.0,12.0,1.0,4.0,3.0,4.0,1.0,-15.0
162,23,treino,9 19 24 28 29 30 31,1 2 3 4 7 11 20,,P,7.0,0.0,9.0,0.0,4.0,3.0,4.0,0.0,7.0,0.0,9.0,1.0,2.0,4.0,3.0,0.0,2.0
162,24,treino,9 19 24 28 29 30 31,2 3 4 6 7 11 20,,V,7.0,0.0,9.0,1.0,2.0,4.0,3.0,1.0,7.0,0.0,10.0,0.0,4.0,2.0,5.0,0.0,-11.0
162,25,treino,9 15 24 28 29 30 31,2 3 4 6 7 11 20,,P,7.0,0.0,10.0,0.0,4.0,2.0,5.0,0.0,7.0,0.0,10.0,1.0,1.0,4.0,3.0,2.0,240.0
162,26,treino,15 24 28 29 30 31,2 3 4 7 11 13 20,,V,6.0,0.0,5.0,0.0,1.0,4.0,3.0,1.0,7.0,0.0,12.0,1.0,4.0,2.0,4.0,0.0,-240.0
162,27,treino,15 24 26 28 29 30,2 3 4 7 11 13 20,,P,7.0,0.0,12.0,1.0,4.0,2.0,4.0,0.0,6.0,0.0,6.0,0.0,1.0,3.0,5.0,1.0,222.0
162,28,treino,24 26 28 29 30,2 3 4 7 13 18 20,,V,5.0,0.0,2.0,0.0,1.0,3.0,5.0,0.0,7.0,0.0,14.0,2.0,3.0,2.0,3.0,0.0,-222.0
162,29,treino,23 24 28 29 30,2 3 4 7 13 18 20,,P,7.0,0.0,14.0,2.0,3.0,2.0,3.0,1.0,5.0,0.0,3.0,0.0,1.0,3.0,3.0,1.0,351.0
162,30,treino,24 28 29 30,2 3 4 7 13 20 27,,V,4.0,0.0,1.0,0.0,1.0,3.0,3.0,0.0,7.0,0.0,16.0,1.0,4.0,2.0,3.0,0.0,-411.0
162,31,treino,24 25 28 30,2 3 4 7 13 20 27,,P,7.0,0.0,16.0,1.0,4.0,2.0,3.0,0.0,4.0,0.0,2.0,0.0,1.0,2.0,4.0,1.0,520.0
162,32,treino,25 28 30,2 3 4 7 13 27 29,29,V,3.0,0.0,1.0,0.0,1.0,2.0,2.0,1.0,6.0,1.0,11.0,1.0,3.0,2.0,3.0,0.0,-580.0
162,33,treino,24 25 30,2 3 4 7 13 27 29,29,P,6.0,1.0,11.0,1.0,3.0,2.0,3.0,0.0,3.0,0.0,2.0,0.0,0.0,1.0,2.0,2.0,632.0
162,34,treino,24 30,2 3 4 7 13 22 27,22,V,2.0,0.0,1.0,0.0,0.0,1.0,0.0,0.0,6.0,1.0,11.0,2.0,3.0,2.0,3.0,0.0,-692.0
162,35,treino,24 25,2 3 4 7 13 22 27,22,P,6.0,1.0,11.0,2.0,3.0,2.0,3.0,1.0,2.0,0.0,2.0,0.0,0.0,0.0,0.0,1.0,1600.0
163,9,teste,9 23 24 25 26 27 28 29 30 31,0 1 2 3 4 5 6 7 14 15,,P,10.0,0.0,10.0,1.0,2.0,4.0,8.0,0.0,10.0,0.0,11.0,1.0,2.0,4.0,9.0,1.0,106.0
163,16,teste,18 21 24 26 28 29 30 31,0 1 2 3 4 5 10 13 19,,V,8.0,0.0,7.0,2.0,1.0,4.0,7.0,0.0,9.0,0.0,11.0,2.0,3.0,4.0,4.0,0.0,-91.0
163,35,teste,25 28 31,0 2 7 18 19 20 29,29,P,6.0,1.0,14.0,1.0,2.0,2.0,2.0,0.0,3.0,0.0,1.0,0.0,1.0,2.0,0.0,1.0,647.0
163,33,teste,17 25 28 30 31,0 2 7 13 18 19 20,,P,7.0,0.0,17.0,2.0,2.0,2.0,2.0,1.0,5.0,0.0,4.0,1.0,1.0,3.0,2.0,1.0,527.0
163,29,teste,8 21 28 29 30 31,0 2 4 7 14 19 20,,P,7.0,0.0,14.0,1.0,3.0,2.0,4.0,0.0,6.0,0.0,7.0,1.0,1.0,4.0,0.0,1.0,235.0
163,15,teste,18 21 24 26 28 29 30 31,0 1 2 3 4 5 7 13 19,,P,9.0,0.0,10.0,1.0,3.0,4.0,7.0,0.0,8.0,0.0,7.0,2.0,1.0,4.0,7.0,0.0,100.0
163,26,teste,21 22 28 29 30 31,0 2 4 7 9 14 19 20,,V,6.0,0.0,4.0,2.0,1.0,4.0,0.0,0.0,8.0,0.0,16.0,2.0,3.0,2.0,6.0,0.0,-245.0
163,23,teste,22 24 28 29 30 31,0 2 3 4 9 10 19 20,,P,8.0,0.0,14.0,2.0,4.0,3.0,2.0,0.0,6.0,0.0,3.0,1.0,1.0,4.0,3.0,0.0,238.0
163,39,teste,26,0 2 7 18 19 22 29,22 29,P,5.0,2.0,9.0,2.0,1.0,2.0,4.0,1.0,1.0,0.0,1.0,0.0,0.0,0.0,0.0,1.0,1600.0
163,27,teste,17 21 28 29 30 31,0 2 4 7 9 14 19 20,,P,8.0,0.0,16.0,2.0,3.0,2.0,6.0,1.0,6.0,0.0,5.0,2.0,1.0,4.0,2.0,0.0,242.0
163,19,teste,15 24 26 28 29 30 31,0 1 2 3 4 5 10 19 20,,P,9.0,0.0,13.0,1.0,4.0,4.0,4.0,1.0,7.0,0.0,6.0,0.0,1.0,4.0,6.0,0.0,240.0
163,32,teste,21 25 28 30 31,0 2 7 13 18 19 20,,V,5.0,0.0,3.0,1.0,1.0,3.0,3.0,0.0,7.0,0.0,17.0,2.0,2.0,2.0,2.0,0.0,-244.0
163,6,teste,22 23 24 25 26 27 28 29 30 31,0 1 2 3 4 5 6 7 10 15 17,,V,10.0,0.0,8.0,1.0,2.0,4.0,10.0,0.0,11.0,0.0,13.0,2.0,2.0,4.0,10.0,1.0,-25.0
163,24,teste,22 24 28 29 30 31,0 2 4 7 9 10 19 20,,V,6.0,0.0,3.0,1.0,1.0,4.0,3.0,0.0,8.0,0.0,15.0,2.0,3.0,2.0,5.0,0.0,-242.0
163,5,teste,13 22 23 24 25 26 27 28 29 30 31,0 1 2 3 4 5 6 7 8 10 15,,P,11.0,0.0,11.0,1.0,2.0,4.0,11.0,0.0,11.0,0.0,12.0,2.0,2.0,4.0,10.0,1.0,0.0
163,7,teste,13 23 24 25 26 27 28 29 30 31,0 1 2 3 4 5 6 7 10 15,,P,10.0,0.0,9.0,1.0,2.0,4.0,10.0,0.0,10.0,0.0,10.0,1.0,2.0,4.0,9.0,0.0,20.0
163,17,teste,16 18 24 26 28 29 30 31,0 1 2 3 4 5 10 13 19,,P,9.0,0.0,11.0,2.0,3.0,4.0,4.0,1.0,8.0,0.0,8.0,1.0,1.0,4.0,6.0,1.0,208.0
163,28,teste,17 21 28 29 30 31,0 2 4 7 13 14 19 20,,V,6.0,0.0,5.0,2.0,1.0,4.0,2.0,1.0,8.0,0.0,17.0,2.0,3.0,2.0,4.0,2.0,46.0
163,25,teste,21 22 28 29 30 31,0 2 4 7 9 10 19 20,,P,8.0,0.0,15.0,2.0,3.0,2.0,5.0,0.0,6.0,0.0,4.0,2.0,1.0,4.0,0.0,0.0,239.0
163,30,teste,21 28 29 30 31,0 2 7 13 14 19 20,,V,5.0,0.0,2.0,1.0,1.0,4.0,0.0,0.0,7.0,0.0,16.0,2.0,2.0,2.0,2.0,0.0,-251.0
163,22,teste,24 26 28 29 30 31,0 2 3 4 9 10 19 20,,V,6.0,0.0,2.0,0.0,1.0,4.0,6.0,0.0,8.0,0.0,14.0,2.0,4.0,3.0,2.0,0.0,-228.0
163,31,teste,21 25 28 30 31,0 2 7 13 14 19 20,,P,7.0,0.0,16.0,2.0,2.0,2.0,2.0,0.0,5.0,0.0,3.0,1.0,1.0,3.0,3.0,0.0,239.0
163,10,teste,23 24 25 26 27 28 29 30 31,0 1 2 3 4 5 7 13 14 15,,V,9.0,0.0,6.0,0.0,2.0,4.0,9.0,0.0,10.0,0.0,12.0,2.0,2.0,4.0,7.0,0.0,-118.0
163,18,teste,18 24 26 28 29 30 31,0 1 2 3 4 5 10 19 20,,V,7.0,0.0,5.0,1.0,1.0,4.0,6.0,0.0,9.0,0.0,13.0,1.0,4.0,4.0,4.0,0.0,-208.0
163,14,teste,21 24 26 27 28 29 30 31,0 1 2 3 4 5 7 13 19 23,,V,8.0,0.0,5.0,1.0,2.0,4.0,8.0,0.0,10.0,0.0,15.0,1.0,3.0,4.0,9.0,1.0,-116.0
163,38,teste,31,0 2 7 18 19 22 29,22 29,V,1.0,0.0,0.0,0.0,0.0,1.0,0.0,0.0,5.0,2.0,9.0,2.0,1.0,2.0,4.0,0.0,-1600.0
163,21,teste,6 24 26 28 29 30 31,0 1 2 3 4 9 19 20,,P,8.0,0.0,12.0,1.0,4.0,4.0,2.0,0.0,7.0,0.0,8.0,0.0,1.0,4.0,6.0,1.0,228.0
163,20,teste,15 24 26 28 29 30 31,0 1 2 3 4 9 10 19 20,,V,7.0,0.0,6.0,0.0,1.0,4.0,6.0,0.0,9.0,0.0,14.0,2.0,4.0,4.0,2.0,1.0,-238.0
163,11,teste,21 23 24 26 27 28 29 30 31,0 1 2 3 4 5 7 13 14 15,,P,10.0,0.0,12.0,2.0,2.0,4.0,7.0,0.0,9.0,0.0,7.0,1.0,2.0,4.0,9.0,0.0,121.0
163,36,teste,28 31,0 2 7 18 19 20 22,22,V,2.0,0.0,0.0,0.0,1.0,2.0,0.0,0.0,6.0,1.0,14.0,2.0,2.0,2.0,4.0,0.0,-651.0
163,37,teste,24 31,0 2 7 18 19 20 22,22,P,6.0,1.0,14.0,2.0,2.0,2.0,4.0,0.0,2.0,0.0,1.0,0.0,0.0,1.0,0.0,1.0,816.0
163,13,teste,18 21 24 26 27 28 29 30 31,0 1 2 3 4 5 7 13 14 19,,P,10.0,0.0,13.0,2.0,3.0,4.0,7.0,1.0,9.0,0.0,8.0,2.0,2.0,4.0,8.0,1.0,107.0
164,10,treino,11 17 18 20 24 25 27 28 29 30 31,0 1 2 3 4 6 7 8 10 14,,V,11.0,0.0,16.0,2.0,4.0,4.0,8.0,2.0,10.0,0.0,10.0,2.0,2.0,4.0,10.0,1.0,119.0
164,7,treino,11 17 18 20 24 25 26 27 28 29 30 31,0 1 2 3 4 6 7 8 9 10 13,,P,11.0,0.0,12.0,3.0,2.0,4.0,11.0,0.0,12.0,0.0,17.0,2.0,4.0,4.0,9.0,1.0,-119.0
164,22,treino,2 20 21 22 23 28 30 31,0 1 4 6 7 8,2,V,7.0,1.0,8.0,2.0,2.0,3.0,0.0,0.0,6.0,0.0,5.0,0.0,1.0,2.0,5.0,2.0,391.0
164,14,treino,11 18 20 24 27 28 29 30 31,0 1 2 3 4 7 8 15,,V,9.0,0.0,12.0,1.0,4.0,4.0,6.0,1.0,8.0,0.0,7.0,0.0,2.0,4.0,6.0,0.0,130.0
164,31,treino,0 7 19 21 22 28 30 31,1 4 13,0 7,P,3.0,0.0,4.0,1.0,1.0,1.0,0.0,0.0,6.0,2.0,7.0,2.0,2.0,3.0,0.0,0.0,-694.0
164,36,treino,7 16 19 21 22 24 30 31,12,7 16,V,6.0,2.0,8.0,2.0,1.0,2.0,3.0,0.0,1.0,0.0,3.0,0.0,1.0,0.0,0.0,0.0,1600.0
164,25,treino,11 16 21 22 23 28 30 31,1 4 5 6 8,11,P,5.0,0.0,5.0,0.0,1.0,1.0,5.0,0.0,7.0,1.0,9.0,2.0,2.0,3.0,2.0,0.0,-411.0
164,6,treino,11 18 20 21 24 25 26 27 28 29 30 31,0 1 2 3 4 6 7 8 9 10 13,,V,12.0,0.0,16.0,2.0,4.0,4.0,10.0,0.0,11.0,0.0,12.0,3.0,2.0,4.0,11.0,0.0,119.0
164,32,treino,0 7 19 21 22 28 30 31,1 8 13,0 7,V,6.0,2.0,7.0,2.0,2.0,3.0,0.0,0.0,3.0,0.0,5.0,1.0,0.0,1.0,2.0,0.0,688.0
164,21,treino,2 20 21 22 23 28 30 31,0 1 3 4 6 8,2,P,6.0,0.0,4.0,0.0,2.0,3.0,5.0,1.0,7.0,1.0,8.0,2.0,2.0,3.0,0.0,0.0,-207.0
164,29,treino,0 11 19 21 22 28 30 31,1 4 8,0 11,P,3.0,0.0,3.0,0.0,1.0,1.0,2.0,0.0,6.0,2.0,7.0,2.0,3.0,3.0,0.0,0.0,-700.0
164,27,treino,11 16 19 21 22 28 30 31,1 4 5 8 9,11,P,5.0,0.0,6.0,1.0,1.0,1.0,5.0,0.0,7.0,1.0,10.0,2.0,3.0,3.0,2.0,0.0,-394.0
164,26,treino,11 16 21 22 23 28 30 31,1 4 5 8 9,11,V,7.0,1.0,9.0,2.0,2.0,3.0,2.0,0.0,5.0,0.0,6.0,1.0,1.0,1.0,5.0,0.0,389.0
164,17,treino,11 20 21 23 28 29 30 31,0 1 2 3 4 7 8 22,,P,8.0,0.0,9.0,1.0,2.0,4.0,6.0,0.0,8.0,0.0,11.0,1.0,3.0,4.0,0.0,0.0,-8.0
164,12,treino,11 20 24 25 27 28 29 30 31,0 1 2 3 4 7 8 10 22,,V,9.0,0.0,10.0,0.0,4.0,4.0,8.0,0.0,9.0,0.0,11.0,2.0,2.0,4.0,7.0,1.0,109.0
164,24,treino,11 20 21 22 23 28 30 31,1 4 5 6 8,11,V,7.0,1.0,8.0,2.0,3.0,3.0,0.0,0.0,5.0,0.0,5.0,0.0,1.0,1.0,5.0,0.0,404.0
164,8,treino,11 18 20 24 25 26 27 28 29 30 31,0 1 2 3 4 6 7 8 9 10 22,,V,11.0,0.0,14.0,1.0,4.0,4.0,9.0,0.0,11.0,0.0,14.0,3.0,2.0,4.0,10.0,1.0,100.0
164,35,treino,7 16 19 21 22 24 30 31,8,7 16,P,1.0,0.0,2.0,0.0,0.0,0.0,0.0,0.0,6.0,2.0,8.0,2.0,1.0,2.0,3.0,0.0,-1600.0
164,9,treino,11 17 18 20 24 25 27 28 29 30 31,0 1 2 3 4 6 7 8 9 10,,P,10.0,0.0,9.0,2.0,2.0,4.0,10.0,0.0,11.0,0.0,16.0,2.0,4.0,4.0,8.0,0.0,-106.0
164,23,treino,11 20 21 22 23 28 30 31,0 1 4 6 8,11,P,5.0,0.0,4.0,0.0,1.0,2.0,5.0,0.0,7.0,1.0,8.0,2.0,3.0,3.0,0.0,0.0,-409.0
164,30,treino,0 11 19 21 22 28 30 31,1 4 13,0 11,V,6.0,2.0,7.0,2.0,3.0,3.0,0.0,0.0,3.0,0.0,4.0,1.0,1.0,1.0,0.0,0.0,688.0
164,13,treino,11 18 20 24 27 28 29 30 31,0 1 2 3 4 7 8 10,,P,8.0,0.0,6.0,1.0,2.0,4.0,7.0,0.0,9.0,0.0,12.0,1.0,4.0,4.0,6.0,0.0,-115.0
164,4,treino,11 20 21 22 24 25 26 27 28 29 30 31,0 1 2 3 4 5 6 7 9 10 13,,V,12.0,0.0,15.0,2.0,4.0,4.0,11.0,0.0,11.0,0.0,11.0,3.0,2.0,4.0,11.0,0.0,125.0
164,5,treino,11 18 20 21 24 25 26 27 28 29 30 31,0 1 2 3 4 5 6 7 9 10 13,,P,11.0,0.0,11.0,3.0,2.0,4.0,11.0,0.0,12.0,0.0,16.0,2.0,4.0,4.0,10.0,0.0,-101.0
164,34,treino,0 7 19 21 22 24 30 31,5 8 13,0 7,V,6.0,2.0,8.0,2.0,1.0,2.0,2.0,0.0,3.0,0.0,6.0,1.0,0.0,0.0,3.0,1.0,904.0
164,19,treino,11 20 21 22 23 28 30 31,0 1 2 3 4 7 8,,P,7.0,0.0,4.0,0.0,2.0,4.0,6.0,0.0,8.0,0.0,13.0,2.0,3.0,3.0,0.0,0.0,-132.0
164,18,treino,11 20 21 23 28 29 30 31,0 1 2 3 4 7 8 25,,V,8.0,0.0,11.0,1.0,3.0,4.0,0.0,0.0,8.0,0.0,10.0,0.0,2.0,4.0,6.0,1.0,113.0
164,33,treino,0 7 19 21 22 24 30 31,1 8 13,0 7,P,3.0,0.0,5.0,1.0,0.0,1.0,2.0,0.0,6.0,2.0,8.0,2.0,1.0,2.0,2.0,0.0,-698.0
164,15,treino,11 18 20 21 27 28 29 30 31,0 1 2 3 4 7 8 15,,P,8.0,0.0,7.0,0.0,2.0,4.0,6.0,0.0,9.0,0.0,13.0,2.0,4.0,4.0,2.0,1.0,-19.0
164,20,treino,11 20 21 22 23 28 30 31,0 1 3 4 6 7 8,,V,8.0,0.0,13.0,2.0,3.0,3.0,0.0,0.0,7.0,0.0,5.0,0.0,2.0,3.0,7.0,1.0,207.0
164,11,treino,9 11 17 20 24 25 27 28 29 30 31,0 1 2 3 4 6 7 8 10,,P,9.0,0.0,7.0,1.0,2.0,4.0,9.0,0.0,11.0,0.0,18.0,2.0,4.0,4.0,8.0,1.0,-119.0
164,28,treino,11 16 19 21 22 28 30 31,1 4 5 8 13,11,V,7.0,1.0,10.0,2.0,3.0,3.0,2.0,1.0,5.0,0.0,7.0,1.0,1.0,1.0,5.0,1.0,687.0
165,40,teste,18 30,0 7 17 28 29,28 29,V,2.0,0.0,3.0,1.0,0.0,1.0,0.0,0.0,3.0,2.0,5.0,1.0,1.0,1.0,0.0,0.0,-471.0
165,41,teste,15 30,0 7 17 28 29,28 29,P,3.0,2.0,5.0,1.0,1.0,1.0,0.0,0.0,2.0,0.0,4.0,0.0,0.0,1.0,0.0,0.0,467.0
165,54,teste,8,17 26,8 17,V,0.0,1.0,0.0,0.0,0.0,0.0,0.0,0.0,1.0,1.0,6.0,1.0,0.0,0.0,0.0,0.0,-184.0
165,34,teste,2 23 30,0 3 4 6 28 29,2 28 29,V,2.0,1.0,2.0,0.0,0.0,1.0,0.0,0.0,4.0,2.0,2.0,0.0,3.0,2.0,2.0,1.0,-293.0
165,5,teste,9 16 21 22 24 25 26 27 28 29 30 31,0 1 2 3 4 5 6 7 8 11 15,,P,11.0,0.0,11.0,0.0,3.0,4.0,11.0,0.0,12.0,0.0,16.0,3.0,2.0,4.0,11.0,1.0,104.0
165,47,teste,8 30,22 28 29,8 28 29,P,1.0,2.0,5.0,1.0,1.0,0.0,0.0,0.0,1.0,1.0,0.0,0.0,0.0,1.0,0.0,0.0,199.0
165,38,teste,23 30,0 3 17 28 29,28 29,V,2.0,0.0,2.0,0.0,0.0,1.0,0.0,0.0,3.0,2.0,4.0,1.0,2.0,2.0,0.0,0.0,-477.0
165,44,teste,6 30,5 17 28 29,28 29,V,2.0,0.0,6.0,0.0,0.0,1.0,0.0,0.0,2.0,2.0,5.0,1.0,1.0,0.0,0.0,0.0,-308.0
165,42,teste,15 30,0 10 17 28 29,28 29,V,2.0,0.0,4.0,0.0,0.0,1.0,0.0,1.0,3.0,2.0,6.0,2.0,1.0,1.0,0.0,1.0,-368.0
165,33,teste,2 23 30,0 3 4 6 24 29,2 29,P,5.0,1.0,8.0,0.0,2.0,2.0,4.0,1.0,2.0,1.0,2.0,0.0,0.0,1.0,0.0,0.0,331.0
165,6,teste,16 21 22 24 25 26 27 28 29 30 31,0 1 2 3 4 6 7 8 11 14 15,,V,11.0,0.0,11.0,2.0,2.0,4.0,11.0,0.0,11.0,0.0,13.0,1.0,3.0,4.0,10.0,0.0,7.0
165,19,teste,14 17 24 27 28 30 31,0 1 2 3 4 7 11 29,29,P,7.0,1.0,4.0,0.0,3.0,4.0,6.0,0.0,7.0,0.0,9.0,2.0,2.0,3.0,6.0,1.0,268.0
165,12,teste,14 21 22 24 25 27 28 29 30 31,0 1 2 3 4 7 11 13 15,,V,10.0,0.0,11.0,3.0,2.0,4.0,9.0,0.0,9.0,0.0,10.0,1.0,3.0,4.0,7.0,0.0,128.0
165,14,teste,14 21 24 25 27 28 29 30 31,0 1 2 3 4 7 11 15 22,,V,9.0,0.0,9.0,2.0,2.0,4.0,8.0,0.0,9.0,0.0,12.0,1.0,3.0,4.0,7.0,1.0,1.0
165,18,teste,14 21 24 27 28 30 31,0 1 2 3 4 7 11 29,29,V,7.0,0.0,8.0,2.0,2.0,3.0,5.0,1.0,7.0,1.0,4.0,0.0,3.0,4.0,6.0,0.0,-185.0
165,30,teste,18 27 30,0 3 4 6 7 11 24 29,29,V,3.0,0.0,4.0,1.0,1.0,1.0,0.0,0.0,7.0,1.0,11.0,0.0,3.0,2.0,7.0,0.0,-675.0
165,9,teste,14 16 21 22 24 25 27 28 29 30 31,0 1 2 3 4 6 7 8 11 15,,P,10.0,0.0,10.0,0.0,3.0,4.0,10.0,0.0,11.0,0.0,14.0,3.0,2.0,4.0,10.0,0.0,-110.0
165,32,teste,18 23 30,0 3 4 6 7 15 24 29,29,V,3.0,0.0,5.0,1.0,0.0,1.0,2.0,1.0,7.0,1.0,12.0,0.0,2.0,2.0,6.0,1.0,-347.0
165,15,teste,14 18 21 24 27 28 29 30 31,0 1 2 3 4 7 11 15,,P,8.0,0.0,7.0,0.0,3.0,4.0,7.0,0.0,9.0,0.0,11.0,3.0,2.0,4.0,8.0,1.0,-19.0
165,36,teste,9 23 30,0 3 8 28 29,9 28 29,V,2.0,1.0,2.0,1.0,0.0,1.0,0.0,0.0,3.0,2.0,2.0,0.0,2.0,2.0,0.0,0.0,-280.0
165,21,teste,10 17 27 28 30 31,0 1 2 3 4 7 11 20,20,P,7.0,1.0,4.0,0.0,4.0,4.0,6.0,0.0,6.0,0.0,9.0,2.0,2.0,3.0,2.0,1.0,513.0
165,53,teste,8,17 22,8 17,P,1.0,1.0,5.0,2.0,0.0,0.0,2.0,0.0,0.0,1.0,0.0,0.0,0.0,0.0,0.0,0.0,122.0
165,49,teste,8 21,22 28,8 28,P,1.0,1.0,5.0,1.0,1.0,0.0,0.0,0.0,1.0,1.0,2.0,1.0,0.0,0.0,0.0,0.0,6.0
165,11,teste,9 14 21 22 24 25 27 28 29 30 31,0 1 2 3 4 6 7 11 15,,P,9.0,0.0,8.0,0.0,3.0,4.0,9.0,0.0,11.0,0.0,16.0,4.0,2.0,4.0,11.0,1.0,-141.0
165,26,teste,22 27 28 30,0 3 4 6 7 11 20 21,20,V,4.0,0.0,3.0,1.0,2.0,2.0,0.0,0.0,7.0,1.0,10.0,1.0,4.0,2.0,5.0,0.0,-527.0
165,8,teste,16 21 22 23 24 25 27 28 29 30 31,0 1 2 3 4 6 7 8 11 15 18,,V,11.0,0.0,12.0,2.0,2.0,4.0,11.0,0.0,11.0,0.0,14.0,1.0,3.0,4.0,11.0,1.0,106.0
165,43,teste,6 30,0 17 28 29,28 29,P,2.0,2.0,4.0,1.0,1.0,1.0,0.0,0.0,2.0,0.0,6.0,0.0,0.0,1.0,0.0,0.0,306.0
165,17,teste,14 21 24 25 27 28 30 31,0 1 2 3 4 7 11 22,,P,8.0,0.0,9.0,1.0,3.0,4.0,6.0,1.0,8.0,0.0,9.0,2.0,2.0,3.0,7.0,1.0,169.0
165,29,teste,18 27 30,0 3 4 6 7 11 21 29,29,P,7.0,1.0,10.0,1.0,3.0,2.0,5.0,0.0,3.0,0.0,4.0,1.0,1.0,1.0,0.0,0.0,626.0
165,51,teste,4 21,22 24,4 24,P,1.0,1.0,5.0,1.0,0.0,0.0,0.0,0.0,1.0,1.0,2.0,1.0,1.0,0.0,0.0,1.0,133.0
165,39,teste,18 30,0 3 17 28 29,28 29,P,3.0,2.0,4.0,1.0,2.0,2.0,0.0,0.0,2.0,0.0,3.0,1.0,0.0,1.0,0.0,0.0,474.0
165,55,teste,13,17 26,13 17,P,1.0,1.0,6.0,1.0,0.0,0.0,0.0,1.0,0.0,1.0,0.0,1.0,0.0,0.0,0.0,1.0,1600.0
166,56,treino,5 11 12 13,22,5 11 22,V,2.0,2.0,8.0,1.0,2.0,0.0,0.0,0.0,0.0,1.0,0.0,1.0,0.0,0.0,0.0,0.0,418.0
166,61,treino,5 8 11 13,30,5 11 30,P,0.0,1.0,0.0,0.0,0.0,0.0,0.0,0.0,2.0,2.0,9.0,1.0,1.0,0.0,3.0,0.0,-430.0
166,45,treino,2 8 12 16 27,18,2 8,P,1.0,0.0,4.0,1.0,0.0,0.0,0.0,0.0,3.0,2.0,8.0,0.0,2.0,0.0,3.0,0.0,-585.0
166,11,treino,16 20 23 24 26 27 28 29 30 31,0 1 2 3 6 7 11 12 14 15,,P,10.0,0.0,13.0,1.0,3.0,4.0,7.0,0.0,10.0,0.0,10.0,0.0,3.0,4.0,10.0,1.0,13.0
166,70,treino,4 5 13,7,5 7,V,2.0,1.0,10.0,1.0,1.0,0.0,0.0,0.0,0.0,1.0,0.0,0.0,0.0,0.0,0.0,0.0,298.0
166,71,treino,4 5 9,7,5 7,P,0.0,1.0,0.0,0.0,0.0,0.0,0.0,0.0,2.0,1.0,11.0,1.0,1.0,0.0,2.0,0.0,-304.0
166,21,treino,18 20 24 25 27 28 31,0 1 2 3 6 11 14 30,30,P,7.0,1.0,6.0,1.0,2.0,4.0,3.0,1.0,7.0,0.0,8.0,1.0,3.0,2.0,5.0,2.0,90.0
166,28,treino,11 17 20 28 31,0 1 2 6 7,,V,5.0,0.0,10.0,1.0,3.0,2.0,0.0,0.0,5.0,0.0,2.0,0.0,0.0,3.0,4.0,0.0,14.0
166,33,treino,11 16 17 24 27,1 2 6 7 9,,P,5.0,0.0,4.0,1.0,0.0,2.0,5.0,0.0,5.0,0.0,13.0,1.0,2.0,0.0,0.0,0.0,-17.0
166,23,treino,18 20 24 25 28 31,0 1 2 3 6 11 30,30,P,6.0,1.0,3.0,0.0,2.0,4.0,3.0,0.0,6.0,0.0,7.0,1.0,2.0,2.0,3.0,1.0,90.0
166,12,treino,20 23 24 26 27 28 29 30 31,0 1 2 3 6 7 11 14 15 21,,V,9.0,0.0,7.0,0.0,3.0,4.0,9.0,0.0,10.0,0.0,15.0,2.0,2.0,4.0,7.0,1.0,-13.0
166,30,treino,11 16 17 28 31,1 2 5 6 7,,V,5.0,0.0,11.0,1.0,2.0,2.0,0.0,0.0,5.0,0.0,3.0,0.0,0.0,2.0,5.0,0.0,15.0
166,40,treino,2 12 17 20 27,5 6 9 14,2,V,4.0,1.0,10.0,1.0,3.0,0.0,0.0,1.0,4.0,0.0,7.0,2.0,0.0,0.0,4.0,1.0,578.0
166,44,treino,2 8 12 20 27,18,2 8,V,3.0,2.0,7.0,0.0,3.0,0.0,2.0,0.0,1.0,0.0,4.0,1.0,0.0,0.0,0.0,0.0,576.0
166,58,treino,9 11 12 13,25,9 11 25,V,2.0,2.0,8.0,2.0,2.0,0.0,2.0,0.0,0.0,1.0,0.0,0.0,0.0,0.0,0.0,0.0,424.0
166,14,treino,20 23 26 27 28 29 30 31,0 1 2 3 6 11 14 15,,V,8.0,0.0,6.0,0.0,3.0,4.0,5.0,0.0,8.0,0.0,9.0,1.0,2.0,4.0,5.0,0.0,-4.0
166,46,treino,2 8 12 16 27,22,2 8,V,3.0,2.0,8.0,0.0,2.0,0.0,3.0,0.0,1.0,0.0,5.0,1.0,0.0,0.0,0.0,0.0,588.0
166,48,treino,7 8 12 16 27,26,7 8,V,3.0,2.0,8.0,0.0,2.0,0.0,3.0,0.0,1.0,0.0,6.0,0.0,0.0,0.0,0.0,0.0,526.0
166,36,treino,11 16 17 20 27,2 5 7 9 10,,V,5.0,0.0,14.0,1.0,3.0,0.0,2.0,0.0,5.0,0.0,6.0,2.0,0.0,1.0,5.0,0.0,30.0
166,63,treino,0 8 11 13,26,0 11 26,P,0.0,1.0,0.0,0.0,0.0,0.0,0.0,0.0,2.0,2.0,9.0,1.0,1.0,0.0,2.0,0.0,-420.0
166,74,treino,0 5 9,7,0 5 7,V,1.0,2.0,5.0,1.0,0.0,0.0,3.0,0.0,0.0,1.0,0.0,0.0,0.0,0.0,0.0,0.0,303.0
166,9,treino,9 20 21 23 24 26 27 28 29 30 31,0 1 2 3 5 6 7 11 12 15,,P,10.0,0.0,11.0,0.0,3.0,4.0,9.0,0.0,11.0,0.0,14.0,2.0,3.0,4.0,10.0,1.0,-15.0
166,18,treino,20 22 25 27 28 29 31,0 1 2 3 6 11 14 26,,V,7.0,0.0,6.0,1.0,3.0,3.0,5.0,0.0,8.0,0.0,12.0,1.0,2.0,4.0,3.0,0.0,-90.0
166,69,treino,4 5 13,11,5 11,P,0.0,1.0,0.0,0.0,1.0,0.0,0.0,0.0,2.0,1.0,10.0,1.0,1.0,0.0,0.0,0.0,-304.0
166,7,treino,8 16 20 21 23 24 26 27 28 29 30 31,0 1 2 3 4 5 6 7 11 12 15,,P,11.0,0.0,12.0,0.0,4.0,4.0,10.0,0.0,12.0,0.0,17.0,1.0,3.0,4.0,11.0,1.0,6.0
166,29,treino,11 16 17 28 31,0 1 2 6 7,,P,5.0,0.0,2.0,0.0,0.0,3.0,4.0,0.0,5.0,0.0,11.0,1.0,2.0,2.0,0.0,0.0,-27.0
166,65,treino,0 4 11 13,23,0 11 23,P,0.0,1.0,0.0,0.0,0.0,0.0,0.0,0.0,2.0,2.0,10.0,1.0,2.0,0.0,2.0,0.0,-423.0
166,64,treino,0 8 11 13,23,0 11 23,V,2.0,2.0,9.0,1.0,1.0,0.0,2.0,0.0,0.0,1.0,0.0,0.0,0.0,0.0,0.0,0.0,420.0
166,6,treino,16 17 20 21 23 24 26 27 28 29 30 31,0 1 2 3 4 5 6 7 11 12 13 15,,V,12.0,0.0,15.0,2.0,3.0,4.0,12.0,1.0,12.0,0.0,15.0,1.0,4.0,4.0,10.0,1.0,-5.0
166,34,treino,11 16 17 24 27,2 5 6 7 9,,V,5.0,0.0,13.0,1.0,2.0,0.0,0.0,0.0,5.0,0.0,5.0,1.0,0.0,1.0,5.0,0.0,18.0
166,26,treino,17 18 20 28 31,0 1 2 3 6 15,,V,5.0,0.0,8.0,2.0,2.0,2.0,0.0,1.0,6.0,0.0,4.0,0.0,1.0,4.0,3.0,1.0,18.0
166,15,treino,20 23 25 26 27 28 29 31,0 1 2 3 6 11 14 15,,P,8.0,0.0,9.0,1.0,2.0,4.0,5.0,0.0,8.0,0.0,7.0,0.0,3.0,3.0,6.0,0.0,8.0
167,42,treino,3 6 7 24 25 26 29,17 31,3 7 31,V,5.0,2.0,9.0,0.0,1.0,1.0,5.0,1.0,1.0,1.0,4.0,1.0,0.0,0.0,0.0,0.0,761.0
167,16,treino,24 25 26 27 28 29 30 31,2 3 4 7 8 11 15 18,,V,8.0,0.0,4.0,0.0,2.0,4.0,8.0,0.0,8.0,0.0,13.0,1.0,3.0,2.0,8.0,0.0,-4.0
167,46,treino,2 3 7 18 24 29,21,2 3 7,V,3.0,3.0,4.0,1.0,1.0,1.0,5.0,1.0,1.0,0.0,5.0,1.0,0.0,0.0,0.0,1.0,1600.0
167,9,treino,12 17 21 24 25 26 27 28 29 30 31,0 1 2 3 4 6 7 8 11 15 18,,P,11.0,0.0,14.0,1.0,3.0,4.0,11.0,1.0,11.0,0.0,13.0,2.0,3.0,4.0,10.0,0.0,16.0
167,22,treino,20 21 26 28 29 30 31,3 4 6 8 10 11 15 27,,V,7.0,0.0,5.0,1.0,2.0,4.0,3.0,0.0,8.0,0.0,17.0,1.0,4.0,1.0,6.0,0.0,-132.0
167,40,treino,3 6 7 24 25 29 31,17 27,3 7,V,5.0,2.0,8.0,0.0,1.0,2.0,5.0,0.0,2.0,0.0,10.0,1.0,1.0,0.0,0.0,0.0,1600.0
167,28,treino,2 21 24 26 29 30 31,4 7 10 11 19 27,2,V,6.0,1.0,4.0,1.0,0.0,3.0,6.0,0.0,6.0,0.0,16.0,1.0,4.0,0.0,3.0,0.0,167.0
167,21,treino,20 21 23 26 28 29 30 31,3 4 6 8 10 11 15 18,,P,8.0,0.0,15.0,2.0,3.0,1.0,7.0,1.0,8.0,0.0,7.0,1.0,2.0,4.0,4.0,1.0,126.0
167,43,treino,2 3 7 24 25 26 29,17 31,2 3 7 31,P,1.0,1.0,4.0,1.0,0.0,0.0,0.0,0.0,4.0,3.0,3.0,0.0,1.0,1.0,6.0,1.0,-761.0
167,24,treino,16 21 26 28 29 30 31,3 4 6 10 11 13 15 27,,V,7.0,0.0,6.0,1.0,1.0,4.0,5.0,1.0,8.0,0.0,18.0,2.0,4.0,1.0,4.0,1.0,152.0
167,30,treino,2 17 24 26 29 30 31,4 7 11 14 19 27,2,V,6.0,1.0,5.0,1.0,0.0,3.0,5.0,1.0,6.0,0.0,17.0,1.0,4.0,0.0,2.0,1.0,441.0
167,23,treino,16 21 26 28 29 30 31,3 4 6 8 10 11 15 27,,P,8.0,0.0,17.0,1.0,4.0,1.0,6.0,0.0,7.0,0.0,6.0,1.0,1.0,4.0,5.0,0.0,124.0
167,20,treino,20 21 26 27 28 29 30 31,3 4 6 8 10 11 15 18,,V,8.0,0.0,6.0,1.0,3.0,4.0,4.0,0.0,8.0,0.0,15.0,2.0,3.0,1.0,7.0,0.0,-10.0
167,12,treino,17 21 24 25 26 27 28 29 30 31,1 2 3 4 7 9 10 11 15 18,,V,10.0,0.0,9.0,2.0,2.0,4.0,10.0,0.0,10.0,0.0,15.0,3.0,3.0,3.0,7.0,0.0,10.0
167,32,treino,2 3 24 26 29 30 31,4 15 19 27,2 3,V,5.0,2.0,2.0,0.0,1.0,3.0,5.0,0.0,4.0,0.0,14.0,0.0,3.0,0.0,2.0,0.0,457.0
167,14,treino,21 24 25 26 27 28 29 30 31,1 2 3 4 7 9 11 15 17 18,,V,9.0,0.0,6.0,1.0,2.0,4.0,9.0,0.0,10.0,0.0,17.0,3.0,3.0,3.0,6.0,1.0,-27.0
167,34,treino,2 3 24 25 26 29 31,4 15 23 27,2 3,V,5.0,2.0,3.0,0.0,1.0,2.0,5.0,1.0,4.0,0.0,15.0,0.0,2.0,0.0,2.0,1.0,680.0
167,39,treino,3 6 7 24 25 29 31,13 27,3 7,P,2.0,0.0,9.0,1.0,1.0,0.0,0.0,0.0,5.0,2.0,8.0,0.0,1.0,2.0,5.0,0.0,-1600.0
167,35,treino,2 3 10 24 25 29 31,4 27,2 3,P,2.0,0.0,7.0,0.0,2.0,0.0,0.0,0.0,5.0,2.0,7.0,1.0,1.0,2.0,3.0,0.0,-689.0
167,10,treino,12 17 21 24 25 26 27 28 29 30 31,0 1 2 3 4 7 8 10 11 15 18,,V,11.0,0.0,13.0,2.0,3.0,4.0,10.0,0.0,11.0,0.0,15.0,2.0,3.0,4.0,10.0,1.0,-16.0
167,31,treino,2 3 24 26 29 30 31,4 11 19 27,2 3,P,4.0,0.0,13.0,0.0,4.0,0.0,0.0,0.0,5.0,2.0,2.0,0.0,1.0,3.0,5.0,0.0,-457.0
167,17,treino,21 24 26 27 28 29 30 31,2 3 4 7 8 11 15 18,,P,8.0,0.0,13.0,1.0,3.0,2.0,8.0,0.0,8.0,0.0,5.0,1.0,2.0,4.0,8.0,0.0,4.0
167,44,treino,2 3 7 24 25 29,17 22,2 3 7 22,V,3.0,3.0,2.0,0.0,1.0,1.0,6.0,0.0,1.0,1.0,4.0,2.0,0.0,0.0,2.0,1.0,758.0
167,27,treino,2 21 24 26 29 30 31,4 7 10 11 15 27,2,P,6.0,0.0,15.0,1.0,3.0,0.0,4.0,0.0,6.0,1.0,4.0,1.0,0.0,3.0,6.0,0.0,-158.0
167,38,treino,2 3 6 24 25 29 31,13 27,2 3,V,5.0,2.0,8.0,0.0,1.0,2.0,5.0,0.0,2.0,0.0,9.0,1.0,1.0,0.0,0.0,0.0,1600.0
167,19,treino,20 21 26 27 28 29 30 31,3 4 6 7 8 11 15 18,,P,8.0,0.0,14.0,1.0,3.0,1.0,7.0,0.0,8.0,0.0,6.0,1.0,3.0,4.0,4.0,0.0,13.0
167,18,treino,21 24 26 27 28 29 30 31,3 4 6 7 8 11 15 18,,V,8.0,0.0,5.0,1.0,2.0,4.0,8.0,0.0,8.0,0.0,14.0,1.0,3.0,1.0,7.0,0.0,3.0
167,41,treino,3 6 7 24 25 26 29,17 27,3 7,P,2.0,0.0,10.0,1.0,1.0,0.0,0.0,0.0,5.0,2.0,9.0,0.0,1.0,1.0,5.0,0.0,-761.0
167,5,treino,17 20 21 24 25 26 27 28 29 30 31,0 1 2 3 4 6 7 8 10 11 14,,P,11.0,0.0,12.0,2.0,3.0,4.0,11.0,0.0,11.0,0.0,11.0,2.0,3.0,4.0,11.0,0.0,16.0
167,8,treino,16 17 21 24 25 26 27 28 29 30 31,0 1 2 3 4 6 7 8 11 15 18,,V,11.0,0.0,12.0,2.0,2.0,4.0,11.0,0.0,11.0,0.0,14.0,1.0,3.0,4.0,11.0,0.0,21.0
167,25,treino,2 21 26 28 29 30 31,3 4 10 11 15 27,2,P,6.0,0.0,14.0,1.0,4.0,1.0,3.0,0.0,6.0,1.0,3.0,1.0,1.0,4.0,3.0,0.0,-161.0
167,26,treino,2 21 26 28 29 30 31,4 7 10 11 15 27,2,V,6.0,1.0,3.0,1.0,1.0,4.0,3.0,0.0,6.0,0.0,15.0,1.0,3.0,0.0,4.0,0.0,155.0
168,4,treino,19 20 21 22 23 24 25 27 28 29 30 31,0 1 2 3 4 5 6 8 9 10 11 15,,V,12.0,0.0,14.0,2.0,4.0,4.0,12.0,0.0,12.0,0.0,14.0,2.0,3.0,4.0,11.0,0.0,14.0
168,5,treino,17 19 20 22 23 24 25 27 28 29 30 31,0 1 2 3 4 5 6 8 9 10 11 15,,P,12.0,0.0,14.0,2.0,3.0,4.0,11.0,0.0,12.0,0.0,15.0,2.0,4.0,4.0,12.0,0.0,11.0
168,6,treino,17 19 20 22 23 24 25 27 28 29 30 31,0 1 3 4 5 6 7 8 9 10 11 15,,V,12.0,0.0,15.0,2.0,4.0,4.0,12.0,0.0,12.0,0.0,15.0,2.0,3.0,3.0,12.0,0.0,9.0
168,7,treino,16 17 19 22 23 24 25 27 28 29 30 31,0 1 3 4 5 6 7 8 9 10 11 15,,P,12.0,0.0,15.0,2.0,3.0,3.0,12.0,0.0,12.0,0.0,16.0,2.0,3.0,4.0,11.0,0.0,123.0
168,8,treino,16 17 19 22 23 24 25 27 28 29 30 31,0 1 3 4 5 6 7 8 10 11 13 15,,V,12.0,0.0,16.0,2.0,3.0,4.0,11.0,1.0,12.0,0.0,16.0,2.0,3.0,3.0,12.0,1.0,220.0
168,9,treino,2 17 19 22 23 24 25 27 28 29 30 31,0 1 3 4 5 7 8 10 11 15,2,P,10.0,0.0,12.0,1.0,3.0,3.0,10.0,0.0,11.0,1.0,13.0,2.0,3.0,4.0,11.0,0.0,-220.0
168,10,treino,2 17 19 22 23 24 25 27 28 29 30 31,0 1 3 4 5 7 8 10 11 18,2,V,11.0,1.0,13.0,2.0,3.0,4.0,11.0,0.0,10.0,0.0,13.0,2.0,3.0,3.0,9.0,1.0,397.0
168,11,treino,2 6 17 19 23 24 25 27 28 29 30 31,0 1 3 4 5 7 8 11,2,P,8.0,0.0,7.0,0.0,3.0,3.0,8.0,0.0,11.0,1.0,17.0,1.0,3.0,4.0,11.0,1.0,-413.0
168,12,treino,2 17 19 23 24 25 27 28 29 30 31,0 3 4 5 7 8 10 11,2,V,10.0,1.0,11.0,1.0,3.0,4.0,9.0,0.0,8.0,0.0,9.0,1.0,3.0,2.0,8.0,0.0,400.0
168,13,treino,2 17 19 23 24 25 26 27 28 29 30,0 3 4 5 7 8 10 11,2,P,8.0,0.0,9.0,1.0,3.0,2.0,8.0,0.0,10.0,1.0,12.0,1.0,3.0,3.0,9.0,0.0,-393.0
168,14,treino,2 17 19 23 24 25 26 27 28 29 30,0 3 4 5 7 8 10 15,2,V,10.0,1.0,12.0,1.0,3.0,3.0,9.0,0.0,8.0,0.0,10.0,1.0,2.0,2.0,8.0,1.0,622.0
168,15,treino,17 18 19 23 24 25 26 27 28 29 30,0 3 4 5 8 10,18,P,6.0,0.0,6.0,1.0,2.0,2.0,4.0,0.0,10.0,1.0,12.0,2.0,3.0,3.0,10.0,0.0,-634.0
168,16,treino,17 18 19 23 24 25 26 27 28 29 30,0 3 4 5 8 15,18,V,10.0,1.0,12.0,2.0,3.0,3.0,10.0,1.0,6.0,0.0,7.0,0.0,2.0,2.0,4.0,1.0,741.0
168,17,treino,11 17 19 23 24 25 26 27 28 29 30,0 3 4 5 8,11,P,5.0,0.0,4.0,0.0,2.0,2.0,4.0,0.0,10.0,1.0,12.0,1.0,4.0,3.0,9.0,0.0,-739.0
168,18,treino,11 17 19 23 24 25 26 27 28 29 30,0 3 4 5 12,11,V,10.0,1.0,12.0,1.0,4.0,3.0,9.0,0.0,5.0,0.0,5.0,0.0,3.0,2.0,3.0,0.0,737.0
168,19,treino,15 17 19 23 24 25 26 27 28 29 30,0 3 4 5 12,15,P,5.0,0.0,5.0,0.0,3.0,2.0,3.0,0.0,10.0,1.0,12.0,1.0,3.0,3.0,10.0,0.0,-738.0
168,20,treino,15 17 19 23 24 25 26 27 28 29 30,0 4 5 7 12,15,V,10.0,1.0,12.0,1.0,3.0,3.0,10.0,0.0,5.0,0.0,6.0,0.0,2.0,1.0,3.0,0.0,735.0
168,21,treino,15 17 19 22 23 24 25 27 28 29 30,0 4 5 7 12,15,P,5.0,0.0,6.0,0.0,2.0,1.0,3.0,0.0,10.0,1.0,13.0,2.0,3.0,3.0,11.0,0.0,-748.0
168,22,treino,15 17 19 22 23 24 25 27 28 29 30,0 4 5 10 12,15,V,10.0,1.0,13.0,2.0,3.0,3.0,11.0,0.0,5.0,0.0,7.0,1.0,2.0,1.0,3.0,1.0,841.0
168,23,treino,6 17 19 22 23 24 25 27 28 29 30,0 4 5 12,6,P,4.0,0.0,5.0,0.0,2.0,1.0,3.0,0.0,10.0,1.0,13.0,2.0,3.0,3.0,10.0,0.0,-847.0
168,24,treino,6 17 19 22 23 24 25 27 28 29 30,0 4 9 12,6,V,10.0,1.0,13.0,2.0,3.0,3.0,10.0,0.0,4.0,0.0,6.0,1.0,2.0,1.0,2.0,1.0,969.0
168,25,treino,13 17 19 22 23 24 25 27 28 29 30,0 4 12,13,P,3.0,0.0,4.0,0.0,2.0,1.0,2.0,0.0,10.0,1.0,13.0,3.0,3.0,3.0,11.0,0.0,-1050.0
168,26,treino,13 17 19 22 23 24 25 27 28 29 30,4 5 12,13,V,10.0,1.0,13.0,3.0,3.0,3.0,11.0,0.0,3.0,0.0,5.0,0.0,2.0,0.0,0.0,0.0,1050.0
168,27,treino,8 17 19 22 23 24 25 27 28 29 30,4 5 12,8,P,3.0,0.0,5.0,0.0,2.0,0.0,0.0,1.0,10.0,1.0,13.0,2.0,3.0,3.0,10.0,1.0,-1050.0
168,28,treino,17 19 22 23 24 25 27 28 29 30,5 12 13,,V,10.0,0.0,13.0,2.0,3.0,3.0,10.0,0.0,3.0,0.0,7.0,1.0,1.0,0.0,0.0,1.0,1049.0
168,29,treino,1 19 22 23 24 25 27 28 29 30,12,1,P,1.0,0.0,3.0,0.0,1.0,0.0,0.0,0.0,9.0,1.0,10.0,1.0,3.0,3.0,9.0,0.0,-1600.0
168,30,treino,1 19 22 23 24 25 27 28 29 30,16,1,V,9.0,1.0,10.0,1.0,3.0,3.0,9.0,0.0,1.0,0.0,4.0,0.0,0.0,0.0,0.0,0.0,1600.0
168,31,treino,5 19 22 23 24 25 27 28 29 30,16,5,P,1.0,0.0,4.0,0.0,0.0,0.0,0.0,0.0,9.0,1.0,10.0,1.0,3.0,3.0,9.0,0.0,-1600.0
168,32,treino,5 19 22 23 24 25 27 28 29 30,20,5,V,9.0,1.0,10.0,1.0,3.0,3.0,9.0,0.0,1.0,0.0,5.0,0.0,1.0,0.0,0.0,0.0,1600.0
169,46,treino,8 13 14 20 27 28,18,14,V,5.0,1.0,12.0,2.0,3.0,1.0,2.0,0.0,1.0,0.0,4.0,1.0,0.0,0.0,0.0,1.0,1600.0
169,26,treino,8 11 24 27 28 30 31,2 3 6 7 9,,V,7.0,0.0,12.0,0.0,3.0,3.0,4.0,0.0,5.0,0.0,4.0,1.0,1.0,2.0,5.0,0.0,222.0
169,40,treino,8 9 13 20 26 27 28,3 23,9,V,6.0,1.0,13.0,2.0,3.0,1.0,3.0,1.0,2.0,0.0,5.0,0.0,1.0,1.0,0.0,1.0,757.0
169,30,treino,8 11 20 26 27 28 31,2 3 7 10 14,,V,7.0,0.0,14.0,0.0,4.0,2.0,3.0,0.0,5.0,0.0,6.0,2.0,1.0,2.0,5.0,0.0,227.0
169,31,treino,8 11 20 22 27 28 31,2 3 7 10 14,,P,5.0,0.0,6.0,2.0,1.0,2.0,5.0,0.0,7.0,0.0,15.0,1.0,4.0,2.0,2.0,0.0,-232.0
169,38,treino,2 8 13 20 26 27 28,3 6 19,2,V,6.0,1.0,13.0,1.0,3.0,1.0,2.0,0.0,3.0,0.0,5.0,0.0,2.0,1.0,0.0,1.0,633.0
169,25,treino,8 11 24 27 28 30 31,1 2 3 7 9,,P,5.0,0.0,3.0,1.0,1.0,3.0,3.0,0.0,7.0,0.0,12.0,0.0,3.0,3.0,4.0,0.0,-228.0
169,37,treino,2 8 13 20 26 27 28,3 6 15,2,P,3.0,0.0,4.0,0.0,1.0,1.0,0.0,1.0,6.0,1.0,13.0,1.0,3.0,1.0,2.0,0.0,-524.0
169,20,treino,11 18 23 24 26 27 28 30 31,1 2 3 6 7 9 10 13,,V,9.0,0.0,13.0,1.0,3.0,3.0,8.0,0.0,8.0,0.0,9.0,3.0,1.0,3.0,8.0,0.0,107.0
169,32,treino,8 11 20 22 27 28 31,2 3 7 14 15,,V,7.0,0.0,15.0,1.0,4.0,2.0,2.0,0.0,5.0,0.0,7.0,1.0,1.0,2.0,3.0,0.0,207.0
169,19,treino,8 11 18 23 24 26 27 28 30 31,1 2 3 4 6 7 9 10,,P,8.0,0.0,7.0,2.0,2.0,3.0,7.0,0.0,10.0,0.0,18.0,1.0,3.0,3.0,8.0,1.0,-110.0
169,22,treino,11 18 19 24 26 27 28 30 31,1 2 3 6 7 9 13 15,,V,9.0,0.0,14.0,1.0,4.0,3.0,6.0,1.0,8.0,0.0,10.0,2.0,1.0,3.0,7.0,1.0,108.0
169,44,treino,8 9 13 15 20 27 28,11,9,V,6.0,1.0,16.0,2.0,3.0,1.0,3.0,1.0,1.0,0.0,2.0,0.0,1.0,0.0,0.0,0.0,1600.0
169,8,treino,18 20 23 24 26 27 28 29 30 31,1 2 3 4 5 6 7 9 10 11,,V,10.0,0.0,10.0,1.0,3.0,4.0,10.0,0.0,10.0,0.0,10.0,2.0,3.0,3.0,9.0,0.0,1.0
169,34,treino,8 11 20 22 26 27 28,3 6 7 14 15,,V,7.0,0.0,16.0,1.0,4.0,1.0,2.0,0.0,5.0,0.0,8.0,1.0,1.0,1.0,2.0,1.0,384.0
169,9,treino,16 18 23 24 26 27 28 29 30 31,1 2 3 4 5 6 7 9 10 11,,P,10.0,0.0,10.0,2.0,3.0,3.0,9.0,0.0,10.0,0.0,11.0,1.0,2.0,4.0,9.0,0.0,-1.0
169,18,treino,11 13 18 23 24 26 27 28 30 31,1 2 3 4 6 7 9 10,,V,10.0,0.0,17.0,2.0,3.0,3.0,8.0,1.0,8.0,0.0,7.0,2.0,2.0,3.0,7.0,0.0,241.0
169,39,treino,8 9 13 20 26 27 28,3 19,9,P,2.0,0.0,4.0,0.0,2.0,1.0,0.0,0.0,6.0,1.0,13.0,2.0,3.0,1.0,3.0,0.0,-642.0
169,27,treino,8 11 20 27 28 30 31,2 3 6 7 9,,P,5.0,0.0,4.0,1.0,1.0,2.0,5.0,0.0,7.0,0.0,13.0,0.0,4.0,3.0,2.0,0.0,-221.0
169,45,treino,8 13 14 15 20 27 28,11,14,P,1.0,0.0,2.0,0.0,1.0,0.0,0.0,0.0,6.0,1.0,16.0,2.0,3.0,1.0,2.0,1.0,-1600.0
169,21,treino,11 18 19 24 26 27 28 30 31,1 2 3 6 7 9 10 13,,P,8.0,0.0,9.0,3.0,1.0,3.0,8.0,0.0,9.0,0.0,14.0,1.0,4.0,3.0,6.0,0.0,-108.0
169,36,treino,2 8 20 22 26 27 28,3 6 15 17,2,V,6.0,1.0,11.0,1.0,3.0,1.0,2.0,0.0,4.0,0.0,8.0,1.0,1.0,1.0,0.0,2.0,508.0
169,42,treino,8 9 13 19 20 27 28,7,9,V,6.0,1.0,15.0,2.0,4.0,1.0,3.0,0.0,1.0,0.0,1.0,0.0,0.0,0.0,0.0,0.0,753.0
169,10,treino,16 18 23 24 26 27 28 29 30 31,1 2 3 4 5 6 7 9 10 15,,V,10.0,0.0,11.0,1.0,2.0,4.0,9.0,1.0,10.0,0.0,11.0,2.0,2.0,3.0,9.0,1.0,103.0
169,33,treino,8 11 20 22 26 27 28,2 3 7 14 15,,P,5.0,0.0,7.0,1.0,1.0,2.0,3.0,0.0,7.0,0.0,16.0,1.0,4.0,1.0,2.0,0.0,-214.0
169,17,treino,11 13 18 23 24 26 27 28 30 31,1 2 3 4 5 6 7 10,,P,8.0,0.0,6.0,1.0,2.0,3.0,7.0,0.0,10.0,0.0,17.0,2.0,3.0,3.0,8.0,0.0,-131.0
169,41,treino,8 9 13 19 20 27 28,3,9,P,1.0,0.0,0.0,0.0,1.0,1.0,0.0,0.0,6.0,1.0,15.0,2.0,4.0,1.0,3.0,0.0,-762.0
169,24,treino,11 24 26 27 28 30 31,1 2 3 7 9 13 22,,V,7.0,0.0,8.0,0.0,3.0,3.0,6.0,0.0,7.0,0.0,11.0,3.0,1.0,3.0,5.0,1.0,223.0
169,43,treino,8 9 13 15 20 27 28,7,9,P,1.0,0.0,1.0,0.0,0.0,0.0,0.0,0.0,6.0,1.0,16.0,2.0,3.0,1.0,3.0,0.0,-1600.0
169,28,treino,8 11 20 27 28 30 31,2 3 6 7 14,,V,7.0,0.0,13.0,0.0,4.0,3.0,2.0,0.0,5.0,0.0,5.0,1.0,1.0,2.0,4.0,0.0,215.0
169,16,treino,11 13 23 24 25 26 27 28 30 31,1 2 3 4 5 6 7 10 22,,V,10.0,0.0,15.0,1.0,3.0,3.0,8.0,1.0,9.0,0.0,11.0,2.0,2.0,3.0,7.0,1.0,222.0
169,29,treino,8 11 20 26 27 28 31,2 3 6 7 14,,P,5.0,0.0,5.0,1.0,1.0,2.0,4.0,0.0,7.0,0.0,14.0,0.0,4.0,2.0,3.0,0.0,-218.0
170,20,treino,16 23 24 27 29 30 31,0 1 2 3 4 11 17,,V,7.0,0.0,7.0,0.0,1.0,3.0,5.0,0.0,7.0,0.0,7.0,1.0,3.0,4.0,2.0,0.0,14.0
170,7,treino,16 19 22 24 25 26 27 28 29 30 31,0 1 2 3 4 5 7 8 11 14 15,,P,11.0,0.0,13.0,1.0,3.0,4.0,10.0,1.0,11.0,0.0,12.0,1.0,3.0,4.0,9.0,0.0,22.0
170,37,treino,12 20 22 23 27,0 5 7 8 15 19,,P,6.0,0.0,11.0,0.0,1.0,1.0,5.0,0.0,5.0,0.0,11.0,1.0,3.0,0.0,2.0,1.0,206.0
170,13,treino,10 16 22 26 27 28 29 30 31,0 1 2 3 4 5 7 11,,P,8.0,0.0,5.0,0.0,3.0,4.0,8.0,0.0,9.0,0.0,12.0,2.0,2.0,4.0,5.0,1.0,-10.0
170,26,treino,16 20 23 26 27 30,0 3 4 5 6 11,,V,6.0,0.0,9.0,0.0,2.0,1.0,6.0,0.0,6.0,0.0,5.0,0.0,3.0,2.0,3.0,0.0,6.0
170,34,treino,12 20 22 27 30,0 5 7 8 11 19,,V,5.0,0.0,9.0,1.0,3.0,1.0,0.0,0.0,6.0,0.0,10.0,0.0,2.0,1.0,5.0,0.0,-99.0
170,42,treino,12 16 27,0 5 7 13 22 26,,V,3.0,0.0,8.0,0.0,2.0,0.0,2.0,1.0,6.0,0.0,16.0,2.0,0.0,1.0,4.0,1.0,-348.0
170,22,treino,16 23 27 29 30 31,0 1 2 3 4 11 24,,V,6.0,0.0,6.0,0.0,1.0,3.0,3.0,0.0,7.0,0.0,9.0,0.0,3.0,4.0,2.0,1.0,6.0
170,19,treino,13 16 23 24 27 29 30 31,0 1 2 3 4 8 11,,P,7.0,0.0,5.0,0.0,3.0,4.0,3.0,0.0,8.0,0.0,11.0,1.0,1.0,3.0,7.0,1.0,-14.0
170,40,treino,12 20 27,0 5 7 8 22 26,,V,3.0,0.0,7.0,0.0,3.0,0.0,0.0,0.0,6.0,0.0,15.0,1.0,0.0,1.0,5.0,0.0,-392.0
170,36,treino,12 20 22 26 27,0 5 7 8 15 19,,V,5.0,0.0,10.0,1.0,3.0,0.0,2.0,0.0,6.0,0.0,11.0,0.0,1.0,1.0,5.0,0.0,-111.0
170,50,treino,4 23,0 10 14 25 31,31,V,2.0,0.0,8.0,0.0,1.0,0.0,0.0,0.0,4.0,1.0,11.0,2.0,0.0,1.0,2.0,0.0,-466.0
170,33,treino,12 20 22 27 30,0 4 5 7 11 19,,P,6.0,0.0,9.0,0.0,3.0,1.0,5.0,0.0,5.0,0.0,9.0,1.0,3.0,1.0,0.0,0.0,119.0
170,5,treino,16 22 23 24 25 26 27 28 29 30 31,0 1 2 3 4 5 7 8 9 11 15,,P,11.0,0.0,12.0,1.0,3.0,4.0,11.0,0.0,11.0,0.0,11.0,1.0,2.0,4.0,10.0,0.0,12.0
170,32,treino,12 20 26 27 30,0 4 5 7 11 19,,V,5.0,0.0,8.0,0.0,3.0,1.0,2.0,0.0,6.0,0.0,9.0,0.0,3.0,1.0,5.0,0.0,-99.0
170,48,treino,4 27,0 10 14 22 31,31,V,2.0,0.0,7.0,0.0,2.0,0.0,0.0,0.0,4.0,1.0,10.0,3.0,0.0,1.0,2.0,0.0,-434.0
170,15,treino,16 22 23 27 28 29 30 31,0 1 2 3 4 5 11 14,,P,8.0,0.0,7.0,1.0,3.0,4.0,4.0,0.0,8.0,0.0,8.0,1.0,2.0,4.0,3.0,0.0,-11.0
170,47,treino,4 27,0 7 14 22 31,31,P,4.0,1.0,9.0,2.0,0.0,1.0,0.0,0.0,2.0,0.0,7.0,0.0,2.0,0.0,0.0,0.0,1600.0
170,45,treino,8 27,0 7 14 22 26,,P,5.0,0.0,15.0,2.0,0.0,1.0,2.0,0.0,2.0,0.0,6.0,0.0,1.0,0.0,0.0,0.0,398.0
170,17,treino,16 22 23 24 27 29 30 31,0 1 2 3 4 8 11 14,,P,8.0,0.0,8.0,1.0,3.0,4.0,3.0,0.0,8.0,0.0,9.0,1.0,1.0,3.0,5.0,0.0,5.0
170,21,treino,16 21 23 27 29 30 31,0 1 2 3 4 11 17,,P,7.0,0.0,7.0,1.0,3.0,4.0,2.0,1.0,7.0,0.0,8.0,1.0,1.0,3.0,5.0,1.0,-14.0
170,46,treino,8 27,0 7 14 22 31,31,V,2.0,0.0,6.0,0.0,1.0,0.0,0.0,0.0,4.0,1.0,9.0,2.0,0.0,1.0,0.0,0.0,-413.0
170,41,treino,12 16 27,0 5 7 8 22 26,,P,6.0,0.0,15.0,1.0,0.0,1.0,5.0,0.0,3.0,0.0,8.0,0.0,2.0,0.0,2.0,0.0,391.0
170,39,treino,12 18 20 27,0 5 7 8 15 26,,P,6.0,0.0,13.0,0.0,0.0,1.0,3.0,1.0,4.0,0.0,10.0,1.0,3.0,0.0,0.0,1.0,336.0
170,8,treino,16 19 22 24 25 26 27 28 29 30 31,0 1 2 3 4 5 7 11 12 14 15,,V,11.0,0.0,12.0,1.0,3.0,4.0,9.0,1.0,11.0,0.0,14.0,1.0,4.0,4.0,9.0,1.0,119.0
170,35,treino,12 20 22 26 27,0 5 7 8 11 19,,P,6.0,0.0,10.0,0.0,2.0,1.0,5.0,0.0,5.0,0.0,10.0,1.0,3.0,0.0,2.0,0.0,107.0
170,30,treino,12 19 20 26 27 30,0 4 5 7 10 11,,V,6.0,0.0,11.0,0.0,4.0,1.0,2.0,0.0,6.0,0.0,7.0,1.0,2.0,1.0,6.0,0.0,-5.0
170,24,treino,16 20 23 27 30 31,0 1 3 4 6 11,,V,6.0,0.0,8.0,0.0,2.0,2.0,5.0,0.0,6.0,0.0,4.0,0.0,3.0,3.0,4.0,0.0,12.0
170,16,treino,16 22 23 27 28 29 30 31,0 1 2 3 4 8 11 14,,V,8.0,0.0,8.0,1.0,2.0,4.0,3.0,0.0,8.0,0.0,8.0,1.0,3.0,4.0,3.0,0.0,14.0
170,43,treino,9 12 27,0 5 7 22 26,,P,5.0,0.0,13.0,1.0,0.0,1.0,4.0,0.0,3.0,0.0,10.0,1.0,2.0,0.0,0.0,1.0,347.0
170,29,treino,12 19 20 26 27 30,0 3 4 5 10 11,,P,6.0,0.0,6.0,1.0,3.0,2.0,3.0,0.0,6.0,0.0,11.0,0.0,4.0,1.0,2.0,0.0,6.0
170,38,treino,12 20 22 27,0 5 7 8 15 26,,V,4.0,0.0,9.0,1.0,3.0,0.0,0.0,0.0,6.0,0.0,13.0,0.0,0.0,1.0,3.0,0.0,-268.0
171,17,treino,2 13 23 24 25 27 28 29 31,0 1 3 4 5 6 10,2,P,7.0,0.0,5.0,1.0,2.0,3.0,6.0,1.0,8.0,1.0,9.0,1.0,2.0,3.0,7.0,0.0,-221.0
171,29,treino,11 22 24 25 26 27 28 29,0 4 6 10,22,P,4.0,0.0,4.0,1.0,1.0,1.0,4.0,0.0,7.0,1.0,9.0,1.0,3.0,2.0,6.0,0.0,-515.0
171,15,treino,11 13 23 24 25 27 28 29 31,0 1 2 3 4 5 6 10,,P,8.0,0.0,5.0,1.0,2.0,4.0,7.0,0.0,9.0,0.0,14.0,1.0,3.0,3.0,7.0,0.0,-108.0
171,30,treino,11 22 24 25 26 27 28 29,0 4 9 10,22,V,7.0,1.0,9.0,1.0,3.0,2.0,6.0,0.0,4.0,0.0,5.0,2.0,1.0,1.0,2.0,0.0,506.0
171,19,treino,9 13 23 24 25 27 28 29 31,0 1 3 4 8 10,9,P,6.0,0.0,5.0,1.0,2.0,3.0,3.0,0.0,8.0,1.0,9.0,2.0,2.0,3.0,9.0,1.0,-315.0
171,38,treino,10 11 17 24 26 27 28 29,5 9 13,10,V,7.0,1.0,11.0,2.0,3.0,2.0,3.0,1.0,3.0,0.0,6.0,2.0,0.0,0.0,3.0,1.0,898.0
171,31,treino,11 21 22 24 26 27 28 29,0 4 9 10,22,P,4.0,0.0,5.0,2.0,1.0,1.0,2.0,0.0,7.0,1.0,10.0,2.0,3.0,2.0,6.0,0.0,-518.0
171,26,treino,22 23 24 25 26 27 28 29,0 4 6 10 11,22,V,7.0,1.0,6.0,1.0,2.0,2.0,8.0,0.0,5.0,0.0,6.0,1.0,2.0,1.0,4.0,0.0,401.0
171,21,treino,13 23 24 25 27 28 29 31,0 1 3 4 10 17,13,P,6.0,0.0,7.0,2.0,2.0,3.0,2.0,1.0,7.0,1.0,5.0,1.0,2.0,3.0,7.0,0.0,-399.0
171,33,treino,11 17 21 24 26 27 28 29,4 5 9 10,17,P,4.0,0.0,6.0,2.0,1.0,0.0,2.0,0.0,7.0,1.0,10.0,2.0,3.0,2.0,5.0,0.0,-521.0
171,27,treino,18 22 24 25 26 27 28 29,0 4 6 10 11,22,P,5.0,0.0,6.0,1.0,2.0,1.0,4.0,0.0,7.0,1.0,7.0,2.0,2.0,2.0,7.0,0.0,-414.0
171,5,treino,13 18 20 22 24 25 26 27 28 29 30 31,0 1 2 3 4 5 6 7 8 9 11 19,,P,12.0,0.0,14.0,1.0,4.0,4.0,11.0,0.0,12.0,0.0,15.0,3.0,3.0,4.0,11.0,1.0,-8.0
171,42,treino,1 10 11 22 24 27 28 29,16,1 10,V,6.0,2.0,9.0,2.0,3.0,2.0,3.0,0.0,1.0,0.0,4.0,0.0,0.0,0.0,0.0,0.0,912.0
171,40,treino,1 10 11 24 26 27 28 29,13,1 10,V,6.0,2.0,8.0,1.0,3.0,2.0,3.0,0.0,1.0,0.0,3.0,1.0,0.0,0.0,0.0,0.0,1600.0
171,7,treino,13 18 22 24 25 26 27 28 29 30 31,0 1 2 3 4 5 6 7 8 11 19,,P,11.0,0.0,12.0,0.0,4.0,4.0,10.0,0.0,11.0,0.0,13.0,3.0,2.0,4.0,10.0,1.0,-8.0
171,24,treino,22 23 24 25 27 28 29 31,0 4 6 7 10,22,V,7.0,1.0,5.0,1.0,2.0,3.0,8.0,0.0,5.0,0.0,5.0,1.0,1.0,1.0,5.0,0.0,402.0
171,18,treino,2 13 23 24 25 27 28 29 31,0 1 3 4 6 8 10,2,V,8.0,1.0,9.0,1.0,2.0,3.0,7.0,1.0,7.0,0.0,6.0,1.0,2.0,3.0,6.0,1.0,283.0
171,20,treino,9 23 24 25 27 28 29 31,0 1 3 4 10 17,9,V,7.0,1.0,5.0,1.0,2.0,3.0,7.0,0.0,6.0,0.0,7.0,2.0,2.0,3.0,2.0,0.0,399.0
171,10,treino,13 18 24 25 26 27 28 29 30 31,0 1 2 3 4 5 6 7 15 19,,V,10.0,0.0,11.0,2.0,2.0,4.0,8.0,1.0,10.0,0.0,11.0,0.0,3.0,4.0,10.0,1.0,96.0
171,9,treino,13 18 24 25 26 27 28 29 30 31,0 1 2 3 4 5 6 7 11 19,,P,10.0,0.0,10.0,0.0,4.0,4.0,9.0,0.0,10.0,0.0,11.0,2.0,2.0,4.0,8.0,0.0,12.0
171,34,treino,11 17 21 24 26 27 28 29,4 5 9 14,17,V,7.0,1.0,10.0,2.0,3.0,2.0,5.0,0.0,4.0,0.0,7.0,2.0,1.0,0.0,3.0,1.0,618.0
171,12,treino,11 13 24 25 26 27 28 29 30 31,0 1 2 3 4 5 6 10 19,,V,10.0,0.0,13.0,1.0,3.0,4.0,8.0,0.0,9.0,0.0,9.0,1.0,3.0,4.0,7.0,0.0,128.0
171,32,treino,11 21 22 24 26 27 28 29,4 5 9 10,22,V,7.0,1.0,10.0,2.0,3.0,2.0,6.0,0.0,4.0,0.0,6.0,2.0,1.0,0.0,2.0,0.0,514.0
171,6,treino,18 20 22 24 25 26 27 28 29 30 31,0 1 2 3 4 5 6 7 8 11 16 19,,V,11.0,0.0,11.0,2.0,3.0,4.0,11.0,0.0,12.0,0.0,16.0,0.0,4.0,4.0,10.0,1.0,8.0
171,14,treino,11 13 24 25 27 28 29 30 31,0 1 2 3 4 5 6 10 26,,V,9.0,0.0,12.0,1.0,3.0,4.0,7.0,0.0,9.0,0.0,11.0,1.0,2.0,4.0,7.0,1.0,103.0
171,35,treino,10 11 21 24 26 27 28 29,4 5 9,10,P,3.0,0.0,4.0,1.0,1.0,0.0,2.0,0.0,7.0,1.0,10.0,2.0,3.0,2.0,4.0,0.0,-628.0
171,16,treino,11 13 23 24 25 27 28 29 31,0 1 3 4 5 6 7 10,,V,9.0,0.0,14.0,1.0,3.0,3.0,7.0,0.0,8.0,0.0,6.0,1.0,2.0,3.0,8.0,1.0,221.0
171,25,treino,22 23 24 25 26 27 28 29,0 4 6 7 10,22,P,5.0,0.0,5.0,1.0,1.0,1.0,5.0,0.0,7.0,1.0,6.0,1.0,2.0,2.0,8.0,0.0,-401.0
171,11,treino,11 13 24 25 26 27 28 29 30 31,0 1 2 3 4 5 6 7 19,,P,9.0,0.0,8.0,0.0,3.0,4.0,8.0,0.0,10.0,0.0,13.0,1.0,3.0,4.0,8.0,0.0,-101.0
171,36,treino,10 11 21 24 26 27 28 29,5 8 9,10,V,7.0,1.0,10.0,2.0,3.0,2.0,4.0,0.0,3.0,0.0,5.0,1.0,0.0,0.0,3.0,0.0,618.0
171,44,treino,1 11 15 22 24 27 28 29,21,1 15,V,6.0,2.0,9.0,1.0,3.0,2.0,5.0,0.0,1.0,0.0,5.0,1.0,0.0,0.0,0.0,1.0,1600.0
171,22,treino,13 23 24 25 27 28 29 31,0 3 4 6 10 17,13,V,7.0,1.0,5.0,1.0,2.0,3.0,7.0,0.0,6.0,0.0,8.0,2.0,2.0,2.0,4.0,1.0,396.0
172,57,treino,1 3 5,24,1 3 24,P,0.0,1.0,0.0,0.0,0.0,0.0,0.0,0.0,1.0,2.0,6.0,0.0,1.0,0.0,2.0,0.0,-356.0
172,58,treino,1 3 5,29,1 3 29,V,1.0,2.0,6.0,0.0,1.0,0.0,2.0,0.0,0.0,1.0,0.0,0.0,0.0,0.0,0.0,0.0,362.0
172,30,treino,9 14 20 23 24 28 31,3 6 8 15,9,V,6.0,1.0,9.0,2.0,2.0,2.0,5.0,1.0,4.0,0.0,6.0,0.0,1.0,1.0,0.0,1.0,488.0
172,47,treino,3 10 18,29,3 29,P,0.0,1.0,0.0,0.0,0.0,0.0,0.0,0.0,2.0,1.0,8.0,2.0,1.0,0.0,0.0,0.0,-247.0
172,43,treino,3 14 22,20,3 20,P,0.0,1.0,0.0,0.0,1.0,0.0,0.0,0.0,2.0,1.0,6.0,2.0,1.0,0.0,0.0,0.0,-241.0
172,72,treino,4 6,14,4 6 14,V,0.0,2.0,0.0,0.0,1.0,0.0,0.0,0.0,0.0,1.0,0.0,1.0,0.0,0.0,0.0,0.0,176.0
172,16,treino,16 24 26 27 28 29 30 31,1 2 3 4 5 7 13 15 17,,V,8.0,0.0,6.0,0.0,2.0,4.0,7.0,1.0,9.0,0.0,13.0,2.0,2.0,3.0,7.0,1.0,163.0
172,42,treino,10 14 22,7 20,10 20,V,2.0,1.0,6.0,3.0,0.0,0.0,2.0,0.0,1.0,1.0,1.0,0.0,1.0,0.0,0.0,1.0,232.0
172,6,treino,17 20 23 24 25 26 27 28 29 30 31,1 2 3 4 5 6 7 9 10 11 12,,V,11.0,0.0,11.0,1.0,3.0,4.0,10.0,0.0,11.0,0.0,13.0,2.0,4.0,3.0,9.0,0.0,-0.0
172,64,treino,0 1 11,25,0 1 11 25,V,0.0,3.0,0.0,0.0,1.0,0.0,0.0,0.0,0.0,1.0,0.0,0.0,0.0,0.0,0.0,0.0,362.0
172,56,treino,1 3 9,24,1 3 24,V,1.0,2.0,5.0,1.0,1.0,0.0,0.0,0.0,0.0,1.0,0.0,0.0,0.0,0.0,0.0,0.0,303.0
172,36,treino,6 14 23 28 31,3 19 29,6 29,V,4.0,1.0,6.0,1.0,1.0,2.0,0.0,1.0,2.0,1.0,4.0,0.0,2.0,1.0,0.0,0.0,242.0
172,24,treino,0 14 23 24 28 29 31,1 2 3 8 11,0,V,6.0,1.0,7.0,1.0,1.0,3.0,3.0,0.0,5.0,0.0,4.0,0.0,2.0,3.0,0.0,0.0,308.0
172,49,treino,3 10 14,24,3 24,P,0.0,1.0,0.0,0.0,0.0,0.0,0.0,0.0,2.0,1.0,9.0,2.0,1.0,0.0,2.0,0.0,-242.0
172,59,treino,0 1 3,29,0 1 3 29,P,0.0,1.0,0.0,0.0,0.0,0.0,0.0,0.0,0.0,3.0,0.0,0.0,1.0,0.0,0.0,0.0,-368.0
172,14,treino,24 25 26 27 28 29 30 31,1 2 3 4 5 7 9 15 17 21,,V,8.0,0.0,4.0,0.0,2.0,4.0,8.0,0.0,10.0,0.0,17.0,3.0,2.0,3.0,8.0,1.0,-132.0
172,75,treino,0 9,18,0 9 18,P,0.0,1.0,0.0,1.0,0.0,0.0,0.0,0.0,0.0,2.0,0.0,1.0,0.0,0.0,0.0,0.0,-186.0
172,78,treino,0 14,10,0 10 14,V,0.0,2.0,0.0,1.0,0.0,0.0,0.0,1.0,0.0,1.0,0.0,1.0,0.0,0.0,0.0,1.0,1600.0
172,46,treino,3 14 18,29,3 29,V,2.0,1.0,7.0,2.0,1.0,0.0,2.0,0.0,0.0,1.0,0.0,0.0,0.0,0.0,0.0,0.0,239.0
172,68,treino,4 6 11,26,4 6 11 26,V,0.0,3.0,0.0,0.0,2.0,0.0,0.0,0.0,0.0,1.0,0.0,0.0,0.0,0.0,0.0,0.0,364.0
172,41,treino,10 14 22,3 20,10 20,P,1.0,1.0,0.0,0.0,2.0,1.0,0.0,0.0,2.0,1.0,6.0,3.0,0.0,0.0,2.0,0.0,-142.0
172,65,treino,1 4 11,25,1 4 11 25,P,0.0,1.0,0.0,0.0,0.0,0.0,0.0,0.0,0.0,3.0,0.0,0.0,2.0,0.0,0.0,0.0,-358.0
172,17,treino,0 24 26 27 28 29 30 31,1 2 3 4 7 15 17,0,P,7.0,0.0,9.0,1.0,2.0,3.0,3.0,0.0,7.0,1.0,3.0,0.0,2.0,4.0,7.0,0.0,-180.0
172,20,treino,0 24 27 28 29 30 31,1 2 3 4 7 17 25,0,V,6.0,1.0,2.0,0.0,2.0,4.0,5.0,0.0,7.0,0.0,12.0,1.0,2.0,3.0,3.0,1.0,299.0
172,40,treino,10 14 31,3 20 26,10 20,V,2.0,1.0,4.0,2.0,0.0,1.0,2.0,0.0,2.0,1.0,6.0,0.0,2.0,1.0,0.0,1.0,136.0
172,39,treino,10 14 23 31,3 19 20,10 20,P,2.0,1.0,4.0,0.0,3.0,1.0,0.0,0.0,3.0,1.0,6.0,2.0,0.0,1.0,2.0,1.0,-134.0
172,61,treino,0 1 7,25,0 1 7 25,P,0.0,1.0,0.0,0.0,0.0,0.0,0.0,0.0,0.0,3.0,0.0,0.0,0.0,0.0,0.0,0.0,-360.0
172,28,treino,9 14 20 23 28 29 31,2 3 8 15,9,V,6.0,1.0,8.0,2.0,2.0,3.0,2.0,0.0,4.0,0.0,5.0,0.0,1.0,2.0,0.0,0.0,409.0
172,29,treino,9 14 20 23 24 28 31,2 3 8 15,9,P,4.0,0.0,5.0,0.0,1.0,2.0,0.0,0.0,6.0,1.0,9.0,2.0,2.0,2.0,5.0,0.0,-419.0
172,27,treino,9 14 20 23 28 29 31,2 3 8 11,9,P,4.0,0.0,4.0,0.0,2.0,2.0,0.0,0.0,6.0,1.0,8.0,2.0,2.0,3.0,2.0,0.0,-418.0
172,12,treino,20 24 25 26 27 28 29 30 31,1 2 3 4 5 7 9 12 15 17,,V,9.0,0.0,6.0,0.0,3.0,4.0,9.0,0.0,10.0,0.0,15.0,2.0,3.0,3.0,6.0,0.0,-109.0
172,9,treino,14 19 20 24 25 26 27 28 29 30 31,1 2 3 4 5 6 7 9 10 12 15,,P,11.0,0.0,14.0,2.0,3.0,3.0,9.0,0.0,11.0,0.0,13.0,1.0,4.0,4.0,9.0,1.0,135.0
173,33,teste,0 14 17 19 20 27 28 30,1 4,0 14,P,2.0,0.0,1.0,0.0,1.0,1.0,0.0,0.0,6.0,2.0,9.0,2.0,4.0,2.0,2.0,0.0,-820.0
173,31,teste,0 14 16 19 20 24 27 28 30,1 4 12,0 14,P,3.0,0.0,4.0,0.0,2.0,1.0,0.0,0.0,7.0,2.0,10.0,1.0,4.0,2.0,4.0,1.0,-812.0
173,8,teste,16 18 20 21 22 24 26 28 29 30 31,0 1 2 3 4 5 6 7 9 11 17,,V,11.0,0.0,14.0,3.0,2.0,4.0,11.0,0.0,11.0,0.0,12.0,2.0,3.0,4.0,10.0,1.0,112.0
173,38,teste,0 9 13 19 20 27 28 30,6 12,0 9,V,6.0,2.0,10.0,2.0,4.0,2.0,2.0,0.0,2.0,0.0,4.0,0.0,1.0,0.0,0.0,1.0,900.0
173,13,teste,11 16 20 22 24 26 28 30 31,0 1 2 3 4 5 6 7,,P,8.0,0.0,4.0,0.0,2.0,4.0,8.0,0.0,9.0,0.0,14.0,1.0,3.0,3.0,8.0,0.0,-131.0
173,41,teste,0 2 13 19 20 26 27 28,16,0 2,P,1.0,0.0,4.0,0.0,0.0,0.0,0.0,0.0,6.0,2.0,11.0,1.0,4.0,1.0,0.0,0.0,-902.0
173,18,teste,11 16 20 22 23 24 27 28 30,0 1 2 3 4 8 9 10,,V,9.0,0.0,16.0,1.0,4.0,2.0,6.0,0.0,8.0,0.0,7.0,2.0,2.0,4.0,3.0,0.0,120.0
173,23,teste,2 16 18 19 20 24 27 28 30,1 3 4 5 8 9 10,2,P,7.0,0.0,8.0,2.0,2.0,2.0,5.0,0.0,8.0,1.0,13.0,1.0,4.0,2.0,4.0,0.0,-303.0
173,45,teste,5 7 13 19 20 26 27 28,25,5 7,P,1.0,0.0,6.0,0.0,0.0,0.0,0.0,0.0,6.0,2.0,11.0,1.0,4.0,1.0,0.0,0.0,-843.0
173,7,teste,16 18 20 21 22 24 26 28 29 30 31,0 1 2 3 4 5 6 7 9 11 13,,P,11.0,0.0,11.0,2.0,3.0,4.0,11.0,0.0,11.0,0.0,14.0,3.0,2.0,4.0,11.0,0.0,-1.0
173,36,teste,0 9 17 19 20 27 28 30,1 12,0 9,V,6.0,2.0,9.0,2.0,4.0,2.0,0.0,0.0,2.0,0.0,3.0,0.0,1.0,1.0,0.0,0.0,900.0
173,27,teste,0 11 16 19 20 24 27 28 30,1 4 8 10,0 11,P,4.0,0.0,5.0,1.0,1.0,1.0,2.0,0.0,7.0,2.0,10.0,0.0,5.0,2.0,4.0,0.0,-700.0
173,9,teste,14 16 18 20 22 24 26 28 29 30 31,0 1 2 3 4 5 6 7 9 11,,P,10.0,0.0,8.0,1.0,3.0,4.0,10.0,0.0,11.0,0.0,16.0,3.0,2.0,4.0,11.0,0.0,-119.0
173,4,teste,16 18 20 22 24 25 26 27 28 29 30 31,0 1 2 3 4 5 6 7 9 11 13 14,,V,12.0,0.0,14.0,2.0,3.0,4.0,12.0,1.0,12.0,0.0,14.0,3.0,3.0,4.0,12.0,0.0,13.0
173,6,teste,16 20 21 22 24 26 27 28 29 30 31,0 1 2 3 4 5 6 7 9 11 13 23,,V,11.0,0.0,12.0,2.0,3.0,4.0,11.0,0.0,12.0,0.0,16.0,2.0,3.0,4.0,11.0,1.0,1.0
173,22,teste,2 16 19 20 22 24 27 28 30,1 3 4 5 8 9 10,2,V,8.0,1.0,12.0,1.0,4.0,2.0,4.0,0.0,7.0,0.0,8.0,2.0,2.0,2.0,5.0,0.0,287.0
173,26,teste,11 16 18 19 20 24 27 28 30,1 4 5 8 10 14,11,V,8.0,1.0,13.0,1.0,5.0,2.0,4.0,1.0,6.0,0.0,9.0,2.0,1.0,1.0,6.0,1.0,672.0
173,48,teste,5 7 13 19 20 23 27 28,24,5 7 24,V,6.0,2.0,12.0,1.0,4.0,1.0,3.0,0.0,0.0,1.0,0.0,0.0,0.0,0.0,0.0,1.0,1600.0
173,10,teste,14 16 18 20 22 24 26 28 29 30 31,0 1 2 3 4 5 6 7 9 15,,V,11.0,0.0,16.0,3.0,2.0,4.0,11.0,0.0,10.0,0.0,9.0,1.0,2.0,4.0,9.0,1.0,134.0
173,39,teste,0 2 13 19 20 27 28 30,12,0 2,P,1.0,0.0,3.0,0.0,1.0,0.0,0.0,0.0,6.0,2.0,10.0,1.0,4.0,2.0,0.0,0.0,-919.0
173,35,teste,0 9 17 19 20 27 28 30,1 8,0 9,P,2.0,0.0,2.0,0.0,0.0,1.0,0.0,0.0,6.0,2.0,9.0,2.0,4.0,2.0,0.0,0.0,-809.0
173,37,teste,0 9 13 19 20 27 28 30,1 12,0 9,P,2.0,0.0,3.0,0.0,1.0,1.0,0.0,0.0,6.0,2.0,10.0,2.0,4.0,2.0,2.0,0.0,-815.0
173,40,teste,0 2 13 19 20 27 28 30,16,0 2,V,6.0,2.0,10.0,1.0,4.0,2.0,0.0,0.0,1.0,0.0,4.0,0.0,0.0,0.0,0.0,0.0,1600.0
173,15,teste,11 16 20 22 24 26 27 28 30,0 1 2 3 4 5 6 10,,P,8.0,0.0,5.0,1.0,2.0,4.0,7.0,0.0,9.0,0.0,15.0,1.0,4.0,2.0,7.0,0.0,-127.0
173,19,teste,11 16 19 20 22 24 27 28 30,0 1 2 3 4 8 9 10,,P,8.0,0.0,7.0,2.0,2.0,4.0,3.0,0.0,9.0,0.0,17.0,1.0,5.0,2.0,4.0,0.0,-120.0
173,42,teste,0 2 13 19 20 26 27 28,21,0 2,V,6.0,2.0,11.0,1.0,4.0,1.0,0.0,0.0,1.0,0.0,5.0,1.0,0.0,0.0,0.0,0.0,905.0
173,12,teste,11 16 20 24 26 28 29 30 31,0 1 2 3 4 5 6 7 25,,V,9.0,0.0,12.0,0.0,3.0,4.0,8.0,0.0,9.0,0.0,10.0,0.0,2.0,4.0,8.0,1.0,125.0
173,21,teste,2 16 19 20 22 24 27 28 30,0 1 3 4 8 9 10,2,P,7.0,0.0,7.0,2.0,2.0,3.0,3.0,0.0,8.0,1.0,12.0,1.0,4.0,2.0,4.0,0.0,-296.0
173,20,teste,11 16 19 20 22 24 27 28 30,0 1 3 4 7 8 9 10,,V,9.0,0.0,17.0,1.0,5.0,2.0,4.0,0.0,8.0,0.0,8.0,2.0,2.0,3.0,6.0,1.0,274.0
173,17,teste,11 16 20 22 23 24 27 28 30,0 1 2 3 4 5 9 10,,P,8.0,0.0,6.0,2.0,2.0,4.0,5.0,0.0,9.0,0.0,16.0,1.0,4.0,2.0,6.0,0.0,-114.0
173,30,teste,0 16 18 19 20 24 27 28 30,1 4 12,0 18,V,7.0,2.0,10.0,1.0,4.0,2.0,4.0,1.0,3.0,0.0,4.0,0.0,2.0,1.0,0.0,0.0,816.0
173,29,teste,0 16 18 19 20 24 27 28 30,1 4 8,0 18,P,3.0,0.0,3.0,0.0,1.0,1.0,2.0,0.0,7.0,2.0,10.0,1.0,4.0,2.0,4.0,0.0,-816.0
174,20,treino,11 20 22 28 29,1 2 3 4 5 7 10,,V,5.0,0.0,9.0,1.0,3.0,2.0,0.0,0.0,7.0,0.0,5.0,1.0,2.0,3.0,6.0,0.0,-204.0
174,12,treino,16 17 20 22 26 27 28 29 30 31,1 2 3 4 5 6 7 10 12 15,,V,10.0,0.0,12.0,2.0,3.0,4.0,8.0,1.0,10.0,0.0,12.0,1.0,3.0,3.0,8.0,0.0,17.0
174,37,treino,2 12,4 6 8 9 28,2 28,P,4.0,1.0,6.0,1.0,2.0,0.0,4.0,1.0,1.0,1.0,4.0,0.0,1.0,0.0,0.0,0.0,331.0
174,26,treino,11 20 24 29,2 3 4 5 6 14,,V,4.0,0.0,8.0,0.0,2.0,1.0,3.0,0.0,6.0,0.0,6.0,1.0,2.0,2.0,2.0,0.0,-216.0
174,56,treino,5,16 20,5 20,V,0.0,1.0,0.0,0.0,0.0,0.0,0.0,0.0,1.0,1.0,4.0,0.0,1.0,0.0,2.0,0.0,-117.0
174,47,treino,0 17,4 28 29,0 17 28 29,P,1.0,2.0,1.0,0.0,2.0,0.0,0.0,0.0,0.0,2.0,0.0,1.0,0.0,0.0,0.0,0.0,107.0
174,13,treino,16 17 20 22 25 26 27 28 29 31,1 2 3 4 5 6 7 10 12 15,,P,10.0,0.0,12.0,1.0,3.0,3.0,8.0,0.0,10.0,0.0,13.0,2.0,3.0,3.0,9.0,1.0,81.0
174,16,treino,14 20 22 27 28 29 31,1 2 3 4 5 6 7 10 15 23,23,V,7.0,0.0,9.0,2.0,3.0,3.0,2.0,1.0,9.0,1.0,9.0,1.0,2.0,3.0,8.0,1.0,-199.0
174,19,treino,11 20 22 28 29,1 2 3 4 5 6 7,,P,7.0,0.0,4.0,0.0,2.0,3.0,6.0,0.0,5.0,0.0,9.0,1.0,3.0,2.0,0.0,0.0,200.0
174,62,treino,9,13 21,9 13,V,0.0,1.0,0.0,1.0,0.0,0.0,0.0,1.0,1.0,1.0,5.0,2.0,0.0,0.0,0.0,1.0,1600.0
174,35,treino,2 16 17 24,4 6 8 9 14,2,P,5.0,0.0,9.0,2.0,1.0,0.0,5.0,1.0,3.0,1.0,7.0,1.0,0.0,0.0,0.0,1.0,310.0
174,53,treino,0 24,12 29,0 24 29,P,1.0,1.0,3.0,0.0,1.0,0.0,0.0,0.0,0.0,2.0,0.0,0.0,0.0,0.0,0.0,1.0,111.0
174,25,treino,11 20 24 29,1 2 3 4 5 14,,P,6.0,0.0,5.0,1.0,2.0,3.0,2.0,0.0,4.0,0.0,8.0,0.0,2.0,1.0,3.0,0.0,211.0
174,28,treino,11 20 24 25,2 4 5 6 7 14,,V,4.0,0.0,9.0,0.0,2.0,0.0,2.0,0.0,6.0,0.0,7.0,1.0,1.0,1.0,3.0,0.0,-208.0
174,60,treino,5,16 21,5 16,V,0.0,1.0,0.0,0.0,0.0,0.0,0.0,0.0,1.0,1.0,5.0,1.0,0.0,0.0,2.0,0.0,-117.0
174,44,treino,5 13,4 24 28,13 28,V,1.0,1.0,6.0,1.0,0.0,0.0,0.0,0.0,2.0,1.0,7.0,0.0,2.0,0.0,2.0,0.0,-101.0
174,43,treino,5 13,4 21 28,13 28,P,2.0,1.0,6.0,1.0,2.0,0.0,0.0,0.0,1.0,1.0,6.0,1.0,0.0,0.0,0.0,0.0,46.0
174,41,treino,5 9,4 17 28,9 28,P,2.0,1.0,5.0,1.0,2.0,0.0,0.0,0.0,1.0,1.0,6.0,1.0,0.0,0.0,2.0,0.0,42.0
174,39,treino,2 5,4 6 14 28,2 28,P,3.0,1.0,5.0,1.0,2.0,0.0,0.0,1.0,1.0,1.0,6.0,0.0,0.0,0.0,0.0,0.0,160.0
174,42,treino,5 9,4 21 28,9 28,V,1.0,1.0,6.0,1.0,0.0,0.0,2.0,0.0,2.0,1.0,6.0,1.0,2.0,0.0,0.0,0.0,-46.0
174,55,treino,5,12 20,5 20,P,1.0,1.0,3.0,0.0,2.0,0.0,0.0,0.0,0.0,1.0,0.0,0.0,0.0,0.0,0.0,0.0,114.0
174,33,treino,2 16 22 24,4 5 6 9 14,2,P,5.0,0.0,8.0,2.0,1.0,0.0,4.0,0.0,3.0,1.0,6.0,1.0,0.0,0.0,0.0,0.0,35.0
174,54,treino,0,12 20,0 20,V,0.0,1.0,0.0,0.0,0.0,0.0,0.0,0.0,1.0,1.0,3.0,0.0,2.0,0.0,0.0,0.0,-118.0
174,59,treino,5,20 21,5 20,P,1.0,1.0,5.0,1.0,1.0,0.0,0.0,0.0,0.0,1.0,0.0,0.0,0.0,0.0,0.0,0.0,121.0
174,23,treino,10 11 20 28 29,1 2 3 4 5 7,,P,6.0,0.0,3.0,0.0,2.0,3.0,5.0,0.0,5.0,0.0,12.0,1.0,3.0,2.0,0.0,1.0,200.0
174,27,treino,11 20 24 25,2 3 4 5 6 14,,P,6.0,0.0,6.0,1.0,2.0,2.0,2.0,0.0,4.0,0.0,9.0,0.0,2.0,0.0,2.0,0.0,208.0
174,14,treino,17 20 22 26 27 28 29 31,1 2 3 4 5 6 7 10 15 30,30,V,8.0,0.0,9.0,2.0,3.0,3.0,5.0,1.0,9.0,1.0,9.0,1.0,2.0,3.0,8.0,0.0,-81.0
174,18,treino,11 20 28 29 31,1 2 3 4 5 6 7 26,,V,5.0,0.0,7.0,0.0,3.0,3.0,0.0,0.0,8.0,0.0,10.0,0.0,2.0,3.0,6.0,1.0,-208.0
174,49,treino,0 21,8 28 29,0 21 28 29,P,1.0,2.0,2.0,0.0,1.0,0.0,0.0,0.0,0.0,2.0,0.0,1.0,0.0,0.0,0.0,0.0,109.0
174,15,treino,14 20 22 26 27 28 29 31,1 2 3 4 5 6 7 10 15 30,30,P,9.0,1.0,9.0,1.0,2.0,3.0,8.0,0.0,8.0,0.0,10.0,2.0,3.0,3.0,4.0,2.0,199.0
174,57,treino,0,16 20,0 20,P,1.0,1.0,4.0,0.0,1.0,0.0,2.0,0.0,0.0,1.0,0.0,0.0,0.0,0.0,0.0,0.0,121.0
174,11,treino,16 17 20 22 26 27 28 29 30 31,1 2 3 4 5 6 7 8 10 15,,P,10.0,0.0,11.0,1.0,2.0,3.0,10.0,0.0,10.0,0.0,12.0,2.0,3.0,4.0,8.0,0.0,-3.0
175,4,teste,16 17 21 23 24 25 26 27 28 29 30 31,0 1 2 3 4 5 6 7 9 11 12 15,,V,12.0,0.0,14.0,2.0,2.0,4.0,12.0,0.0,12.0,0.0,14.0,1.0,4.0,4.0,11.0,0.0,17.0
175,34,teste,20,0 2 3 4 23 27,23,V,1.0,0.0,2.0,0.0,1.0,0.0,0.0,0.0,5.0,1.0,7.0,0.0,3.0,3.0,4.0,0.0,-676.0
175,22,teste,20 23 25 26 28 30 31,0 2 3 4 7 12 15 19 24,,V,7.0,0.0,6.0,0.0,2.0,3.0,5.0,0.0,9.0,0.0,18.0,0.0,4.0,3.0,7.0,1.0,-122.0
175,16,teste,23 24 25 26 28 29 30 31,0 2 3 4 7 11 12 15 17,,V,8.0,0.0,5.0,0.0,1.0,4.0,8.0,0.0,9.0,0.0,14.0,1.0,4.0,3.0,7.0,0.0,-5.0
175,9,teste,5 16 21 24 25 26 27 28 29 30 31,0 1 2 3 4 6 7 11 12 15,,P,10.0,0.0,11.0,0.0,4.0,4.0,9.0,0.0,11.0,0.0,15.0,1.0,2.0,4.0,10.0,1.0,-3.0
175,27,teste,20 21 22 23 25 31,0 2 3 4 11 12 15,,P,7.0,0.0,9.0,0.0,4.0,3.0,4.0,0.0,6.0,0.0,9.0,2.0,1.0,1.0,3.0,0.0,89.0
175,32,teste,20 31,0 2 3 4 27 30,30,V,2.0,0.0,2.0,0.0,1.0,1.0,0.0,0.0,5.0,1.0,7.0,0.0,3.0,3.0,2.0,0.0,-517.0
175,13,teste,14 24 25 26 27 28 29 30 31,0 2 3 4 6 7 11 12 15,,P,9.0,0.0,11.0,0.0,4.0,3.0,8.0,0.0,9.0,0.0,8.0,1.0,2.0,4.0,8.0,0.0,21.0
175,28,teste,20 21 22 23 25 31,0 2 3 4 11 12 18,,V,6.0,0.0,9.0,2.0,1.0,1.0,3.0,1.0,7.0,0.0,10.0,1.0,4.0,3.0,2.0,1.0,14.0
175,36,teste,16,0 2 4 7 23 27,23,V,1.0,0.0,3.0,0.0,0.0,0.0,0.0,0.0,5.0,1.0,8.0,0.0,2.0,2.0,6.0,0.0,-670.0
175,19,teste,20 23 24 25 26 28 30 31,0 2 3 4 7 11 12 17 19,,P,9.0,0.0,15.0,1.0,5.0,3.0,6.0,0.0,8.0,0.0,7.0,0.0,2.0,3.0,8.0,0.0,106.0
175,17,teste,20 23 25 26 28 29 30 31,0 2 3 4 7 11 12 15 17,,P,9.0,0.0,14.0,1.0,4.0,3.0,7.0,0.0,8.0,0.0,6.0,0.0,2.0,4.0,6.0,0.0,134.0
175,20,teste,20 23 24 25 26 28 30 31,0 2 3 4 7 12 15 17 19,,V,8.0,0.0,7.0,0.0,2.0,3.0,8.0,0.0,9.0,0.0,16.0,1.0,4.0,3.0,7.0,0.0,-7.0
175,11,teste,13 21 24 25 26 27 28 29 30 31,0 2 3 4 6 7 8 11 12 15,,P,10.0,0.0,13.0,0.0,4.0,3.0,10.0,0.0,10.0,0.0,10.0,2.0,2.0,4.0,9.0,1.0,3.0
175,29,teste,15 20 21 23 25 31,0 2 3 4 11 12,,P,6.0,0.0,6.0,0.0,4.0,3.0,2.0,0.0,6.0,0.0,11.0,1.0,1.0,1.0,2.0,1.0,219.0
175,39,teste,8,0 2 4 7 26 27,26,P,5.0,1.0,8.0,0.0,2.0,2.0,4.0,0.0,1.0,0.0,5.0,0.0,0.0,0.0,0.0,1.0,1600.0
175,24,teste,20 21 23 25 26 30 31,0 2 3 4 11 12 15 19,,V,7.0,0.0,8.0,1.0,1.0,2.0,6.0,0.0,8.0,0.0,13.0,0.0,5.0,3.0,5.0,0.0,-105.0
175,33,teste,20 26,0 2 3 4 27 30,30,P,5.0,1.0,7.0,0.0,3.0,3.0,2.0,0.0,2.0,0.0,3.0,0.0,1.0,0.0,0.0,1.0,622.0
175,37,teste,12,0 2 4 7 23 27,23,P,5.0,1.0,8.0,0.0,2.0,2.0,6.0,0.0,1.0,0.0,4.0,0.0,1.0,0.0,0.0,0.0,1600.0
175,15,teste,14 23 24 25 26 28 29 30 31,0 2 3 4 7 10 11 12 15,,P,9.0,0.0,12.0,1.0,4.0,3.0,8.0,0.0,9.0,0.0,9.0,1.0,1.0,4.0,8.0,1.0,107.0
175,8,teste,14 16 21 24 25 26 27 28 29 30 31,0 1 2 3 4 6 7 9 11 12 15,,V,11.0,0.0,13.0,2.0,2.0,4.0,10.0,1.0,11.0,0.0,13.0,1.0,4.0,4.0,10.0,1.0,-6.0
175,18,teste,20 23 25 26 28 29 30 31,0 2 3 4 7 11 12 17 19,,V,8.0,0.0,6.0,0.0,2.0,4.0,6.0,0.0,9.0,0.0,15.0,1.0,5.0,3.0,6.0,0.0,-111.0
175,35,teste,16,0 2 3 4 23 27,23,P,5.0,1.0,7.0,0.0,3.0,3.0,4.0,0.0,1.0,0.0,3.0,0.0,0.0,0.0,0.0,0.0,667.0
175,26,teste,20 21 22 25 30 31,0 2 3 4 11 12 15 26,,V,6.0,0.0,7.0,2.0,1.0,2.0,4.0,0.0,8.0,0.0,15.0,0.0,4.0,3.0,4.0,1.0,-120.0
175,10,teste,16 21 24 25 26 27 28 29 30 31,0 2 3 4 6 7 8 11 12 15,,V,10.0,0.0,9.0,1.0,2.0,4.0,10.0,0.0,10.0,0.0,13.0,0.0,4.0,3.0,10.0,0.0,-1.0
175,21,teste,20 21 23 25 26 28 30 31,0 2 3 4 7 12 15 17 19,,P,9.0,0.0,16.0,1.0,4.0,3.0,7.0,1.0,8.0,0.0,8.0,1.0,2.0,3.0,6.0,1.0,119.0
175,25,teste,20 21 22 23 25 30 31,0 2 3 4 11 12 15 19,,P,8.0,0.0,13.0,0.0,5.0,3.0,5.0,0.0,7.0,0.0,9.0,2.0,1.0,2.0,4.0,1.0,105.0
175,12,teste,21 24 25 26 27 28 29 30 31,0 2 3 4 6 7 11 12 15 17,,V,9.0,0.0,6.0,1.0,2.0,4.0,9.0,0.0,10.0,0.0,15.0,1.0,4.0,3.0,8.0,1.0,-28.0
175,30,teste,20 21 25 31,0 2 3 4 12 27,,V,4.0,0.0,5.0,1.0,1.0,1.0,2.0,0.0,6.0,0.0,10.0,0.0,4.0,3.0,2.0,0.0,-224.0
175,31,teste,16 20 25 31,0 2 3 4 12 27,,P,6.0,0.0,10.0,0.0,4.0,3.0,2.0,0.0,4.0,0.0,6.0,0.0,1.0,1.0,2.0,1.0,512.0
175,14,teste,14 24 25 26 27 28 29 30 31,0 2 3 4 7 10 11 12 15,,V,9.0,0.0,8.0,1.0,2.0,4.0,8.0,1.0,9.0,0.0,12.0,1.0,4.0,3.0,8.0,0.0,-3.0
175,23,teste,20 21 23 25 26 30 31,0 2 3 4 7 12 15 19,,P,8.0,0.0,12.0,0.0,4.0,3.0,7.0,0.0,7.0,0.0,8.0,1.0,1.0,2.0,6.0,0.0,109.0
176,60,treino,1,3 18 23 26,1 23 26,V,0.0,1.0,0.0,0.0,0.0,0.0,0.0,0.0,2.0,2.0,4.0,1.0,1.0,1.0,3.0,0.0,-419.0
176,8,treino,16 18 20 21 23 24 25 26 27 28 30 31,0 1 2 3 4 5 7 10 11 12 13 14,,V,12.0,0.0,16.0,2.0,3.0,3.0,12.0,0.0,12.0,0.0,16.0,3.0,4.0,4.0,10.0,2.0,109.0
176,58,treino,5,3 18 26 27,5 26 27,V,0.0,1.0,0.0,0.0,0.0,0.0,0.0,0.0,2.0,2.0,4.0,1.0,2.0,1.0,0.0,0.0,-412.0
176,35,treino,18 20 24,3 7 9 14,,P,4.0,0.0,6.0,2.0,1.0,1.0,4.0,0.0,3.0,0.0,6.0,1.0,1.0,0.0,2.0,1.0,222.0
176,11,treino,9 20 21 23 24 25 26 27 28 30 31,0 1 2 3 4 7 10 11 12 14,,P,10.0,0.0,12.0,2.0,4.0,4.0,8.0,0.0,11.0,0.0,15.0,2.0,3.0,3.0,10.0,0.0,-98.0
176,14,treino,9 20 23 24 25 26 27 28 30 31,0 1 2 3 7 8 10 11 14 21,,V,10.0,0.0,13.0,1.0,3.0,3.0,9.0,0.0,10.0,0.0,15.0,3.0,2.0,4.0,6.0,1.0,125.0
176,40,treino,16 21,3 9 10 26,,V,2.0,0.0,5.0,1.0,0.0,0.0,2.0,0.0,4.0,0.0,10.0,2.0,1.0,1.0,0.0,0.0,-284.0
176,38,treino,20 21,3 9 10 23,,V,2.0,0.0,4.0,1.0,1.0,0.0,0.0,0.0,4.0,0.0,9.0,2.0,1.0,1.0,0.0,0.0,-227.0
176,30,treino,5 20 27 28 31,0 3 7 14 30,30,V,5.0,0.0,9.0,0.0,3.0,2.0,2.0,1.0,4.0,1.0,4.0,1.0,1.0,2.0,2.0,0.0,-14.0
176,6,treino,16 18 20 21 23 25 26 27 28 29 30 31,0 1 2 3 4 5 7 9 10 11 12 14,,V,12.0,0.0,15.0,2.0,3.0,4.0,11.0,0.0,12.0,0.0,15.0,3.0,4.0,4.0,11.0,0.0,18.0
176,29,treino,5 20 27 28 31,0 3 7 9 30,30,P,4.0,1.0,3.0,1.0,1.0,2.0,2.0,0.0,5.0,0.0,9.0,0.0,3.0,2.0,2.0,0.0,5.0
176,37,treino,20 21,3 7 9 23,,P,4.0,0.0,8.0,1.0,1.0,1.0,2.0,0.0,2.0,0.0,4.0,1.0,1.0,0.0,0.0,0.0,220.0
176,44,treino,12 17,3 9 15 30,30,V,2.0,0.0,7.0,1.0,1.0,0.0,0.0,0.0,3.0,1.0,5.0,1.0,1.0,1.0,0.0,0.0,-296.0
176,27,treino,6 12 20 27 28 31,0 2 3 7 8 30,30,P,5.0,1.0,3.0,0.0,1.0,3.0,3.0,1.0,6.0,0.0,13.0,0.0,4.0,2.0,2.0,1.0,64.0
176,22,treino,16 20 22 23 26 27 28 31,0 2 3 7 8 10 14 15,,V,8.0,0.0,11.0,1.0,3.0,2.0,7.0,0.0,8.0,0.0,11.0,2.0,1.0,3.0,6.0,0.0,-9.0
176,18,treino,9 16 20 23 26 27 28 30 31,0 2 3 5 7 8 10 11,,V,9.0,0.0,14.0,1.0,3.0,3.0,7.0,1.0,8.0,0.0,8.0,1.0,2.0,3.0,8.0,0.0,6.0
176,47,treino,8,3 15 18 30,30,P,3.0,1.0,7.0,1.0,1.0,1.0,2.0,0.0,1.0,0.0,5.0,0.0,0.0,0.0,0.0,0.0,399.0
176,23,treino,16 18 20 22 26 27 28 31,0 2 3 7 8 10 14 15,,P,8.0,0.0,11.0,2.0,1.0,3.0,6.0,2.0,8.0,0.0,12.0,2.0,3.0,2.0,7.0,1.0,89.0
176,17,treino,9 16 20 23 26 27 28 30 31,0 1 2 3 7 8 10 11,,P,8.0,0.0,7.0,1.0,2.0,4.0,5.0,0.0,9.0,0.0,14.0,1.0,3.0,3.0,7.0,0.0,-6.0
176,53,treino,6,3 15 30 31,6 30 31,P,2.0,2.0,3.0,0.0,1.0,1.0,0.0,0.0,0.0,1.0,0.0,0.0,0.0,0.0,0.0,0.0,398.0
176,43,treino,12 17,3 9 10 30,30,P,3.0,1.0,4.0,2.0,1.0,1.0,0.0,0.0,2.0,0.0,7.0,1.0,1.0,0.0,0.0,0.0,287.0
176,19,treino,9 16 20 22 23 27 28 30 31,0 2 3 5 7 8 10 11,,P,8.0,0.0,8.0,1.0,2.0,3.0,8.0,0.0,9.0,0.0,15.0,2.0,3.0,3.0,5.0,1.0,-15.0
176,24,treino,16 20 22 27 28 31,0 2 3 7 8 10 15 30,30,V,6.0,0.0,8.0,1.0,3.0,2.0,4.0,0.0,7.0,1.0,8.0,1.0,1.0,3.0,5.0,0.0,-89.0
176,21,treino,16 20 22 23 26 27 28 31,0 2 3 7 8 10 11 14,,P,8.0,0.0,10.0,2.0,2.0,3.0,6.0,0.0,8.0,0.0,11.0,1.0,3.0,2.0,7.0,0.0,4.0
176,26,treino,12 20 22 27 28 31,0 2 3 7 8 10 18 30,30,V,6.0,0.0,9.0,1.0,4.0,2.0,2.0,1.0,7.0,1.0,9.0,2.0,1.0,3.0,4.0,2.0,-64.0
176,48,treino,8,3 15 23 30,30,V,1.0,0.0,5.0,0.0,0.0,0.0,0.0,0.0,3.0,1.0,8.0,0.0,1.0,1.0,0.0,0.0,-405.0
176,63,treino,10,7 18 23 26,10 23 26,P,2.0,2.0,5.0,1.0,0.0,0.0,3.0,1.0,0.0,1.0,0.0,1.0,0.0,0.0,0.0,1.0,1600.0
176,10,treino,16 20 21 23 24 25 26 27 28 30 31,0 1 2 3 4 7 10 11 12 13 14,,V,11.0,0.0,13.0,1.0,3.0,3.0,11.0,0.0,11.0,0.0,15.0,3.0,4.0,4.0,8.0,1.0,91.0
176,55,treino,1,3 15 27 30,1 27 30,P,2.0,2.0,3.0,0.0,2.0,1.0,0.0,0.0,0.0,1.0,0.0,0.0,0.0,0.0,0.0,0.0,406.0
176,62,treino,6,7 18 23 26,6 23 26,V,0.0,1.0,0.0,0.0,0.0,0.0,0.0,0.0,2.0,2.0,5.0,1.0,0.0,0.0,3.0,0.0,-413.0
176,52,treino,1,3 15 30 31,1 30 31,V,0.0,1.0,0.0,0.0,0.0,0.0,0.0,0.0,2.0,2.0,3.0,0.0,1.0,1.0,0.0,0.0,-404.0
176,32,treino,20 24 27 31,3 7 9 14 30,30,V,4.0,0.0,4.0,0.0,2.0,1.0,4.0,0.0,4.0,1.0,6.0,2.0,1.0,1.0,4.0,0.0,-207.0
177,19,validacao,1 22 24 25 26 27 28 29 31,0 2 3 8 12 13 14,1,P,7.0,0.0,11.0,2.0,2.0,3.0,3.0,0.0,8.0,1.0,6.0,1.0,2.0,3.0,8.0,0.0,-278.0
177,34,validacao,20 22 23 24 27 28 31,5 8 12 18 30,30,V,7.0,0.0,8.0,1.0,3.0,2.0,6.0,1.0,4.0,1.0,10.0,1.0,1.0,0.0,3.0,1.0,247.0
177,24,validacao,17 22 23 24 25 27 28 29 31,5 7 8 12 13,17,V,8.0,1.0,7.0,2.0,2.0,3.0,9.0,0.0,5.0,0.0,10.0,1.0,1.0,0.0,4.0,0.0,506.0
177,40,validacao,4 15 19 24 27 28 31,13 30,30,V,7.0,0.0,15.0,0.0,4.0,2.0,6.0,0.0,1.0,1.0,3.0,1.0,0.0,0.0,0.0,0.0,567.0
177,17,validacao,1 22 24 25 27 28 29 30 31,0 2 3 4 12 13 14,1,P,7.0,0.0,10.0,2.0,3.0,3.0,2.0,0.0,8.0,1.0,5.0,1.0,2.0,4.0,8.0,0.0,-290.0
177,5,validacao,10 16 21 23 24 25 26 27 28 29 30 31,0 1 2 3 4 5 6 7 8 9 15,,P,11.0,0.0,11.0,1.0,2.0,4.0,10.0,0.0,12.0,0.0,16.0,2.0,2.0,4.0,11.0,1.0,-13.0
177,36,validacao,15 20 23 24 27 28 31,5 8 16 30,30,V,7.0,0.0,10.0,0.0,3.0,2.0,6.0,0.0,3.0,1.0,7.0,0.0,0.0,0.0,2.0,1.0,479.0
177,7,validacao,13 21 23 24 25 26 27 28 29 30 31,0 1 2 3 4 5 6 8 9 14 15,,P,11.0,0.0,13.0,2.0,2.0,4.0,9.0,0.0,11.0,0.0,12.0,2.0,2.0,4.0,10.0,1.0,92.0
177,4,validacao,16 17 21 23 24 25 26 27 28 29 30 31,0 1 2 3 4 5 6 7 8 9 14 15,,V,12.0,0.0,14.0,2.0,2.0,4.0,12.0,0.0,12.0,0.0,14.0,2.0,2.0,4.0,11.0,1.0,-6.0
177,32,validacao,20 22 23 27 28 29 31,5 8 12 14 30,30,V,7.0,0.0,7.0,1.0,3.0,3.0,3.0,0.0,4.0,1.0,9.0,1.0,1.0,0.0,3.0,0.0,146.0
177,37,validacao,4 15 23 24 27 28 31,5 30,30,P,1.0,1.0,1.0,0.0,0.0,0.0,0.0,0.0,7.0,0.0,14.0,0.0,3.0,2.0,5.0,0.0,-539.0
177,22,validacao,17 22 24 25 26 27 28 29 31,3 5 8 12 13,17,V,8.0,1.0,6.0,2.0,2.0,3.0,9.0,0.0,5.0,0.0,9.0,1.0,2.0,1.0,4.0,0.0,497.0
177,15,validacao,1 24 25 26 27 28 29 30 31,0 2 3 4 8 13 14,1,P,7.0,0.0,9.0,2.0,2.0,3.0,4.0,0.0,8.0,1.0,4.0,0.0,2.0,4.0,8.0,0.0,-273.0
177,8,validacao,21 23 24 25 26 27 28 29 30 31,0 1 2 3 4 5 6 8 14 15 16,,V,10.0,0.0,8.0,1.0,2.0,4.0,10.0,0.0,11.0,0.0,15.0,1.0,2.0,4.0,7.0,1.0,-20.0
177,10,validacao,12 23 24 25 26 27 28 29 30 31,0 1 2 3 4 6 8 9 14 15,,V,10.0,0.0,10.0,0.0,3.0,4.0,9.0,0.0,10.0,0.0,12.0,2.0,2.0,4.0,8.0,1.0,-20.0
177,18,validacao,1 22 24 25 27 28 29 30 31,0 2 3 8 12 13 14,1,V,8.0,1.0,5.0,1.0,2.0,4.0,8.0,0.0,7.0,0.0,11.0,2.0,2.0,3.0,3.0,0.0,405.0
177,26,validacao,17 21 22 23 24 27 28 29 31,5 7 8 12 16,17,V,8.0,1.0,8.0,3.0,2.0,3.0,9.0,1.0,5.0,0.0,11.0,0.0,1.0,0.0,4.0,0.0,529.0
177,41,validacao,4 15 19 20 27 28 31,13 30,30,P,1.0,1.0,3.0,1.0,0.0,0.0,0.0,0.0,7.0,0.0,16.0,0.0,5.0,2.0,4.0,0.0,-543.0
177,44,validacao,4 15 19 20 22 27 28,17,,V,7.0,0.0,18.0,1.0,5.0,1.0,2.0,1.0,1.0,0.0,4.0,1.0,0.0,0.0,0.0,1.0,1600.0
177,30,validacao,22 23 24 27 28 29 31,5 8 12 14 25,,V,7.0,0.0,6.0,1.0,2.0,3.0,6.0,0.0,5.0,0.0,15.0,1.0,1.0,0.0,3.0,0.0,316.0
177,23,validacao,17 22 23 24 25 27 28 29 31,3 5 8 12 13,17,P,5.0,0.0,9.0,1.0,2.0,1.0,4.0,0.0,8.0,1.0,7.0,2.0,2.0,3.0,9.0,0.0,-503.0
177,14,validacao,19 24 25 26 27 28 29 30 31,0 2 3 4 6 8 13 14 15,,V,9.0,0.0,7.0,0.0,3.0,4.0,8.0,0.0,9.0,0.0,13.0,2.0,2.0,3.0,6.0,1.0,263.0
177,20,validacao,1 22 24 25 26 27 28 29 31,0 3 6 8 12 13 14,1,V,8.0,1.0,6.0,1.0,2.0,3.0,8.0,0.0,7.0,0.0,12.0,2.0,2.0,2.0,3.0,1.0,498.0
177,29,validacao,10 22 23 24 27 28 29 31,5 7 8 12 25,10,P,5.0,0.0,13.0,0.0,1.0,0.0,3.0,1.0,7.0,1.0,6.0,2.0,2.0,3.0,6.0,1.0,-234.0
177,38,validacao,4 15 23 24 27 28 31,8 30,30,V,7.0,0.0,14.0,0.0,3.0,2.0,5.0,0.0,1.0,1.0,2.0,0.0,0.0,0.0,0.0,0.0,536.0
177,11,validacao,5 23 24 25 26 27 28 29 30 31,0 1 2 3 4 6 9 14 15,,P,9.0,0.0,10.0,2.0,2.0,4.0,7.0,0.0,10.0,0.0,12.0,0.0,2.0,4.0,9.0,1.0,-284.0
177,31,validacao,20 22 23 27 28 29 31,5 8 12 14 25,,P,5.0,0.0,15.0,1.0,1.0,0.0,3.0,0.0,7.0,0.0,7.0,1.0,3.0,3.0,3.0,0.0,-152.0
177,35,validacao,15 20 23 24 27 28 31,5 8 12 30,30,P,3.0,1.0,6.0,0.0,1.0,0.0,3.0,0.0,7.0,0.0,10.0,0.0,3.0,2.0,6.0,0.0,-259.0
177,39,validacao,4 15 19 24 27 28 31,8 30,30,P,1.0,1.0,2.0,0.0,0.0,0.0,0.0,0.0,7.0,0.0,15.0,0.0,4.0,2.0,6.0,0.0,-553.0
177,28,validacao,14 22 23 24 27 28 29 31,5 7 8 12 25,14,V,7.0,1.0,6.0,2.0,2.0,3.0,6.0,0.0,5.0,0.0,13.0,0.0,1.0,0.0,3.0,0.0,347.0
177,9,validacao,12 23 24 25 26 27 28 29 30 31,0 1 2 3 4 5 6 8 14 15,,P,10.0,0.0,11.0,1.0,2.0,4.0,7.0,0.0,10.0,0.0,10.0,0.0,3.0,4.0,9.0,0.0,20.0
177,13,validacao,19 24 25 26 27 28 29 30 31,0 2 3 4 6 8 9 14 15,,P,9.0,0.0,12.0,2.0,2.0,3.0,7.0,1.0,9.0,0.0,7.0,0.0,3.0,4.0,8.0,0.0,18.0
178,49,treino,4,7 18 30 31,4 30 31,P,2.0,2.0,5.0,1.0,0.0,0.0,0.0,0.0,0.0,1.0,0.0,0.0,1.0,0.0,0.0,0.0,410.0
178,63,treino,17,15 23 25 26,17 25 26,P,2.0,2.0,8.0,0.0,0.0,0.0,2.0,0.0,0.0,1.0,0.0,1.0,0.0,0.0,0.0,0.0,416.0
178,76,treino,31,26 27 30,27 30 31,V,0.0,1.0,0.0,0.0,0.0,1.0,0.0,0.0,1.0,2.0,6.0,0.0,1.0,0.0,2.0,1.0,-174.0
178,36,treino,0 15 18 24 27 29,2 3 7 12 31,0 31,V,5.0,1.0,9.0,1.0,1.0,1.0,4.0,0.0,4.0,1.0,4.0,0.0,2.0,2.0,3.0,0.0,117.0
178,17,treino,6 15 18 22 23 24 25 27 28 29,0 1 2 3 5 7 8 11,,P,8.0,0.0,6.0,0.0,2.0,4.0,8.0,0.0,10.0,0.0,20.0,2.0,2.0,2.0,9.0,1.0,98.0
178,56,treino,8,15 23 26 30,8 26 30,V,0.0,1.0,0.0,0.0,0.0,0.0,0.0,0.0,2.0,2.0,8.0,0.0,0.0,0.0,3.0,0.0,-419.0
178,46,treino,0 18,7 9 30 31,0 30 31,V,1.0,1.0,3.0,1.0,0.0,0.0,0.0,0.0,2.0,2.0,3.0,1.0,0.0,0.0,0.0,0.0,-283.0
178,51,treino,0,11 18 30 31,0 30 31,P,2.0,2.0,6.0,1.0,1.0,0.0,0.0,0.0,0.0,1.0,0.0,0.0,0.0,0.0,0.0,0.0,411.0
178,57,treino,13,15 23 26 30,13 26 30,P,2.0,2.0,8.0,0.0,0.0,0.0,3.0,0.0,0.0,1.0,0.0,1.0,0.0,0.0,0.0,0.0,419.0
178,34,treino,0 15 24 25 27 29,2 3 7 8 22 31,0 31,V,5.0,1.0,7.0,0.0,1.0,1.0,3.0,0.0,5.0,1.0,8.0,1.0,1.0,2.0,3.0,1.0,109.0
178,54,treino,4,11 23 26 30,4 26 30,V,0.0,1.0,0.0,0.0,1.0,0.0,0.0,0.0,2.0,2.0,7.0,0.0,1.0,0.0,3.0,0.0,-414.0
178,33,treino,0 15 24 25 27 29,2 3 7 8 18 31,0 31,P,5.0,1.0,7.0,1.0,1.0,2.0,3.0,0.0,5.0,1.0,7.0,0.0,1.0,1.0,3.0,0.0,18.0
178,68,treino,9,19 23 30 31,9 30 31,V,0.0,1.0,0.0,1.0,0.0,0.0,0.0,0.0,2.0,2.0,9.0,0.0,1.0,0.0,2.0,0.0,-415.0
178,71,treino,17,19 26 30 31,17 30 31,P,2.0,2.0,10.0,0.0,1.0,0.0,3.0,0.0,0.0,1.0,0.0,1.0,0.0,0.0,0.0,0.0,419.0
178,69,treino,14,19 23 30 31,14 30 31,P,2.0,2.0,9.0,0.0,1.0,0.0,2.0,0.0,0.0,1.0,0.0,1.0,0.0,0.0,0.0,0.0,415.0
178,52,treino,0,11 23 30 31,0 30 31,V,0.0,1.0,0.0,0.0,0.0,0.0,0.0,0.0,2.0,2.0,7.0,0.0,1.0,0.0,0.0,0.0,-413.0
178,8,treino,18 19 20 23 24 25 27 28 29 30 31,0 1 2 3 4 5 6 7 11 12 17,,V,11.0,0.0,13.0,1.0,4.0,4.0,11.0,0.0,11.0,0.0,13.0,1.0,4.0,4.0,9.0,0.0,23.0
178,10,treino,15 18 20 23 24 25 27 28 29 30 31,0 1 2 3 4 5 7 9 11 12 17,,V,11.0,0.0,14.0,1.0,3.0,4.0,11.0,0.0,11.0,0.0,14.0,2.0,4.0,4.0,9.0,0.0,15.0
178,14,treino,15 18 20 22 23 24 27 28 29 30,0 1 2 3 5 7 8 9 11 12,,V,10.0,0.0,15.0,2.0,3.0,3.0,9.0,0.0,10.0,0.0,11.0,1.0,3.0,4.0,10.0,0.0,20.0
178,67,treino,9,19 23 26 30,9 26 30,P,2.0,2.0,9.0,0.0,1.0,0.0,4.0,0.0,0.0,1.0,0.0,1.0,0.0,0.0,0.0,0.0,415.0
178,18,treino,18 22 24 25 27 28 29,0 2 3 5 7 8 11 26,,V,7.0,0.0,8.0,2.0,2.0,2.0,6.0,0.0,8.0,0.0,12.0,0.0,2.0,3.0,7.0,0.0,-117.0
178,45,treino,0 16 18 25,7 9 12 31,0 31,P,3.0,1.0,6.0,1.0,1.0,0.0,0.0,0.0,3.0,1.0,7.0,1.0,0.0,0.0,0.0,1.0,264.0
178,16,treino,15 18 20 22 23 24 25 27 28 29,0 1 2 3 5 7 8 9 11 16,,V,10.0,0.0,16.0,2.0,3.0,2.0,10.0,0.0,10.0,0.0,12.0,1.0,2.0,4.0,9.0,1.0,220.0
178,29,treino,12 15 24 25 27 29,2 3 4 7 8 14 31,31,P,6.0,1.0,7.0,1.0,2.0,2.0,5.0,1.0,6.0,0.0,11.0,0.0,2.0,1.0,3.0,0.0,192.0
178,15,treino,15 18 20 22 23 24 25 27 28 29,0 1 2 3 5 7 8 9 11 12,,P,10.0,0.0,11.0,1.0,3.0,4.0,10.0,0.0,10.0,0.0,16.0,2.0,3.0,2.0,10.0,0.0,12.0
178,44,treino,0 18 21 25,7 9 12 31,0 31,V,3.0,1.0,6.0,2.0,0.0,0.0,2.0,0.0,3.0,1.0,6.0,1.0,1.0,0.0,0.0,0.0,7.0
178,72,treino,17,23 26 30 31,17 30 31,V,0.0,1.0,0.0,1.0,0.0,0.0,0.0,0.0,2.0,2.0,11.0,0.0,0.0,0.0,4.0,0.0,-424.0
178,11,treino,15 18 20 22 23 24 27 28 29 30 31,0 1 2 3 4 5 7 9 11 12 17,,P,11.0,0.0,14.0,2.0,4.0,4.0,9.0,1.0,11.0,0.0,15.0,2.0,3.0,4.0,10.0,1.0,-15.0
178,77,treino,22,27 30,22 27 30,P,0.0,2.0,0.0,0.0,1.0,0.0,0.0,0.0,0.0,1.0,0.0,1.0,0.0,0.0,0.0,0.0,174.0
178,38,treino,0 15 18 21 27 29,3 6 7 12 31,0 31,V,5.0,1.0,10.0,2.0,1.0,1.0,2.0,0.0,4.0,1.0,5.0,0.0,2.0,1.0,2.0,0.0,115.0
178,21,treino,18 21 22 24 25 27 29,0 2 3 5 7 8 11 31,31,P,7.0,1.0,6.0,0.0,2.0,3.0,7.0,0.0,7.0,0.0,10.0,3.0,1.0,1.0,6.0,0.0,161.0
178,55,treino,8,11 23 26 30,8 26 30,P,2.0,2.0,7.0,0.0,1.0,0.0,3.0,0.0,0.0,1.0,0.0,0.0,0.0,0.0,0.0,0.0,408.0
179,21,validacao,2 18 22 24 25 26 27 28 30,0 1 3 7 11 13 16,2,P,7.0,0.0,10.0,1.0,2.0,3.0,5.0,0.0,8.0,1.0,9.0,2.0,2.0,2.0,7.0,0.0,-292.0
179,23,validacao,2 15 22 24 25 26 27 28 30,0 1 3 7 11 13 20,2,P,7.0,0.0,11.0,1.0,3.0,3.0,3.0,0.0,8.0,1.0,10.0,1.0,2.0,2.0,6.0,2.0,-6.0
179,17,validacao,2 18 24 25 26 27 28 30 31,0 1 3 7 9 11 13,2,P,7.0,0.0,8.0,2.0,2.0,3.0,5.0,0.0,8.0,1.0,7.0,1.0,2.0,3.0,7.0,0.0,-284.0
179,15,validacao,2 8 18 24 26 27 28 29 30 31,0 1 3 4 7 9 11,2,P,7.0,0.0,6.0,1.0,3.0,3.0,5.0,0.0,9.0,1.0,11.0,1.0,2.0,4.0,7.0,1.0,-287.0
179,25,validacao,2 15 22 23 25 27 28 30,0 1 3 7 11 13 29,2 29,P,6.0,1.0,6.0,1.0,2.0,3.0,3.0,0.0,7.0,1.0,10.0,1.0,2.0,2.0,5.0,1.0,-135.0
179,22,validacao,2 18 22 24 25 26 27 28 30,0 1 3 7 11 13 20,2,V,8.0,1.0,9.0,2.0,2.0,2.0,7.0,1.0,7.0,0.0,11.0,1.0,3.0,3.0,3.0,0.0,287.0
179,35,validacao,7 11 19 27 28 30,1 3 4 16 17,11 17,P,4.0,1.0,5.0,1.0,2.0,2.0,0.0,0.0,5.0,1.0,10.0,0.0,4.0,2.0,2.0,1.0,-9.0
179,44,validacao,19 22 27 28 30,4 24,22,V,4.0,1.0,4.0,1.0,3.0,2.0,0.0,0.0,2.0,0.0,7.0,0.0,1.0,0.0,0.0,1.0,512.0
179,28,validacao,11 22 23 25 27 28 30,1 3 4 13 18 29,11 29,V,6.0,1.0,6.0,1.0,3.0,2.0,5.0,0.0,5.0,1.0,8.0,2.0,2.0,2.0,0.0,1.0,222.0
179,8,validacao,16 17 23 24 25 26 27 28 29 30 31,0 1 3 4 5 6 7 8 11 13 15,,V,11.0,0.0,12.0,1.0,2.0,4.0,9.0,2.0,11.0,0.0,14.0,1.0,3.0,3.0,11.0,1.0,209.0
179,39,validacao,18 19 27 28 30,4 6 10 16 17,17 18,P,4.0,1.0,8.0,2.0,1.0,0.0,2.0,0.0,4.0,1.0,4.0,1.0,3.0,2.0,0.0,0.0,10.0
179,38,validacao,15 19 27 28 30,4 6 10 16 17,15 17,V,4.0,1.0,4.0,0.0,3.0,2.0,2.0,0.0,4.0,1.0,8.0,2.0,1.0,0.0,2.0,0.0,-23.0
179,6,validacao,17 20 23 24 25 26 27 28 29 30 31,0 1 3 4 5 6 7 8 9 11 15,,V,11.0,0.0,11.0,1.0,3.0,4.0,10.0,0.0,11.0,0.0,13.0,1.0,3.0,3.0,11.0,0.0,7.0
179,45,validacao,19 21 22 27 30,4,22,P,1.0,0.0,1.0,0.0,1.0,0.0,0.0,0.0,4.0,1.0,6.0,2.0,2.0,1.0,0.0,0.0,-521.0
179,47,validacao,17 19 21 27 30,8,17,P,1.0,0.0,2.0,0.0,0.0,0.0,0.0,0.0,4.0,1.0,6.0,2.0,2.0,1.0,2.0,0.0,-1600.0
179,16,validacao,2 18 24 26 27 28 29 30 31,0 1 3 7 9 11 13,2,V,8.0,1.0,6.0,1.0,2.0,4.0,7.0,0.0,7.0,0.0,8.0,2.0,2.0,3.0,5.0,0.0,282.0
179,9,validacao,2 17 23 24 25 26 27 28 29 30 31,0 1 3 4 5 7 8 11 15,2,P,9.0,0.0,10.0,0.0,3.0,3.0,9.0,0.0,10.0,1.0,9.0,1.0,2.0,4.0,9.0,0.0,-209.0
179,24,validacao,2 15 22 25 26 27 28 30,0 1 3 7 11 13 29,2 29,V,7.0,1.0,9.0,1.0,2.0,2.0,4.0,1.0,6.0,1.0,6.0,1.0,2.0,3.0,3.0,0.0,135.0
179,18,validacao,2 18 24 25 26 27 28 30 31,0 1 3 7 9 11 16,2,V,8.0,1.0,7.0,1.0,2.0,3.0,7.0,0.0,7.0,0.0,9.0,1.0,2.0,3.0,3.0,0.0,300.0
179,14,validacao,2 17 18 24 26 27 28 29 30 31,0 1 3 4 7 9 11 13,2,V,9.0,1.0,9.0,2.0,2.0,4.0,7.0,1.0,8.0,0.0,9.0,2.0,3.0,3.0,7.0,1.0,278.0
179,43,validacao,19 22 27 28 30,4 20,22,P,2.0,0.0,6.0,0.0,2.0,0.0,0.0,0.0,4.0,1.0,4.0,1.0,3.0,2.0,0.0,0.0,-396.0
179,5,validacao,17 20 23 24 25 26 27 28 29 30 31,0 1 2 3 4 5 7 8 9 11 15,,P,11.0,0.0,12.0,1.0,3.0,4.0,11.0,0.0,11.0,0.0,11.0,1.0,3.0,4.0,10.0,0.0,22.0
179,41,validacao,15 19 27 28 30,4 9 10 16 17,15 17,P,4.0,1.0,9.0,3.0,1.0,0.0,0.0,1.0,4.0,1.0,4.0,0.0,3.0,2.0,2.0,0.0,23.0
179,34,validacao,10 11 19 27 28 30,1 3 4 16 17,11 17,V,5.0,1.0,9.0,1.0,4.0,2.0,0.0,0.0,4.0,1.0,5.0,1.0,2.0,2.0,0.0,0.0,110.0
179,31,validacao,10 11 23 27 28 30,1 3 4 13 22,11 22,P,4.0,1.0,4.0,2.0,2.0,2.0,0.0,0.0,5.0,1.0,8.0,1.0,3.0,2.0,2.0,0.0,-109.0
179,30,validacao,11 15 23 27 28 30,1 3 4 13 22,11 22,V,5.0,1.0,7.0,0.0,3.0,2.0,4.0,0.0,4.0,1.0,4.0,2.0,2.0,2.0,0.0,0.0,108.0
179,11,validacao,2 17 18 24 25 26 27 28 29 30 31,0 1 3 4 7 8 9 11 15,2,P,9.0,0.0,11.0,1.0,3.0,3.0,7.0,0.0,10.0,1.0,10.0,2.0,2.0,4.0,8.0,1.0,-294.0
179,12,validacao,2 17 24 25 26 27 28 29 30 31,0 1 3 4 7 8 9 11 22,2,V,9.0,1.0,7.0,1.0,2.0,4.0,8.0,0.0,9.0,0.0,13.0,2.0,3.0,3.0,6.0,1.0,272.0
179,7,validacao,16 17 23 24 25 26 27 28 29 30 31,0 1 3 4 5 6 7 8 9 11 15,,P,11.0,0.0,13.0,1.0,3.0,3.0,11.0,0.0,11.0,0.0,12.0,1.0,2.0,4.0,9.0,0.0,131.0
179,46,validacao,19 21 22 27 30,8,22,V,4.0,1.0,6.0,2.0,2.0,1.0,0.0,0.0,1.0,0.0,2.0,0.0,0.0,0.0,0.0,0.0,516.0
179,26,validacao,2 22 23 25 27 28 30,0 1 3 7 13 18 29,2 29,V,6.0,1.0,6.0,1.0,2.0,2.0,5.0,0.0,6.0,1.0,8.0,2.0,1.0,3.0,2.0,2.0,225.0
179,13,validacao,2 17 18 24 26 27 28 29 30 31,0 1 3 4 7 8 9 11,2,P,8.0,0.0,8.0,1.0,3.0,3.0,6.0,0.0,9.0,1.0,9.0,2.0,2.0,4.0,7.0,0.0,-278.0
180,61,validacao,5 7,29 31,5 29 31,P,0.0,2.0,0.0,0.0,0.0,0.0,0.0,0.0,1.0,1.0,6.0,0.0,0.0,0.0,0.0,0.0,0.0
180,20,validacao,20 21 23 25 26 27 28 30,1 2 3 4 6 8 14 18 19,,V,8.0,0.0,9.0,1.0,3.0,2.0,6.0,0.0,9.0,0.0,15.0,2.0,3.0,3.0,7.0,0.0,-99.0
180,53,validacao,1 16 18,13 26,1,P,2.0,0.0,9.0,1.0,0.0,0.0,0.0,1.0,2.0,1.0,6.0,1.0,0.0,0.0,0.0,1.0,-63.0
180,79,validacao,3 6,18 29,3 6 18 29,P,0.0,2.0,0.0,1.0,0.0,0.0,0.0,0.0,0.0,2.0,0.0,0.0,1.0,0.0,0.0,0.0,-2.0
180,75,validacao,1 7,18 30,1 7 18 30,P,0.0,2.0,0.0,1.0,0.0,0.0,0.0,0.0,0.0,2.0,0.0,0.0,0.0,0.0,0.0,0.0,4.0
180,68,validacao,1 7,25 26,1 7 25 26,V,0.0,2.0,0.0,0.0,0.0,0.0,0.0,0.0,0.0,2.0,0.0,0.0,0.0,0.0,0.0,0.0,-6.0
180,11,validacao,10 20 25 26 27 28 29 30 31,0 1 2 3 4 6 7 11 19,,P,9.0,0.0,9.0,0.0,4.0,4.0,8.0,0.0,9.0,0.0,10.0,1.0,3.0,4.0,6.0,1.0,110.0
180,40,validacao,5 12 25 27 28,4 11 16,,V,5.0,0.0,12.0,0.0,3.0,1.0,0.0,0.0,3.0,0.0,7.0,0.0,2.0,0.0,0.0,0.0,278.0
180,64,validacao,2 5,29 31,2 5 29 31,V,0.0,2.0,0.0,0.0,0.0,0.0,0.0,0.0,0.0,2.0,0.0,0.0,0.0,0.0,0.0,0.0,4.0
180,34,validacao,12 13 14 15 27 28 30,2 4 6 7 9,,V,7.0,0.0,17.0,2.0,3.0,2.0,0.0,2.0,5.0,0.0,5.0,1.0,1.0,1.0,4.0,1.0,227.0
180,27,validacao,14 16 19 20 27 28 30,1 2 4 6 7 8,,P,6.0,0.0,5.0,0.0,1.0,2.0,6.0,0.0,7.0,0.0,13.0,1.0,4.0,2.0,2.0,0.0,-111.0
180,72,validacao,1 7,22 30,1 7 22 30,V,0.0,2.0,0.0,0.0,0.0,0.0,0.0,0.0,0.0,2.0,0.0,1.0,0.0,0.0,0.0,0.0,-6.0
180,76,validacao,1 7,18 25,1 7 18 25,V,0.0,2.0,0.0,0.0,0.0,0.0,0.0,0.0,0.0,2.0,0.0,1.0,0.0,0.0,0.0,0.0,-12.0
180,15,validacao,20 23 24 25 26 28 30 31,0 1 2 3 4 6 14 15 19,,P,9.0,0.0,12.0,1.0,3.0,4.0,7.0,0.0,8.0,0.0,7.0,0.0,2.0,3.0,8.0,0.0,132.0
180,63,validacao,2 5,25 31,2 5 25 31,P,0.0,2.0,0.0,0.0,0.0,0.0,0.0,0.0,0.0,2.0,0.0,0.0,0.0,0.0,0.0,0.0,0.0
180,38,validacao,5 12 27 28 30,4 7 16,,V,5.0,0.0,11.0,0.0,3.0,2.0,0.0,0.0,3.0,0.0,6.0,0.0,1.0,0.0,0.0,0.0,280.0
180,48,validacao,1 21 22 27,13 15,1,V,3.0,1.0,5.0,2.0,1.0,0.0,0.0,0.0,2.0,0.0,6.0,1.0,0.0,0.0,0.0,0.0,282.0
180,29,validacao,12 14 19 20 27 28 30,2 4 5 6 7 8,,P,6.0,0.0,6.0,0.0,1.0,1.0,6.0,0.0,7.0,0.0,14.0,1.0,5.0,2.0,0.0,0.0,-1.0
180,5,validacao,9 19 20 21 24 25 26 27 28 29 30 31,0 1 2 3 4 5 6 7 10 11 12,,P,11.0,0.0,11.0,1.0,4.0,4.0,10.0,0.0,12.0,0.0,16.0,2.0,4.0,4.0,10.0,1.0,3.0
180,66,validacao,1 2,25 31,1 2 25 31,V,0.0,2.0,0.0,0.0,0.0,0.0,0.0,0.0,0.0,2.0,0.0,0.0,0.0,0.0,0.0,0.0,0.0
180,74,validacao,6 7,18 30,6 7 18 30,V,0.0,2.0,0.0,0.0,0.0,0.0,0.0,0.0,0.0,2.0,0.0,1.0,0.0,0.0,0.0,0.0,6.0
180,85,validacao,7,2 29,2 7 29,P,0.0,2.0,0.0,0.0,0.0,1.0,0.0,0.0,0.0,1.0,0.0,0.0,0.0,0.0,0.0,1.0,1600.0
180,24,validacao,14 20 25 26 27 28 30,1 2 3 4 6 8 21 23,,V,7.0,0.0,9.0,1.0,3.0,2.0,3.0,0.0,8.0,0.0,14.0,1.0,2.0,3.0,5.0,2.0,14.0
180,62,validacao,5 7,25 31,5 25 31,V,1.0,1.0,6.0,0.0,0.0,0.0,0.0,0.0,0.0,2.0,0.0,0.0,0.0,0.0,0.0,0.0,-4.0
180,35,validacao,5 12 13 15 27 28 30,2 4 6 7,,P,4.0,0.0,3.0,0.0,1.0,1.0,3.0,0.0,7.0,0.0,19.0,1.0,3.0,2.0,0.0,0.0,-227.0
180,44,validacao,5 22 27 28,11 13 21,,V,4.0,0.0,9.0,1.0,2.0,1.0,0.0,0.0,3.0,0.0,10.0,2.0,1.0,0.0,0.0,0.0,156.0
180,60,validacao,5 11,29 31,5 29 31,V,1.0,1.0,5.0,0.0,1.0,0.0,0.0,0.0,0.0,2.0,0.0,0.0,0.0,0.0,0.0,0.0,-59.0
180,57,validacao,1 11,24 26,1,P,2.0,0.0,12.0,0.0,0.0,0.0,0.0,0.0,1.0,1.0,5.0,0.0,1.0,0.0,0.0,0.0,2.0
180,32,validacao,12 14 15 20 27 28 30,2 4 5 6 7 16,,V,7.0,0.0,15.0,1.0,4.0,2.0,0.0,0.0,6.0,0.0,8.0,0.0,1.0,1.0,3.0,1.0,112.0
180,49,validacao,1 21 22 23,13 15,1,P,2.0,0.0,6.0,1.0,0.0,0.0,0.0,0.0,3.0,1.0,6.0,2.0,0.0,0.0,0.0,0.0,-296.0
180,25,validacao,14 19 20 25 27 28 30,1 2 3 4 6 8 21,,P,7.0,0.0,9.0,1.0,2.0,3.0,5.0,1.0,7.0,0.0,11.0,1.0,4.0,2.0,2.0,0.0,-0.0
180,26,validacao,14 19 20 25 27 28 30,1 2 4 6 7 8 21,,V,7.0,0.0,11.0,1.0,4.0,2.0,2.0,0.0,7.0,0.0,10.0,1.0,1.0,2.0,6.0,1.0,102.0
181,64,treino,0 7,17 21 28,0 7 21 28,V,0.0,2.0,0.0,0.0,0.0,0.0,0.0,0.0,1.0,2.0,4.0,2.0,1.0,0.0,2.0,0.0,-127.0
181,67,treino,5 10,16 17 28,5 10 16 28,P,1.0,2.0,4.0,1.0,1.0,0.0,0.0,0.0,0.0,2.0,0.0,1.0,0.0,0.0,0.0,0.0,120.0
181,90,treino,3,5 16 21,3 5 16 21,V,0.0,1.0,0.0,0.0,1.0,0.0,0.0,0.0,0.0,3.0,0.0,1.0,0.0,0.0,2.0,0.0,-378.0
181,65,treino,0 10,17 21 28,0 10 21 28,P,1.0,2.0,4.0,2.0,1.0,0.0,2.0,0.0,0.0,2.0,0.0,1.0,0.0,0.0,0.0,0.0,125.0
181,97,treino,11,1 13 25,1 11 13 25,P,0.0,3.0,0.0,1.0,0.0,1.0,0.0,0.0,0.0,1.0,0.0,0.0,1.0,0.0,0.0,0.0,376.0
181,86,treino,5 7,12 16 24,5 7 12 16 24,V,0.0,2.0,0.0,0.0,0.0,0.0,0.0,0.0,0.0,3.0,0.0,0.0,1.0,0.0,2.0,0.0,-191.0
181,112,treino,16,6 29,6 16 29,V,0.0,1.0,0.0,0.0,0.0,0.0,0.0,0.0,0.0,2.0,0.0,0.0,0.0,0.0,0.0,0.0,-180.0
181,99,treino,7,1 17 25,1 7 17 25,P,0.0,3.0,0.0,1.0,0.0,1.0,0.0,0.0,0.0,1.0,0.0,0.0,0.0,0.0,0.0,0.0,376.0
181,30,treino,18 20 21 27 30 31,4 7 8 9 29,29,V,6.0,0.0,8.0,2.0,2.0,2.0,2.0,0.0,4.0,1.0,6.0,1.0,1.0,0.0,2.0,0.0,30.0
181,52,treino,10 12,17 20 30,30,V,2.0,0.0,9.0,1.0,1.0,0.0,0.0,0.0,2.0,1.0,9.0,1.0,1.0,0.0,0.0,0.0,-182.0
181,74,treino,0 10,12 20 21,0 10 12 20,V,0.0,2.0,0.0,1.0,0.0,0.0,0.0,0.0,1.0,2.0,5.0,1.0,2.0,0.0,0.0,0.0,-124.0
181,98,treino,11,1 17 25,1 11 17 25,V,0.0,1.0,0.0,0.0,1.0,0.0,0.0,0.0,0.0,3.0,0.0,1.0,0.0,1.0,0.0,0.0,-382.0
181,95,treino,15,1 16 25,1 15 16 25,P,0.0,3.0,0.0,0.0,0.0,1.0,0.0,0.0,0.0,1.0,0.0,0.0,0.0,0.0,0.0,0.0,370.0
181,76,treino,0 7,12 16 21,0 7 12 16,V,0.0,2.0,0.0,0.0,0.0,0.0,0.0,0.0,1.0,2.0,5.0,1.0,1.0,0.0,3.0,0.0,-123.0
181,47,treino,12 23 31,13 18 19 20 25,25,P,4.0,1.0,16.0,2.0,2.0,0.0,0.0,1.0,3.0,0.0,6.0,0.0,1.0,1.0,0.0,1.0,427.0
181,37,treino,16 21 23 26 31,4 9 13 19 29,29,P,4.0,1.0,10.0,2.0,2.0,0.0,2.0,0.0,5.0,0.0,8.0,1.0,0.0,1.0,5.0,1.0,188.0
181,13,treino,16 18 19 20 21 24 25 26 27 30 31,0 1 2 3 4 5 6 9 10 13,,P,10.0,0.0,10.0,3.0,2.0,4.0,9.0,0.0,11.0,0.0,17.0,2.0,3.0,2.0,9.0,0.0,-100.0
181,15,treino,12 18 19 20 21 24 25 26 27 30 31,0 1 2 3 4 6 8 9 10 13,,P,10.0,0.0,11.0,3.0,2.0,4.0,9.0,1.0,11.0,0.0,18.0,2.0,4.0,2.0,8.0,0.0,-82.0
181,100,treino,7,1 17 29,1 7 17 29,V,0.0,1.0,0.0,0.0,0.0,0.0,0.0,0.0,0.0,3.0,0.0,1.0,0.0,1.0,0.0,0.0,-364.0
181,51,treino,10 12,13 20 30,30,P,2.0,1.0,8.0,1.0,1.0,0.0,0.0,0.0,2.0,0.0,9.0,1.0,1.0,0.0,0.0,0.0,179.0
181,16,treino,12 18 19 20 21 24 25 26 27 30 31,0 1 2 3 4 6 8 9 10 17,,V,11.0,0.0,18.0,2.0,4.0,2.0,8.0,0.0,10.0,0.0,12.0,3.0,2.0,4.0,8.0,2.0,211.0
181,10,treino,16 19 20 21 24 25 26 27 29 30 31,0 1 2 3 4 5 6 7 9 13 22,,V,11.0,0.0,14.0,1.0,3.0,3.0,10.0,0.0,11.0,0.0,14.0,3.0,2.0,4.0,10.0,1.0,109.0
181,41,treino,14 21 26 31,8 9 19 20 29,29,P,4.0,1.0,13.0,1.0,2.0,0.0,0.0,1.0,4.0,0.0,7.0,2.0,0.0,1.0,2.0,1.0,307.0
181,22,treino,18 19 20 21 25 26 27 30 31,2 3 4 6 8 9 15,,V,9.0,0.0,13.0,2.0,3.0,2.0,6.0,1.0,7.0,0.0,9.0,1.0,2.0,2.0,5.0,1.0,504.0
181,85,treino,5 7,12 16 29,5 7 12 16 29,P,0.0,3.0,0.0,0.0,1.0,0.0,2.0,0.0,0.0,2.0,0.0,0.0,0.0,0.0,0.0,0.0,182.0
181,137,treino,21,14 15,14 15 21,P,0.0,2.0,0.0,1.0,0.0,0.0,0.0,0.0,0.0,1.0,0.0,1.0,0.0,0.0,0.0,0.0,198.0
181,59,treino,0 7,17 26 28,0 26 28,P,1.0,2.0,4.0,1.0,1.0,0.0,0.0,0.0,1.0,1.0,6.0,0.0,0.0,0.0,0.0,0.0,130.0
181,88,treino,3 5,12 16 21,3 5 12 16 21,V,0.0,2.0,0.0,0.0,1.0,0.0,0.0,0.0,0.0,3.0,0.0,1.0,1.0,0.0,3.0,0.0,-186.0
181,115,treino,16,2 29,2 16 29,P,0.0,2.0,0.0,0.0,0.0,1.0,0.0,0.0,0.0,1.0,0.0,0.0,0.0,0.0,0.0,0.0,178.0
181,39,treino,18 21 26 31,4 9 19 20 29,29,P,4.0,1.0,12.0,1.0,3.0,0.0,0.0,0.0,4.0,0.0,6.0,2.0,0.0,1.0,2.0,0.0,191.0
181,17,treino,5 12 18 19 20 24 25 26 27 30 31,0 1 2 3 4 6 8 10,,P,8.0,0.0,6.0,1.0,2.0,4.0,7.0,0.0,11.0,0.0,22.0,1.0,4.0,2.0,7.0,1.0,-211.0
181,105,treino,10,1 17 29,1 10 17 29,P,0.0,3.0,0.0,1.0,0.0,1.0,0.0,0.0,0.0,1.0,0.0,1.0,0.0,0.0,0.0,0.0,370.0
182,8,treino,19 21 24 25 26 27 28 29 30 31,0 1 2 3 5 6 7 11 12 15 20,,V,10.0,0.0,9.0,1.0,3.0,4.0,9.0,0.0,11.0,0.0,16.0,0.0,4.0,4.0,9.0,1.0,-122.0
182,39,treino,4 19 23 27,0 2 6 7 10 15 21 24,21 24,P,6.0,2.0,7.0,2.0,0.0,2.0,7.0,0.0,4.0,0.0,12.0,0.0,3.0,0.0,3.0,0.0,701.0
182,48,treino,4 14 19,0 2 6 10 17 20 25,20 25,V,3.0,0.0,13.0,1.0,2.0,0.0,0.0,0.0,5.0,2.0,7.0,2.0,1.0,2.0,3.0,1.0,-564.0
182,38,treino,4 19 26 27,0 2 6 7 10 15 21 24,21 24,V,4.0,0.0,11.0,0.0,3.0,0.0,0.0,0.0,6.0,2.0,7.0,2.0,0.0,2.0,7.0,0.0,-580.0
182,9,treino,10 21 24 25 26 27 28 29 30 31,0 1 2 3 5 6 7 11 12 20,,P,10.0,0.0,13.0,0.0,4.0,4.0,8.0,0.0,10.0,0.0,11.0,2.0,2.0,4.0,9.0,1.0,113.0
182,5,treino,8 16 21 23 24 25 26 27 28 29 30 31,0 1 2 3 4 5 6 7 10 11 12,,P,11.0,0.0,11.0,1.0,4.0,4.0,10.0,0.0,12.0,0.0,16.0,1.0,2.0,4.0,11.0,1.0,113.0
182,26,treino,12 23 27 28 29 31,0 2 6 7 10 11 20 21,,V,6.0,0.0,7.0,0.0,3.0,3.0,3.0,0.0,8.0,0.0,16.0,2.0,2.0,2.0,5.0,0.0,-243.0
182,35,treino,4 19 27 31,0 2 6 7 10 11 24 25,24 25,P,6.0,2.0,6.0,1.0,1.0,2.0,5.0,0.0,4.0,0.0,10.0,0.0,3.0,1.0,2.0,0.0,574.0
182,21,treino,12 17 24 26 27 28 29 31,0 2 6 7 9 10 11 14 20,,P,9.0,0.0,16.0,3.0,2.0,2.0,7.0,0.0,8.0,0.0,10.0,1.0,3.0,3.0,6.0,1.0,121.0
182,43,treino,4 19 23,0 2 6 7 17 21 24,21 24,P,5.0,2.0,6.0,2.0,0.0,2.0,6.0,0.0,3.0,0.0,11.0,0.0,2.0,0.0,2.0,0.0,579.0
182,6,treino,21 23 24 25 26 27 28 29 30 31,0 1 2 3 5 6 7 10 11 12 20,,V,10.0,0.0,8.0,1.0,2.0,4.0,10.0,0.0,11.0,0.0,15.0,1.0,4.0,4.0,9.0,0.0,-120.0
182,31,treino,12 19 27 31,0 2 6 7 10 11 29 30,29 30,P,6.0,2.0,6.0,1.0,1.0,2.0,5.0,0.0,4.0,0.0,8.0,0.0,3.0,1.0,2.0,0.0,574.0
182,49,treino,4 7 19,0 2 6 17 20 25,20 25,P,4.0,2.0,5.0,1.0,1.0,2.0,2.0,0.0,3.0,0.0,15.0,0.0,2.0,0.0,0.0,1.0,1600.0
182,22,treino,12 24 26 27 28 29 31,0 2 6 7 9 10 11 20 21,,V,7.0,0.0,7.0,0.0,3.0,3.0,6.0,0.0,9.0,0.0,18.0,3.0,2.0,2.0,6.0,1.0,-140.0
182,41,treino,4 14 19 27,0 2 6 7 10 21 24,21 24,P,5.0,2.0,4.0,2.0,0.0,2.0,6.0,0.0,4.0,0.0,14.0,1.0,3.0,0.0,0.0,1.0,573.0
182,28,treino,12 23 27 28 31,0 2 6 7 10 11 20 30,30,V,5.0,0.0,7.0,0.0,3.0,2.0,3.0,0.0,7.0,1.0,11.0,1.0,2.0,2.0,5.0,0.0,-406.0
182,19,treino,12 22 24 26 27 28 29 31,0 1 2 7 9 10 11 14 20,,P,9.0,0.0,15.0,3.0,2.0,3.0,6.0,0.0,8.0,0.0,9.0,1.0,3.0,3.0,7.0,0.0,124.0
182,51,treino,4 15,0 6 11 17 20 25,20 25,P,4.0,2.0,7.0,1.0,2.0,1.0,0.0,0.0,2.0,0.0,10.0,0.0,1.0,0.0,0.0,1.0,1600.0
182,17,treino,12 22 24 27 28 29 30 31,0 1 2 6 7 9 11 14 20,,P,9.0,0.0,14.0,2.0,2.0,3.0,7.0,0.0,8.0,0.0,8.0,1.0,3.0,4.0,5.0,0.0,125.0
182,11,treino,21 22 24 25 27 28 29 30 31,0 1 2 3 5 6 11 12 14 20,,P,10.0,0.0,15.0,1.0,4.0,4.0,5.0,0.0,9.0,0.0,7.0,2.0,2.0,4.0,9.0,0.0,120.0
182,14,treino,22 24 25 27 28 29 30 31,0 1 2 5 6 7 11 14 20 21,,V,8.0,0.0,5.0,1.0,2.0,4.0,8.0,0.0,10.0,0.0,18.0,2.0,2.0,3.0,7.0,1.0,96.0
182,30,treino,12 23 27 31,0 2 6 7 10 11 29 30,29 30,V,4.0,0.0,7.0,0.0,2.0,1.0,3.0,0.0,6.0,2.0,6.0,1.0,1.0,2.0,5.0,0.0,-575.0
182,46,treino,4 18 19,0 2 6 10 17 24 25,24 25,V,3.0,0.0,12.0,1.0,2.0,0.0,0.0,0.0,5.0,2.0,7.0,2.0,0.0,2.0,3.0,0.0,-576.0
182,34,treino,8 19 27 31,0 2 6 7 10 11 24 25,24 25,V,4.0,0.0,9.0,0.0,2.0,1.0,2.0,0.0,6.0,2.0,6.0,1.0,1.0,2.0,5.0,0.0,-575.0
182,27,treino,12 23 25 27 28 31,0 2 6 7 10 11 20 21,,P,8.0,0.0,16.0,2.0,2.0,2.0,5.0,1.0,6.0,0.0,8.0,0.0,3.0,2.0,3.0,1.0,396.0
182,24,treino,12 17 26 27 28 29 31,0 2 6 7 10 11 14 20,,V,7.0,0.0,9.0,1.0,3.0,3.0,3.0,1.0,8.0,0.0,14.0,2.0,2.0,2.0,6.0,0.0,-141.0
182,29,treino,12 23 24 27 31,0 2 6 7 10 11 20 30,30,P,7.0,1.0,11.0,1.0,2.0,2.0,5.0,0.0,5.0,0.0,8.0,0.0,2.0,1.0,3.0,1.0,565.0
182,32,treino,12 19 27 31,0 2 6 7 10 11 25 29,25 29,V,4.0,0.0,8.0,0.0,3.0,1.0,2.0,0.0,6.0,2.0,6.0,1.0,1.0,2.0,7.0,0.0,-580.0
182,20,treino,12 22 24 26 27 28 29 31,0 2 6 7 9 10 11 14 20,,V,8.0,0.0,9.0,1.0,3.0,3.0,7.0,0.0,9.0,0.0,16.0,3.0,2.0,2.0,7.0,0.0,-121.0
182,4,treino,16 17 21 23 24 25 26 27 28 29 30 31,0 1 2 3 4 5 6 7 10 11 12 13,,V,12.0,0.0,14.0,2.0,2.0,4.0,12.0,2.0,12.0,0.0,14.0,2.0,4.0,4.0,10.0,1.0,-7.0
182,37,treino,4 19 26 27,0 2 6 7 10 11 21 24,21 24,P,6.0,2.0,6.0,2.0,1.0,2.0,7.0,0.0,4.0,0.0,11.0,0.0,3.0,0.0,0.0,0.0,576.0
182,10,treino,21 24 25 26 27 28 29 30 31,0 1 2 3 5 6 11 12 14 20,,V,9.0,0.0,6.0,1.0,2.0,4.0,9.0,0.0,10.0,0.0,15.0,1.0,4.0,4.0,5.0,0.0,-111.0
183,14,treino,11 17 20 21 23 24 25 27 29 31,0 1 2 3 4 5 6 7 13,,V,10.0,0.0,17.0,2.0,3.0,2.0,9.0,1.0,9.0,0.0,7.0,1.0,2.0,4.0,8.0,1.0,123.0
183,33,treino,6 11 16 19 22 26 27,0 2 4 7 10 14,,P,6.0,0.0,7.0,2.0,1.0,2.0,6.0,0.0,7.0,0.0,21.0,1.0,3.0,0.0,2.0,1.0,-163.0
183,77,treino,1 9 11 19 23,24,1 23 24,P,0.0,1.0,0.0,0.0,0.0,0.0,0.0,0.0,3.0,2.0,13.0,1.0,2.0,0.0,2.0,0.0,-535.0
183,90,treino,1 2 14,11,1 2 11 14,V,0.0,3.0,0.0,1.0,0.0,0.0,0.0,0.0,0.0,1.0,0.0,0.0,1.0,0.0,0.0,0.0,1600.0
183,85,treino,1 7 9 14 15,16,1 14 16,P,0.0,1.0,0.0,0.0,0.0,0.0,0.0,0.0,3.0,2.0,15.0,2.0,0.0,0.0,2.0,0.0,-605.0
183,13,treino,11 17 20 21 23 24 25 27 29 31,0 1 2 3 4 5 6 7 8,,P,9.0,0.0,6.0,0.0,2.0,4.0,9.0,0.0,10.0,0.0,17.0,2.0,3.0,2.0,9.0,0.0,-123.0
183,57,treino,9 10 14 15 27,16 24,9 10 24,P,1.0,1.0,4.0,0.0,0.0,0.0,0.0,0.0,3.0,2.0,9.0,3.0,1.0,0.0,4.0,0.0,-414.0
183,74,treino,1 9 14 15 19,18 28,1 14 18 28,V,3.0,2.0,12.0,2.0,1.0,0.0,4.0,1.0,0.0,2.0,0.0,1.0,1.0,0.0,0.0,1.0,533.0
183,42,treino,2 6 16 18 19 27,4 10 12,2,V,5.0,1.0,16.0,1.0,2.0,0.0,2.0,1.0,3.0,0.0,6.0,1.0,2.0,0.0,0.0,0.0,424.0
183,79,treino,1 7 9 19 23,28,1 23 28,P,0.0,1.0,0.0,0.0,1.0,0.0,0.0,0.0,3.0,2.0,14.0,1.0,1.0,0.0,2.0,0.0,-600.0
183,56,treino,6 10 14 15 27,16 24,6 10 24,V,3.0,2.0,9.0,2.0,1.0,0.0,4.0,0.0,1.0,1.0,4.0,0.0,0.0,0.0,0.0,0.0,412.0
183,64,treino,1 10 14 15 23,20 29,1 10 29,V,3.0,2.0,10.0,2.0,0.0,0.0,3.0,0.0,1.0,1.0,5.0,0.0,1.0,0.0,0.0,0.0,419.0
183,4,treino,17 20 21 22 23 25 26 27 28 29 30 31,0 1 2 3 4 5 6 7 8 9 10 19,,V,12.0,0.0,14.0,3.0,3.0,4.0,10.0,0.0,12.0,0.0,14.0,2.0,3.0,4.0,11.0,0.0,-7.0
183,39,treino,2 6 16 19 23 27,0 8 10,2,P,3.0,0.0,4.0,1.0,0.0,1.0,0.0,0.0,5.0,1.0,15.0,0.0,2.0,0.0,5.0,0.0,-426.0
183,72,treino,5 9 14 15 19,22 28,5 14 22 28,V,3.0,2.0,12.0,2.0,1.0,0.0,5.0,0.0,0.0,2.0,0.0,1.0,1.0,0.0,0.0,0.0,365.0
183,19,treino,11 16 23 24 27 29 31,0 1 2 3 4 6 7 30,30,P,7.0,1.0,3.0,0.0,2.0,4.0,7.0,0.0,7.0,0.0,12.0,0.0,2.0,2.0,5.0,0.0,164.0
183,69,treino,5 9 10 15 19,28 29,5 10 28 29,P,0.0,2.0,0.0,0.0,1.0,0.0,0.0,0.0,3.0,2.0,12.0,2.0,1.0,0.0,5.0,0.0,-357.0
183,95,treino,2 6 14,11,2 6 11 14,P,0.0,1.0,0.0,0.0,1.0,0.0,0.0,0.0,0.0,3.0,0.0,1.0,0.0,0.0,2.0,0.0,-1600.0
183,96,treino,2 6 14,7,2 6 7 14,V,0.0,3.0,0.0,1.0,0.0,0.0,2.0,0.0,0.0,1.0,0.0,0.0,0.0,0.0,0.0,1.0,1600.0
183,11,treino,17 18 20 21 23 24 25 27 29 31,0 1 2 3 4 5 6 7 8 10,,P,10.0,0.0,8.0,1.0,2.0,4.0,10.0,0.0,10.0,0.0,15.0,3.0,2.0,2.0,10.0,0.0,-4.0
183,46,treino,2 6 18 19 27,4 10 24,2 6,V,3.0,2.0,7.0,1.0,2.0,0.0,2.0,0.0,3.0,0.0,9.0,1.0,1.0,0.0,0.0,1.0,413.0
183,65,treino,1 9 10 15 23,20 29,1 10 29,P,1.0,1.0,5.0,0.0,1.0,0.0,0.0,0.0,3.0,2.0,11.0,2.0,0.0,0.0,2.0,0.0,-419.0
183,48,treino,2 15 18 19 27,8 24,2 15,V,3.0,2.0,7.0,1.0,2.0,0.0,3.0,0.0,2.0,0.0,8.0,0.0,0.0,0.0,0.0,0.0,416.0
183,12,treino,17 18 20 21 23 24 25 27 29 31,0 1 2 3 4 5 6 7 8 15,,V,10.0,0.0,15.0,3.0,2.0,2.0,10.0,1.0,10.0,0.0,9.0,0.0,2.0,4.0,9.0,1.0,123.0
183,41,treino,2 6 16 18 19 27,4 8 10,2,P,3.0,0.0,5.0,1.0,1.0,0.0,2.0,0.0,5.0,1.0,16.0,1.0,2.0,0.0,2.0,0.0,-425.0
183,50,treino,6 15 18 19 27,8 29,6 15 29,V,3.0,2.0,7.0,1.0,2.0,0.0,3.0,0.0,1.0,1.0,2.0,0.0,0.0,0.0,0.0,0.0,415.0
183,88,treino,1 7 14,15,1 14 15,V,1.0,2.0,6.0,1.0,0.0,0.0,0.0,0.0,0.0,1.0,0.0,0.0,0.0,0.0,0.0,0.0,1600.0
183,66,treino,1 9 10 15 23,24 29,1 10 29,V,3.0,2.0,11.0,2.0,0.0,0.0,2.0,0.0,1.0,1.0,6.0,0.0,0.0,0.0,2.0,0.0,361.0
183,32,treino,11 13 16 19 22 26 27,0 2 4 7 9 10 14,,V,7.0,0.0,19.0,2.0,3.0,0.0,4.0,0.0,7.0,0.0,9.0,3.0,1.0,2.0,7.0,1.0,163.0
183,53,treino,6 10 15 18 27,12 29,6 10 29,P,1.0,1.0,3.0,0.0,1.0,0.0,0.0,0.0,3.0,2.0,8.0,2.0,1.0,0.0,4.0,0.0,-422.0
183,37,treino,2 6 16 19 26 27,0 4 10,2,P,3.0,0.0,3.0,1.0,1.0,1.0,2.0,0.0,5.0,1.0,14.0,0.0,2.0,0.0,2.0,0.0,-458.0
183,16,treino,11 20 21 23 24 25 27 29 31,0 1 2 3 4 6 7 12,,V,9.0,0.0,14.0,1.0,3.0,2.0,8.0,0.0,8.0,0.0,6.0,0.0,3.0,4.0,7.0,0.0,125.0
184,35,treino,10 18 27 31,0 4 6 7 12 20 22,20,P,6.0,1.0,11.0,1.0,3.0,1.0,2.0,2.0,4.0,0.0,9.0,2.0,1.0,1.0,2.0,1.0,513.0
184,37,treino,2 27 31,0 4 12 20 22,2 20,P,4.0,1.0,9.0,1.0,3.0,1.0,2.0,0.0,2.0,1.0,1.0,0.0,1.0,1.0,2.0,0.0,241.0
184,31,treino,14 18 22 27 31,0 3 4 6 12 13 20,20,P,6.0,1.0,8.0,1.0,4.0,2.0,2.0,0.0,5.0,0.0,10.0,3.0,1.0,1.0,5.0,0.0,289.0
184,70,treino,5,13 21 25,5 21 25,V,0.0,1.0,0.0,0.0,0.0,0.0,0.0,0.0,1.0,2.0,3.0,2.0,0.0,0.0,2.0,0.0,-313.0
184,9,treino,13 17 23 25 26 27 28 29 30 31,0 1 2 3 4 5 6 7 11 12,,P,10.0,0.0,9.0,0.0,4.0,4.0,9.0,0.0,10.0,0.0,12.0,2.0,2.0,4.0,9.0,0.0,96.0
184,15,treino,17 21 23 25 26 27 28 30 31,0 2 3 4 7 8 10 11 12,,P,9.0,0.0,11.0,1.0,4.0,3.0,9.0,0.0,9.0,0.0,10.0,2.0,2.0,3.0,8.0,0.0,14.0
184,13,treino,17 23 24 25 26 27 28 30 31,0 2 3 4 5 7 10 11 12,,P,9.0,0.0,10.0,1.0,4.0,3.0,8.0,0.0,9.0,0.0,9.0,1.0,2.0,3.0,8.0,0.0,7.0
184,23,treino,18 21 23 25 26 27 28 31,0 3 4 6 8 12 14 15,,P,8.0,0.0,13.0,1.0,3.0,2.0,4.0,2.0,8.0,0.0,10.0,2.0,2.0,2.0,7.0,1.0,288.0
184,61,treino,6,13 21 30,21 30,P,1.0,2.0,3.0,2.0,0.0,0.0,0.0,0.0,1.0,0.0,6.0,0.0,0.0,0.0,0.0,0.0,310.0
184,36,treino,18 27 31,0 4 7 12 15 20 22,20,V,3.0,0.0,4.0,1.0,1.0,1.0,2.0,0.0,6.0,1.0,13.0,1.0,3.0,1.0,2.0,1.0,-241.0
184,79,treino,10,16 21 29,10 21 29,P,1.0,2.0,4.0,1.0,0.0,0.0,2.0,0.0,0.0,1.0,0.0,1.0,0.0,0.0,0.0,0.0,301.0
184,24,treino,21 23 26 27 28 31,0 3 4 6 8 12 14 29,29,V,6.0,0.0,6.0,1.0,2.0,2.0,4.0,0.0,7.0,1.0,10.0,1.0,3.0,2.0,4.0,0.0,-308.0
184,75,treino,10,16 24 25,10 24 25,P,1.0,2.0,4.0,0.0,0.0,0.0,0.0,0.0,0.0,1.0,0.0,1.0,0.0,0.0,0.0,0.0,304.0
184,66,treino,6,13 20 25,6 20 25,V,0.0,1.0,0.0,0.0,0.0,0.0,0.0,0.0,1.0,2.0,3.0,1.0,1.0,0.0,0.0,0.0,-297.0
184,19,treino,21 22 23 26 27 28 30 31,0 2 3 4 8 11 12 14,,P,8.0,0.0,11.0,1.0,4.0,3.0,4.0,0.0,8.0,0.0,8.0,2.0,2.0,3.0,6.0,0.0,-13.0
184,18,treino,21 23 25 26 27 28 30 31,0 2 3 4 8 11 12 14,,V,8.0,0.0,7.0,1.0,2.0,3.0,7.0,0.0,8.0,0.0,11.0,1.0,4.0,3.0,4.0,0.0,6.0
184,60,treino,10,13 21 30,21 30,V,1.0,0.0,5.0,1.0,0.0,0.0,0.0,0.0,1.0,2.0,3.0,2.0,0.0,0.0,0.0,0.0,-372.0
184,10,treino,13 17 23 25 26 27 28 29 30 31,0 1 2 3 4 5 7 9 11 12,,V,10.0,0.0,12.0,2.0,2.0,4.0,9.0,1.0,10.0,0.0,10.0,1.0,4.0,4.0,9.0,1.0,-9.0
184,40,treino,2 22 27,4 5 12 20,2 20,V,2.0,1.0,3.0,1.0,1.0,0.0,0.0,0.0,3.0,1.0,5.0,0.0,3.0,0.0,0.0,0.0,-113.0
184,42,treino,6 22 27,4 8 12 20,6 20,V,2.0,1.0,3.0,1.0,1.0,0.0,0.0,0.0,3.0,1.0,6.0,0.0,3.0,0.0,3.0,0.0,-114.0
184,5,treino,16 17 20 23 25 26 27 28 29 30 31,0 1 2 3 4 5 6 7 8 9 11,,P,11.0,0.0,10.0,1.0,3.0,4.0,11.0,0.0,11.0,0.0,13.0,1.0,3.0,4.0,9.0,0.0,13.0
184,49,treino,13 27,4 21 24,24,P,2.0,1.0,6.0,1.0,1.0,0.0,2.0,0.0,2.0,0.0,5.0,1.0,1.0,0.0,0.0,0.0,182.0
184,20,treino,21 22 23 26 27 28 30 31,0 3 4 6 8 11 12 14,,V,8.0,0.0,8.0,2.0,2.0,3.0,6.0,0.0,8.0,0.0,12.0,1.0,4.0,2.0,4.0,0.0,16.0
184,12,treino,17 23 25 26 27 28 29 30 31,0 2 3 4 5 7 10 11 12,,V,9.0,0.0,8.0,1.0,2.0,4.0,7.0,0.0,9.0,0.0,10.0,1.0,4.0,3.0,8.0,0.0,-3.0
184,53,treino,13 18,4 25 29,29,P,2.0,1.0,7.0,0.0,1.0,0.0,2.0,0.0,2.0,0.0,7.0,2.0,0.0,0.0,0.0,0.0,229.0
184,76,treino,10,16 24 29,10 24 29,V,0.0,1.0,0.0,1.0,0.0,0.0,0.0,0.0,1.0,2.0,4.0,0.0,0.0,0.0,2.0,0.0,-304.0
184,83,treino,18,16 21 22,18 21 22,P,1.0,2.0,4.0,2.0,0.0,0.0,2.0,1.0,0.0,1.0,0.0,1.0,0.0,0.0,0.0,1.0,1600.0
184,30,treino,14 22 23 27 31,0 3 4 6 12 13 20,20,V,5.0,0.0,9.0,2.0,1.0,1.0,3.0,0.0,6.0,1.0,8.0,1.0,4.0,2.0,2.0,0.0,-284.0
184,69,treino,5,13 24 25,5 24 25,P,1.0,2.0,3.0,1.0,0.0,0.0,0.0,0.0,0.0,1.0,0.0,0.0,0.0,0.0,0.0,0.0,292.0
184,39,treino,2 22 27,0 4 12 20,2 20,P,3.0,1.0,4.0,0.0,3.0,1.0,2.0,0.0,2.0,1.0,3.0,1.0,1.0,0.0,0.0,0.0,115.0
184,8,treino,17 20 23 25 26 27 28 29 30 31,0 1 2 3 4 5 6 7 11 12 16,,V,10.0,0.0,10.0,1.0,3.0,4.0,7.0,0.0,11.0,0.0,13.0,0.0,4.0,4.0,11.0,1.0,-9.0
184,71,treino,1,13 21 25,1 21 25,P,1.0,2.0,3.0,2.0,0.0,0.0,2.0,0.0,0.0,1.0,0.0,0.0,0.0,0.0,0.0,0.0,313.0
185,56,validacao,1 2 7 8 15 20 23,24,1 2 7 24,V,4.0,3.0,13.0,0.0,1.0,0.0,2.0,0.0,0.0,1.0,0.0,0.0,0.0,0.0,0.0,0.0,816.0
185,21,validacao,3 22 23 24 27 28 29 30,0 2 4 6 8 9 15,3,P,7.0,0.0,9.0,1.0,1.0,2.0,6.0,0.0,7.0,1.0,6.0,1.0,3.0,3.0,5.0,0.0,-187.0
185,78,validacao,2 5 7 11 20,0,0 2 5 7,V,2.0,3.0,7.0,0.0,2.0,0.0,3.0,1.0,0.0,1.0,0.0,0.0,0.0,1.0,0.0,0.0,598.0
185,29,validacao,3 11 21 22 23 28 29 30,0 2 4 9 13 17,3,P,6.0,0.0,10.0,3.0,1.0,2.0,5.0,1.0,7.0,1.0,11.0,2.0,3.0,3.0,0.0,2.0,-186.0
185,30,validacao,3 11 22 23 28 29 30,0 2 4 9 13 24,3,V,6.0,1.0,9.0,1.0,3.0,3.0,0.0,0.0,6.0,0.0,12.0,2.0,1.0,2.0,4.0,1.0,283.0
185,55,validacao,1 2 7 8 15 20 23,29,1 2 7 29,P,0.0,1.0,0.0,0.0,0.0,0.0,0.0,0.0,4.0,3.0,13.0,0.0,1.0,0.0,2.0,0.0,-822.0
185,81,validacao,2 3 7 20,9,2 3 9,P,0.0,1.0,0.0,1.0,0.0,0.0,0.0,0.0,2.0,2.0,8.0,0.0,2.0,0.0,3.0,0.0,-408.0
185,59,validacao,2 6 7 8 10 20 23,29,2 6 7 29,P,0.0,1.0,0.0,0.0,0.0,0.0,0.0,0.0,4.0,3.0,14.0,1.0,1.0,0.0,4.0,0.0,-831.0
185,18,validacao,3 24 25 26 27 28 29 30,0 2 4 6 8 9 11,3,V,7.0,1.0,4.0,0.0,3.0,3.0,6.0,0.0,7.0,0.0,8.0,1.0,2.0,2.0,6.0,0.0,168.0
185,57,validacao,1 2 7 8 10 20 23,24,1 2 7 24,P,0.0,1.0,0.0,0.0,0.0,0.0,0.0,0.0,4.0,3.0,14.0,1.0,1.0,0.0,3.0,0.0,-826.0
185,41,validacao,1 2 3 21 23 24 26,8 9,1 2 3,P,2.0,0.0,4.0,1.0,0.0,0.0,0.0,0.0,4.0,3.0,6.0,1.0,1.0,0.0,4.0,0.0,-761.0
185,9,validacao,7 16 21 24 25 27 28 29 30 31,0 1 2 3 4 5 6 8 11,,P,9.0,0.0,7.0,0.0,3.0,4.0,7.0,0.0,10.0,0.0,14.0,1.0,2.0,4.0,9.0,1.0,-119.0
185,13,validacao,7 24 25 27 28 29 30 31,0 1 2 4 5 6 11,,P,7.0,0.0,5.0,0.0,2.0,3.0,6.0,0.0,8.0,0.0,9.0,0.0,2.0,4.0,7.0,0.0,-174.0
185,35,validacao,2 3 21 22 23 26 29,4 5 9 13,2 3,P,4.0,0.0,7.0,2.0,1.0,0.0,3.0,0.0,5.0,2.0,7.0,2.0,1.0,1.0,3.0,0.0,-467.0
185,6,validacao,16 17 21 23 24 25 27 28 29 30 31,0 1 2 3 4 5 6 8 9 10 11,,V,11.0,0.0,13.0,2.0,2.0,4.0,11.0,0.0,11.0,0.0,11.0,2.0,3.0,4.0,9.0,0.0,9.0
185,43,validacao,1 2 3 21 22 23 24,9 12,1 2 3,P,2.0,0.0,5.0,1.0,1.0,0.0,0.0,0.0,4.0,3.0,7.0,2.0,1.0,0.0,2.0,0.0,-774.0
185,12,validacao,21 24 25 27 28 29 30 31,0 1 2 4 5 6 10 11 17,,V,8.0,0.0,5.0,1.0,2.0,4.0,8.0,0.0,9.0,0.0,11.0,2.0,2.0,3.0,7.0,1.0,102.0
185,50,validacao,1 2 3 12 18 20 23,22,1 2 3,V,4.0,3.0,11.0,1.0,3.0,0.0,2.0,0.0,1.0,0.0,5.0,1.0,0.0,0.0,0.0,0.0,880.0
185,76,validacao,1 2 7 11 20,4,1 2 4 7,V,2.0,3.0,7.0,0.0,2.0,0.0,3.0,0.0,0.0,1.0,0.0,0.0,1.0,0.0,0.0,0.0,593.0
185,58,validacao,1 2 7 8 10 20 23,29,1 2 7 29,V,4.0,3.0,14.0,1.0,1.0,0.0,3.0,0.0,0.0,1.0,0.0,0.0,0.0,0.0,0.0,0.0,828.0
185,33,validacao,3 11 21 22 23 26 29,2 4 5 9 13,3,P,5.0,0.0,7.0,2.0,1.0,1.0,3.0,0.0,6.0,1.0,12.0,2.0,2.0,1.0,3.0,0.0,-300.0
185,61,validacao,2 6 7 8 10 18 20,24,2 6 7 24,P,0.0,1.0,0.0,0.0,0.0,0.0,0.0,0.0,4.0,3.0,15.0,2.0,1.0,0.0,4.0,0.0,-831.0
185,48,validacao,1 2 3 12 18 23 24,17,1 2 3,V,4.0,3.0,10.0,1.0,2.0,0.0,2.0,0.0,1.0,0.0,4.0,1.0,0.0,0.0,0.0,0.0,871.0
185,71,validacao,2 6 7 15 20,8,2 7 8,P,0.0,1.0,0.0,0.0,0.0,0.0,0.0,0.0,3.0,2.0,12.0,0.0,1.0,0.0,3.0,0.0,-580.0
185,4,validacao,16 21 23 24 25 26 27 28 29 30 31,0 1 2 3 4 5 6 7 8 9 11 22,,V,11.0,0.0,11.0,1.0,2.0,4.0,11.0,0.0,12.0,0.0,15.0,2.0,3.0,4.0,11.0,1.0,-113.0
185,64,validacao,2 3 6 8 10 18 20,17,2 3 6 17,V,4.0,3.0,15.0,2.0,2.0,0.0,3.0,0.0,0.0,1.0,0.0,1.0,0.0,0.0,0.0,0.0,814.0
185,62,validacao,2 6 7 8 10 18 20,21,2 6 7 21,V,4.0,3.0,15.0,2.0,1.0,0.0,4.0,0.0,0.0,1.0,0.0,1.0,0.0,0.0,0.0,0.0,831.0
185,65,validacao,2 3 6 8 10 15 20,17,2 3 6 17,P,0.0,1.0,0.0,1.0,0.0,0.0,0.0,0.0,4.0,3.0,16.0,1.0,2.0,0.0,4.0,0.0,-829.0
185,14,validacao,7 24 25 27 28 29 30 31,0 1 2 4 6 8 11,,V,8.0,0.0,9.0,0.0,2.0,4.0,7.0,0.0,7.0,0.0,6.0,0.0,2.0,3.0,6.0,0.0,105.0
185,84,validacao,2 3 7 16,10,2 3 10,V,2.0,2.0,9.0,0.0,1.0,0.0,3.0,0.0,0.0,1.0,0.0,1.0,0.0,0.0,0.0,0.0,421.0
185,83,validacao,2 3 7 16,14,2 3 14,P,0.0,1.0,0.0,1.0,0.0,0.0,0.0,0.0,2.0,2.0,9.0,0.0,1.0,0.0,3.0,0.0,-417.0
185,39,validacao,2 3 6 21 23 24 26,4 9,2 3,P,2.0,0.0,3.0,1.0,1.0,0.0,0.0,0.0,5.0,2.0,12.0,1.0,1.0,0.0,6.0,0.0,-758.0
186,49,treino,4 14 20 24 29,31,20 31,P,0.0,1.0,0.0,0.0,0.0,0.0,0.0,0.0,4.0,1.0,11.0,1.0,2.0,1.0,3.0,0.0,-514.0
186,22,treino,17 20 21 24 27 29 31,1 2 3 4 5 10 11 23,,V,7.0,0.0,9.0,2.0,2.0,2.0,7.0,0.0,8.0,0.0,11.0,1.0,3.0,3.0,2.0,1.0,9.0
186,59,treino,12 21 29,0,0 12,P,0.0,1.0,0.0,0.0,0.0,1.0,0.0,0.0,2.0,1.0,2.0,1.0,1.0,1.0,0.0,0.0,-221.0
186,19,treino,17 20 21 23 24 27 29 31,0 1 2 3 5 10 11 14,,P,8.0,0.0,8.0,2.0,2.0,4.0,5.0,0.0,8.0,0.0,11.0,2.0,2.0,2.0,8.0,0.0,-8.0
186,24,treino,17 18 20 21 24 29 31,1 2 3 4 5 11 14,,V,7.0,0.0,11.0,3.0,1.0,2.0,5.0,1.0,7.0,0.0,7.0,1.0,3.0,3.0,2.0,1.0,306.0
186,55,treino,0 12 14 24 29,18,0 12 18,P,0.0,1.0,0.0,1.0,0.0,0.0,0.0,0.0,3.0,2.0,5.0,1.0,1.0,1.0,2.0,1.0,-392.0
186,52,treino,0 14 20 24 29,23,0 20 23,V,3.0,2.0,5.0,1.0,1.0,1.0,3.0,0.0,0.0,1.0,0.0,0.0,0.0,0.0,0.0,0.0,513.0
186,12,treino,20 22 23 24 25 26 27 29 30 31,0 1 2 3 5 10 11 13 14 15,,V,10.0,0.0,10.0,1.0,2.0,3.0,10.0,0.0,10.0,0.0,14.0,3.0,2.0,4.0,7.0,0.0,-0.0
186,41,treino,8 16 21 24 26 29,10 18,16,P,2.0,0.0,6.0,2.0,0.0,0.0,0.0,0.0,5.0,1.0,9.0,1.0,0.0,1.0,4.0,0.0,-516.0
186,38,treino,9 12 21 24 26 29,10 13 15,9,V,5.0,1.0,8.0,2.0,1.0,1.0,3.0,0.0,3.0,0.0,8.0,2.0,0.0,0.0,2.0,1.0,501.0
186,39,treino,12 16 21 24 26 29,10 15,16,P,2.0,0.0,5.0,1.0,0.0,0.0,2.0,0.0,5.0,1.0,8.0,1.0,1.0,1.0,5.0,0.0,-514.0
186,17,treino,17 20 21 23 24 27 29 30 31,0 1 2 3 5 10 11 14 19,,P,9.0,0.0,12.0,2.0,3.0,4.0,5.0,0.0,9.0,0.0,11.0,2.0,2.0,3.0,8.0,1.0,-10.0
186,20,treino,17 20 21 23 24 27 29 31,1 2 3 4 5 10 11 14,,V,8.0,0.0,11.0,2.0,2.0,2.0,8.0,0.0,8.0,0.0,9.0,2.0,3.0,3.0,4.0,0.0,28.0
186,21,treino,17 18 20 21 24 27 29 31,1 2 3 4 5 10 11 14,,P,8.0,0.0,9.0,2.0,3.0,3.0,4.0,1.0,8.0,0.0,12.0,3.0,2.0,2.0,7.0,1.0,-28.0
186,32,treino,9 20 21 24 29 31,4 10 11,9,V,5.0,1.0,5.0,2.0,1.0,2.0,4.0,0.0,3.0,0.0,5.0,1.0,2.0,0.0,0.0,0.0,398.0
186,25,treino,0 17 20 21 24 29 31,1 2 3 4 11,0,P,5.0,0.0,3.0,0.0,3.0,3.0,0.0,0.0,6.0,1.0,8.0,2.0,1.0,2.0,5.0,0.0,-307.0
186,47,treino,4 20 21 24 29,14 31,20 31,P,1.0,1.0,3.0,1.0,0.0,0.0,0.0,0.0,4.0,1.0,9.0,1.0,2.0,1.0,4.0,0.0,-395.0
186,46,treino,8 20 21 24 29,14 31,20 31,V,4.0,1.0,8.0,1.0,1.0,1.0,4.0,0.0,1.0,1.0,3.0,1.0,0.0,0.0,0.0,0.0,335.0
186,62,treino,12 16 29,8,8 12,V,2.0,1.0,3.0,0.0,1.0,1.0,2.0,0.0,0.0,1.0,0.0,0.0,0.0,0.0,0.0,1.0,1600.0
186,57,treino,5 12 24 29,9,5 9 12,P,0.0,1.0,0.0,1.0,0.0,0.0,0.0,1.0,2.0,2.0,1.0,0.0,1.0,1.0,2.0,1.0,-214.0
186,43,treino,8 16 21 23 24 29,14 18,16,P,2.0,0.0,7.0,2.0,0.0,0.0,2.0,0.0,5.0,1.0,10.0,1.0,0.0,1.0,4.0,1.0,-400.0
186,16,treino,20 21 23 24 26 27 29 30 31,0 1 2 3 5 10 11 14 19 22,,V,9.0,0.0,9.0,1.0,2.0,3.0,9.0,0.0,10.0,0.0,17.0,3.0,3.0,4.0,5.0,1.0,10.0
186,37,treino,9 12 21 24 26 29,8 10 15,9,P,3.0,0.0,7.0,1.0,0.0,0.0,2.0,1.0,5.0,1.0,8.0,2.0,1.0,1.0,3.0,0.0,-504.0
186,61,treino,12 16 29,4,4 12,P,0.0,1.0,0.0,0.0,1.0,0.0,0.0,0.0,2.0,1.0,3.0,0.0,1.0,1.0,2.0,0.0,-220.0
186,54,treino,0 14 16 24 29,18,0 16 18,V,3.0,2.0,5.0,1.0,0.0,1.0,2.0,1.0,0.0,1.0,0.0,1.0,0.0,0.0,0.0,0.0,492.0
186,42,treino,8 16 21 24 26 29,14 18,16,V,5.0,1.0,9.0,1.0,0.0,1.0,4.0,0.0,2.0,0.0,7.0,2.0,0.0,0.0,2.0,0.0,631.0
186,14,treino,20 21 22 23 24 26 27 29 30 31,0 1 2 3 5 10 11 13 14 19,,V,10.0,0.0,11.0,2.0,2.0,3.0,10.0,0.0,10.0,0.0,15.0,3.0,3.0,4.0,5.0,0.0,13.0
186,9,treino,16 20 22 23 24 25 26 27 29 30 31,0 1 2 3 5 6 9 10 11 13 15,,P,11.0,0.0,14.0,3.0,2.0,4.0,10.0,0.0,11.0,0.0,13.0,1.0,2.0,3.0,11.0,0.0,19.0
186,13,treino,20 21 22 23 24 26 27 29 30 31,0 1 2 3 5 10 11 13 14 15,,P,10.0,0.0,14.0,3.0,2.0,4.0,7.0,0.0,10.0,0.0,11.0,2.0,2.0,3.0,10.0,0.0,-4.0
186,30,treino,9 14 20 21 24 29 31,3 4 10 11,9,V,6.0,1.0,9.0,3.0,1.0,2.0,6.0,1.0,4.0,0.0,5.0,1.0,3.0,1.0,0.0,1.0,404.0
186,44,treino,8 16 21 24 29,14 27,16,V,4.0,1.0,8.0,1.0,0.0,1.0,4.0,0.0,2.0,0.0,9.0,1.0,1.0,0.0,0.0,0.0,340.0
186,58,treino,12 24 29,0,0 12,V,2.0,1.0,1.0,0.0,1.0,1.0,2.0,0.0,0.0,1.0,0.0,0.0,0.0,1.0,0.0,0.0,216.0
187,87,teste,0 5 10 11,18 20 26,0 5 11 18 20 26,P,0.0,3.0,0.0,1.0,1.0,0.0,0.0,0.0,1.0,3.0,5.0,1.0,1.0,0.0,2.0,0.0,-113.0
187,29,teste,16 20 24 25 26 30,0 4 7 10 11 23,,P,6.0,0.0,11.0,1.0,2.0,1.0,5.0,1.0,6.0,0.0,8.0,0.0,1.0,1.0,6.0,0.0,10.0
187,135,teste,0 7 19,13 17,0 7 13 17 19,P,0.0,2.0,0.0,2.0,0.0,0.0,2.0,0.0,0.0,3.0,0.0,0.0,1.0,0.0,0.0,0.0,-172.0
187,91,teste,0 6 10 11,16 18 22,0 6 11 16 18 22,P,0.0,3.0,0.0,2.0,0.0,0.0,2.0,0.0,1.0,3.0,5.0,1.0,1.0,0.0,2.0,0.0,-107.0
187,141,teste,0 3 19,21 22,0 3 19 21 22,P,0.0,2.0,0.0,2.0,0.0,0.0,0.0,0.0,0.0,3.0,0.0,0.0,2.0,0.0,0.0,0.0,-168.0
187,10,teste,12 19 20 22 24 25 27 28 29 30 31,0 1 2 3 4 5 7 10 11 17,,V,11.0,0.0,14.0,1.0,5.0,4.0,9.0,1.0,10.0,0.0,11.0,2.0,3.0,4.0,9.0,1.0,91.0
187,27,teste,16 20 24 25 30 31,0 2 4 10 11 23,,P,6.0,0.0,10.0,1.0,2.0,2.0,2.0,0.0,6.0,0.0,7.0,0.0,1.0,2.0,5.0,0.0,4.0
187,119,teste,0 2 23,9 12,0 2 9 12 23,P,0.0,2.0,0.0,1.0,1.0,0.0,0.0,0.0,0.0,3.0,0.0,0.0,0.0,0.0,0.0,0.0,-174.0
187,35,teste,16 19 20 21 24 25,4 7 8 10 15,,P,5.0,0.0,9.0,1.0,1.0,0.0,5.0,0.0,6.0,0.0,12.0,1.0,2.0,0.0,5.0,0.0,-118.0
187,95,teste,0 1 6 11,16 23 26,0 1 11 16 23 26,P,0.0,3.0,0.0,0.0,0.0,0.0,2.0,0.0,1.0,3.0,6.0,0.0,1.0,0.0,2.0,0.0,-170.0
187,124,teste,0 11 23,12 13,0 11 12 13 23,V,0.0,3.0,0.0,0.0,1.0,0.0,0.0,0.0,0.0,2.0,0.0,1.0,1.0,0.0,0.0,0.0,176.0
187,5,teste,19 20 21 24 25 26 27 28 29 30 31,0 1 2 3 4 5 7 8 10 11 13,,P,11.0,0.0,12.0,2.0,3.0,4.0,11.0,0.0,11.0,0.0,11.0,1.0,4.0,4.0,10.0,0.0,10.0
187,20,teste,20 24 25 28 29 30 31,0 2 3 4 11 17 23,,V,7.0,0.0,4.0,0.0,2.0,4.0,6.0,0.0,7.0,0.0,12.0,1.0,3.0,3.0,2.0,0.0,102.0
187,121,teste,0 7 23,9 16,0 7 9 16 23,P,0.0,2.0,0.0,1.0,0.0,0.0,0.0,0.0,0.0,3.0,0.0,0.0,0.0,0.0,0.0,0.0,-168.0
187,6,teste,19 20 21 24 25 26 27 28 29 30 31,0 1 2 3 4 5 7 10 11 12 13,,V,11.0,0.0,11.0,1.0,4.0,4.0,10.0,0.0,11.0,0.0,13.0,2.0,4.0,4.0,9.0,0.0,-0.0
187,76,teste,0 10 11 12,20 22 27,0 11 20 22 27,V,2.0,2.0,9.0,1.0,2.0,0.0,0.0,0.0,0.0,3.0,0.0,1.0,2.0,0.0,0.0,0.0,51.0
187,128,teste,4 11 19,12 13,4 11 12 13 19,V,0.0,3.0,0.0,0.0,3.0,0.0,0.0,0.0,0.0,2.0,0.0,1.0,1.0,0.0,0.0,0.0,178.0
187,36,teste,16 19 20 21 24 25,4 7 10 13 15,,V,6.0,0.0,12.0,1.0,2.0,0.0,5.0,0.0,5.0,0.0,10.0,2.0,1.0,0.0,3.0,1.0,226.0
187,24,teste,20 21 25 29 30 31,0 2 4 7 11 23,,V,6.0,0.0,5.0,1.0,1.0,3.0,4.0,0.0,6.0,0.0,9.0,0.0,2.0,2.0,5.0,0.0,114.0
187,132,teste,0 11 23,8 17,0 8 11 17 23,V,0.0,3.0,0.0,0.0,1.0,0.0,0.0,0.0,0.0,2.0,0.0,1.0,0.0,0.0,0.0,0.0,170.0
187,113,teste,2 4 13 31,16 21,2 4 13 16 21 31,P,0.0,2.0,0.0,1.0,0.0,0.0,2.0,1.0,0.0,4.0,0.0,1.0,1.0,1.0,0.0,1.0,-174.0
187,34,teste,16 19 20 21 24 30,4 7 8 10 15,,V,6.0,0.0,11.0,1.0,2.0,1.0,4.0,0.0,5.0,0.0,9.0,1.0,1.0,0.0,5.0,0.0,280.0
187,131,teste,0 11 23,8 13,0 8 11 13 23,P,0.0,2.0,0.0,1.0,0.0,0.0,2.0,0.0,0.0,3.0,0.0,0.0,1.0,0.0,0.0,0.0,-180.0
187,31,teste,16 19 20 24 25 30,4 5 7 10 11,,P,5.0,0.0,7.0,1.0,2.0,0.0,3.0,0.0,6.0,0.0,10.0,0.0,2.0,1.0,5.0,0.0,-113.0
187,82,teste,0 4 7 10,18 20 27,0 7 18 20 27,V,2.0,2.0,11.0,1.0,1.0,0.0,4.0,0.0,0.0,3.0,0.0,1.0,2.0,0.0,0.0,0.0,50.0
187,83,teste,4 5 7 10,18 20 27,5 7 18 20 27,P,0.0,3.0,0.0,1.0,2.0,0.0,0.0,0.0,2.0,2.0,11.0,1.0,1.0,0.0,2.0,0.0,-119.0
187,59,teste,5 10 12 18 24,13 23 27,5 27,P,2.0,1.0,8.0,1.0,1.0,0.0,2.0,0.0,4.0,1.0,13.0,2.0,1.0,0.0,0.0,0.0,-221.0
187,18,teste,20 23 24 25 28 29 30 31,0 2 3 4 11 14 17,,V,8.0,0.0,6.0,0.0,2.0,4.0,6.0,0.0,7.0,0.0,10.0,2.0,3.0,3.0,4.0,0.0,107.0
187,66,teste,2 5 12 18,25 27 30,2 5 27 30,V,2.0,2.0,7.0,1.0,1.0,0.0,0.0,0.0,1.0,2.0,6.0,0.0,1.0,0.0,2.0,0.0,54.0
187,44,teste,9 10 12 21 24 25,4 15 18,,V,6.0,0.0,18.0,3.0,1.0,0.0,3.0,0.0,3.0,0.0,8.0,1.0,1.0,0.0,2.0,0.0,349.0
187,67,teste,2 5 12 15,25 27 30,2 5 27 30,P,1.0,2.0,6.0,0.0,1.0,0.0,2.0,0.0,2.0,2.0,8.0,0.0,1.0,0.0,0.0,0.0,-53.0
187,57,teste,1 8 10 12 18 24,4 23 27,1 27,P,2.0,1.0,6.0,0.0,2.0,0.0,2.0,0.0,5.0,1.0,18.0,2.0,1.0,0.0,2.0,1.0,-224.0
188,46,treino,2 10 25 28,21,2,V,3.0,1.0,6.0,1.0,1.0,1.0,0.0,1.0,1.0,0.0,5.0,1.0,0.0,0.0,0.0,1.0,1600.0
188,11,treino,20 21 23 24 25 26 28 29 30,0 1 2 3 4 5 8 9 14,,P,9.0,0.0,9.0,2.0,2.0,4.0,7.0,0.0,9.0,0.0,9.0,1.0,2.0,3.0,9.0,0.0,115.0
188,23,treino,16 18 20 21 22 26 28 30,0 2 4 6 8 9 10 13,,P,8.0,0.0,11.0,3.0,1.0,2.0,8.0,0.0,8.0,0.0,13.0,3.0,2.0,2.0,7.0,0.0,-3.0
188,27,treino,5 11 16 20 22 26 28 30,0 2 4 6 8,,P,5.0,0.0,4.0,0.0,1.0,2.0,5.0,0.0,8.0,0.0,19.0,1.0,3.0,2.0,5.0,1.0,-244.0
188,19,treino,16 18 20 24 25 26 28 30,0 2 4 5 6 7 9 13,,P,8.0,0.0,9.0,2.0,1.0,2.0,8.0,0.0,8.0,0.0,11.0,1.0,2.0,2.0,7.0,0.0,13.0
188,5,treino,10 20 21 22 23 24 25 26 28 29 30 31,0 1 2 3 4 5 6 7 8 9 14,,P,11.0,0.0,11.0,2.0,2.0,4.0,11.0,0.0,12.0,0.0,16.0,3.0,2.0,4.0,11.0,1.0,-16.0
188,36,treino,2 13 26 28 30,4 10,2,V,4.0,1.0,5.0,1.0,1.0,2.0,2.0,0.0,2.0,0.0,3.0,1.0,1.0,0.0,0.0,0.0,400.0
188,7,treino,18 20 21 23 24 25 26 28 29 30 31,0 1 2 3 4 5 7 8 9 14 15,,P,11.0,0.0,13.0,2.0,2.0,4.0,10.0,1.0,11.0,0.0,12.0,2.0,2.0,4.0,11.0,1.0,-3.0
188,34,treino,11 13 26 28 30,4 6 7,,V,5.0,0.0,10.0,1.0,2.0,2.0,2.0,0.0,3.0,0.0,3.0,0.0,1.0,0.0,0.0,1.0,400.0
188,35,treino,2 13 26 28 30,4 6,2,P,2.0,0.0,2.0,0.0,1.0,0.0,0.0,1.0,4.0,1.0,5.0,1.0,1.0,2.0,2.0,0.0,-416.0
188,9,treino,10 20 21 23 24 25 28 29 30 31,0 1 2 3 4 5 7 8 9,,P,9.0,0.0,7.0,1.0,2.0,4.0,9.0,0.0,10.0,0.0,13.0,2.0,2.0,4.0,7.0,1.0,2.0
188,39,treino,2 8 22 28 30,4 14,2,P,2.0,0.0,4.0,1.0,1.0,0.0,0.0,0.0,4.0,1.0,7.0,1.0,1.0,2.0,0.0,1.0,-277.0
188,38,treino,2 13 22 28 30,4 14,2,V,4.0,1.0,6.0,2.0,1.0,2.0,0.0,0.0,2.0,0.0,4.0,1.0,1.0,0.0,0.0,0.0,402.0
188,12,treino,20 21 23 24 25 26 28 29 30,0 2 3 4 5 6 8 9 14,,V,9.0,0.0,9.0,1.0,2.0,3.0,9.0,0.0,9.0,0.0,10.0,2.0,2.0,3.0,8.0,0.0,8.0
188,21,treino,16 18 20 21 25 26 28 30,0 2 4 5 6 9 10 13,,P,8.0,0.0,10.0,3.0,1.0,2.0,8.0,0.0,8.0,0.0,12.0,2.0,2.0,2.0,6.0,0.0,19.0
188,10,treino,20 21 23 24 25 28 29 30 31,0 1 2 3 4 5 8 9 14,,V,9.0,0.0,8.0,1.0,2.0,4.0,7.0,0.0,9.0,0.0,9.0,2.0,2.0,4.0,7.0,0.0,-3.0
188,43,treino,2 15 25 28,13,2,P,1.0,0.0,3.0,1.0,0.0,0.0,0.0,0.0,3.0,1.0,5.0,0.0,1.0,1.0,0.0,0.0,-398.0
188,30,treino,11 20 22 26 28 30,2 4 6 8 16,,V,6.0,0.0,10.0,1.0,3.0,2.0,3.0,0.0,5.0,0.0,8.0,0.0,1.0,1.0,4.0,1.0,236.0
188,8,treino,20 21 23 24 25 26 28 29 30 31,0 1 2 3 4 5 7 8 9 14 22,,V,10.0,0.0,9.0,1.0,2.0,4.0,10.0,0.0,11.0,0.0,15.0,3.0,2.0,4.0,10.0,1.0,-6.0
188,28,treino,11 16 20 22 26 28 30,2 4 6 8 9,,V,7.0,0.0,13.0,1.0,3.0,2.0,5.0,0.0,5.0,0.0,6.0,1.0,1.0,1.0,5.0,0.0,236.0
188,4,treino,19 20 21 22 23 24 25 26 28 29 30 31,0 1 2 3 4 5 6 7 8 9 14 15,,V,12.0,0.0,14.0,2.0,3.0,4.0,12.0,0.0,12.0,0.0,14.0,2.0,2.0,4.0,11.0,1.0,-3.0
188,44,treino,2 15 25 28,16,2,V,3.0,1.0,5.0,0.0,1.0,1.0,0.0,0.0,1.0,0.0,4.0,0.0,0.0,0.0,0.0,0.0,393.0
188,6,treino,20 21 22 23 24 25 26 28 29 30 31,0 1 2 3 4 5 7 8 9 14 15,,V,11.0,0.0,11.0,2.0,2.0,4.0,11.0,0.0,11.0,0.0,13.0,2.0,2.0,4.0,10.0,0.0,6.0
188,26,treino,11 16 20 21 22 26 28 30,0 2 4 6 8 9 17,,V,8.0,0.0,15.0,2.0,3.0,2.0,6.0,1.0,7.0,0.0,10.0,2.0,1.0,2.0,6.0,1.0,229.0
188,31,treino,11 13 22 26 28 30,2 4 6 8,,P,4.0,0.0,4.0,0.0,1.0,1.0,4.0,0.0,6.0,0.0,12.0,2.0,2.0,2.0,3.0,1.0,-236.0
188,29,treino,11 13 20 22 26 28 30,2 4 6 8 9,,P,5.0,0.0,6.0,1.0,1.0,1.0,5.0,0.0,7.0,0.0,14.0,2.0,3.0,2.0,3.0,1.0,-236.0
188,16,treino,16 20 23 24 26 28 29 30,0 2 4 5 6 7 8 9,,V,8.0,0.0,9.0,0.0,2.0,3.0,8.0,0.0,8.0,0.0,8.0,1.0,1.0,2.0,8.0,0.0,-4.0
188,14,treino,20 23 24 25 26 28 29 30,0 2 3 4 5 6 8 9 21,,V,8.0,0.0,7.0,0.0,2.0,3.0,8.0,0.0,9.0,0.0,12.0,2.0,2.0,3.0,7.0,1.0,-15.0
188,22,treino,16 18 20 21 25 26 28 30,0 2 4 6 8 9 10 13,,V,8.0,0.0,12.0,2.0,2.0,2.0,6.0,0.0,8.0,0.0,11.0,3.0,1.0,2.0,8.0,0.0,-4.0
188,20,treino,16 18 20 24 25 26 28 30,0 2 4 5 6 9 10 13,,V,8.0,0.0,11.0,1.0,2.0,2.0,7.0,0.0,8.0,0.0,10.0,3.0,1.0,2.0,8.0,0.0,-17.0
188,42,treino,2 22 25 28,13 18,2,V,3.0,1.0,3.0,1.0,1.0,1.0,2.0,0.0,2.0,0.0,7.0,2.0,0.0,0.0,0.0,1.0,383.0
188,25,treino,11 16 20 21 22 26 28 30,0 2 4 6 8 9 13,,P,7.0,0.0,9.0,2.0,1.0,2.0,7.0,0.0,8.0,0.0,15.0,2.0,3.0,2.0,6.0,0.0,-110.0
189,49,treino,6 20 23,12 17 21,21,P,2.0,1.0,7.0,2.0,1.0,0.0,2.0,0.0,3.0,0.0,10.0,0.0,1.0,0.0,0.0,0.0,24.0
189,90,treino,1 5 6,20 25,1 5 6 20 25,V,0.0,3.0,0.0,0.0,0.0,0.0,3.0,0.0,0.0,2.0,0.0,0.0,1.0,0.0,0.0,0.0,187.0
189,9,treino,18 22 23 24 26 27 28 29 30 31,0 1 2 3 4 6 7 10 11 12 20,,P,11.0,0.0,15.0,1.0,5.0,4.0,9.0,0.0,10.0,0.0,10.0,2.0,2.0,4.0,10.0,0.0,121.0
189,20,treino,19 23 24 27 28 29 30 31,1 3 4 5 7 11 13 16 20,,V,8.0,0.0,7.0,0.0,3.0,4.0,7.0,0.0,9.0,0.0,17.0,1.0,4.0,2.0,8.0,0.0,-116.0
189,40,treino,4 10 27 28,1 13 25,4 25,V,3.0,1.0,6.0,1.0,3.0,1.0,0.0,0.0,2.0,1.0,3.0,1.0,0.0,1.0,0.0,0.0,110.0
189,10,treino,18 22 23 24 26 27 28 29 30 31,0 1 2 3 4 6 7 10 11 16 20,,V,10.0,0.0,10.0,2.0,2.0,4.0,10.0,0.0,11.0,0.0,16.0,1.0,4.0,4.0,11.0,0.0,-108.0
189,87,treino,1 2 5,24 29,1 2 5 24 29,P,0.0,2.0,0.0,0.0,0.0,0.0,2.0,0.0,0.0,3.0,0.0,0.0,0.0,0.0,2.0,0.0,-183.0
189,35,treino,4 23 24 25 27 28,1 13 15 20,4,P,4.0,0.0,11.0,1.0,1.0,1.0,0.0,0.0,5.0,1.0,5.0,0.0,3.0,1.0,4.0,1.0,-293.0
189,106,treino,6,28,6 28,V,0.0,1.0,0.0,0.0,0.0,0.0,0.0,0.0,0.0,1.0,0.0,0.0,1.0,0.0,0.0,0.0,6.0
189,80,treino,1 5 9,28 29,1 5 28 29,V,1.0,2.0,5.0,1.0,0.0,0.0,3.0,0.0,0.0,2.0,0.0,0.0,1.0,0.0,0.0,0.0,122.0
189,74,treino,5 6 9,24 29,5 24 29,V,2.0,1.0,11.0,1.0,0.0,0.0,3.0,0.0,0.0,2.0,0.0,0.0,0.0,0.0,2.0,0.0,124.0
189,109,treino,15,24,15 24,P,0.0,1.0,0.0,0.0,0.0,0.0,0.0,0.0,0.0,1.0,0.0,0.0,0.0,0.0,0.0,0.0,0.0
189,50,treino,6 20 23,12 17 25,25,V,3.0,0.0,10.0,0.0,1.0,0.0,0.0,0.0,2.0,1.0,7.0,1.0,1.0,0.0,0.0,0.0,-27.0
189,68,treino,5 6 13,29 30,5 29 30,V,2.0,1.0,10.0,1.0,0.0,0.0,0.0,0.0,0.0,2.0,0.0,0.0,0.0,0.0,0.0,0.0,118.0
189,81,treino,5 6 9,28 29,5 6 28 29,P,0.0,2.0,0.0,0.0,1.0,0.0,0.0,0.0,1.0,2.0,5.0,1.0,0.0,0.0,3.0,0.0,-125.0
189,73,treino,5 6 9,24 25,5 24 25,P,0.0,2.0,0.0,0.0,0.0,0.0,0.0,0.0,2.0,1.0,11.0,1.0,0.0,0.0,3.0,0.0,-118.0
189,6,treino,17 18 23 24 25 26 27 28 29 30 31,0 1 2 3 4 5 6 7 10 11 13 20,,V,11.0,0.0,12.0,2.0,2.0,4.0,10.0,1.0,12.0,0.0,16.0,2.0,4.0,4.0,10.0,1.0,-123.0
189,72,treino,1 6 9,24 25,1 24 25,V,2.0,1.0,11.0,1.0,0.0,0.0,3.0,0.0,0.0,2.0,0.0,0.0,0.0,0.0,0.0,0.0,109.0
189,77,treino,5 6 9,28 29,5 28 29,P,0.0,2.0,0.0,0.0,1.0,0.0,0.0,0.0,2.0,1.0,11.0,1.0,0.0,0.0,3.0,0.0,-122.0
189,66,treino,1 6 13,26 29,1 26 29,V,2.0,1.0,10.0,1.0,0.0,0.0,2.0,0.0,0.0,2.0,0.0,0.0,0.0,0.0,0.0,0.0,112.0
189,60,treino,6 13 14,24 25,6 24,V,2.0,1.0,8.0,2.0,0.0,0.0,0.0,0.0,1.0,1.0,6.0,0.0,0.0,0.0,0.0,0.0,65.0
189,116,treino,2,24,2 24,V,0.0,1.0,0.0,0.0,0.0,0.0,0.0,0.0,0.0,1.0,0.0,0.0,0.0,0.0,0.0,0.0,-6.0
189,88,treino,1 2 5,24 25,1 2 5 24 25,V,0.0,3.0,0.0,0.0,0.0,0.0,2.0,0.0,0.0,2.0,0.0,0.0,0.0,0.0,0.0,0.0,177.0
189,19,treino,19 23 24 27 28 29 30 31,1 3 4 5 7 9 11 16 20,,P,9.0,0.0,16.0,1.0,4.0,2.0,8.0,0.0,8.0,0.0,7.0,0.0,3.0,4.0,7.0,0.0,142.0
189,76,treino,6 8 9,28 29,8 28 29,V,2.0,1.0,11.0,1.0,0.0,0.0,2.0,0.0,0.0,2.0,0.0,0.0,1.0,0.0,0.0,0.0,113.0
189,103,treino,10,28,10 28,P,0.0,1.0,0.0,0.0,1.0,0.0,0.0,0.0,0.0,1.0,0.0,1.0,0.0,0.0,0.0,0.0,-6.0
189,28,treino,24 25 26 27 28 29,1 5 8 10 13 16 20,,V,6.0,0.0,4.0,0.0,2.0,2.0,4.0,0.0,7.0,0.0,17.0,2.0,1.0,1.0,6.0,0.0,-145.0
189,33,treino,4 23 24 27 28 29,1 8 15 20,4,P,4.0,0.0,10.0,0.0,1.0,1.0,0.0,1.0,5.0,1.0,4.0,0.0,3.0,2.0,5.0,0.0,-274.0
189,42,treino,4 10 24 27,5 13 25,4 25,V,3.0,1.0,7.0,1.0,2.0,0.0,0.0,0.0,2.0,1.0,4.0,1.0,0.0,0.0,0.0,0.0,103.0
189,39,treino,4 10 27 28,1 13 22,4 22,P,2.0,1.0,3.0,2.0,0.0,1.0,0.0,0.0,3.0,1.0,6.0,1.0,3.0,1.0,0.0,0.0,-101.0
189,70,treino,1 6 13,25 29,1 25 29,V,2.0,1.0,10.0,1.0,0.0,0.0,2.0,0.0,0.0,2.0,0.0,0.0,0.0,0.0,2.0,0.0,112.0
189,5,treino,17 18 23 24 25 26 27 28 29 30 31,0 1 2 3 4 5 6 7 9 10 11 20,,P,12.0,0.0,15.0,2.0,4.0,4.0,11.0,0.0,11.0,0.0,12.0,2.0,2.0,4.0,10.0,0.0,123.0
190,38,teste,12 19 23,1 2 3 5 7 8 9 24,7 24,V,3.0,0.0,9.0,0.0,2.0,0.0,2.0,0.0,6.0,2.0,5.0,1.0,1.0,3.0,7.0,0.0,-685.0
190,46,teste,11 12,1 2 3 5 7 13 18 24,7 24,V,2.0,0.0,9.0,0.0,2.0,0.0,0.0,0.0,6.0,2.0,8.0,2.0,1.0,3.0,5.0,0.0,-1600.0
190,36,teste,12 19 27,1 2 3 5 8 9 10 24,10 24,V,3.0,0.0,8.0,0.0,3.0,0.0,0.0,0.0,6.0,2.0,5.0,2.0,1.0,3.0,4.0,0.0,-685.0
190,11,teste,17 20 23 25 26 27 28 29 31,0 1 2 3 4 6 7 10 15,,P,9.0,0.0,8.0,1.0,2.0,4.0,9.0,0.0,9.0,0.0,10.0,1.0,3.0,3.0,6.0,0.0,8.0
190,26,teste,20 22 23 31,0 1 2 3 4 6 21 24,21 24,V,4.0,0.0,6.0,1.0,1.0,1.0,0.0,0.0,6.0,2.0,2.0,1.0,2.0,4.0,7.0,0.0,-570.0
190,24,teste,20 22 23 29 31,0 1 2 3 4 6 24 30,24 30,V,5.0,0.0,6.0,1.0,1.0,2.0,0.0,0.0,6.0,2.0,2.0,0.0,2.0,4.0,5.0,0.0,-464.0
190,15,teste,17 20 22 24 25 27 29 31,0 1 2 3 4 6 7 10 26,,P,9.0,0.0,11.0,1.0,2.0,4.0,8.0,0.0,8.0,0.0,10.0,2.0,2.0,2.0,8.0,0.0,158.0
190,17,teste,10 20 22 24 25 27 29 31,0 1 2 3 4 6 7 26,,P,8.0,0.0,9.0,0.0,2.0,4.0,7.0,0.0,8.0,0.0,12.0,2.0,2.0,2.0,7.0,1.0,90.0
190,45,teste,11 12,1 2 3 5 7 13 18 28,7 28,P,6.0,2.0,8.0,2.0,2.0,3.0,5.0,0.0,2.0,0.0,9.0,0.0,2.0,0.0,0.0,0.0,1600.0
190,30,teste,19 20 22 27,0 1 2 3 8 9 21 24,21 24,V,4.0,0.0,8.0,1.0,3.0,0.0,0.0,0.0,6.0,2.0,4.0,2.0,1.0,4.0,2.0,0.0,-580.0
190,25,teste,20 22 23 25 31,0 1 2 3 4 6 24 30,24 30,P,6.0,2.0,2.0,0.0,2.0,4.0,5.0,0.0,5.0,0.0,7.0,1.0,1.0,1.0,2.0,1.0,568.0
190,32,teste,19 20 27,0 1 2 3 8 9 14 24,14 24,V,3.0,0.0,6.0,0.0,3.0,0.0,0.0,0.0,6.0,2.0,4.0,2.0,1.0,4.0,2.0,0.0,-689.0
190,12,teste,17 20 23 25 26 27 28 29 31,0 1 2 3 4 6 7 10 19,,V,9.0,0.0,10.0,1.0,3.0,3.0,6.0,0.0,9.0,0.0,9.0,1.0,3.0,4.0,8.0,0.0,-4.0
190,19,teste,20 21 22 24 27 29 31,0 1 2 3 4 6 14 26,,P,8.0,0.0,11.0,1.0,2.0,4.0,5.0,0.0,7.0,0.0,8.0,2.0,2.0,2.0,6.0,0.0,93.0
190,41,teste,12 15 18,1 2 3 5 7 9 13 24,7 24,P,6.0,2.0,6.0,2.0,1.0,3.0,7.0,0.0,3.0,0.0,11.0,1.0,1.0,0.0,2.0,0.0,688.0
190,22,teste,20 22 27 29 31,0 1 2 3 4 6 28 30,28 30,V,5.0,0.0,5.0,1.0,2.0,2.0,2.0,0.0,6.0,2.0,2.0,0.0,3.0,4.0,5.0,0.0,-378.0
190,31,teste,17 19 20 27,0 1 2 3 8 9 21 24,21 24,P,6.0,2.0,4.0,2.0,1.0,4.0,2.0,0.0,4.0,0.0,9.0,1.0,3.0,0.0,0.0,1.0,677.0
190,18,teste,20 22 24 25 27 29 31,0 1 2 3 4 6 14 26,,V,7.0,0.0,7.0,1.0,2.0,2.0,7.0,0.0,8.0,0.0,11.0,1.0,2.0,4.0,5.0,0.0,-90.0
190,29,teste,19 20 22 27,0 1 2 3 4 9 21 24,21 24,P,6.0,2.0,3.0,2.0,2.0,4.0,4.0,0.0,4.0,0.0,8.0,1.0,3.0,0.0,0.0,0.0,578.0
190,20,teste,20 21 22 24 27 29 31,0 1 2 3 4 6 14 30,30,V,7.0,0.0,8.0,2.0,2.0,2.0,6.0,0.0,7.0,1.0,5.0,1.0,2.0,4.0,5.0,0.0,-93.0
190,42,teste,12 15 18,1 2 3 5 7 9 13 28,7 28,V,3.0,0.0,11.0,1.0,1.0,0.0,2.0,0.0,6.0,2.0,6.0,2.0,2.0,3.0,7.0,0.0,-691.0
190,10,teste,17 20 23 26 27 28 29 30 31,0 1 2 3 4 6 7 10 15,,V,9.0,0.0,9.0,1.0,3.0,4.0,5.0,0.0,9.0,0.0,8.0,1.0,2.0,4.0,9.0,0.0,-2.0
190,37,teste,12 19 23,1 2 3 5 8 9 10 24,10 24,P,6.0,2.0,5.0,2.0,1.0,3.0,4.0,0.0,3.0,0.0,9.0,0.0,2.0,0.0,2.0,0.0,788.0
190,35,teste,12 19 27,0 1 2 3 8 9 10 24,10 24,P,6.0,2.0,4.0,2.0,1.0,4.0,0.0,1.0,3.0,0.0,8.0,0.0,3.0,0.0,0.0,0.0,700.0
190,27,teste,20 22 23 27,0 1 2 3 4 6 21 24,21 24,P,6.0,2.0,2.0,1.0,2.0,4.0,7.0,0.0,4.0,0.0,7.0,1.0,2.0,0.0,2.0,0.0,569.0
190,21,teste,17 20 22 24 27 29 31,0 1 2 3 4 6 14 30,30,P,7.0,1.0,5.0,1.0,2.0,4.0,5.0,1.0,7.0,0.0,9.0,2.0,2.0,2.0,7.0,1.0,378.0
190,40,teste,12 18 19,1 2 3 5 7 9 13 24,7 24,V,3.0,0.0,10.0,1.0,2.0,0.0,0.0,0.0,6.0,2.0,6.0,2.0,1.0,3.0,7.0,0.0,-688.0
190,4,teste,17 18 20 23 24 25 26 27 28 29 30 31,0 1 2 3 4 5 6 7 10 11 12 14,,V,12.0,0.0,14.0,2.0,3.0,4.0,11.0,1.0,12.0,0.0,14.0,2.0,4.0,4.0,11.0,1.0,-6.0
190,8,teste,20 23 24 26 27 28 29 30 31,0 1 2 3 4 6 7 10 11 21,,V,9.0,0.0,7.0,0.0,3.0,4.0,9.0,0.0,10.0,0.0,12.0,2.0,3.0,4.0,9.0,1.0,-9.0
190,47,teste,8 11,1 2 3 5 7 13 18 24,7 24,P,6.0,2.0,8.0,2.0,1.0,3.0,5.0,0.0,2.0,0.0,10.0,0.0,1.0,0.0,0.0,1.0,1600.0
190,5,teste,9 17 20 23 24 25 26 27 28 29 30 31,0 1 2 3 4 5 6 7 10 11 12,,P,11.0,0.0,11.0,1.0,4.0,4.0,10.0,0.0,12.0,0.0,16.0,2.0,3.0,4.0,10.0,1.0,6.0
190,28,teste,20 22 23 27,0 1 2 3 4 9 21 24,21 24,V,4.0,0.0,7.0,1.0,2.0,0.0,2.0,0.0,6.0,2.0,3.0,2.0,2.0,4.0,4.0,0.0,-575.0
191,4,treino,16 19 20 22 24 25 26 27 28 29 30 31,0 1 2 3 4 5 6 7 9 10 13 15,,V,12.0,0.0,14.0,1.0,4.0,4.0,11.0,0.0,12.0,0.0,14.0,3.0,2.0,4.0,12.0,0.0,115.0
191,48,treino,3 13 20,11 14 26,3,V,2.0,1.0,6.0,1.0,2.0,0.0,0.0,0.0,3.0,0.0,11.0,1.0,1.0,0.0,0.0,0.0,12.0
191,39,treino,16 19 20 31,3 9 10 11 17 22,,P,6.0,0.0,15.0,4.0,2.0,1.0,2.0,0.0,4.0,0.0,8.0,0.0,2.0,1.0,2.0,0.0,251.0
191,16,treino,15 20 24 25 27 29 30 31,0 2 3 5 6 7 8 14 17,,V,8.0,0.0,9.0,0.0,2.0,3.0,7.0,0.0,9.0,0.0,12.0,2.0,1.0,3.0,9.0,0.0,-105.0
191,51,treino,10 13 20,11 14 31,10 31,P,2.0,1.0,5.0,1.0,1.0,0.0,0.0,1.0,2.0,1.0,6.0,2.0,1.0,0.0,0.0,0.0,-22.0
191,33,treino,20 21 27 31,3 7 8 9 11 22,,P,6.0,0.0,12.0,2.0,2.0,1.0,3.0,0.0,4.0,0.0,5.0,1.0,2.0,1.0,2.0,0.0,228.0
191,41,treino,13 19 20 31,3 10 11 14 17 22,,P,6.0,0.0,16.0,4.0,2.0,1.0,4.0,0.0,4.0,0.0,9.0,1.0,2.0,1.0,0.0,0.0,248.0
191,64,treino,13 15 16,22,15 22,V,2.0,1.0,7.0,1.0,0.0,0.0,2.0,0.0,0.0,1.0,0.0,1.0,0.0,0.0,0.0,0.0,224.0
191,26,treino,20 21 23 24 27 31,0 3 5 7 8 11 15 17,,V,6.0,0.0,8.0,1.0,2.0,1.0,6.0,0.0,8.0,0.0,13.0,1.0,2.0,2.0,7.0,1.0,-119.0
191,35,treino,16 20 27 31,3 7 9 11 13 22,,P,6.0,0.0,13.0,3.0,2.0,1.0,5.0,0.0,4.0,0.0,6.0,0.0,2.0,1.0,4.0,0.0,243.0
191,43,treino,10 13 20 31,3 11 14 17 22,,P,5.0,0.0,14.0,3.0,2.0,1.0,3.0,0.0,4.0,0.0,11.0,2.0,1.0,1.0,0.0,0.0,122.0
191,19,treino,20 21 24 27 29 30 31,0 2 3 5 7 8 14 15 17,,P,9.0,0.0,14.0,2.0,1.0,3.0,8.0,0.0,7.0,0.0,6.0,1.0,2.0,3.0,6.0,0.0,244.0
191,11,treino,14 19 20 25 27 28 29 30 31,0 1 2 3 6 7 8 9 10,,P,9.0,0.0,8.0,2.0,1.0,4.0,7.0,1.0,9.0,0.0,11.0,1.0,4.0,4.0,5.0,1.0,104.0
191,45,treino,3 13 20 31,11 14 17 22,3,P,4.0,0.0,14.0,3.0,1.0,0.0,3.0,0.0,3.0,1.0,6.0,1.0,2.0,1.0,0.0,0.0,-45.0
191,28,treino,14 20 23 24 27 31,0 3 7 8 9 11 15,,V,6.0,0.0,10.0,1.0,2.0,1.0,5.0,1.0,7.0,0.0,10.0,1.0,2.0,2.0,4.0,1.0,-115.0
191,9,treino,17 19 20 25 27 28 29 30 31,0 1 2 3 4 6 7 9 10,,P,9.0,0.0,7.0,2.0,2.0,4.0,9.0,0.0,9.0,0.0,10.0,1.0,4.0,4.0,5.0,0.0,14.0
191,7,treino,8 16 19 20 24 25 27 28 29 30 31,0 1 2 3 4 5 6 7 9 10,,P,10.0,0.0,8.0,2.0,2.0,4.0,10.0,0.0,11.0,0.0,16.0,0.0,4.0,4.0,9.0,1.0,6.0
191,23,treino,20 21 22 24 27 30 31,0 3 5 7 8 11 14 15 17,,P,9.0,0.0,16.0,2.0,2.0,2.0,9.0,1.0,7.0,0.0,8.0,2.0,2.0,2.0,5.0,1.0,219.0
191,6,treino,16 19 20 24 25 26 27 28 29 30 31,0 1 2 3 4 5 6 7 9 10 13 22,,V,11.0,0.0,12.0,0.0,4.0,4.0,10.0,0.0,12.0,0.0,16.0,4.0,2.0,4.0,11.0,1.0,-12.0
191,46,treino,3 13 20 31,11 14 17 26,3,V,3.0,1.0,6.0,1.0,2.0,1.0,0.0,0.0,4.0,0.0,15.0,2.0,1.0,0.0,2.0,1.0,67.0
191,12,treino,19 20 25 27 28 29 30 31,0 1 2 3 6 7 8 9 17,,V,8.0,0.0,7.0,0.0,4.0,4.0,5.0,0.0,9.0,0.0,10.0,2.0,1.0,4.0,6.0,0.0,-104.0
191,32,treino,20 24 27 31,3 7 8 9 11 22,,V,4.0,0.0,4.0,0.0,2.0,1.0,4.0,0.0,6.0,0.0,12.0,2.0,2.0,1.0,3.0,0.0,-245.0
191,18,treino,20 24 25 27 29 30 31,0 2 3 5 7 8 14 15 17,,V,7.0,0.0,5.0,0.0,2.0,3.0,7.0,0.0,9.0,0.0,14.0,2.0,1.0,3.0,8.0,0.0,-220.0
191,20,treino,20 21 24 27 29 30 31,0 2 3 5 8 11 14 15 17,,V,7.0,0.0,6.0,1.0,2.0,3.0,6.0,0.0,9.0,0.0,15.0,2.0,2.0,3.0,7.0,0.0,-241.0
191,61,treino,11 13 16,23,11 23,P,0.0,1.0,0.0,0.0,0.0,0.0,0.0,0.0,2.0,1.0,7.0,1.0,1.0,0.0,2.0,0.0,-228.0
191,10,treino,17 19 20 25 27 28 29 30 31,0 1 2 3 6 7 8 9 10,,V,9.0,0.0,10.0,1.0,4.0,4.0,5.0,0.0,9.0,0.0,8.0,2.0,1.0,4.0,7.0,0.0,-16.0
191,62,treino,11 13 16,26,11 26,V,2.0,1.0,7.0,1.0,1.0,0.0,2.0,0.0,0.0,1.0,0.0,0.0,0.0,0.0,0.0,0.0,228.0
191,29,treino,5 20 23 24 27 31,0 3 7 8 11 15,,P,6.0,0.0,8.0,0.0,2.0,2.0,4.0,0.0,6.0,0.0,12.0,0.0,2.0,1.0,5.0,1.0,97.0
191,5,treino,16 18 19 20 24 25 26 27 28 29 30 31,0 1 2 3 4 5 6 7 9 10 13 15,,P,12.0,0.0,14.0,3.0,2.0,4.0,12.0,1.0,12.0,0.0,15.0,1.0,4.0,4.0,10.0,1.0,5.0
191,52,treino,10 13 20,11 14 27,10 27,V,2.0,1.0,6.0,2.0,1.0,0.0,0.0,0.0,2.0,1.0,5.0,1.0,2.0,0.0,0.0,1.0,127.0
191,22,treino,20 21 24 25 27 30 31,0 3 5 7 8 11 14 15 17,,V,7.0,0.0,7.0,1.0,2.0,2.0,7.0,0.0,9.0,0.0,16.0,2.0,2.0,2.0,9.0,0.0,-219.0
191,25,treino,20 21 23 24 27 31,0 3 5 7 8 11 14 15,,P,8.0,0.0,12.0,1.0,2.0,2.0,7.0,0.0,6.0,0.0,8.0,1.0,2.0,1.0,6.0,0.0,229.0
192,23,teste,10 17 20 27 30 31,0 1 2 3 4 6 28,28,P,6.0,1.0,2.0,0.0,3.0,4.0,5.0,0.0,6.0,0.0,11.0,2.0,2.0,2.0,2.0,1.0,275.0
192,53,teste,5,3 4 30 31,5 30 31,P,2.0,2.0,1.0,0.0,2.0,1.0,0.0,0.0,0.0,1.0,0.0,0.0,0.0,0.0,0.0,0.0,391.0
192,20,teste,10 20 23 26 27 30 31,0 1 2 3 4 6 15 28,28,V,7.0,0.0,11.0,1.0,2.0,2.0,5.0,0.0,7.0,1.0,5.0,0.0,3.0,4.0,5.0,0.0,-186.0
192,48,teste,0,3 4 23 31,0 23 31,V,0.0,1.0,0.0,0.0,0.0,0.0,0.0,0.0,2.0,2.0,1.0,0.0,2.0,1.0,0.0,0.0,-399.0
192,14,teste,17 20 22 23 26 27 28 30 31,0 1 2 3 4 6 9 10 15,,V,9.0,0.0,11.0,2.0,3.0,3.0,7.0,0.0,9.0,0.0,9.0,2.0,2.0,4.0,8.0,0.0,8.0
192,16,teste,17 20 22 23 24 26 27 30 31,0 1 2 3 4 6 9 14 15,,V,9.0,0.0,12.0,2.0,2.0,2.0,9.0,1.0,9.0,0.0,10.0,2.0,2.0,4.0,7.0,1.0,104.0
192,38,teste,16 25 31,3 4 8 18 29,29,V,3.0,0.0,4.0,0.0,0.0,1.0,0.0,1.0,4.0,1.0,7.0,1.0,2.0,1.0,2.0,0.0,-299.0
192,34,teste,20 30 31,3 4 8 18 28,28,V,3.0,0.0,2.0,0.0,1.0,2.0,0.0,0.0,4.0,1.0,7.0,1.0,3.0,1.0,2.0,0.0,-305.0
192,57,teste,6,3 4 30 31,6 30 31,P,2.0,2.0,1.0,0.0,2.0,1.0,0.0,0.0,0.0,1.0,0.0,0.0,0.0,0.0,0.0,0.0,391.0
192,7,teste,20 21 22 23 24 25 26 27 28 30 31,0 1 2 3 4 6 7 9 10 12 15,,P,11.0,0.0,13.0,2.0,3.0,4.0,10.0,0.0,11.0,0.0,12.0,2.0,3.0,3.0,11.0,0.0,-3.0
192,17,teste,10 20 22 23 24 26 27 30 31,0 1 2 3 4 6 9 15,,P,8.0,0.0,7.0,1.0,2.0,4.0,6.0,0.0,9.0,0.0,14.0,2.0,2.0,2.0,8.0,0.0,-120.0
192,9,teste,17 20 22 23 24 25 26 27 28 30 31,0 1 2 3 4 6 7 9 12 14 15,,P,11.0,0.0,14.0,2.0,3.0,4.0,9.0,1.0,11.0,0.0,13.0,2.0,3.0,3.0,11.0,1.0,-10.0
192,22,teste,10 20 26 27 30 31,0 1 2 3 4 6 22 28,28,V,6.0,0.0,9.0,1.0,2.0,2.0,4.0,1.0,7.0,1.0,7.0,1.0,3.0,4.0,5.0,1.0,-278.0
192,58,teste,6,3 4 26 31,6 26 31,V,0.0,1.0,0.0,0.0,0.0,0.0,0.0,0.0,2.0,2.0,1.0,0.0,2.0,1.0,2.0,0.0,-392.0
192,51,teste,1,3 4 26 31,1 26 31,P,2.0,2.0,1.0,0.0,2.0,1.0,2.0,0.0,0.0,1.0,0.0,0.0,0.0,0.0,0.0,0.0,397.0
192,47,teste,0,3 4 18 31,0 18 31,P,2.0,2.0,1.0,1.0,2.0,1.0,0.0,0.0,0.0,1.0,0.0,0.0,0.0,0.0,0.0,0.0,399.0
192,44,teste,12,3 4 8 18 27,18,V,1.0,0.0,4.0,0.0,1.0,0.0,0.0,0.0,4.0,1.0,9.0,1.0,3.0,1.0,2.0,1.0,-459.0
192,39,teste,16 25 27,3 4 8 18 29,29,P,4.0,1.0,7.0,1.0,2.0,1.0,2.0,0.0,3.0,0.0,5.0,0.0,1.0,0.0,0.0,1.0,398.0
192,55,teste,9,3 4 26 30,9 26 30,P,2.0,2.0,1.0,0.0,2.0,1.0,2.0,0.0,0.0,1.0,0.0,1.0,0.0,0.0,0.0,0.0,391.0
192,27,teste,17 19 20 30 31,1 2 3 4 5 15 28,28,P,6.0,1.0,5.0,0.0,3.0,3.0,2.0,1.0,5.0,0.0,8.0,1.0,2.0,2.0,0.0,0.0,411.0
192,30,teste,1 17 20 30 31,2 3 4 8 28,1 28,V,4.0,1.0,5.0,1.0,1.0,2.0,0.0,0.0,4.0,1.0,3.0,0.0,3.0,2.0,2.0,0.0,0.0
192,61,teste,13,3 8 26 31,13 26 31,P,2.0,2.0,2.0,0.0,1.0,1.0,2.0,1.0,0.0,1.0,0.0,1.0,0.0,0.0,0.0,1.0,1600.0
192,19,teste,10 17 20 23 24 26 27 30 31,0 1 2 3 4 6 14 15,,P,8.0,0.0,8.0,1.0,2.0,4.0,5.0,0.0,9.0,0.0,15.0,2.0,2.0,2.0,7.0,1.0,163.0
192,28,teste,17 19 20 30 31,2 3 4 5 6 15 28,28,V,5.0,0.0,8.0,1.0,2.0,2.0,0.0,0.0,6.0,1.0,6.0,0.0,3.0,2.0,2.0,1.0,-202.0
192,41,teste,16 23,3 4 8 18 22,22,P,4.0,1.0,7.0,2.0,2.0,1.0,4.0,1.0,2.0,0.0,5.0,0.0,0.0,0.0,0.0,1.0,499.0
192,52,teste,1,3 4 30 31,1 30 31,V,0.0,1.0,0.0,0.0,0.0,0.0,0.0,0.0,2.0,2.0,1.0,0.0,2.0,1.0,0.0,0.0,-397.0
192,37,teste,16 25 31,3 4 8 18 24,24,P,4.0,1.0,7.0,1.0,2.0,1.0,2.0,0.0,3.0,0.0,4.0,0.0,0.0,1.0,0.0,0.0,295.0
192,43,teste,12,3 4 8 22 27,22,P,4.0,1.0,9.0,1.0,3.0,1.0,2.0,1.0,1.0,0.0,4.0,0.0,1.0,0.0,0.0,0.0,517.0
192,31,teste,6 17 20 30 31,2 3 4 8 28,6 28,P,4.0,1.0,3.0,0.0,3.0,2.0,2.0,0.0,4.0,1.0,5.0,1.0,1.0,2.0,0.0,1.0,181.0
192,12,teste,20 22 23 24 26 27 28 30 31,0 1 2 3 4 6 7 9 15 21,,V,9.0,0.0,9.0,1.0,3.0,3.0,9.0,0.0,10.0,0.0,13.0,2.0,2.0,4.0,8.0,1.0,1.0
192,6,teste,20 21 22 23 25 26 27 28 29 30 31,0 1 2 3 4 6 7 9 10 12 15,,V,11.0,0.0,11.0,2.0,3.0,4.0,9.0,0.0,11.0,0.0,13.0,2.0,3.0,4.0,10.0,0.0,-0.0
192,60,teste,9,3 8 26 31,9 26 31,V,0.0,1.0,0.0,1.0,0.0,0.0,0.0,0.0,2.0,2.0,2.0,0.0,1.0,1.0,2.0,0.0,-401.0
193,8,validacao,18 21 24 25 26 27 28 29 30 31,0 1 2 3 4 5 6 7 11 16 19,,V,10.0,0.0,9.0,2.0,2.0,4.0,9.0,0.0,11.0,0.0,14.0,0.0,4.0,4.0,9.0,1.0,-9.0
193,32,validacao,16 20 26 28 29 30,4 5 18,,V,6.0,0.0,6.0,0.0,2.0,3.0,4.0,0.0,3.0,0.0,6.0,1.0,1.0,0.0,0.0,0.0,340.0
193,12,validacao,12 18 20 25 26 27 28 29 30 31,0 1 2 3 4 5 7 10 11 23,,V,10.0,0.0,12.0,1.0,4.0,4.0,6.0,0.0,10.0,0.0,12.0,1.0,3.0,4.0,9.0,1.0,103.0
193,11,validacao,12 18 20 25 26 27 28 29 30 31,0 1 2 3 4 5 7 10 11 19,,P,10.0,0.0,11.0,1.0,4.0,4.0,9.0,0.0,10.0,0.0,12.0,1.0,4.0,4.0,6.0,0.0,16.0
193,36,validacao,16 19 20 24 29 30,4 9,,V,6.0,0.0,9.0,0.0,2.0,2.0,4.0,0.0,2.0,0.0,3.0,1.0,1.0,0.0,0.0,0.0,441.0
193,37,validacao,16 19 20 24 25 30,4 9,,P,2.0,0.0,3.0,1.0,1.0,0.0,0.0,0.0,6.0,0.0,10.0,0.0,2.0,1.0,5.0,0.0,-442.0
193,21,validacao,12 18 20 21 26 28 29 30,0 1 4 5 6 7 11,,P,7.0,0.0,6.0,0.0,2.0,2.0,7.0,0.0,8.0,0.0,12.0,2.0,3.0,3.0,2.0,0.0,-108.0
193,20,validacao,12 18 20 25 26 28 29 30,0 1 4 5 6 7 11,,V,8.0,0.0,11.0,1.0,3.0,3.0,4.0,0.0,7.0,0.0,6.0,0.0,2.0,2.0,7.0,0.0,117.0
193,17,validacao,12 18 20 25 28 29 30 31,0 1 2 3 4 5 11,,P,7.0,0.0,4.0,0.0,3.0,4.0,4.0,0.0,8.0,0.0,10.0,1.0,3.0,4.0,3.0,0.0,-111.0
193,13,validacao,12 18 19 20 25 27 28 29 30 31,0 1 2 3 4 5 7 10 11,,P,9.0,0.0,7.0,1.0,3.0,4.0,9.0,0.0,10.0,0.0,14.0,1.0,5.0,4.0,5.0,0.0,-103.0
193,23,validacao,2 12 20 21 26 28 29 30,0 1 4 5 6,2,P,5.0,0.0,3.0,0.0,1.0,2.0,5.0,1.0,7.0,1.0,9.0,1.0,3.0,3.0,2.0,0.0,-306.0
193,35,validacao,16 19 20 24 29 30,4 5,,P,2.0,0.0,2.0,0.0,1.0,0.0,0.0,0.0,6.0,0.0,9.0,0.0,2.0,2.0,4.0,0.0,-441.0
193,7,validacao,13 18 21 24 25 26 27 28 29 30 31,0 1 2 3 4 5 6 7 9 11 19,,P,11.0,0.0,12.0,1.0,4.0,4.0,10.0,0.0,11.0,0.0,13.0,3.0,2.0,4.0,9.0,1.0,-4.0
193,10,validacao,12 18 24 25 26 27 28 29 30 31,0 1 2 3 4 5 7 10 11 19,,V,10.0,0.0,11.0,1.0,3.0,4.0,8.0,0.0,10.0,0.0,11.0,1.0,4.0,4.0,9.0,0.0,11.0
193,16,validacao,12 20 25 27 28 29 30 31,0 1 2 3 4 5 11 23,,V,8.0,0.0,8.0,0.0,4.0,4.0,5.0,0.0,8.0,0.0,9.0,0.0,3.0,4.0,4.0,1.0,111.0
193,19,validacao,12 18 20 25 26 28 29 30,0 1 2 4 5 7 11,,P,7.0,0.0,5.0,0.0,2.0,3.0,7.0,0.0,8.0,0.0,11.0,1.0,3.0,3.0,4.0,0.0,-107.0
193,6,validacao,18 20 21 24 25 26 27 28 29 30 31,0 1 2 3 4 5 6 7 9 11 16 19,,V,11.0,0.0,11.0,2.0,3.0,4.0,10.0,0.0,12.0,0.0,16.0,1.0,4.0,4.0,10.0,1.0,4.0
193,33,validacao,16 20 24 26 29 30,4 5 18,,P,3.0,0.0,6.0,1.0,1.0,0.0,0.0,0.0,6.0,0.0,7.0,0.0,1.0,2.0,6.0,0.0,-334.0
193,18,validacao,12 18 20 25 28 29 30 31,0 1 2 4 5 7 11,,V,8.0,0.0,10.0,1.0,3.0,4.0,3.0,0.0,7.0,0.0,5.0,0.0,2.0,3.0,7.0,0.0,111.0
193,26,validacao,2 20 21 26 28 29 30,1 4 6 9,2,V,6.0,1.0,5.0,1.0,2.0,3.0,2.0,0.0,4.0,0.0,4.0,1.0,1.0,1.0,3.0,0.0,400.0
193,25,validacao,2 5 20 21 26 28 29 30,0 1 4 6,2,P,4.0,0.0,2.0,0.0,1.0,2.0,4.0,1.0,7.0,1.0,11.0,1.0,2.0,3.0,2.0,1.0,-401.0
193,9,validacao,12 18 24 25 26 27 28 29 30 31,0 1 2 3 4 5 6 7 11 19,,P,10.0,0.0,10.0,0.0,4.0,4.0,9.0,0.0,10.0,0.0,11.0,1.0,3.0,4.0,8.0,0.0,9.0
193,34,validacao,16 20 24 26 29 30,4 5 23,,V,6.0,0.0,7.0,0.0,1.0,2.0,6.0,0.0,3.0,0.0,7.0,0.0,1.0,0.0,0.0,1.0,434.0
193,14,validacao,12 18 19 20 25 27 28 29 30 31,0 1 2 3 4 5 7 11 15,,V,10.0,0.0,14.0,1.0,5.0,4.0,5.0,1.0,9.0,0.0,8.0,0.0,3.0,4.0,9.0,1.0,121.0
193,5,validacao,18 20 21 24 25 26 27 28 29 30 31,0 1 2 3 4 5 6 7 9 11 13 19,,P,12.0,0.0,15.0,2.0,4.0,4.0,11.0,0.0,11.0,0.0,11.0,2.0,3.0,4.0,10.0,0.0,123.0
193,28,validacao,2 16 20 26 28 29 30,1 4 9 10,2,V,6.0,1.0,6.0,0.0,2.0,3.0,4.0,0.0,4.0,0.0,5.0,2.0,1.0,1.0,0.0,0.0,502.0
193,29,validacao,7 16 20 26 28 29 30,1 4 9 10,7,P,4.0,0.0,5.0,2.0,1.0,1.0,0.0,1.0,6.0,1.0,6.0,0.0,2.0,3.0,4.0,0.0,-320.0
193,15,validacao,10 12 18 20 25 27 28 29 30 31,0 1 2 3 4 5 7 11,,P,8.0,0.0,5.0,0.0,3.0,4.0,8.0,0.0,10.0,0.0,16.0,2.0,4.0,4.0,5.0,1.0,-121.0
193,22,validacao,12 18 20 21 26 28 29 30,0 1 4 5 6 7 15,,V,8.0,0.0,12.0,2.0,3.0,3.0,2.0,1.0,7.0,0.0,7.0,0.0,1.0,2.0,5.0,1.0,306.0
193,27,validacao,2 16 20 26 28 29 30,1 4 6 9,2,P,4.0,0.0,4.0,1.0,1.0,1.0,3.0,0.0,6.0,1.0,6.0,0.0,2.0,3.0,4.0,0.0,-407.0
193,30,validacao,7 16 20 26 28 29 30,4 5 9 10,7,V,6.0,1.0,6.0,0.0,2.0,3.0,4.0,0.0,4.0,0.0,6.0,2.0,1.0,0.0,2.0,1.0,320.0
193,31,validacao,14 16 20 26 28 29 30,4 5 9,14,P,3.0,0.0,4.0,1.0,1.0,0.0,2.0,0.0,6.0,1.0,6.0,1.0,2.0,3.0,4.0,1.0,-340.0
194,24,treino,4 18 19 21 22 24 27 28 29 31,0 3 9 10,18,V,9.0,1.0,15.0,3.0,4.0,3.0,8.0,0.0,4.0,0.0,4.0,2.0,1.0,2.0,0.0,0.0,751.0
194,8,treino,18 20 23 24 26 27 28 29 30 31,0 1 2 3 4 5 7 10 11 13,,V,10.0,0.0,10.0,1.0,3.0,4.0,10.0,0.0,10.0,0.0,10.0,2.0,3.0,4.0,9.0,0.0,-9.0
194,30,treino,4 9 21 22 24 26 27 28 29,0 7 19,9,V,8.0,1.0,13.0,3.0,3.0,2.0,6.0,0.0,3.0,0.0,5.0,0.0,1.0,1.0,0.0,0.0,743.0
194,15,treino,4 18 19 24 25 26 27 28 29 31,0 1 3 5 6 7 10 11,,P,8.0,0.0,7.0,1.0,2.0,3.0,8.0,0.0,10.0,0.0,16.0,1.0,4.0,3.0,7.0,0.0,73.0
194,19,treino,4 18 19 24 25 26 27 28 29 31,0 1 3 5,18,P,4.0,0.0,1.0,0.0,1.0,3.0,3.0,0.0,9.0,1.0,13.0,1.0,4.0,3.0,7.0,0.0,-752.0
194,22,treino,4 18 19 22 24 25 27 28 29 31,0 3 6 9,18,V,9.0,1.0,14.0,2.0,4.0,3.0,8.0,0.0,4.0,0.0,3.0,1.0,1.0,2.0,2.0,0.0,753.0
194,7,treino,9 18 20 23 24 26 27 28 29 30 31,0 1 2 3 4 5 6 7 10 11,,P,10.0,0.0,8.0,1.0,3.0,4.0,10.0,0.0,11.0,0.0,15.0,2.0,3.0,4.0,10.0,1.0,12.0
194,33,treino,4 6 19 21 22 24 27 28 29,0 7,6,P,2.0,0.0,1.0,0.0,0.0,1.0,0.0,0.0,8.0,1.0,15.0,2.0,4.0,2.0,4.0,0.0,-860.0
194,9,treino,18 20 23 24 25 26 27 28 29 31,0 1 2 3 4 5 7 10 11 13,,P,10.0,0.0,10.0,2.0,3.0,4.0,9.0,0.0,10.0,0.0,11.0,1.0,3.0,3.0,10.0,0.0,13.0
194,12,treino,13 18 23 24 25 26 27 28 29 31,0 1 3 4 5 6 7 10 11,,V,10.0,0.0,13.0,2.0,2.0,3.0,9.0,0.0,9.0,0.0,8.0,1.0,3.0,3.0,9.0,0.0,103.0
194,10,treino,18 20 23 24 25 26 27 28 29 31,0 1 2 3 4 5 7 10 11 16,,V,10.0,0.0,11.0,1.0,3.0,3.0,10.0,0.0,10.0,0.0,11.0,1.0,3.0,4.0,9.0,1.0,102.0
194,37,treino,1 4 10 21 22 24 27 28 29,0,1,P,1.0,0.0,0.0,0.0,0.0,1.0,0.0,0.0,8.0,1.0,17.0,3.0,3.0,2.0,4.0,0.0,-1600.0
194,38,treino,1 4 10 21 22 24 27 28 29,5,1,V,8.0,1.0,17.0,3.0,3.0,2.0,4.0,0.0,1.0,0.0,1.0,0.0,0.0,0.0,0.0,1.0,1600.0
194,26,treino,4 18 21 22 24 27 28 29 31,0 3 9 19,18,V,8.0,1.0,12.0,3.0,3.0,3.0,8.0,0.0,4.0,0.0,6.0,1.0,2.0,2.0,0.0,0.0,638.0
194,27,treino,4 18 21 22 24 26 27 28 29,0 3 9 19,18,P,4.0,0.0,6.0,1.0,2.0,2.0,0.0,0.0,8.0,1.0,13.0,3.0,3.0,2.0,7.0,0.0,-643.0
194,34,treino,4 6 19 21 22 24 27 28 29,0 11,6,V,8.0,1.0,15.0,2.0,4.0,2.0,4.0,0.0,2.0,0.0,2.0,0.0,1.0,1.0,0.0,0.0,963.0
194,14,treino,13 18 19 24 25 26 27 28 29 31,0 1 3 5 6 7 8 10 11,,V,10.0,0.0,14.0,2.0,3.0,3.0,7.0,1.0,9.0,0.0,9.0,1.0,2.0,3.0,9.0,1.0,-73.0
194,36,treino,1 4 19 21 22 24 27 28 29,0 15,1,V,8.0,1.0,15.0,2.0,4.0,2.0,4.0,0.0,2.0,0.0,3.0,0.0,0.0,1.0,0.0,1.0,1600.0
194,28,treino,4 18 21 22 24 26 27 28 29,0 3 14 19,18,V,8.0,1.0,13.0,3.0,3.0,2.0,7.0,1.0,4.0,0.0,7.0,1.0,2.0,2.0,0.0,1.0,748.0
194,6,treino,16 18 20 23 24 26 27 28 29 30 31,0 1 2 3 4 5 6 7 10 11 13,,V,11.0,0.0,13.0,1.0,3.0,4.0,11.0,0.0,11.0,0.0,11.0,2.0,3.0,4.0,10.0,1.0,-12.0
194,25,treino,4 15 18 21 22 24 27 28 29 31,0 3 9 10,18,P,4.0,0.0,4.0,2.0,1.0,2.0,0.0,1.0,9.0,1.0,16.0,3.0,3.0,3.0,9.0,1.0,-643.0
194,17,treino,2 4 19 24 25 26 27 28 29 31,0 1 3 5 6 10,2,P,6.0,0.0,4.0,1.0,1.0,3.0,5.0,1.0,9.0,1.0,13.0,0.0,4.0,3.0,7.0,0.0,-523.0
194,20,treino,4 18 19 24 25 26 27 28 29 31,0 3 5 6,18,V,9.0,1.0,13.0,1.0,4.0,3.0,7.0,0.0,4.0,0.0,2.0,0.0,1.0,2.0,2.0,0.0,744.0
194,11,treino,13 18 23 24 25 26 27 28 29 31,0 1 2 3 4 5 7 10 11,,P,9.0,0.0,7.0,1.0,3.0,4.0,9.0,0.0,10.0,0.0,13.0,2.0,2.0,3.0,9.0,0.0,-104.0
194,16,treino,4 18 19 24 25 26 27 28 29 31,0 1 3 5 6 7 10 15,,V,10.0,0.0,16.0,1.0,4.0,3.0,7.0,1.0,8.0,0.0,8.0,1.0,1.0,3.0,8.0,1.0,507.0
194,13,treino,13 18 19 24 25 26 27 28 29 31,0 1 3 4 5 6 7 10 11,,P,9.0,0.0,8.0,1.0,3.0,3.0,9.0,0.0,10.0,0.0,14.0,2.0,3.0,3.0,7.0,0.0,183.0
194,21,treino,4 18 19 22 24 25 27 28 29 31,0 3 5 6,18,P,4.0,0.0,2.0,0.0,1.0,2.0,2.0,0.0,9.0,1.0,14.0,2.0,4.0,3.0,8.0,0.0,-753.0
194,29,treino,4 9 21 22 24 26 27 28 29,0 3 19,9,P,3.0,0.0,4.0,0.0,2.0,2.0,0.0,0.0,8.0,1.0,13.0,3.0,3.0,2.0,6.0,0.0,-752.0
194,23,treino,4 18 19 21 22 24 27 28 29 31,0 3 6 9,18,P,4.0,0.0,3.0,1.0,1.0,2.0,2.0,0.0,9.0,1.0,15.0,3.0,4.0,3.0,8.0,0.0,-763.0
194,18,treino,2 4 19 24 25 26 27 28 29 31,0 1 3 5 6 14,2,V,9.0,1.0,13.0,0.0,4.0,3.0,7.0,0.0,6.0,0.0,5.0,1.0,1.0,3.0,4.0,1.0,740.0
194,32,treino,4 6 21 22 24 26 27 28 29,0 7 23,6,V,8.0,1.0,13.0,2.0,3.0,2.0,6.0,1.0,3.0,0.0,6.0,0.0,0.0,1.0,0.0,1.0,864.0
194,35,treino,1 4 19 21 22 24 27 28 29,0 11,1,P,2.0,0.0,2.0,0.0,1.0,1.0,0.0,0.0,8.0,1.0,15.0,2.0,4.0,2.0,4.0,0.0,-963.0
195,64,treino,16 20 21,22 23,16 23,V,2.0,1.0,4.0,1.0,1.0,0.0,3.0,0.0,1.0,1.0,5.0,1.0,0.0,0.0,0.0,0.0,96.0
195,117,treino,6,19 23,6 19 23,P,0.0,2.0,0.0,0.0,1.0,0.0,2.0,0.0,0.0,1.0,0.0,0.0,0.0,0.0,0.0,0.0,182.0
195,33,treino,16 23 24 28 31,4 7 8 9 11 14 27,,P,7.0,0.0,17.0,2.0,3.0,0.0,6.0,0.0,5.0,0.0,6.0,0.0,1.0,2.0,2.0,0.0,254.0
195,73,treino,8 14 16,25 26,8 26,P,1.0,1.0,6.0,0.0,0.0,0.0,0.0,0.0,2.0,1.0,7.0,1.0,0.0,0.0,0.0,0.0,-56.0
195,7,treino,17 18 20 21 24 25 26 27 28 29 31,0 1 2 3 4 5 6 7 8 11 15,,P,11.0,0.0,11.0,0.0,3.0,4.0,11.0,0.0,11.0,0.0,14.0,3.0,3.0,3.0,10.0,1.0,-26.0
195,90,treino,5 8 9,21 27,5 21 27,V,2.0,1.0,10.0,1.0,0.0,0.0,3.0,0.0,0.0,2.0,0.0,1.0,1.0,0.0,0.0,0.0,59.0
195,21,treino,20 21 23 26 28 29 31,0 1 2 5 8 10 11 18,,P,8.0,0.0,11.0,2.0,1.0,3.0,4.0,1.0,7.0,0.0,7.0,1.0,2.0,3.0,3.0,1.0,219.0
195,83,treino,6 9 12,27 30,6 27 30,P,0.0,2.0,0.0,0.0,1.0,0.0,0.0,0.0,2.0,1.0,9.0,1.0,1.0,0.0,2.0,0.0,-60.0
195,101,treino,4 5 6,8 27,6 8 27,P,0.0,2.0,0.0,0.0,1.0,0.0,0.0,0.0,2.0,1.0,12.0,0.0,1.0,0.0,0.0,1.0,188.0
195,15,treino,7 18 20 24 26 27 28 29 31,0 1 2 3 4 5 9 11,,P,8.0,0.0,6.0,1.0,3.0,4.0,5.0,0.0,9.0,0.0,14.0,1.0,3.0,3.0,7.0,1.0,-14.0
195,62,treino,16 20 24,22 27,16 27,V,2.0,1.0,3.0,0.0,1.0,0.0,3.0,0.0,1.0,1.0,5.0,1.0,1.0,0.0,0.0,0.0,108.0
195,8,treino,17 20 21 24 25 26 27 28 29 31,0 1 2 3 4 5 6 7 8 11 22,,V,10.0,0.0,11.0,2.0,3.0,3.0,10.0,0.0,11.0,0.0,13.0,1.0,3.0,4.0,10.0,1.0,10.0
195,61,treino,16 20 24,22 31,16 31,P,1.0,1.0,5.0,1.0,0.0,0.0,0.0,0.0,2.0,1.0,3.0,0.0,1.0,0.0,3.0,0.0,-102.0
195,99,treino,1 4 5,8 23,1 8 23,P,0.0,2.0,0.0,0.0,0.0,0.0,0.0,0.0,2.0,1.0,12.0,0.0,1.0,0.0,2.0,0.0,-121.0
195,97,treino,4 5 6,13 23,6 13 23,P,0.0,2.0,0.0,1.0,0.0,0.0,0.0,0.0,2.0,1.0,12.0,0.0,1.0,0.0,0.0,0.0,-114.0
195,68,treino,12 16 21,22 30,12 30,V,2.0,1.0,5.0,1.0,1.0,0.0,3.0,0.0,1.0,1.0,5.0,1.0,0.0,0.0,0.0,0.0,105.0
195,11,treino,13 18 20 21 24 26 27 28 29 31,0 1 2 3 4 5 7 8 9 11,,P,10.0,0.0,9.0,1.0,3.0,4.0,10.0,1.0,10.0,0.0,14.0,3.0,3.0,3.0,8.0,1.0,90.0
195,103,treino,0,10 27,0 10 27,P,0.0,2.0,0.0,1.0,1.0,0.0,0.0,0.0,0.0,1.0,0.0,0.0,0.0,0.0,0.0,0.0,186.0
195,94,treino,6 8 9,13 27,6 13 27,V,2.0,1.0,10.0,1.0,0.0,0.0,2.0,1.0,0.0,2.0,0.0,1.0,1.0,0.0,0.0,0.0,59.0
195,85,treino,6 8 9,25 27,6 25 27,P,0.0,2.0,0.0,0.0,1.0,0.0,0.0,0.0,2.0,1.0,10.0,1.0,0.0,0.0,2.0,0.0,-60.0
195,56,treino,5 6 20 24,4 22 27,5 6 27,V,2.0,2.0,3.0,0.0,1.0,0.0,2.0,0.0,2.0,1.0,6.0,1.0,2.0,0.0,0.0,0.0,183.0
195,63,treino,16 20 21,22 27,16 27,P,1.0,1.0,5.0,1.0,1.0,0.0,0.0,0.0,2.0,1.0,4.0,1.0,1.0,0.0,3.0,0.0,-108.0
195,98,treino,4 5 6,8 23,6 8 23,V,2.0,1.0,12.0,0.0,1.0,0.0,0.0,1.0,0.0,2.0,0.0,0.0,0.0,0.0,0.0,0.0,120.0
195,44,treino,0 1 24 28 31,4 11 26 27,0 1,V,3.0,2.0,1.0,0.0,1.0,2.0,2.0,0.0,4.0,0.0,15.0,0.0,3.0,0.0,0.0,1.0,294.0
195,110,treino,13,18 27,13 18 27,V,0.0,1.0,0.0,1.0,0.0,0.0,0.0,0.0,0.0,2.0,0.0,1.0,1.0,0.0,0.0,0.0,-186.0
195,38,treino,1 16 24 28 31,4 8 11 15 27,1,V,4.0,1.0,4.0,0.0,1.0,2.0,2.0,0.0,5.0,0.0,14.0,0.0,3.0,0.0,4.0,0.0,54.0
195,18,treino,20 24 26 27 28 29 31,0 1 2 4 5 10 11 18,,V,7.0,0.0,5.0,0.0,3.0,3.0,7.0,0.0,8.0,0.0,10.0,2.0,2.0,3.0,4.0,0.0,-99.0
195,52,treino,0 1 20 24,4 22 27,0 1 27,V,2.0,2.0,3.0,0.0,1.0,0.0,2.0,0.0,2.0,1.0,6.0,1.0,2.0,0.0,0.0,0.0,177.0
195,13,treino,14 18 20 24 26 27 28 29 31,0 1 2 3 4 5 7 9 11,,P,9.0,0.0,7.0,1.0,3.0,4.0,9.0,0.0,9.0,0.0,12.0,2.0,3.0,3.0,9.0,0.0,-2.0
195,95,treino,4 6 9,13 27,6 13 27,P,0.0,2.0,0.0,1.0,1.0,0.0,0.0,0.0,2.0,1.0,11.0,1.0,1.0,0.0,2.0,0.0,-119.0
195,42,treino,1 5 24 28 31,4 11 23 27,1,V,4.0,1.0,7.0,0.0,1.0,2.0,4.0,0.0,4.0,0.0,14.0,0.0,3.0,0.0,2.0,0.0,224.0
195,78,treino,5 9 16,26 30,5 26 30,V,2.0,1.0,8.0,1.0,0.0,0.0,2.0,0.0,0.0,2.0,0.0,0.0,0.0,0.0,2.0,0.0,62.0
196,18,teste,21 23 25 26 27 28 29 31,2 3 4 5 6 7 14 15 20,,V,8.0,0.0,7.0,1.0,2.0,3.0,7.0,0.0,9.0,0.0,15.0,1.0,3.0,2.0,4.0,0.0,-125.0
196,58,teste,0 2 27,10 29,0 2 10 29,V,1.0,2.0,1.0,0.0,1.0,0.0,0.0,0.0,0.0,2.0,0.0,1.0,0.0,0.0,0.0,0.0,101.0
196,54,teste,2 8 14 27,21 29,2 21 29,V,3.0,1.0,10.0,1.0,1.0,0.0,0.0,0.0,0.0,2.0,0.0,1.0,0.0,0.0,0.0,0.0,149.0
196,74,teste,0 7 27,18,0 7 18,V,1.0,2.0,1.0,0.0,1.0,0.0,0.0,0.0,0.0,1.0,0.0,1.0,0.0,0.0,0.0,0.0,285.0
196,19,teste,19 21 25 26 27 28 29 31,2 3 4 5 6 7 14 15 20,,P,9.0,0.0,15.0,1.0,3.0,2.0,4.0,1.0,8.0,0.0,8.0,1.0,3.0,3.0,6.0,0.0,117.0
196,36,teste,17 18 22 27 31,3 6 15 21 29,29,V,5.0,0.0,9.0,3.0,1.0,1.0,5.0,0.0,4.0,1.0,9.0,1.0,1.0,1.0,0.0,1.0,33.0
196,48,teste,8 11 23 27,3 21 29,21 29,V,4.0,0.0,13.0,0.0,2.0,0.0,2.0,0.0,1.0,2.0,0.0,1.0,1.0,1.0,0.0,0.0,-24.0
196,24,teste,1 21 25 26 27 29 31,2 3 4 5 11 20,1,V,6.0,1.0,5.0,1.0,1.0,2.0,6.0,0.0,6.0,0.0,9.0,0.0,4.0,2.0,0.0,1.0,99.0
196,86,teste,1 10 23,25,1 10 25,V,1.0,2.0,2.0,1.0,0.0,0.0,0.0,0.0,0.0,1.0,0.0,0.0,0.0,0.0,0.0,0.0,292.0
196,81,teste,1 15 27,21,1 15 21,P,0.0,1.0,0.0,1.0,0.0,0.0,0.0,0.0,1.0,2.0,1.0,0.0,1.0,0.0,0.0,0.0,-285.0
196,7,teste,16 20 23 24 26 27 28 29 30 31,0 1 2 3 4 6 7 8 10 11,,P,10.0,0.0,9.0,1.0,3.0,4.0,10.0,0.0,10.0,0.0,10.0,0.0,3.0,4.0,10.0,0.0,12.0
196,14,teste,20 21 23 26 27 28 29 30 31,0 2 3 4 6 7 13 14 15,,V,9.0,0.0,8.0,1.0,3.0,4.0,5.0,0.0,9.0,0.0,12.0,2.0,2.0,3.0,6.0,0.0,277.0
196,38,teste,11 17 22 27 31,3 6 21 24,24,V,5.0,0.0,11.0,2.0,2.0,1.0,4.0,0.0,3.0,1.0,6.0,1.0,1.0,1.0,2.0,0.0,37.0
196,64,teste,4 6 27,22,4 6 22,V,1.0,2.0,1.0,0.0,2.0,0.0,0.0,0.0,0.0,1.0,0.0,1.0,0.0,0.0,0.0,0.0,287.0
196,66,teste,0 6 27,17,0 6 17,V,1.0,2.0,1.0,0.0,1.0,0.0,0.0,0.0,0.0,1.0,0.0,1.0,0.0,0.0,0.0,0.0,285.0
196,15,teste,16 21 23 26 27 28 29 30 31,0 2 3 4 6 7 13 14 15,,P,9.0,0.0,12.0,2.0,2.0,3.0,6.0,1.0,9.0,0.0,9.0,1.0,2.0,4.0,7.0,1.0,-167.0
196,68,teste,0 2 27,13,0 2 13,V,1.0,2.0,1.0,0.0,1.0,0.0,0.0,0.0,0.0,1.0,0.0,1.0,0.0,0.0,0.0,0.0,281.0
196,78,teste,1 7 27,25,1 7 25,V,1.0,2.0,1.0,0.0,1.0,0.0,0.0,0.0,0.0,1.0,0.0,0.0,0.0,0.0,0.0,0.0,285.0
196,92,teste,5 9 23,21,5 9 21,V,1.0,2.0,2.0,1.0,0.0,0.0,2.0,0.0,0.0,1.0,0.0,1.0,0.0,0.0,0.0,0.0,301.0
196,44,teste,11 13 26 27,3 24 25,24,V,4.0,0.0,11.0,1.0,2.0,0.0,0.0,0.0,2.0,1.0,6.0,0.0,1.0,1.0,0.0,0.0,-20.0
196,43,teste,11 13 26 27,3 21 24,24,P,2.0,1.0,5.0,1.0,1.0,1.0,2.0,0.0,4.0,0.0,11.0,1.0,2.0,0.0,0.0,0.0,-43.0
196,22,teste,1 25 26 27 28 29 31,2 3 4 5 7 20 24,1,V,6.0,1.0,3.0,0.0,2.0,3.0,5.0,0.0,7.0,0.0,14.0,0.0,3.0,2.0,5.0,2.0,95.0
196,27,teste,21 24 25 26 27 31,2 3 11 13 20,,P,5.0,0.0,10.0,1.0,3.0,2.0,0.0,0.0,6.0,0.0,6.0,1.0,1.0,1.0,6.0,1.0,-119.0
196,87,teste,1 14 23,25,1 14 25,P,0.0,1.0,0.0,0.0,0.0,0.0,0.0,0.0,1.0,2.0,2.0,1.0,0.0,0.0,0.0,0.0,-291.0
196,26,teste,21 25 26 27 29 31,2 3 11 13 20,,V,6.0,0.0,5.0,1.0,1.0,2.0,6.0,0.0,5.0,0.0,10.0,1.0,3.0,2.0,0.0,0.0,108.0
196,84,teste,1 10 27,21,1 10 21,V,1.0,2.0,1.0,1.0,1.0,0.0,0.0,0.0,0.0,1.0,0.0,1.0,0.0,0.0,0.0,0.0,291.0
196,93,teste,5 13 23,21,5 13 21,P,0.0,1.0,0.0,1.0,0.0,0.0,0.0,0.0,1.0,2.0,2.0,1.0,0.0,0.0,0.0,0.0,-304.0
196,61,teste,4 9 27,29,4 9 29,P,0.0,1.0,0.0,0.0,0.0,0.0,0.0,0.0,1.0,2.0,1.0,1.0,2.0,0.0,0.0,0.0,-294.0
196,57,teste,0 2 14 27,17 29,0 2 17 29,P,0.0,2.0,0.0,1.0,0.0,0.0,0.0,0.0,2.0,2.0,5.0,1.0,1.0,0.0,0.0,1.0,-101.0
196,29,teste,21 22 26 27 31,2 3 11 13 29,29,P,4.0,1.0,5.0,1.0,2.0,2.0,0.0,0.0,5.0,0.0,6.0,2.0,1.0,1.0,4.0,0.0,68.0
196,21,teste,1 21 25 26 27 28 29 31,2 3 4 5 7 17 20,1,P,7.0,0.0,12.0,1.0,3.0,2.0,3.0,2.0,7.0,1.0,5.0,1.0,2.0,3.0,6.0,1.0,-198.0
196,33,teste,17 18 26 27 31,3 6 11 16 29,29,P,4.0,1.0,7.0,0.0,2.0,1.0,0.0,0.0,5.0,0.0,8.0,2.0,1.0,1.0,3.0,0.0,52.0
197,45,teste,6 11 23 26,4 7 8 12,,P,4.0,0.0,7.0,0.0,2.0,0.0,3.0,1.0,4.0,0.0,14.0,0.0,1.0,0.0,2.0,0.0,-69.0
197,13,teste,10 24 25 26 27 28 29 30 31,0 1 2 3 4 5 7 13 18,,P,9.0,0.0,10.0,2.0,2.0,4.0,7.0,0.0,9.0,0.0,9.0,1.0,2.0,4.0,8.0,1.0,110.0
197,91,teste,6 7,20 23,6 23,P,1.0,1.0,5.0,0.0,1.0,0.0,0.0,0.0,1.0,1.0,6.0,0.0,0.0,0.0,0.0,0.0,-63.0
197,92,teste,6 7,19 20,6 19,V,1.0,1.0,6.0,0.0,0.0,0.0,0.0,0.0,1.0,1.0,5.0,0.0,2.0,0.0,0.0,0.0,66.0
197,99,teste,1 10,19 25,1 10 19 25,P,0.0,2.0,0.0,0.0,1.0,0.0,0.0,0.0,0.0,2.0,0.0,1.0,0.0,0.0,0.0,0.0,-4.0
197,41,teste,15 20 21 23 26,4 7 8 9 12 29,29,P,5.0,1.0,9.0,1.0,2.0,0.0,3.0,0.0,5.0,0.0,11.0,1.0,1.0,0.0,2.0,0.0,175.0
197,27,teste,5 20 24 25 26 27 31,0 1 3 4 8 18,,P,6.0,0.0,7.0,1.0,2.0,3.0,3.0,0.0,7.0,0.0,12.0,0.0,2.0,1.0,5.0,1.0,-12.0
197,75,teste,11 19 29,13 20 23,23 29,P,2.0,1.0,8.0,1.0,1.0,0.0,0.0,0.0,2.0,1.0,8.0,0.0,2.0,1.0,0.0,0.0,-1.0
197,84,teste,10 11,18 20,18,V,2.0,0.0,10.0,1.0,1.0,0.0,0.0,0.0,1.0,1.0,5.0,1.0,1.0,0.0,0.0,0.0,-63.0
197,40,teste,18 20 21 23 26,4 7 8 9 12 29,29,V,5.0,0.0,10.0,2.0,1.0,0.0,3.0,0.0,5.0,1.0,9.0,1.0,2.0,0.0,3.0,0.0,-180.0
197,44,teste,11 20 23 26,4 7 8 9 12 16,16,V,4.0,0.0,10.0,0.0,2.0,0.0,2.0,0.0,5.0,1.0,9.0,1.0,2.0,0.0,4.0,2.0,7.0
197,81,teste,11 15,18 20,18,P,1.0,1.0,5.0,1.0,1.0,0.0,0.0,0.0,2.0,0.0,9.0,0.0,1.0,0.0,2.0,0.0,66.0
197,74,teste,11 19 25,13 20 23,23 25,V,2.0,1.0,8.0,0.0,2.0,0.0,0.0,0.0,2.0,1.0,8.0,1.0,1.0,0.0,0.0,0.0,-1.0
197,23,teste,20 21 24 25 26 27 31,0 1 3 4 6 8 13 18,,P,8.0,0.0,11.0,2.0,2.0,3.0,6.0,0.0,7.0,0.0,8.0,1.0,2.0,1.0,7.0,0.0,101.0
197,72,teste,11 19 30,13 16 23,23 30,V,2.0,1.0,8.0,0.0,2.0,1.0,0.0,0.0,2.0,1.0,7.0,1.0,0.0,0.0,2.0,0.0,-6.0
197,70,teste,11 19 25,13 16 18,18 25,V,2.0,1.0,8.0,0.0,2.0,0.0,0.0,0.0,2.0,1.0,7.0,2.0,0.0,0.0,2.0,0.0,-4.0
197,19,teste,20 21 26 27 28 29 31,0 1 3 4 5 6 13 14,,P,8.0,0.0,9.0,2.0,2.0,3.0,5.0,0.0,7.0,0.0,6.0,1.0,3.0,3.0,3.0,0.0,123.0
197,104,teste,2 10,17 23,2 10 17 23,V,0.0,2.0,0.0,1.0,0.0,0.0,0.0,0.0,0.0,2.0,0.0,1.0,0.0,0.0,0.0,0.0,0.0
197,49,teste,2 11 19 26,4 10 12 13,2,P,4.0,0.0,9.0,2.0,2.0,0.0,0.0,0.0,3.0,1.0,9.0,0.0,2.0,0.0,0.0,0.0,-74.0
197,90,teste,6 11,20 23,6 23,V,1.0,1.0,5.0,0.0,1.0,0.0,0.0,0.0,1.0,1.0,5.0,0.0,1.0,0.0,0.0,0.0,0.0
197,101,teste,6 10,19 21,6 10 19 21,P,0.0,2.0,0.0,1.0,1.0,0.0,0.0,0.0,0.0,2.0,0.0,1.0,0.0,0.0,2.0,0.0,-4.0
197,51,teste,2 11 19 22,4 10 12 17,2,P,4.0,0.0,10.0,2.0,2.0,0.0,0.0,1.0,3.0,1.0,10.0,1.0,2.0,0.0,0.0,1.0,16.0
197,15,teste,22 24 26 27 28 29 30 31,0 1 2 3 4 5 13 14 18,,P,9.0,0.0,12.0,3.0,2.0,4.0,6.0,1.0,8.0,0.0,5.0,1.0,2.0,4.0,8.0,1.0,110.0
197,35,teste,18 20 24 26 27,1 3 4 9 12 29,29,P,5.0,1.0,6.0,1.0,3.0,2.0,0.0,0.0,5.0,0.0,8.0,1.0,2.0,0.0,2.0,0.0,170.0
197,12,teste,19 24 25 26 27 28 29 30 31,0 1 2 3 4 5 7 13 15 18,,V,9.0,0.0,7.0,0.0,3.0,4.0,8.0,0.0,10.0,0.0,13.0,2.0,2.0,4.0,9.0,1.0,-136.0
197,77,teste,11 19 20,13 23,20 23,P,1.0,1.0,3.0,1.0,0.0,0.0,0.0,0.0,2.0,1.0,8.0,0.0,3.0,0.0,0.0,0.0,-116.0
197,38,teste,18 20 23 24 26,4 5 7 9 12 29,29,V,5.0,0.0,9.0,1.0,1.0,0.0,5.0,0.0,5.0,1.0,8.0,1.0,2.0,0.0,2.0,0.0,-170.0
197,83,teste,10 11,20 23,23,P,1.0,1.0,5.0,0.0,1.0,0.0,0.0,0.0,2.0,0.0,10.0,1.0,1.0,0.0,0.0,0.0,58.0
197,48,teste,2 11 23 26,4 10 12 13,2,V,3.0,1.0,8.0,0.0,1.0,0.0,2.0,0.0,4.0,0.0,9.0,2.0,2.0,0.0,0.0,0.0,72.0
197,106,teste,2,10 23,2 10 23,V,0.0,1.0,0.0,0.0,0.0,0.0,0.0,0.0,0.0,2.0,0.0,1.0,0.0,0.0,0.0,0.0,-1600.0
197,57,teste,11 17 19,8 12 30,17 30,P,2.0,1.0,5.0,0.0,1.0,0.0,2.0,0.0,2.0,1.0,8.0,1.0,2.0,0.0,0.0,0.0,-18.0
197,68,teste,11 19 21,12 13 18,18 21,V,2.0,1.0,8.0,1.0,2.0,0.0,0.0,0.0,2.0,1.0,6.0,2.0,1.0,0.0,0.0,0.0,-10.0
198,20,teste,9 21 23 24 26 27 28 29 31,0 2 3 7 10 11 17,,V,9.0,0.0,12.0,2.0,2.0,3.0,8.0,0.0,7.0,0.0,9.0,2.0,2.0,3.0,5.0,1.0,218.0
198,36,teste,9 14 18 24 27 28 31,3 7 8,,V,7.0,0.0,14.0,3.0,2.0,2.0,7.0,0.0,3.0,0.0,3.0,0.0,1.0,1.0,2.0,0.0,451.0
198,40,teste,9 18 20 27 28 31,8 10,,V,6.0,0.0,11.0,2.0,3.0,2.0,2.0,0.0,2.0,0.0,4.0,1.0,0.0,0.0,0.0,0.0,439.0
198,7,teste,12 18 22 23 24 25 27 28 29 30 31,0 1 2 3 4 5 6 7 10 11,,P,10.0,0.0,8.0,1.0,3.0,4.0,10.0,0.0,11.0,0.0,14.0,2.0,3.0,4.0,10.0,0.0,-111.0
198,19,teste,9 21 23 24 26 27 28 29 31,0 2 3 7 10 11 13,,P,7.0,0.0,8.0,2.0,2.0,3.0,5.0,0.0,9.0,0.0,12.0,2.0,2.0,3.0,8.0,0.0,-218.0
198,46,teste,1 9 20 27 28 31,16,1,V,5.0,1.0,8.0,1.0,3.0,2.0,2.0,0.0,1.0,0.0,4.0,0.0,0.0,0.0,0.0,1.0,1600.0
198,4,teste,18 20 21 22 23 24 25 27 28 29 30 31,0 1 2 3 4 5 6 7 9 10 11 16,,V,12.0,0.0,14.0,3.0,3.0,4.0,12.0,0.0,12.0,0.0,14.0,2.0,3.0,4.0,11.0,1.0,124.0
198,38,teste,9 14 18 20 27 28 31,3 8 10,,V,7.0,0.0,15.0,3.0,3.0,2.0,5.0,1.0,3.0,0.0,4.0,1.0,1.0,1.0,0.0,1.0,447.0
198,22,teste,9 23 24 26 27 28 29 31,0 2 3 7 11 17,,V,8.0,0.0,10.0,1.0,2.0,3.0,7.0,0.0,6.0,0.0,7.0,1.0,2.0,3.0,4.0,0.0,235.0
198,34,teste,9 14 24 25 27 28 31,3 4 7 22,,V,7.0,0.0,12.0,2.0,2.0,2.0,6.0,1.0,4.0,0.0,7.0,1.0,2.0,1.0,2.0,1.0,449.0
198,32,teste,9 23 24 25 27 28 31,3 4 7 17 18,,V,7.0,0.0,10.0,1.0,2.0,2.0,5.0,0.0,5.0,0.0,10.0,2.0,2.0,1.0,2.0,1.0,319.0
198,30,teste,9 24 25 26 27 28 31,3 4 7 15 17,,V,7.0,0.0,9.0,1.0,2.0,2.0,5.0,0.0,5.0,0.0,9.0,1.0,2.0,1.0,2.0,0.0,343.0
198,28,teste,9 24 26 27 28 29 31,3 4 7 11 17,,V,7.0,0.0,8.0,1.0,2.0,3.0,6.0,0.0,5.0,0.0,8.0,1.0,3.0,1.0,3.0,0.0,229.0
198,44,teste,6 9 20 27 28 31,12,,V,6.0,0.0,14.0,1.0,3.0,2.0,4.0,0.0,1.0,0.0,3.0,0.0,1.0,0.0,0.0,0.0,1600.0
198,6,teste,18 21 22 23 24 25 27 28 29 30 31,0 1 2 3 4 5 6 7 10 11 16,,V,11.0,0.0,12.0,3.0,2.0,4.0,11.0,0.0,11.0,0.0,12.0,1.0,3.0,4.0,10.0,1.0,111.0
198,45,teste,1 9 20 27 28 31,12,1,P,1.0,0.0,3.0,0.0,1.0,0.0,0.0,0.0,5.0,1.0,8.0,1.0,3.0,2.0,2.0,0.0,-1600.0
198,15,teste,5 18 23 24 25 26 27 28 29 31,0 1 2 3 7 10 11 14,,P,8.0,0.0,8.0,2.0,2.0,4.0,6.0,1.0,10.0,0.0,15.0,1.0,2.0,3.0,9.0,1.0,-100.0
198,37,teste,9 14 18 20 27 28 31,3 7 8,,P,3.0,0.0,3.0,0.0,1.0,1.0,2.0,0.0,7.0,0.0,15.0,3.0,3.0,2.0,5.0,0.0,-447.0
198,24,teste,23 24 26 27 28 29 31,0 3 7 9 11 17,,V,7.0,0.0,5.0,0.0,2.0,3.0,7.0,0.0,6.0,0.0,9.0,2.0,2.0,2.0,3.0,0.0,109.0
198,39,teste,7 9 18 20 27 28 31,3 8,,P,2.0,0.0,2.0,0.0,1.0,1.0,0.0,0.0,7.0,0.0,17.0,2.0,3.0,2.0,2.0,1.0,-450.0
198,42,teste,6 18 20 27 28 31,8 14,,V,6.0,0.0,12.0,1.0,3.0,2.0,2.0,1.0,2.0,0.0,5.0,1.0,0.0,0.0,0.0,1.0,559.0
198,25,teste,18 24 26 27 28 29 31,0 3 7 9 11 17,,P,6.0,0.0,9.0,2.0,2.0,2.0,3.0,0.0,7.0,0.0,6.0,1.0,2.0,3.0,6.0,0.0,-113.0
198,13,teste,12 18 23 24 25 26 27 28 29 31,0 1 2 3 4 7 10 11 14,,P,9.0,0.0,9.0,2.0,3.0,4.0,8.0,1.0,10.0,0.0,13.0,1.0,3.0,3.0,9.0,0.0,-91.0
198,23,teste,6 23 24 26 27 28 29 31,0 2 3 7 11 17,,P,6.0,0.0,7.0,1.0,2.0,3.0,4.0,0.0,8.0,0.0,11.0,0.0,2.0,3.0,7.0,1.0,-109.0
198,8,teste,12 18 22 23 24 25 27 28 29 30 31,0 1 2 3 4 5 6 7 11 14,,V,11.0,0.0,14.0,2.0,3.0,4.0,10.0,0.0,10.0,0.0,9.0,1.0,3.0,4.0,9.0,1.0,112.0
198,33,teste,9 14 24 25 27 28 31,3 4 7 17,,P,4.0,0.0,6.0,1.0,2.0,1.0,2.0,0.0,7.0,0.0,12.0,2.0,2.0,2.0,6.0,0.0,-319.0
198,11,teste,12 22 23 24 25 26 27 28 29 31,0 1 2 3 4 6 7 11 14,,P,9.0,0.0,8.0,1.0,3.0,4.0,8.0,0.0,10.0,0.0,12.0,1.0,3.0,3.0,9.0,0.0,-94.0
198,16,teste,18 23 24 25 26 27 28 29 31,0 2 3 7 8 10 11 14,,V,9.0,0.0,9.0,1.0,2.0,3.0,9.0,0.0,8.0,0.0,10.0,2.0,2.0,3.0,6.0,1.0,212.0
198,26,teste,18 24 26 27 28 29 31,0 3 7 11 14 17,,V,7.0,0.0,6.0,1.0,2.0,3.0,6.0,1.0,6.0,0.0,10.0,2.0,2.0,2.0,5.0,1.0,215.0
198,27,teste,9 24 26 27 28 29 31,0 3 7 11 17,,P,5.0,0.0,7.0,1.0,2.0,2.0,3.0,0.0,7.0,0.0,8.0,1.0,2.0,3.0,6.0,0.0,-229.0
198,21,teste,9 14 23 24 26 27 28 29 31,0 2 3 7 10 11,,P,6.0,0.0,5.0,1.0,2.0,3.0,5.0,0.0,9.0,0.0,14.0,2.0,2.0,3.0,9.0,1.0,-235.0
198,41,teste,6 18 20 27 28 31,8 10,,P,2.0,0.0,4.0,1.0,0.0,0.0,0.0,0.0,6.0,0.0,12.0,1.0,3.0,2.0,2.0,0.0,-497.0
199,15,validacao,19 20 21 22 24 27 28 29 31,0 1 2 3 5 7 8 9 13,,P,9.0,0.0,9.0,2.0,1.0,4.0,9.0,0.0,9.0,0.0,11.0,2.0,4.0,3.0,7.0,0.0,-7.0
199,43,validacao,12 21,3 4 5 6 18 31,31,P,5.0,1.0,7.0,1.0,2.0,1.0,0.0,0.0,2.0,0.0,6.0,1.0,1.0,0.0,0.0,0.0,501.0
199,37,validacao,15 16 23 28,3 4 5 6 11 18,,P,6.0,0.0,9.0,1.0,3.0,1.0,0.0,1.0,4.0,0.0,9.0,0.0,1.0,1.0,0.0,1.0,431.0
199,5,validacao,14 20 21 24 25 26 27 28 29 30 31,0 1 2 3 4 5 6 7 9 10 13,,P,11.0,0.0,11.0,3.0,2.0,4.0,11.0,0.0,11.0,0.0,12.0,2.0,3.0,4.0,10.0,1.0,122.0
199,13,validacao,19 20 21 24 25 27 28 29 31,0 1 2 3 4 5 7 9 13,,P,9.0,0.0,8.0,2.0,2.0,4.0,9.0,0.0,9.0,0.0,10.0,1.0,4.0,3.0,8.0,0.0,3.0
199,35,validacao,15 16 27 28,1 3 4 6 11 18,,P,6.0,0.0,8.0,1.0,3.0,2.0,2.0,0.0,4.0,0.0,8.0,0.0,2.0,1.0,0.0,0.0,339.0
199,42,validacao,12 24,3 4 5 6 18 31,31,V,2.0,0.0,5.0,0.0,1.0,0.0,0.0,0.0,5.0,1.0,7.0,1.0,2.0,1.0,0.0,0.0,-504.0
199,28,validacao,19 20 22 27 28,1 2 3 4 5 11,,V,5.0,0.0,8.0,1.0,4.0,1.0,0.0,0.0,6.0,0.0,4.0,0.0,3.0,3.0,2.0,0.0,-95.0
199,18,validacao,19 20 21 24 27 28 29 31,0 1 2 3 5 7 8 14 22,,V,8.0,0.0,9.0,1.0,4.0,3.0,7.0,0.0,9.0,0.0,12.0,2.0,1.0,4.0,7.0,0.0,-113.0
199,25,validacao,13 19 20 22 27 28 31,1 2 3 4 5 7 8,,P,7.0,0.0,5.0,0.0,2.0,3.0,7.0,0.0,7.0,0.0,12.0,2.0,4.0,2.0,2.0,1.0,98.0
199,34,validacao,16 19 27 28,1 3 4 6 11 18,,V,4.0,0.0,7.0,0.0,3.0,1.0,0.0,0.0,6.0,0.0,8.0,1.0,3.0,2.0,2.0,0.0,-223.0
199,26,validacao,19 20 27 28 31,1 2 3 4 5 7 26,,V,5.0,0.0,6.0,0.0,4.0,2.0,2.0,0.0,7.0,0.0,9.0,0.0,2.0,3.0,5.0,1.0,-102.0
199,39,validacao,15 16 24,3 4 5 6 11 27,,P,6.0,0.0,11.0,0.0,4.0,1.0,0.0,0.0,3.0,0.0,8.0,0.0,0.0,0.0,0.0,1.0,428.0
199,22,validacao,17 19 20 27 28 29 31,0 1 2 3 5 7 8 25,,V,7.0,0.0,9.0,1.0,4.0,3.0,2.0,0.0,8.0,0.0,10.0,0.0,1.0,4.0,7.0,1.0,11.0
199,10,validacao,20 21 24 26 27 28 29 30 31,0 1 2 3 4 5 6 7 13 23,,V,9.0,0.0,7.0,1.0,3.0,4.0,9.0,0.0,10.0,0.0,12.0,1.0,2.0,4.0,8.0,1.0,0.0
199,14,validacao,19 20 21 24 25 27 28 29 31,0 1 2 3 5 7 8 9 13,,V,9.0,0.0,10.0,1.0,4.0,3.0,8.0,0.0,9.0,0.0,9.0,2.0,1.0,4.0,9.0,0.0,8.0
199,7,validacao,14 20 24 25 26 27 28 29 30 31,0 1 2 3 4 5 6 7 9 13,,P,10.0,0.0,9.0,2.0,2.0,4.0,10.0,0.0,10.0,0.0,10.0,1.0,3.0,4.0,9.0,1.0,97.0
199,23,validacao,17 19 20 22 27 28 31,0 1 2 3 5 7 8,,P,7.0,0.0,4.0,0.0,1.0,4.0,7.0,0.0,7.0,0.0,11.0,2.0,4.0,2.0,4.0,0.0,-11.0
199,4,validacao,20 21 23 24 25 26 27 28 29 30 31,0 1 2 3 4 5 6 7 9 10 13 18,,V,11.0,0.0,10.0,1.0,3.0,4.0,11.0,0.0,12.0,0.0,15.0,4.0,2.0,4.0,11.0,1.0,-122.0
199,19,validacao,17 19 20 24 27 28 29 31,0 1 2 3 5 7 8 14 22,,P,9.0,0.0,12.0,2.0,1.0,4.0,7.0,1.0,8.0,0.0,10.0,1.0,4.0,3.0,6.0,1.0,113.0
199,9,validacao,20 21 24 26 27 28 29 30 31,0 1 2 3 4 5 6 7 13 18,,P,10.0,0.0,11.0,2.0,2.0,4.0,8.0,0.0,9.0,0.0,7.0,1.0,3.0,4.0,9.0,0.0,109.0
199,46,validacao,12 16,3 4 5 10 22 31,31,V,2.0,0.0,7.0,0.0,1.0,0.0,2.0,0.0,5.0,1.0,9.0,2.0,2.0,1.0,0.0,0.0,-501.0
199,24,validacao,17 19 20 22 27 28 31,1 2 3 4 5 7 8,,V,7.0,0.0,11.0,2.0,4.0,2.0,4.0,0.0,7.0,0.0,5.0,0.0,2.0,3.0,7.0,0.0,7.0
199,27,validacao,19 20 22 27 28,1 2 3 4 5 7,,P,6.0,0.0,3.0,0.0,2.0,3.0,5.0,0.0,5.0,0.0,8.0,1.0,4.0,1.0,0.0,0.0,95.0
199,16,validacao,19 20 21 22 24 27 28 29 31,0 1 2 3 5 7 8 13 14,,V,9.0,0.0,11.0,2.0,4.0,3.0,7.0,0.0,9.0,0.0,10.0,2.0,1.0,4.0,8.0,0.0,9.0
199,36,validacao,15 16 27 28,3 4 5 6 11 18,,V,4.0,0.0,8.0,0.0,2.0,1.0,0.0,0.0,6.0,0.0,9.0,1.0,3.0,1.0,0.0,0.0,-225.0
199,6,validacao,20 21 24 25 26 27 28 29 30 31,0 1 2 3 4 5 6 7 9 13 17,,V,10.0,0.0,8.0,1.0,3.0,4.0,10.0,0.0,11.0,0.0,13.0,3.0,2.0,4.0,11.0,1.0,-122.0
199,41,validacao,12 24,3 4 5 6 18 27,,P,6.0,0.0,13.0,1.0,3.0,1.0,0.0,0.0,2.0,0.0,5.0,0.0,1.0,0.0,0.0,0.0,489.0
199,20,validacao,19 20 24 27 28 29 31,0 1 2 3 5 7 8 21 22,,V,7.0,0.0,7.0,0.0,4.0,3.0,6.0,0.0,9.0,0.0,14.0,2.0,1.0,4.0,7.0,1.0,-118.0
199,31,validacao,16 17 19 27 28,1 2 3 4 9 11,,P,6.0,0.0,5.0,1.0,3.0,3.0,0.0,0.0,5.0,0.0,10.0,1.0,3.0,1.0,0.0,0.0,92.0
199,33,validacao,14 16 19 27 28,1 3 4 6 9 11,,P,6.0,0.0,6.0,1.0,3.0,2.0,3.0,1.0,5.0,0.0,11.0,1.0,3.0,1.0,0.0,1.0,210.0
199,38,validacao,15 16 28,3 4 5 6 11 27,,V,3.0,0.0,7.0,0.0,1.0,1.0,0.0,1.0,6.0,0.0,11.0,0.0,4.0,1.0,0.0,0.0,-431.0
200,19,teste,13 16 23 27 28 29 30 31,0 1 2 3 6 7 11,,P,7.0,0.0,4.0,0.0,2.0,4.0,6.0,0.0,8.0,0.0,10.0,1.0,2.0,4.0,5.0,0.0,-95.0
200,33,teste,1 4 14 16 22 28 29 30,0 3 7,1,P,3.0,0.0,1.0,0.0,1.0,2.0,2.0,0.0,7.0,1.0,15.0,2.0,2.0,3.0,0.0,0.0,-619.0
200,14,teste,13 23 24 25 27 28 29 30 31,0 1 2 3 6 7 9 11 17,,V,9.0,0.0,9.0,1.0,2.0,4.0,8.0,1.0,9.0,0.0,10.0,2.0,2.0,4.0,7.0,0.0,14.0
200,45,teste,0 3 8 16 21 22 29 30,19,0 3 8,P,1.0,0.0,4.0,0.0,1.0,0.0,0.0,0.0,5.0,3.0,7.0,2.0,1.0,2.0,2.0,0.0,-983.0
200,18,teste,13 23 25 27 28 29 30 31,0 1 2 3 6 7 11 21,,V,8.0,0.0,8.0,1.0,2.0,4.0,6.0,0.0,8.0,0.0,9.0,1.0,2.0,4.0,6.0,1.0,95.0
200,12,teste,13 17 23 24 25 27 28 29 30 31,0 1 2 3 6 7 9 10 11,,V,10.0,0.0,12.0,2.0,2.0,4.0,10.0,1.0,9.0,0.0,8.0,2.0,2.0,4.0,8.0,0.0,124.0
200,20,teste,13 16 23 27 28 29 30 31,0 1 2 3 6 10 11,,V,8.0,0.0,10.0,1.0,2.0,4.0,5.0,0.0,7.0,0.0,5.0,1.0,2.0,4.0,4.0,0.0,107.0
200,37,teste,4 8 14 16 22 24 29 30,3 11,8,P,2.0,0.0,2.0,0.0,2.0,1.0,0.0,0.0,7.0,1.0,16.0,2.0,1.0,2.0,4.0,0.0,-799.0
200,41,teste,0 8 14 16 21 22 29 30,7 15,0 8,P,2.0,0.0,4.0,0.0,0.0,0.0,0.0,0.0,6.0,2.0,11.0,3.0,0.0,2.0,2.0,0.0,-811.0
200,13,teste,13 14 23 24 25 27 28 29 30 31,0 1 2 3 6 7 9 10 11,,P,9.0,0.0,8.0,2.0,2.0,4.0,8.0,1.0,10.0,0.0,13.0,2.0,2.0,4.0,8.0,2.0,-0.0
200,42,teste,0 8 14 16 21 22 29 30,10 15,0 8,V,6.0,2.0,11.0,3.0,0.0,2.0,2.0,1.0,2.0,0.0,5.0,1.0,0.0,0.0,2.0,1.0,911.0
200,7,teste,13 20 23 24 25 26 27 28 29 30 31,0 1 2 3 5 6 7 9 10 11 17,,P,11.0,0.0,13.0,3.0,2.0,4.0,10.0,0.0,11.0,0.0,12.0,1.0,3.0,4.0,10.0,1.0,9.0
200,21,teste,13 16 19 27 28 29 30 31,0 1 2 3 6 10 11,,P,7.0,0.0,5.0,1.0,2.0,4.0,4.0,0.0,8.0,0.0,11.0,1.0,3.0,4.0,4.0,0.0,-103.0
200,10,teste,13 23 24 25 26 27 28 29 30 31,0 1 2 3 5 6 7 10 11 22,,V,10.0,0.0,10.0,1.0,2.0,4.0,9.0,0.0,10.0,0.0,12.0,2.0,2.0,4.0,9.0,1.0,99.0
200,6,teste,16 20 23 24 25 26 27 28 29 30 31,0 1 2 3 5 6 7 9 10 11 17,,V,11.0,0.0,11.0,0.0,3.0,4.0,11.0,0.0,11.0,0.0,13.0,3.0,2.0,4.0,10.0,0.0,1.0
200,40,teste,0 8 14 16 22 24 29 30,7 15,0 8,V,6.0,2.0,10.0,2.0,0.0,2.0,2.0,0.0,2.0,0.0,4.0,0.0,0.0,0.0,0.0,0.0,808.0
200,8,teste,20 23 24 25 26 27 28 29 30 31,0 1 2 3 5 6 7 10 11 16 17,,V,10.0,0.0,8.0,0.0,3.0,4.0,10.0,0.0,11.0,0.0,15.0,2.0,2.0,4.0,9.0,1.0,-31.0
200,38,teste,4 8 14 16 22 24 29 30,3 15,8,V,7.0,1.0,16.0,2.0,1.0,2.0,4.0,0.0,2.0,0.0,3.0,0.0,1.0,1.0,0.0,0.0,796.0
200,46,teste,0 3 8 16 21 22 29 30,23,0 3 8,V,5.0,3.0,7.0,2.0,1.0,2.0,2.0,0.0,1.0,0.0,5.0,0.0,0.0,0.0,0.0,0.0,978.0
200,29,teste,1 4 16 23 26 28 29 30,0 2 3 14,1,P,4.0,0.0,3.0,1.0,1.0,3.0,0.0,0.0,7.0,1.0,12.0,0.0,2.0,3.0,3.0,0.0,-516.0
200,47,teste,0 3 8 16 17 22 29 30,23,0 3 8,P,1.0,0.0,5.0,0.0,0.0,0.0,0.0,0.0,5.0,3.0,8.0,2.0,1.0,2.0,2.0,0.0,-987.0
200,34,teste,1 4 14 16 22 28 29 30,0 3 11,1,V,7.0,1.0,15.0,2.0,2.0,3.0,0.0,0.0,3.0,0.0,2.0,0.0,2.0,2.0,0.0,0.0,641.0
200,39,teste,0 8 14 16 22 24 29 30,3 15,0 8,P,2.0,0.0,3.0,0.0,1.0,1.0,0.0,0.0,6.0,2.0,10.0,2.0,0.0,2.0,2.0,0.0,-811.0
200,17,teste,13 23 25 27 28 29 30 31,0 1 2 3 6 7 11 17,,P,8.0,0.0,8.0,1.0,2.0,4.0,6.0,0.0,8.0,0.0,8.0,1.0,2.0,4.0,6.0,0.0,20.0
200,31,teste,1 4 16 22 23 28 29 30,0 3 7 14,1,P,4.0,0.0,4.0,1.0,1.0,2.0,2.0,0.0,7.0,1.0,13.0,1.0,2.0,3.0,0.0,0.0,-523.0
200,24,teste,13 16 19 23 28 29 30 31,0 2 3 5 6 10 15,,V,8.0,0.0,12.0,1.0,2.0,4.0,4.0,0.0,7.0,0.0,7.0,1.0,1.0,3.0,6.0,0.0,94.0
200,11,teste,13 17 23 24 25 27 28 29 30 31,0 1 2 3 5 6 7 10 11,,P,9.0,0.0,7.0,1.0,2.0,4.0,9.0,0.0,10.0,0.0,12.0,2.0,2.0,4.0,10.0,0.0,-98.0
200,25,teste,13 16 19 23 26 28 29 30,0 2 3 5 6 10 15,,P,7.0,0.0,7.0,1.0,1.0,3.0,6.0,0.0,8.0,0.0,13.0,1.0,2.0,3.0,6.0,0.0,-94.0
200,5,teste,16 20 23 24 25 26 27 28 29 30 31,0 1 2 3 5 6 7 9 10 11 13,,P,11.0,0.0,12.0,3.0,2.0,4.0,11.0,0.0,11.0,0.0,11.0,0.0,3.0,4.0,11.0,0.0,25.0
200,48,teste,0 3 8 16 17 22 29 30,26,0 3 8,V,5.0,3.0,8.0,2.0,1.0,2.0,2.0,0.0,1.0,0.0,6.0,0.0,0.0,0.0,0.0,1.0,1600.0
200,22,teste,13 16 19 27 28 29 30 31,0 1 2 3 6 10 15,,V,8.0,0.0,11.0,1.0,3.0,4.0,4.0,0.0,7.0,0.0,6.0,1.0,1.0,4.0,5.0,0.0,101.0
200,36,teste,1 4 14 16 22 24 29 30,3 5 11,1,V,7.0,1.0,16.0,2.0,1.0,2.0,2.0,0.0,3.0,0.0,3.0,0.0,2.0,1.0,0.0,1.0,745.0
201,47,treino,6,1 7 15 21 25 31,6 21 25 31,P,3.0,3.0,4.0,1.0,0.0,1.0,2.0,0.0,0.0,1.0,0.0,0.0,0.0,0.0,0.0,1.0,1600.0
201,22,treino,19 23 26 30 31,0 1 2 3 10 11 29,29,V,5.0,0.0,6.0,0.0,1.0,2.0,5.0,0.0,6.0,1.0,4.0,1.0,2.0,4.0,0.0,0.0,-196.0
201,12,treino,18 19 20 23 24 25 26 28 30 31,0 1 2 3 5 6 7 9 10 13 21,,V,10.0,0.0,13.0,1.0,3.0,3.0,10.0,0.0,11.0,0.0,15.0,4.0,1.0,4.0,10.0,1.0,1.0
201,23,treino,15 23 26 30 31,0 1 2 3 10 11 29,29,P,6.0,1.0,4.0,1.0,2.0,4.0,0.0,1.0,5.0,0.0,7.0,0.0,0.0,2.0,4.0,1.0,431.0
201,46,treino,9,1 7 15 21 25 31,9 21 25 31,V,0.0,1.0,0.0,1.0,0.0,0.0,0.0,0.0,3.0,3.0,4.0,1.0,0.0,1.0,2.0,0.0,-693.0
201,20,treino,16 18 19 23 24 26 30 31,0 1 2 3 6 10 11 14,,V,8.0,0.0,13.0,1.0,1.0,2.0,6.0,0.0,8.0,0.0,8.0,2.0,2.0,4.0,5.0,1.0,-275.0
201,8,treino,18 19 20 21 23 24 26 28 29 30 31,0 1 2 3 5 6 7 8 9 10 13,,V,11.0,0.0,14.0,2.0,3.0,4.0,11.0,0.0,11.0,0.0,12.0,3.0,1.0,4.0,11.0,0.0,10.0
201,19,treino,16 18 19 23 24 26 30 31,0 1 2 3 6 9 10 11,,P,8.0,0.0,7.0,2.0,2.0,4.0,5.0,0.0,8.0,0.0,13.0,1.0,1.0,2.0,6.0,0.0,275.0
201,24,treino,26 30 31,0 1 2 3 10 27 29,29,V,3.0,0.0,1.0,0.0,0.0,2.0,3.0,0.0,6.0,1.0,8.0,1.0,2.0,4.0,0.0,0.0,-431.0
201,32,treino,21 22 26,0 1 2 14 15 27 29,29,V,3.0,0.0,5.0,2.0,0.0,0.0,2.0,0.0,6.0,1.0,12.0,1.0,1.0,3.0,0.0,0.0,-554.0
201,44,treino,0,1 5 7 15 21 30 31,0 21 30 31,V,0.0,1.0,0.0,0.0,0.0,0.0,0.0,0.0,4.0,3.0,5.0,1.0,0.0,1.0,2.0,1.0,-691.0
201,13,treino,8 18 19 20 23 25 26 28 30 31,0 1 2 3 5 6 7 9 10,,P,9.0,0.0,7.0,2.0,1.0,4.0,9.0,0.0,10.0,0.0,17.0,1.0,3.0,3.0,7.0,1.0,-10.0
201,26,treino,22 30 31,0 1 2 7 10 27 29,29,V,3.0,0.0,2.0,1.0,0.0,2.0,0.0,0.0,6.0,1.0,9.0,1.0,1.0,3.0,3.0,0.0,-516.0
201,15,treino,16 18 19 23 25 26 28 30 31,0 1 2 3 6 7 9 10 12,,P,9.0,0.0,9.0,2.0,2.0,4.0,7.0,0.0,9.0,0.0,13.0,1.0,2.0,3.0,7.0,1.0,-7.0
201,31,treino,21 22 26,0 1 2 10 14 27 29,29,P,6.0,1.0,11.0,2.0,1.0,3.0,2.0,0.0,3.0,0.0,5.0,2.0,0.0,0.0,2.0,0.0,636.0
201,40,treino,8,1 2 5 15 25 30 31,25 30 31,V,1.0,0.0,5.0,0.0,0.0,0.0,0.0,1.0,4.0,3.0,4.0,0.0,0.0,2.0,4.0,0.0,-861.0
201,17,treino,16 18 19 23 26 28 30 31,0 1 2 3 6 7 9 10,,P,8.0,0.0,6.0,2.0,1.0,4.0,7.0,0.0,8.0,0.0,12.0,1.0,2.0,3.0,6.0,0.0,113.0
201,38,treino,12,0 1 2 15 25 30 31,25 30 31,V,1.0,0.0,4.0,0.0,1.0,0.0,0.0,0.0,4.0,3.0,3.0,0.0,0.0,3.0,2.0,0.0,-873.0
201,6,treino,18 19 20 21 24 26 27 28 29 30 31,0 1 2 3 4 5 6 7 9 10 13,,V,11.0,0.0,13.0,2.0,4.0,4.0,9.0,0.0,11.0,0.0,11.0,3.0,2.0,4.0,11.0,0.0,7.0
201,36,treino,16,0 1 2 15 25 27 30,25 30,V,1.0,0.0,3.0,0.0,0.0,0.0,0.0,0.0,5.0,2.0,9.0,0.0,1.0,3.0,2.0,0.0,-849.0
201,37,treino,12,0 1 2 15 25 27 30,25 30,P,5.0,2.0,9.0,0.0,1.0,3.0,2.0,0.0,1.0,0.0,4.0,0.0,1.0,0.0,0.0,0.0,1600.0
201,39,treino,8,0 1 2 15 25 30 31,25 30 31,P,4.0,3.0,3.0,0.0,0.0,3.0,2.0,0.0,1.0,0.0,5.0,0.0,0.0,0.0,0.0,0.0,1600.0
201,7,treino,18 19 20 21 23 24 26 28 29 30 31,0 1 2 3 4 5 6 7 9 10 13,,P,11.0,0.0,11.0,3.0,2.0,4.0,11.0,0.0,11.0,0.0,14.0,2.0,3.0,4.0,11.0,0.0,7.0
201,28,treino,22 26 30,0 1 2 7 14 27 29,29,V,3.0,0.0,3.0,1.0,0.0,1.0,3.0,0.0,6.0,1.0,10.0,1.0,1.0,3.0,2.0,0.0,-506.0
201,11,treino,16 18 19 20 23 24 25 26 28 30 31,0 1 2 3 5 6 7 9 10 12 13,,P,11.0,0.0,13.0,3.0,2.0,4.0,10.0,0.0,11.0,0.0,16.0,1.0,3.0,3.0,11.0,1.0,-3.0
201,34,treino,16 22 26,0 1 2 14 15 25 27,25,V,3.0,0.0,6.0,1.0,0.0,0.0,2.0,1.0,6.0,1.0,12.0,1.0,1.0,3.0,0.0,0.0,-630.0
201,45,treino,9,1 7 15 21 30 31,9 21 30 31,P,3.0,3.0,4.0,1.0,0.0,1.0,0.0,0.0,0.0,1.0,0.0,1.0,0.0,0.0,0.0,0.0,1600.0
201,10,treino,18 19 20 21 23 24 25 26 28 30 31,0 1 2 3 5 6 7 9 10 12 13,,V,11.0,0.0,15.0,2.0,3.0,3.0,11.0,0.0,11.0,0.0,13.0,3.0,2.0,4.0,10.0,0.0,3.0
201,35,treino,16 18 26,0 1 2 14 15 25 27,25,P,6.0,1.0,12.0,1.0,1.0,3.0,0.0,2.0,3.0,0.0,7.0,1.0,0.0,0.0,0.0,1.0,795.0
201,21,treino,9 16 19 23 24 26 30 31,0 1 2 3 6 10 11,,P,7.0,0.0,5.0,1.0,2.0,4.0,4.0,0.0,8.0,0.0,15.0,1.0,1.0,2.0,5.0,1.0,196.0
201,41,treino,4,1 2 5 15 25 30 31,25 30 31,P,4.0,3.0,4.0,0.0,0.0,2.0,4.0,0.0,1.0,0.0,6.0,0.0,1.0,0.0,0.0,0.0,795.0
201,42,treino,4,1 5 7 15 25 30 31,25 30 31,V,1.0,0.0,6.0,0.0,1.0,0.0,0.0,0.0,4.0,3.0,5.0,0.0,0.0,1.0,4.0,0.0,-794.0
202,22,validacao,9 14 24 27 28 29 31,0 2 3 4 5 7 25,,V,7.0,0.0,11.0,2.0,2.0,3.0,7.0,0.0,7.0,0.0,9.0,0.0,2.0,3.0,6.0,1.0,104.0
202,29,validacao,21 24 27 31,0 3 5 7 8 29,29,P,5.0,1.0,4.0,0.0,1.0,2.0,5.0,0.0,4.0,0.0,4.0,1.0,1.0,1.0,4.0,1.0,389.0
202,38,validacao,31,0 3 8 9 13 19,13,V,1.0,0.0,0.0,0.0,0.0,1.0,0.0,0.0,5.0,1.0,8.0,2.0,2.0,2.0,3.0,0.0,-636.0
202,41,validacao,23,0 7 8 9 13 19,13,P,5.0,1.0,9.0,2.0,1.0,1.0,3.0,0.0,1.0,0.0,2.0,0.0,0.0,0.0,0.0,1.0,1600.0
202,33,validacao,16 23 31,0 3 7 8 9 20,20,P,5.0,1.0,5.0,1.0,2.0,2.0,2.0,0.0,3.0,0.0,5.0,0.0,0.0,1.0,0.0,1.0,513.0
202,31,validacao,21 23 31,0 3 5 7 8 20,20,P,5.0,1.0,4.0,0.0,2.0,2.0,5.0,0.0,3.0,0.0,4.0,1.0,0.0,1.0,0.0,0.0,392.0
202,15,validacao,14 20 24 25 27 28 29 31,0 2 3 4 5 7 11 12,,P,8.0,0.0,8.0,0.0,4.0,3.0,7.0,0.0,8.0,0.0,9.0,1.0,3.0,3.0,7.0,0.0,7.0
202,7,validacao,14 17 20 24 25 26 27 28 29 30 31,0 1 2 3 4 5 6 7 11 12 15,,P,11.0,0.0,12.0,0.0,4.0,4.0,10.0,0.0,11.0,0.0,13.0,2.0,3.0,4.0,11.0,0.0,8.0
202,14,validacao,20 24 25 27 28 29 30 31,0 2 3 4 5 7 11 12 18 26,,V,8.0,0.0,5.0,0.0,3.0,4.0,8.0,0.0,10.0,0.0,18.0,1.0,4.0,3.0,7.0,1.0,-7.0
202,11,validacao,6 14 20 24 25 26 27 28 29 30 31,0 1 2 3 4 5 7 11 12 18,,P,10.0,0.0,12.0,1.0,4.0,4.0,8.0,0.0,11.0,0.0,16.0,1.0,3.0,4.0,9.0,1.0,-7.0
202,17,validacao,13 14 24 25 27 28 29 31,0 2 3 4 5 7 11,,P,7.0,0.0,5.0,0.0,3.0,3.0,7.0,0.0,8.0,0.0,11.0,2.0,2.0,3.0,6.0,0.0,7.0
202,21,validacao,9 14 22 24 27 28 29 31,0 2 3 4 5 7 18,,P,7.0,0.0,7.0,1.0,2.0,3.0,6.0,1.0,8.0,0.0,13.0,3.0,2.0,3.0,7.0,1.0,-144.0
202,25,validacao,6 14 22 24 27 28 31,0 2 3 5 7 8,,P,6.0,0.0,4.0,0.0,1.0,3.0,6.0,0.0,7.0,0.0,14.0,2.0,2.0,2.0,4.0,1.0,222.0
202,32,validacao,21 23 31,0 3 7 8 9 20,20,V,3.0,0.0,4.0,1.0,0.0,1.0,0.0,0.0,5.0,1.0,5.0,1.0,2.0,2.0,2.0,0.0,-403.0
202,36,validacao,18 31,0 3 8 9 10 13,13,V,2.0,0.0,3.0,1.0,0.0,1.0,0.0,0.0,5.0,1.0,6.0,3.0,1.0,2.0,3.0,0.0,-537.0
202,9,validacao,13 14 20 24 25 26 27 28 29 30 31,0 1 2 3 4 5 6 7 11 12 18,,P,11.0,0.0,13.0,1.0,4.0,4.0,9.0,0.0,11.0,0.0,14.0,2.0,3.0,4.0,9.0,0.0,134.0
202,40,validacao,26,0 7 8 9 13 19,13,V,1.0,0.0,1.0,0.0,0.0,0.0,0.0,0.0,5.0,1.0,9.0,2.0,1.0,1.0,3.0,0.0,-631.0
202,30,validacao,21 27 31,0 3 5 7 8 20,20,V,3.0,0.0,3.0,1.0,1.0,1.0,2.0,0.0,5.0,1.0,4.0,0.0,2.0,2.0,5.0,0.0,-392.0
202,37,validacao,15 31,0 3 8 9 10 13,13,P,5.0,1.0,6.0,3.0,1.0,2.0,3.0,1.0,2.0,0.0,4.0,0.0,0.0,1.0,0.0,1.0,632.0
202,28,validacao,21 27 28 31,0 3 5 7 8 29,29,V,4.0,0.0,3.0,1.0,2.0,2.0,2.0,0.0,5.0,1.0,4.0,0.0,1.0,2.0,5.0,0.0,-284.0
202,13,validacao,20 22 24 25 27 28 29 30 31,0 2 3 4 5 7 11 12 17 18,,P,10.0,0.0,16.0,2.0,4.0,3.0,7.0,2.0,9.0,0.0,7.0,1.0,3.0,4.0,9.0,1.0,-7.0
202,27,validacao,21 27 28 31,0 3 5 7 8 25,,P,6.0,0.0,10.0,0.0,1.0,2.0,5.0,0.0,4.0,0.0,3.0,1.0,2.0,2.0,2.0,0.0,281.0
202,39,validacao,26,0 3 8 9 13 19,13,P,5.0,1.0,8.0,2.0,2.0,2.0,3.0,0.0,1.0,0.0,1.0,0.0,0.0,0.0,0.0,0.0,1600.0
202,20,validacao,9 14 24 25 27 28 29 31,0 2 3 4 5 7 18,,V,8.0,0.0,12.0,2.0,2.0,3.0,8.0,0.0,7.0,0.0,7.0,1.0,2.0,3.0,6.0,0.0,144.0
202,8,validacao,14 17 20 24 25 26 27 28 29 30 31,0 1 2 3 4 5 6 7 11 12 18,,V,11.0,0.0,13.0,2.0,3.0,4.0,11.0,0.0,11.0,0.0,13.0,1.0,4.0,4.0,9.0,0.0,30.0
202,23,validacao,9 14 22 24 27 28 31,0 2 3 4 5 7,,P,6.0,0.0,3.0,0.0,2.0,3.0,6.0,0.0,7.0,0.0,13.0,3.0,2.0,2.0,6.0,0.0,-104.0
202,16,validacao,14 20 24 25 27 28 29 31,0 2 3 4 5 7 11 16,,V,8.0,0.0,9.0,1.0,3.0,3.0,7.0,0.0,8.0,0.0,9.0,0.0,3.0,3.0,7.0,1.0,-7.0
202,12,validacao,20 24 25 26 27 28 29 30 31,0 2 3 4 5 7 11 12 17 18,,V,9.0,0.0,6.0,0.0,3.0,4.0,9.0,0.0,10.0,0.0,16.0,2.0,4.0,3.0,7.0,0.0,7.0
202,24,validacao,9 14 22 24 27 28 31,0 2 3 5 7 8,,V,7.0,0.0,13.0,3.0,2.0,2.0,6.0,0.0,6.0,0.0,4.0,0.0,1.0,3.0,6.0,0.0,112.0
202,18,validacao,13 14 24 25 27 28 29 31,0 2 3 4 5 7 15,,V,8.0,0.0,11.0,2.0,2.0,3.0,6.0,0.0,7.0,0.0,6.0,0.0,2.0,3.0,6.0,0.0,112.0
202,34,validacao,23 31,0 3 7 8 9 13,13,V,2.0,0.0,2.0,0.0,0.0,1.0,0.0,0.0,5.0,1.0,5.0,2.0,1.0,2.0,5.0,0.0,-517.0
202,35,validacao,18 31,0 3 7 8 9 13,13,P,5.0,1.0,5.0,2.0,1.0,2.0,5.0,0.0,2.0,0.0,3.0,1.0,0.0,1.0,0.0,0.0,516.0
203,5,validacao,9 16 20 23 24 25 26 27 28 29 30 31,0 1 2 3 4 5 6 7 10 11 13,,P,11.0,0.0,11.0,2.0,3.0,4.0,10.0,0.0,12.0,0.0,16.0,1.0,3.0,4.0,11.0,1.0,24.0
203,6,validacao,16 20 23 24 25 26 27 28 29 30 31,0 1 2 3 4 6 7 10 11 13 14,,V,11.0,0.0,11.0,0.0,3.0,4.0,11.0,0.0,11.0,0.0,13.0,3.0,3.0,4.0,10.0,1.0,-24.0
203,7,validacao,9 20 23 24 25 26 27 28 29 30 31,0 1 2 3 4 6 7 10 11 14,,P,10.0,0.0,10.0,2.0,3.0,4.0,10.0,0.0,11.0,0.0,13.0,1.0,3.0,4.0,10.0,1.0,8.0
203,9,validacao,20 21 23 24 26 27 28 29 30 31,0 1 2 3 4 7 10 11 13 14,,P,10.0,0.0,12.0,3.0,3.0,4.0,8.0,0.0,10.0,0.0,9.0,1.0,3.0,4.0,10.0,0.0,21.0
203,10,validacao,20 21 23 24 26 27 28 29 30 31,0 2 3 4 6 7 10 11 13 14,,V,10.0,0.0,9.0,1.0,3.0,4.0,10.0,0.0,10.0,0.0,13.0,3.0,3.0,3.0,9.0,0.0,-1.0
203,11,validacao,19 20 21 24 26 27 28 29 30 31,0 2 3 4 6 7 10 11 13 14,,P,10.0,0.0,13.0,3.0,3.0,3.0,9.0,0.0,10.0,0.0,10.0,1.0,4.0,4.0,9.0,0.0,23.0
203,12,validacao,19 20 21 24 26 27 28 29 30 31,0 2 3 4 6 7 11 13 14 15,,V,10.0,0.0,10.0,1.0,4.0,4.0,9.0,0.0,10.0,0.0,14.0,2.0,3.0,3.0,8.0,1.0,269.0
203,13,validacao,1 20 21 24 26 27 28 29 30 31,0 2 3 4 7 11 13 14,1,P,8.0,0.0,10.0,2.0,3.0,3.0,6.0,0.0,9.0,1.0,7.0,1.0,3.0,4.0,9.0,0.0,-288.0
203,14,validacao,1 20 21 24 26 27 28 29 30 31,0 3 4 6 7 11 13 14,1,V,9.0,1.0,7.0,1.0,3.0,4.0,9.0,0.0,8.0,0.0,11.0,2.0,3.0,2.0,5.0,1.0,431.0
203,15,validacao,8 20 21 24 26 27 28 29 30 31,0 3 4 7 11,8,P,5.0,0.0,4.0,0.0,3.0,2.0,5.0,0.0,9.0,1.0,7.0,1.0,3.0,4.0,9.0,1.0,-444.0
203,16,validacao,20 21 24 26 27 28 29 30 31,0 3 7 11 13,,V,9.0,0.0,7.0,1.0,3.0,4.0,9.0,0.0,5.0,0.0,6.0,1.0,2.0,2.0,3.0,0.0,437.0
203,17,validacao,16 20 24 26 27 28 29 30 31,0 3 7 11 13,,P,5.0,0.0,6.0,1.0,2.0,2.0,3.0,1.0,9.0,0.0,8.0,0.0,3.0,4.0,9.0,0.0,-440.0
203,18,validacao,16 20 24 26 27 28 29 30 31,0 3 7 11 17,,V,9.0,0.0,8.0,0.0,3.0,4.0,9.0,0.0,5.0,0.0,7.0,1.0,2.0,2.0,3.0,0.0,440.0
203,19,validacao,16 20 23 24 27 28 29 30 31,0 3 7 11 17,,P,5.0,0.0,7.0,1.0,2.0,2.0,3.0,0.0,9.0,0.0,9.0,0.0,3.0,4.0,8.0,0.0,-439.0
203,20,validacao,16 20 23 24 27 28 29 30 31,3 5 7 11 17,,V,9.0,0.0,9.0,0.0,3.0,4.0,8.0,0.0,5.0,0.0,8.0,1.0,2.0,1.0,3.0,0.0,441.0
203,21,validacao,16 19 20 24 27 28 29 30 31,3 5 7 11 17,,P,5.0,0.0,8.0,1.0,2.0,1.0,3.0,0.0,9.0,0.0,10.0,0.0,4.0,4.0,7.0,0.0,-416.0
203,22,validacao,16 19 20 24 27 28 29 30 31,3 5 7 15 17,,V,9.0,0.0,10.0,0.0,4.0,4.0,7.0,0.0,5.0,0.0,9.0,1.0,1.0,1.0,2.0,1.0,416.0
203,23,validacao,10 16 20 24 27 28 29 30 31,3 5 7 17,,P,4.0,0.0,6.0,1.0,1.0,1.0,2.0,0.0,9.0,0.0,12.0,1.0,3.0,4.0,7.0,1.0,-437.0
203,24,validacao,16 20 24 27 28 29 30 31,3 5 14 17,,V,8.0,0.0,7.0,0.0,3.0,4.0,7.0,0.0,4.0,0.0,8.0,2.0,1.0,1.0,2.0,0.0,437.0
203,25,validacao,16 20 24 26 27 28 29 30,3 5 14 17,,P,4.0,0.0,8.0,2.0,1.0,1.0,2.0,0.0,8.0,0.0,8.0,0.0,3.0,3.0,7.0,0.0,-423.0
203,26,validacao,16 20 24 26 27 28 29 30,3 9 14 17,,V,8.0,0.0,8.0,0.0,3.0,3.0,7.0,0.0,4.0,0.0,9.0,3.0,1.0,1.0,3.0,0.0,423.0
203,27,validacao,13 20 24 26 27 28 29 30,3 9 14 17,,P,4.0,0.0,9.0,3.0,1.0,1.0,3.0,1.0,8.0,0.0,9.0,1.0,3.0,3.0,6.0,1.0,-413.0
203,28,validacao,20 24 26 27 28 29 30,3 14 16 17,,V,7.0,0.0,5.0,0.0,3.0,3.0,6.0,0.0,4.0,0.0,11.0,2.0,1.0,1.0,2.0,1.0,416.0
203,29,validacao,13 24 26 27 28 29 30,3 14 17,,P,3.0,0.0,7.0,2.0,1.0,1.0,2.0,0.0,7.0,0.0,7.0,1.0,2.0,3.0,5.0,0.0,-439.0
203,30,validacao,13 24 26 27 28 29 30,3 14 21,,V,7.0,0.0,7.0,1.0,2.0,3.0,5.0,0.0,3.0,0.0,8.0,2.0,1.0,1.0,0.0,1.0,1600.0
203,31,validacao,10 13 26 27 28 29 30,3,,P,1.0,0.0,0.0,0.0,1.0,1.0,0.0,0.0,7.0,0.0,11.0,2.0,2.0,3.0,2.0,0.0,-1600.0
203,32,validacao,10 13 26 27 28 29 30,7,,V,7.0,0.0,11.0,2.0,2.0,3.0,2.0,1.0,1.0,0.0,1.0,0.0,0.0,0.0,0.0,1.0,1600.0
204,12,treino,18 20 22 23 25 26 27 28 29 30,1 2 3 4 5 6 8 9 11 14,,V,10.0,0.0,12.0,2.0,3.0,3.0,8.0,0.0,10.0,0.0,12.0,2.0,3.0,3.0,8.0,0.0,12.0
204,36,treino,12 23 25 26 30,4 5 7 11 14 19 20,,V,5.0,0.0,8.0,0.0,1.0,1.0,4.0,0.0,7.0,0.0,17.0,1.0,4.0,0.0,2.0,0.0,-216.0
204,23,treino,6 20 21 23 25 26 27 30,1 3 4 5 7 8 9,,P,7.0,0.0,7.0,1.0,2.0,2.0,7.0,0.0,8.0,0.0,15.0,1.0,2.0,1.0,6.0,1.0,0.0
204,20,treino,15 20 21 23 26 27 29 30,1 3 4 5 6 7 8 9,,V,8.0,0.0,12.0,1.0,2.0,2.0,4.0,0.0,8.0,0.0,8.0,1.0,2.0,2.0,8.0,0.0,-1.0
204,37,treino,12 22 23 25 30,4 5 7 11 14 19 20,,P,7.0,0.0,17.0,1.0,4.0,0.0,2.0,0.0,5.0,0.0,9.0,1.0,1.0,1.0,3.0,1.0,216.0
204,46,treino,21 22,4 7 11 12 23 29,29,V,2.0,0.0,4.0,2.0,0.0,0.0,0.0,0.0,5.0,1.0,12.0,0.0,3.0,0.0,2.0,0.0,-511.0
204,39,treino,12 22 23 25,4 5 7 11 14 20,,P,6.0,0.0,13.0,1.0,3.0,0.0,2.0,0.0,4.0,0.0,9.0,1.0,1.0,0.0,2.0,0.0,226.0
204,52,treino,14,4 7 15 21 23 24,24,V,1.0,0.0,4.0,1.0,0.0,0.0,0.0,0.0,5.0,1.0,15.0,1.0,1.0,0.0,2.0,0.0,-633.0
204,24,treino,20 21 23 25 26 27 30,3 4 5 7 8 9 10,,V,7.0,0.0,9.0,1.0,2.0,1.0,6.0,0.0,7.0,0.0,9.0,2.0,2.0,1.0,7.0,0.0,-6.0
204,64,treino,5,4 11 19 24 29 30,5 24 29 30,V,0.0,1.0,0.0,0.0,0.0,0.0,0.0,0.0,3.0,3.0,7.0,0.0,3.0,0.0,2.0,0.0,-694.0
204,26,treino,16 20 23 25 26 27 30,3 4 5 7 8 10 14,,V,7.0,0.0,10.0,0.0,2.0,1.0,7.0,0.0,7.0,0.0,10.0,2.0,2.0,1.0,7.0,0.0,4.0
204,60,treino,5,4 11 19 21 24 30,5 24 30,V,0.0,1.0,0.0,0.0,0.0,0.0,0.0,0.0,4.0,2.0,12.0,1.0,3.0,0.0,2.0,0.0,-635.0
204,35,treino,12 23 25 26 30,3 4 5 11 14 19 20,,P,7.0,0.0,16.0,1.0,5.0,1.0,0.0,0.0,5.0,0.0,8.0,0.0,1.0,1.0,4.0,0.0,228.0
204,10,treino,17 18 20 22 23 25 26 27 28 29 30,1 2 3 4 5 6 7 8 9 11 14,,V,11.0,0.0,15.0,3.0,3.0,3.0,9.0,1.0,11.0,0.0,13.0,2.0,3.0,3.0,11.0,1.0,0.0
204,27,treino,12 20 23 25 26 27 30,3 4 5 7 8 10 14,,P,7.0,0.0,10.0,2.0,2.0,1.0,7.0,0.0,7.0,0.0,11.0,0.0,3.0,1.0,5.0,0.0,10.0
204,17,treino,15 20 21 23 26 27 28 29 30,1 2 3 4 5 6 8 9 17,,P,9.0,0.0,11.0,2.0,2.0,3.0,7.0,1.0,9.0,0.0,12.0,1.0,3.0,3.0,4.0,1.0,-2.0
204,9,treino,17 18 20 22 23 25 26 27 28 29 30,1 2 3 4 5 6 7 8 9 10 11,,P,11.0,0.0,12.0,2.0,3.0,3.0,11.0,0.0,11.0,0.0,15.0,3.0,3.0,3.0,9.0,0.0,10.0
204,33,treino,12 15 25 26 27 30,3 4 5 10 11 14 20,,P,7.0,0.0,14.0,2.0,4.0,1.0,2.0,1.0,6.0,0.0,11.0,0.0,2.0,1.0,3.0,1.0,222.0
204,58,treino,0,4 11 19 21 24 26,0 24,V,0.0,1.0,0.0,0.0,0.0,0.0,0.0,0.0,5.0,1.0,18.0,1.0,3.0,0.0,2.0,0.0,-634.0
204,28,treino,12 20 23 25 26 27 30,3 4 5 7 10 13 14,,V,7.0,0.0,11.0,0.0,3.0,1.0,5.0,0.0,7.0,0.0,11.0,3.0,2.0,1.0,4.0,0.0,3.0
204,7,treino,17 18 20 22 23 25 26 28 29 30 31,0 1 2 3 4 6 7 8 9 10 11,,P,11.0,0.0,11.0,2.0,3.0,4.0,11.0,0.0,11.0,0.0,14.0,3.0,2.0,4.0,9.0,0.0,9.0
204,48,treino,22,4 7 11 21 23 29,29,V,1.0,0.0,2.0,1.0,0.0,0.0,0.0,0.0,5.0,1.0,14.0,1.0,2.0,0.0,2.0,0.0,-629.0
204,53,treino,9,4 7 15 21 23 24,24,P,5.0,1.0,15.0,1.0,1.0,0.0,2.0,0.0,1.0,0.0,5.0,1.0,0.0,0.0,0.0,0.0,636.0
204,44,treino,12 21 22,4 5 7 11 23 29,29,V,3.0,0.0,8.0,2.0,1.0,0.0,0.0,0.0,5.0,1.0,10.0,0.0,2.0,0.0,2.0,0.0,-389.0
204,56,treino,5,4 11 15 21 24 26,24,V,1.0,0.0,6.0,0.0,0.0,0.0,0.0,0.0,5.0,1.0,17.0,1.0,2.0,0.0,4.0,0.0,-635.0
204,54,treino,9,4 11 15 21 23 24,24,V,1.0,0.0,5.0,1.0,0.0,0.0,0.0,0.0,5.0,1.0,16.0,1.0,2.0,0.0,4.0,0.0,-641.0
204,4,treino,18 20 21 22 23 24 25 26 28 29 30 31,0 1 2 3 4 6 7 8 9 10 11 12,,V,12.0,0.0,14.0,3.0,2.0,4.0,12.0,0.0,12.0,0.0,14.0,2.0,4.0,4.0,12.0,0.0,7.0
204,49,treino,17,4 7 11 21 23 29,29,P,5.0,1.0,14.0,1.0,2.0,0.0,2.0,0.0,1.0,0.0,3.0,1.0,0.0,0.0,0.0,0.0,626.0
204,18,treino,15 20 23 26 27 28 29 30,1 2 3 4 5 6 8 9 24,,V,8.0,0.0,10.0,0.0,3.0,3.0,4.0,0.0,9.0,0.0,13.0,1.0,2.0,3.0,7.0,1.0,-6.0
204,42,treino,12 21 22 23,4 5 7 11 14 29,29,V,4.0,0.0,10.0,2.0,1.0,0.0,0.0,0.0,5.0,1.0,8.0,1.0,2.0,0.0,2.0,0.0,-276.0
204,40,treino,12 22 23 25,4 5 7 11 14 24,,V,4.0,0.0,9.0,1.0,1.0,0.0,2.0,0.0,6.0,0.0,14.0,1.0,2.0,0.0,2.0,0.0,-229.0
204,31,treino,12 16 19 25 26 27 30,3 4 5 10 11 13 14,,P,7.0,0.0,12.0,3.0,3.0,1.0,2.0,1.0,7.0,0.0,13.0,0.0,3.0,1.0,5.0,1.0,114.0
205,34,treino,20 21 24 25 27,0 6 9 11 12 19,,V,5.0,0.0,7.0,1.0,2.0,0.0,4.0,0.0,6.0,0.0,12.0,1.0,3.0,1.0,2.0,0.0,-116.0
205,7,treino,10 16 21 23 24 25 27 28 29 30 31,0 1 2 3 4 5 6 7 8 11,,P,10.0,0.0,8.0,0.0,3.0,4.0,10.0,0.0,11.0,0.0,15.0,2.0,2.0,4.0,10.0,1.0,-17.0
205,37,treino,17 20 24 25,0 6 9 11 12 26,,P,6.0,0.0,14.0,1.0,2.0,1.0,2.0,0.0,4.0,0.0,7.0,1.0,1.0,0.0,2.0,0.0,274.0
205,27,treino,11 20 21 24 25 26 27,0 1 2 5 10 12 18,,P,7.0,0.0,10.0,2.0,1.0,3.0,3.0,0.0,7.0,0.0,13.0,1.0,3.0,0.0,4.0,0.0,-17.0
205,22,treino,11 20 21 25 28 30 31,0 1 2 5 7 8 18,,V,7.0,0.0,10.0,1.0,3.0,3.0,3.0,0.0,7.0,0.0,8.0,1.0,0.0,3.0,6.0,0.0,0.0
205,30,treino,11 20 21 22 24 25 27,0 2 6 9 10 12 18,,V,7.0,0.0,14.0,2.0,3.0,0.0,5.0,0.0,7.0,0.0,12.0,3.0,1.0,2.0,4.0,1.0,3.0
205,39,treino,14 20 24 25,0 6 9 11 12 31,31,P,5.0,1.0,8.0,1.0,2.0,1.0,2.0,1.0,4.0,0.0,8.0,1.0,1.0,0.0,2.0,1.0,392.0
205,19,treino,11 21 24 25 28 30 31,0 1 2 3 4 5 18,,P,7.0,0.0,6.0,1.0,2.0,4.0,4.0,0.0,7.0,0.0,9.0,1.0,2.0,3.0,5.0,0.0,-7.0
205,44,treino,20 21,0 9 11 12 25 31,31,V,2.0,0.0,4.0,1.0,1.0,0.0,0.0,0.0,5.0,1.0,13.0,1.0,2.0,1.0,0.0,0.0,-568.0
205,29,treino,11 20 21 22 24 25 27,0 2 5 6 10 12 18,,P,7.0,0.0,11.0,2.0,1.0,2.0,5.0,1.0,7.0,0.0,14.0,2.0,3.0,0.0,5.0,0.0,-3.0
205,16,treino,11 14 24 25 28 29 30 31,0 1 2 3 4 5 9,,V,8.0,0.0,11.0,1.0,2.0,4.0,5.0,1.0,7.0,0.0,4.0,1.0,2.0,4.0,5.0,0.0,106.0
205,47,treino,14 20,0 9 11 12 29 31,29 31,P,4.0,2.0,7.0,1.0,2.0,1.0,0.0,1.0,2.0,0.0,6.0,1.0,1.0,0.0,0.0,1.0,1600.0
205,20,treino,11 21 24 25 28 30 31,0 1 2 4 5 7 18,,V,7.0,0.0,9.0,1.0,2.0,3.0,5.0,0.0,7.0,0.0,7.0,1.0,1.0,3.0,6.0,0.0,4.0
205,42,treino,20 24,0 6 11 12 25 31,31,V,2.0,0.0,3.0,0.0,1.0,0.0,2.0,0.0,5.0,1.0,12.0,0.0,2.0,1.0,0.0,0.0,-566.0
205,6,treino,16 17 21 23 24 25 27 28 29 30 31,0 1 2 3 4 5 6 7 8 11 14,,V,11.0,0.0,13.0,2.0,2.0,4.0,11.0,0.0,11.0,0.0,11.0,1.0,3.0,4.0,10.0,1.0,4.0
205,24,treino,11 20 21 25 26 28 31,0 1 2 5 7 12 18,,V,7.0,0.0,11.0,1.0,3.0,2.0,4.0,0.0,7.0,0.0,9.0,1.0,1.0,3.0,5.0,0.0,12.0
205,23,treino,11 20 21 25 26 28 31,0 1 2 5 7 8 18,,P,7.0,0.0,8.0,1.0,0.0,3.0,6.0,0.0,7.0,0.0,11.0,1.0,3.0,2.0,4.0,0.0,-21.0
205,14,treino,14 24 25 27 28 29 30 31,0 1 2 3 4 5 6 15 23,,V,8.0,0.0,7.0,1.0,2.0,4.0,7.0,0.0,9.0,0.0,11.0,0.0,2.0,4.0,6.0,1.0,105.0
205,26,treino,11 20 21 25 26 27 28,0 1 2 5 10 12 18,,V,7.0,0.0,12.0,1.0,4.0,1.0,2.0,0.0,7.0,0.0,10.0,2.0,1.0,3.0,3.0,0.0,4.0
205,10,treino,21 23 24 25 27 28 29 30 31,0 1 2 3 4 5 6 11 14 17,,V,9.0,0.0,7.0,1.0,2.0,4.0,9.0,0.0,10.0,0.0,12.0,2.0,3.0,4.0,8.0,0.0,-86.0
205,8,treino,16 21 23 24 25 27 28 29 30 31,0 1 2 3 4 5 6 8 11 14,,V,10.0,0.0,10.0,1.0,2.0,4.0,10.0,0.0,10.0,0.0,10.0,1.0,3.0,4.0,7.0,0.0,17.0
205,31,treino,11 15 20 21 24 25 27,0 2 6 9 10 12,,P,6.0,0.0,8.0,2.0,1.0,2.0,4.0,0.0,7.0,0.0,16.0,1.0,3.0,0.0,6.0,1.0,-9.0
205,17,treino,11 14 21 25 28 29 30 31,0 1 2 3 4 5 9,,P,7.0,0.0,4.0,1.0,2.0,4.0,5.0,0.0,8.0,0.0,12.0,2.0,2.0,4.0,4.0,1.0,-17.0
205,12,treino,21 24 25 27 28 29 30 31,0 1 2 3 4 5 6 11 17 23,,V,8.0,0.0,5.0,1.0,2.0,4.0,8.0,0.0,10.0,0.0,14.0,1.0,3.0,4.0,6.0,2.0,2.0
205,36,treino,20 21 24 25,0 6 9 11 12 26,,V,4.0,0.0,6.0,1.0,1.0,0.0,4.0,0.0,6.0,0.0,14.0,1.0,2.0,1.0,2.0,0.0,-280.0
205,18,treino,11 21 25 28 29 30 31,0 1 2 3 4 5 18,,V,7.0,0.0,8.0,1.0,2.0,4.0,4.0,0.0,7.0,0.0,6.0,1.0,2.0,4.0,4.0,0.0,17.0
205,46,treino,17 20,0 9 11 12 29 31,29 31,V,2.0,0.0,5.0,1.0,1.0,0.0,0.0,0.0,4.0,2.0,7.0,1.0,2.0,1.0,0.0,0.0,-565.0
205,25,treino,11 20 21 25 26 27 28,0 1 2 5 7 12 18,,P,7.0,0.0,9.0,1.0,1.0,3.0,5.0,0.0,7.0,0.0,12.0,1.0,4.0,1.0,2.0,0.0,-23.0
205,41,treino,20 22 24,0 6 11 12 18 31,31,P,5.0,1.0,10.0,1.0,2.0,1.0,0.0,1.0,3.0,0.0,5.0,1.0,1.0,0.0,2.0,1.0,504.0
205,43,treino,20 21,0 6 11 12 25 31,31,P,5.0,1.0,12.0,0.0,2.0,1.0,0.0,0.0,2.0,0.0,4.0,1.0,1.0,0.0,0.0,0.0,559.0
205,35,treino,20 21 23 24 25,0 6 9 11 12 19,,P,6.0,0.0,12.0,1.0,3.0,1.0,2.0,0.0,5.0,0.0,8.0,1.0,1.0,0.0,4.0,1.0,218.0
205,48,treino,20,0 11 12 18 29 31,29 31,V,1.0,0.0,2.0,0.0,1.0,0.0,0.0,0.0,4.0,2.0,9.0,1.0,2.0,1.0,0.0,0.0,-1600.0
206,4,treino,16 19 20 22 24 25 26 27 28 29 30 31,0 1 2 3 4 5 6 7 8 9 11 18,,V,12.0,0.0,14.0,1.0,4.0,4.0,11.0,0.0,12.0,0.0,14.0,2.0,3.0,4.0,11.0,1.0,-8.0
206,9,treino,16 19 20 21 24 26 27 28 29 31,0 1 2 3 4 5 6 7 8 9,,P,10.0,0.0,8.0,1.0,2.0,4.0,10.0,0.0,10.0,0.0,13.0,1.0,4.0,3.0,9.0,0.0,-3.0
206,10,treino,16 19 20 21 24 26 27 28 29 31,0 1 2 3 4 5 6 7 8 13,,V,10.0,0.0,13.0,1.0,4.0,3.0,9.0,0.0,10.0,0.0,9.0,1.0,2.0,4.0,10.0,1.0,3.0
206,18,treino,15 21 25 26 27 28 31,0 1 2 3 4 5 7 12 29,29,V,7.0,0.0,9.0,1.0,2.0,2.0,5.0,1.0,8.0,1.0,6.0,0.0,3.0,4.0,7.0,0.0,-190.0
206,27,treino,14 21 22 23 28 31,0 2 3 5 6 8 12 19 29,29,P,8.0,1.0,11.0,0.0,3.0,3.0,6.0,0.0,6.0,0.0,10.0,3.0,1.0,2.0,0.0,1.0,473.0
206,6,treino,16 19 20 24 25 26 27 28 29 30 31,0 1 2 3 4 5 6 7 8 9 18,,V,11.0,0.0,12.0,0.0,4.0,4.0,10.0,0.0,11.0,0.0,12.0,2.0,2.0,4.0,10.0,0.0,12.0
206,40,treino,8 21 22,0 2 3 6 12 29,29,V,3.0,0.0,9.0,2.0,0.0,0.0,0.0,0.0,5.0,1.0,4.0,0.0,2.0,3.0,2.0,0.0,-383.0
206,39,treino,8 21 22,0 2 3 6 12 25,,P,6.0,0.0,10.0,0.0,2.0,3.0,2.0,0.0,3.0,0.0,9.0,2.0,0.0,0.0,0.0,0.0,366.0
206,12,treino,19 20 21 24 26 27 28 29 31,0 1 2 3 4 5 7 8 13,,V,9.0,0.0,10.0,1.0,4.0,3.0,8.0,0.0,9.0,0.0,8.0,1.0,2.0,4.0,9.0,0.0,15.0
206,32,treino,22 28 31,0 2 3 6 8 12 21 26 29,29,V,3.0,0.0,2.0,1.0,1.0,2.0,0.0,0.0,8.0,1.0,17.0,1.0,2.0,3.0,4.0,0.0,-802.0
206,29,treino,9 21 22 28 31,0 2 3 5 6 8 12 26 29,29,P,8.0,1.0,13.0,0.0,2.0,3.0,6.0,0.0,5.0,0.0,9.0,3.0,1.0,2.0,0.0,1.0,609.0
206,28,treino,14 21 22 28 31,0 2 3 5 6 8 12 26 29,29,V,5.0,0.0,8.0,3.0,1.0,2.0,0.0,0.0,8.0,1.0,13.0,0.0,2.0,3.0,6.0,0.0,-551.0
206,34,treino,17 28 31,0 2 3 6 8 12 21 24 26,24,V,3.0,0.0,3.0,1.0,1.0,2.0,0.0,0.0,8.0,1.0,17.0,1.0,2.0,3.0,6.0,1.0,-618.0
206,30,treino,21 22 28 31,0 2 3 6 8 12 14 26 29,29,V,4.0,0.0,4.0,2.0,1.0,2.0,0.0,0.0,8.0,1.0,15.0,1.0,2.0,3.0,4.0,0.0,-496.0
206,8,treino,16 19 20 24 26 27 28 29 30 31,0 1 2 3 4 5 6 7 8 9 25,,V,10.0,0.0,11.0,0.0,4.0,4.0,9.0,0.0,11.0,0.0,14.0,1.0,2.0,4.0,10.0,1.0,3.0
206,37,treino,8 22 28,0 2 3 6 12 21 24,24,P,6.0,1.0,9.0,1.0,2.0,3.0,4.0,0.0,3.0,0.0,7.0,1.0,1.0,1.0,0.0,0.0,507.0
206,13,treino,15 20 21 24 26 27 28 29 31,0 1 2 3 4 5 7 8 13,,P,9.0,0.0,8.0,1.0,2.0,4.0,9.0,0.0,9.0,0.0,11.0,1.0,3.0,3.0,8.0,0.0,7.0
206,19,treino,15 21 22 25 27 28 31,0 1 2 3 4 5 7 12 29,29,P,8.0,1.0,6.0,0.0,3.0,4.0,7.0,0.0,7.0,0.0,10.0,2.0,2.0,2.0,5.0,0.0,283.0
206,38,treino,8 22 28,0 2 3 6 12 24 25,24,V,3.0,0.0,7.0,1.0,1.0,1.0,0.0,0.0,6.0,1.0,10.0,0.0,2.0,3.0,2.0,1.0,-375.0
206,23,treino,15 17 21 22 27 28 31,0 2 3 4 5 6 10 12 29,29,P,8.0,1.0,8.0,1.0,3.0,3.0,6.0,0.0,7.0,0.0,12.0,3.0,2.0,2.0,5.0,1.0,376.0
206,7,treino,16 19 20 22 24 26 27 28 29 30 31,0 1 2 3 4 5 6 7 8 9 18,,P,11.0,0.0,12.0,2.0,2.0,4.0,10.0,1.0,11.0,0.0,13.0,1.0,4.0,4.0,10.0,1.0,-12.0
206,14,treino,15 20 21 24 26 27 28 29 31,0 1 2 3 4 5 7 12 13,,V,9.0,0.0,11.0,1.0,3.0,3.0,8.0,0.0,9.0,0.0,9.0,1.0,3.0,4.0,7.0,0.0,14.0
206,21,treino,15 17 22 25 27 28 31,0 2 3 4 5 6 7 12 29,29,P,8.0,1.0,7.0,0.0,3.0,3.0,7.0,0.0,7.0,0.0,11.0,2.0,2.0,2.0,5.0,0.0,385.0
206,33,treino,17 28 31,0 2 3 6 8 12 21 26 29,29,P,8.0,1.0,17.0,1.0,2.0,3.0,4.0,1.0,3.0,0.0,3.0,1.0,1.0,2.0,0.0,0.0,799.0
206,16,treino,15 21 24 26 27 28 29 31,0 1 2 3 4 5 7 12 20,,V,8.0,0.0,9.0,1.0,2.0,3.0,7.0,0.0,9.0,0.0,11.0,0.0,4.0,4.0,7.0,0.0,-107.0
206,31,treino,17 22 28 31,0 2 3 6 8 12 14 26 29,29,P,8.0,1.0,15.0,1.0,2.0,3.0,4.0,1.0,4.0,0.0,5.0,2.0,1.0,2.0,2.0,1.0,724.0
206,35,treino,17 22 28,0 2 3 6 8 12 21 24,24,P,7.0,1.0,11.0,1.0,2.0,3.0,6.0,0.0,3.0,0.0,5.0,2.0,1.0,1.0,2.0,0.0,621.0
206,20,treino,15 21 22 25 27 28 31,0 2 3 4 5 6 7 12 29,29,V,7.0,0.0,10.0,2.0,2.0,2.0,5.0,0.0,8.0,1.0,7.0,0.0,3.0,3.0,7.0,0.0,-282.0
206,5,treino,15 16 19 20 24 25 26 27 28 29 30 31,0 1 2 3 4 5 6 7 8 9 11,,P,11.0,0.0,10.0,1.0,3.0,4.0,11.0,0.0,12.0,0.0,16.0,0.0,4.0,4.0,12.0,1.0,-17.0
206,17,treino,15 21 24 25 26 27 28 31,0 1 2 3 4 5 7 12 20,,P,9.0,0.0,11.0,0.0,4.0,4.0,7.0,0.0,8.0,0.0,10.0,1.0,2.0,2.0,7.0,1.0,190.0
206,22,treino,15 17 22 25 27 28 31,0 2 3 4 5 6 10 12 29,29,V,7.0,0.0,11.0,2.0,2.0,2.0,5.0,1.0,8.0,1.0,8.0,1.0,3.0,3.0,6.0,0.0,-278.0
206,41,treino,8 17 21,0 2 3 6 12 29,29,P,5.0,1.0,4.0,0.0,2.0,3.0,2.0,0.0,3.0,0.0,10.0,2.0,0.0,0.0,2.0,0.0,485.0
207,13,treino,14 20 24 26 27 28 29 30 31,0 1 3 4 5 6 7 11 18,,P,9.0,0.0,10.0,1.0,3.0,3.0,8.0,0.0,9.0,0.0,9.0,1.0,3.0,4.0,8.0,0.0,16.0
207,29,treino,17 22 27 28 31,0 1 3 11 12 15,,P,6.0,0.0,8.0,0.0,3.0,3.0,2.0,0.0,5.0,0.0,6.0,2.0,2.0,2.0,4.0,0.0,107.0
207,31,treino,17 22 24 27 31,1 3 5 11 12 15,,P,6.0,0.0,9.0,0.0,3.0,2.0,4.0,0.0,5.0,0.0,7.0,2.0,1.0,1.0,4.0,0.0,115.0
207,30,treino,17 22 27 28 31,1 3 5 11 12 15,,V,5.0,0.0,6.0,2.0,2.0,2.0,4.0,0.0,6.0,0.0,9.0,0.0,3.0,2.0,4.0,0.0,-115.0
207,33,treino,17 21 22 27 31,3 5 6 11 12 15,,P,6.0,0.0,10.0,0.0,3.0,1.0,2.0,0.0,5.0,0.0,8.0,3.0,1.0,1.0,5.0,0.0,102.0
207,17,treino,20 24 25 26 27 28 30 31,0 1 3 5 6 8 11 14 18,,P,9.0,0.0,13.0,2.0,2.0,3.0,7.0,0.0,8.0,0.0,6.0,0.0,3.0,3.0,8.0,0.0,112.0
207,32,treino,17 22 24 27 31,3 5 6 11 12 15,,V,5.0,0.0,7.0,2.0,1.0,1.0,4.0,0.0,6.0,0.0,10.0,0.0,3.0,1.0,2.0,0.0,-98.0
207,7,treino,13 20 23 24 25 26 27 28 29 30 31,0 1 3 4 5 6 7 8 9 11 15,,P,11.0,0.0,13.0,1.0,3.0,3.0,11.0,0.0,11.0,0.0,12.0,1.0,3.0,4.0,10.0,1.0,125.0
207,9,treino,20 21 23 24 26 27 28 29 30 31,0 1 3 4 5 6 7 9 11 15 17,,P,11.0,0.0,15.0,2.0,3.0,3.0,10.0,1.0,10.0,0.0,9.0,1.0,3.0,4.0,10.0,0.0,129.0
207,28,treino,17 26 27 28 31,0 1 3 11 12 15,,V,5.0,0.0,5.0,1.0,2.0,2.0,3.0,0.0,6.0,0.0,8.0,0.0,3.0,3.0,2.0,0.0,-107.0
207,38,treino,21 27 31,3 5 11 12 18 22,,V,3.0,0.0,3.0,1.0,1.0,1.0,2.0,0.0,6.0,0.0,15.0,2.0,3.0,1.0,2.0,0.0,-352.0
207,37,treino,14 21 27 31,3 5 9 11 12 22,,P,6.0,0.0,13.0,2.0,3.0,1.0,2.0,0.0,4.0,0.0,7.0,2.0,1.0,1.0,2.0,1.0,343.0
207,16,treino,20 24 26 27 28 29 30 31,0 1 3 5 6 8 11 14 18,,V,8.0,0.0,5.0,0.0,3.0,4.0,8.0,0.0,9.0,0.0,13.0,2.0,2.0,3.0,7.0,0.0,-101.0
207,22,treino,25 26 27 28 30 31,0 1 3 5 11 15 18,,V,6.0,0.0,3.0,0.0,2.0,3.0,5.0,0.0,7.0,0.0,10.0,1.0,2.0,3.0,6.0,0.0,-110.0
207,34,treino,17 21 22 27 31,3 5 9 11 12 15,,V,5.0,0.0,8.0,3.0,1.0,1.0,5.0,0.0,6.0,0.0,11.0,1.0,3.0,1.0,4.0,0.0,-115.0
207,40,treino,21 31,3 5 11 12 22 27,,V,2.0,0.0,2.0,1.0,0.0,1.0,0.0,0.0,6.0,0.0,17.0,1.0,4.0,1.0,0.0,0.0,-459.0
207,11,treino,14 20 21 24 26 27 28 29 30 31,0 1 3 4 5 6 7 9 11 17,,P,10.0,0.0,12.0,2.0,3.0,3.0,9.0,0.0,10.0,0.0,11.0,2.0,3.0,4.0,9.0,1.0,-1.0
207,20,treino,24 25 26 27 28 30 31,0 1 3 5 6 11 14 18 21,,V,7.0,0.0,4.0,0.0,2.0,3.0,7.0,0.0,9.0,0.0,16.0,3.0,2.0,3.0,6.0,1.0,-130.0
207,14,treino,14 20 24 26 27 28 29 30 31,0 1 3 5 6 7 8 11 18,,V,9.0,0.0,9.0,1.0,3.0,4.0,8.0,0.0,9.0,0.0,11.0,1.0,2.0,3.0,8.0,0.0,20.0
207,19,treino,16 24 25 26 27 28 30 31,0 1 3 5 6 11 12 14 18,,P,9.0,0.0,14.0,2.0,3.0,3.0,6.0,0.0,8.0,0.0,7.0,0.0,2.0,3.0,7.0,1.0,127.0
207,27,treino,17 26 27 28 31,0 1 3 8 11 15,,P,6.0,0.0,7.0,0.0,2.0,3.0,2.0,0.0,5.0,0.0,5.0,1.0,2.0,2.0,3.0,0.0,97.0
207,35,treino,17 18 21 27 31,3 5 9 11 12 15,,P,6.0,0.0,11.0,1.0,3.0,1.0,4.0,0.0,5.0,0.0,9.0,3.0,1.0,1.0,4.0,1.0,224.0
207,41,treino,16 31,3 5 11 12 22 27,,P,6.0,0.0,17.0,1.0,4.0,1.0,0.0,0.0,2.0,0.0,3.0,0.0,0.0,1.0,0.0,1.0,1600.0
207,15,treino,10 20 24 26 27 28 29 30 31,0 1 3 5 6 7 8 11 18,,P,9.0,0.0,11.0,1.0,2.0,3.0,8.0,0.0,9.0,0.0,10.0,1.0,3.0,4.0,8.0,1.0,104.0
207,8,treino,20 23 24 25 26 27 28 29 30 31,0 1 3 4 5 6 7 9 11 15 17,,V,10.0,0.0,8.0,0.0,3.0,4.0,10.0,0.0,11.0,0.0,15.0,2.0,3.0,3.0,10.0,0.0,-109.0
207,39,treino,21 23 31,3 5 11 12 18 22,,P,6.0,0.0,15.0,2.0,3.0,1.0,2.0,1.0,3.0,0.0,4.0,1.0,0.0,1.0,0.0,1.0,450.0
207,43,treino,26,3 5 11 21 22 27,,P,6.0,0.0,19.0,2.0,3.0,1.0,0.0,1.0,1.0,0.0,1.0,0.0,0.0,0.0,0.0,1.0,1600.0
207,10,treino,20 21 23 24 26 27 28 29 30 31,0 1 3 4 5 6 7 9 11 17 18,,V,10.0,0.0,9.0,1.0,3.0,4.0,10.0,0.0,11.0,0.0,16.0,3.0,3.0,3.0,9.0,2.0,1.0
207,42,treino,31,3 5 11 21 22 27,,V,1.0,0.0,0.0,0.0,0.0,1.0,0.0,0.0,6.0,0.0,19.0,2.0,3.0,1.0,0.0,0.0,-1600.0
207,25,treino,21 26 27 28 31,0 1 3 5 11 15,,P,6.0,0.0,6.0,0.0,2.0,3.0,5.0,0.0,5.0,0.0,4.0,1.0,2.0,2.0,3.0,0.0,104.0
207,21,treino,10 25 26 27 28 30 31,0 1 3 5 6 11 18,,P,7.0,0.0,8.0,1.0,2.0,3.0,4.0,0.0,7.0,0.0,8.0,1.0,2.0,3.0,5.0,1.0,110.0
207,18,treino,20 24 25 26 27 28 30 31,0 1 3 5 6 11 12 14 18,,V,8.0,0.0,6.0,0.0,3.0,3.0,8.0,0.0,9.0,0.0,14.0,2.0,3.0,3.0,6.0,0.0,-104.0
208,14,validacao,17 20 22 24 26 28 30 31,0 1 2 3 4 7 9 10 11 21,,V,8.0,0.0,9.0,2.0,2.0,3.0,8.0,0.0,10.0,0.0,13.0,3.0,3.0,4.0,7.0,0.0,-196.0
208,8,validacao,16 18 20 21 22 24 26 28 29 30 31,0 1 2 3 4 5 7 9 10 11 12,,V,11.0,0.0,14.0,3.0,2.0,4.0,11.0,0.0,11.0,0.0,12.0,2.0,4.0,4.0,10.0,0.0,-2.0
208,11,validacao,16 20 21 22 24 26 28 30 31,0 1 2 3 4 5 7 10 11 12,,P,10.0,0.0,10.0,1.0,4.0,4.0,9.0,0.0,9.0,0.0,11.0,2.0,2.0,3.0,9.0,0.0,100.0
208,45,validacao,4 19 20 25,6 10,4,P,2.0,0.0,3.0,1.0,0.0,0.0,2.0,0.0,3.0,1.0,6.0,0.0,3.0,0.0,0.0,0.0,-289.0
208,51,validacao,4 10 16 22,14,4,P,1.0,0.0,3.0,1.0,0.0,0.0,0.0,0.0,3.0,1.0,10.0,2.0,1.0,0.0,0.0,0.0,-1600.0
208,15,validacao,13 20 22 24 26 28 30 31,0 1 2 3 4 7 9 10 11 21,,P,10.0,0.0,13.0,3.0,3.0,4.0,7.0,2.0,8.0,0.0,10.0,2.0,2.0,3.0,7.0,1.0,196.0
208,37,validacao,0 14 24 25 26,1 3 7 19,0,P,4.0,0.0,5.0,0.0,2.0,2.0,2.0,0.0,4.0,1.0,7.0,1.0,0.0,0.0,0.0,0.0,-159.0
208,23,validacao,8 22 26 28 30 31,0 1 3 4 7 11 15,,P,7.0,0.0,7.0,0.0,3.0,3.0,6.0,0.0,6.0,0.0,8.0,1.0,1.0,3.0,4.0,1.0,105.0
208,39,validacao,0 7 24 25 26,1 3 19,0,P,3.0,0.0,4.0,0.0,2.0,2.0,0.0,0.0,4.0,1.0,9.0,0.0,0.0,0.0,0.0,1.0,-174.0
208,26,validacao,22 26 27 28 30,0 1 3 7 11 13 19,,V,5.0,0.0,4.0,1.0,2.0,2.0,3.0,0.0,7.0,0.0,10.0,1.0,3.0,3.0,3.0,0.0,-214.0
208,43,validacao,4 20 25 26,6 10 19,4,P,3.0,0.0,7.0,1.0,1.0,0.0,2.0,0.0,3.0,1.0,4.0,0.0,2.0,0.0,0.0,0.0,-173.0
208,18,validacao,13 22 24 26 28 30 31,0 1 3 4 6 7 10 11 21,,V,7.0,0.0,8.0,2.0,1.0,3.0,6.0,0.0,9.0,0.0,12.0,2.0,3.0,3.0,8.0,1.0,-98.0
208,34,validacao,4 23 24 25 26,1 3 7 15 19,,V,5.0,0.0,11.0,0.0,1.0,0.0,2.0,0.0,5.0,0.0,8.0,0.0,2.0,2.0,4.0,0.0,47.0
208,7,validacao,16 18 20 21 22 24 26 28 29 30 31,0 1 2 3 4 5 6 7 10 11 12,,P,11.0,0.0,11.0,1.0,4.0,4.0,10.0,0.0,11.0,0.0,14.0,3.0,2.0,4.0,11.0,0.0,-5.0
208,20,validacao,13 17 22 26 28 30 31,0 1 3 4 6 7 11 14,,V,7.0,0.0,10.0,3.0,1.0,3.0,6.0,1.0,8.0,0.0,8.0,1.0,3.0,3.0,7.0,1.0,-98.0
208,29,validacao,22 23 25 26 28,1 3 4 7 11 13 19,,P,7.0,0.0,11.0,1.0,4.0,2.0,3.0,0.0,5.0,0.0,6.0,1.0,1.0,1.0,4.0,0.0,220.0
208,10,validacao,16 20 21 24 26 28 29 30 31,0 1 2 3 4 5 7 10 11 12 25,,V,9.0,0.0,9.0,1.0,2.0,4.0,9.0,0.0,11.0,0.0,16.0,1.0,4.0,4.0,9.0,1.0,-103.0
208,21,validacao,10 13 22 26 28 30 31,0 1 3 4 6 7 11,,P,7.0,0.0,5.0,0.0,3.0,3.0,7.0,0.0,7.0,0.0,12.0,3.0,1.0,3.0,4.0,1.0,99.0
208,42,validacao,4 24 25 26,6 10 19,4,V,3.0,1.0,3.0,0.0,1.0,0.0,0.0,0.0,3.0,0.0,7.0,1.0,1.0,0.0,2.0,0.0,168.0
208,24,validacao,22 26 28 30 31,0 1 3 7 11 13 15,,V,5.0,0.0,3.0,1.0,1.0,3.0,4.0,0.0,7.0,0.0,9.0,1.0,2.0,3.0,4.0,0.0,-105.0
208,19,validacao,13 17 22 26 28 30 31,0 1 3 4 6 7 10 11,,P,8.0,0.0,7.0,1.0,3.0,3.0,8.0,0.0,7.0,0.0,10.0,3.0,1.0,3.0,6.0,0.0,98.0
208,46,validacao,4 19 20 25,6 14,4,V,3.0,1.0,6.0,0.0,3.0,0.0,0.0,0.0,2.0,0.0,4.0,1.0,0.0,0.0,0.0,0.0,280.0
208,48,validacao,4 16 19 25,10 14,4,V,3.0,1.0,7.0,0.0,2.0,0.0,0.0,0.0,2.0,0.0,5.0,2.0,0.0,0.0,2.0,0.0,409.0
208,4,validacao,16 20 21 22 23 24 26 27 28 29 30 31,0 1 2 3 4 5 6 7 10 11 12 14,,V,12.0,0.0,14.0,2.0,3.0,4.0,12.0,0.0,12.0,0.0,14.0,2.0,4.0,4.0,11.0,0.0,20.0
208,27,validacao,22 23 26 28 30,0 1 3 7 11 13 19,,P,7.0,0.0,10.0,1.0,3.0,3.0,3.0,0.0,5.0,0.0,5.0,1.0,1.0,2.0,4.0,0.0,216.0
208,12,validacao,16 20 21 22 24 26 28 30 31,0 1 2 3 4 7 9 10 11 12,,V,9.0,0.0,11.0,2.0,2.0,3.0,9.0,0.0,10.0,0.0,11.0,2.0,4.0,4.0,7.0,0.0,-108.0
208,52,validacao,4 10 16 22,18,4,V,3.0,1.0,10.0,2.0,1.0,0.0,0.0,1.0,1.0,0.0,4.0,1.0,0.0,0.0,0.0,1.0,1600.0
208,38,validacao,0 14 24 25 26,1 3 10 19,0,V,4.0,1.0,7.0,1.0,0.0,0.0,0.0,1.0,4.0,0.0,6.0,1.0,2.0,2.0,0.0,1.0,159.0
208,16,validacao,20 22 24 26 28 30 31,0 1 2 3 4 7 10 11 16 21,,V,7.0,0.0,6.0,1.0,2.0,3.0,7.0,0.0,10.0,0.0,15.0,2.0,3.0,4.0,9.0,2.0,-93.0
208,9,validacao,14 16 20 21 22 24 26 28 29 30 31,0 1 2 3 4 5 7 9 10 11 12,,P,11.0,0.0,12.0,2.0,4.0,4.0,10.0,0.0,11.0,0.0,15.0,3.0,2.0,4.0,10.0,1.0,99.0
208,17,validacao,13 22 24 26 28 30 31,0 1 2 3 4 7 10 11 21,,P,9.0,0.0,11.0,2.0,3.0,4.0,7.0,1.0,7.0,0.0,8.0,2.0,1.0,3.0,6.0,0.0,93.0
208,36,validacao,0 23 24 25 26,1 3 7 18 19,0,V,4.0,1.0,5.0,0.0,0.0,0.0,2.0,1.0,5.0,0.0,9.0,1.0,2.0,2.0,2.0,1.0,159.0
209,29,treino,8 12 20 23 24 25 26 30,1 5 9 10 11 15,,P,6.0,0.0,10.0,2.0,1.0,1.0,6.0,0.0,8.0,0.0,16.0,0.0,2.0,1.0,8.0,0.0,-220.0
209,7,treino,18 20 21 22 24 26 27 28 29 30 31,0 1 2 3 5 6 7 9 11 13 15,,P,11.0,0.0,13.0,2.0,2.0,4.0,11.0,0.0,11.0,0.0,12.0,3.0,3.0,4.0,11.0,0.0,1.0
209,25,treino,16 17 20 23 24 25 26 30,0 1 8 9 10 11 15,,P,7.0,0.0,11.0,2.0,1.0,2.0,3.0,0.0,8.0,0.0,13.0,1.0,1.0,1.0,7.0,0.0,-114.0
209,9,treino,18 20 21 22 24 25 26 27 28 30 31,0 1 2 3 5 6 9 10 11 13 15,,P,11.0,0.0,14.0,3.0,2.0,4.0,10.0,0.0,11.0,0.0,13.0,3.0,3.0,3.0,11.0,0.0,11.0
209,44,treino,1 6 11 12 23 24 25,15,1,V,6.0,1.0,19.0,0.0,2.0,0.0,2.0,0.0,1.0,0.0,3.0,0.0,0.0,0.0,0.0,0.0,773.0
209,40,treino,1 12 13 18 23 24 25,9 10 11,1,V,6.0,1.0,15.0,2.0,1.0,0.0,2.0,1.0,3.0,0.0,6.0,2.0,1.0,0.0,0.0,1.0,612.0
209,32,treino,1 12 20 23 24 25 26 30,6 10 11 13 15,1,V,7.0,1.0,11.0,0.0,2.0,1.0,6.0,0.0,5.0,0.0,11.0,2.0,1.0,0.0,4.0,0.0,377.0
209,13,treino,10 16 20 22 24 25 27 28 30 31,0 1 2 3 5 6 9 11 13,,P,9.0,0.0,9.0,2.0,2.0,4.0,7.0,0.0,10.0,0.0,15.0,2.0,3.0,3.0,9.0,1.0,-1.0
209,19,treino,16 20 21 22 23 24 25 30 31,0 1 3 5 9 10 11 13 15,,P,9.0,0.0,13.0,3.0,2.0,3.0,8.0,0.0,9.0,0.0,13.0,2.0,1.0,2.0,7.0,0.0,-3.0
209,33,treino,1 12 20 22 23 24 25 30,6 10 11 13 15,1,P,5.0,0.0,11.0,2.0,1.0,0.0,4.0,0.0,7.0,1.0,12.0,1.0,2.0,1.0,5.0,0.0,-390.0
209,38,treino,1 12 13 18 24 25 30,6 10 11 26,1,V,6.0,1.0,13.0,2.0,1.0,1.0,2.0,0.0,4.0,0.0,11.0,1.0,1.0,0.0,2.0,1.0,620.0
209,31,treino,1 12 20 23 24 25 26 30,6 9 10 11 15,1,P,5.0,0.0,10.0,2.0,1.0,0.0,5.0,0.0,7.0,1.0,11.0,0.0,2.0,1.0,6.0,0.0,-386.0
209,18,treino,16 20 21 22 23 25 28 30 31,0 1 3 5 9 10 11 13 15,,V,9.0,0.0,12.0,2.0,2.0,3.0,6.0,0.0,9.0,0.0,13.0,3.0,2.0,3.0,8.0,0.0,-10.0
209,16,treino,16 20 22 23 24 25 28 30 31,0 1 3 5 7 9 11 13 15,,V,9.0,0.0,11.0,1.0,2.0,3.0,7.0,0.0,9.0,0.0,12.0,2.0,2.0,3.0,9.0,0.0,-17.0
209,43,treino,1 6 11 12 23 24 25,10,1,P,1.0,0.0,2.0,1.0,0.0,0.0,0.0,0.0,6.0,1.0,19.0,0.0,2.0,0.0,2.0,0.0,-788.0
209,14,treino,16 20 22 24 25 27 28 30 31,0 1 2 3 5 9 11 13 15,,V,9.0,0.0,10.0,1.0,3.0,3.0,9.0,0.0,9.0,0.0,11.0,2.0,2.0,4.0,7.0,0.0,-9.0
209,11,treino,16 18 20 22 24 25 26 27 28 30 31,0 1 2 3 5 6 9 11 13 14 15,,P,11.0,0.0,15.0,3.0,2.0,4.0,10.0,0.0,11.0,0.0,14.0,2.0,3.0,3.0,11.0,1.0,-2.0
209,5,treino,18 20 21 24 25 26 27 28 29 30 31,0 1 2 3 5 6 7 9 10 11 13,,P,11.0,0.0,12.0,3.0,2.0,4.0,11.0,0.0,11.0,0.0,11.0,2.0,3.0,4.0,10.0,0.0,16.0
209,22,treino,16 20 22 23 24 25 30 31,0 1 5 9 10 11 15,,V,8.0,0.0,11.0,1.0,1.0,2.0,6.0,0.0,7.0,0.0,10.0,2.0,1.0,2.0,7.0,0.0,101.0
209,42,treino,1 6 12 18 23 24 25,10 15,1,V,6.0,1.0,17.0,1.0,1.0,0.0,4.0,1.0,2.0,0.0,5.0,1.0,0.0,0.0,2.0,1.0,732.0
209,12,treino,16 20 22 24 25 26 27 28 30 31,0 1 2 3 5 6 9 11 13 15 23,,V,10.0,0.0,11.0,1.0,3.0,3.0,10.0,0.0,11.0,0.0,17.0,2.0,2.0,4.0,9.0,1.0,-5.0
209,24,treino,16 20 22 23 24 25 26 30,0 1 8 9 10 11 15,,V,8.0,0.0,12.0,1.0,1.0,1.0,8.0,0.0,7.0,0.0,11.0,2.0,1.0,2.0,3.0,0.0,217.0
209,23,treino,16 20 22 23 24 25 26 30,0 1 5 9 10 11 15,,P,7.0,0.0,10.0,2.0,1.0,2.0,7.0,0.0,8.0,0.0,12.0,1.0,1.0,1.0,8.0,0.0,-96.0
209,45,treino,1 2 11 12 23 24 25,15,1 2,P,1.0,0.0,3.0,0.0,0.0,0.0,0.0,0.0,5.0,2.0,13.0,0.0,2.0,0.0,0.0,0.0,-798.0
209,34,treino,1 12 20 22 23 24 25 30,6 10 11 15 16,1,V,7.0,1.0,12.0,1.0,2.0,1.0,5.0,0.0,5.0,0.0,12.0,1.0,1.0,0.0,4.0,1.0,490.0
209,15,treino,16 20 22 23 24 25 28 30 31,0 1 2 3 5 9 11 13 15,,P,9.0,0.0,11.0,2.0,2.0,4.0,7.0,0.0,9.0,0.0,11.0,1.0,2.0,3.0,7.0,0.0,14.0
209,21,treino,7 16 20 22 23 24 25 30 31,0 1 3 5 9 11 15,,P,7.0,0.0,8.0,1.0,2.0,3.0,6.0,0.0,9.0,0.0,17.0,1.0,1.0,2.0,6.0,1.0,-106.0
209,46,treino,1 2 11 12 23 24 25,18,1 2,V,5.0,2.0,13.0,0.0,2.0,0.0,0.0,1.0,1.0,0.0,4.0,1.0,0.0,0.0,0.0,1.0,1600.0
209,28,treino,12 17 20 23 24 25 26 30,1 5 9 10 11 13 15,,V,8.0,0.0,14.0,1.0,2.0,1.0,6.0,1.0,7.0,0.0,13.0,3.0,1.0,1.0,7.0,1.0,211.0
209,36,treino,1 12 13 22 23 24 25 30,6 10 11 19,1,V,7.0,1.0,14.0,2.0,1.0,1.0,3.0,1.0,4.0,0.0,9.0,1.0,2.0,0.0,2.0,0.0,525.0
209,8,treino,18 20 21 22 24 26 27 28 29 30 31,0 1 2 3 5 6 9 10 11 13 15,,V,11.0,0.0,12.0,3.0,3.0,4.0,11.0,0.0,11.0,0.0,14.0,3.0,2.0,4.0,10.0,0.0,-9.0
209,39,treino,1 12 13 18 23 24 25,6 10 11,1,P,3.0,0.0,5.0,1.0,1.0,0.0,2.0,0.0,6.0,1.0,15.0,2.0,1.0,0.0,2.0,0.0,-620.0
210,24,treino,0 1 4 23 24 25 27 28 31,2 3 7 13,0 1,V,7.0,2.0,11.0,0.0,3.0,2.0,7.0,0.0,4.0,0.0,4.0,1.0,1.0,2.0,3.0,0.0,691.0
210,25,treino,0 4 5 23 24 25 27 28 31,2 3 7 13,0 5,P,4.0,0.0,4.0,1.0,1.0,2.0,3.0,0.0,7.0,2.0,11.0,0.0,3.0,2.0,8.0,0.0,-713.0
210,32,treino,0 4 5 23 24 27 28,6 7 11 29,0 5 29,V,5.0,2.0,10.0,0.0,3.0,1.0,7.0,1.0,3.0,1.0,4.0,0.0,1.0,0.0,2.0,0.0,521.0
210,11,treino,4 16 21 22 23 24 27 28 29 30 31,1 2 3 5 6 7 9 10 11 14,,P,10.0,0.0,12.0,3.0,2.0,3.0,10.0,0.0,11.0,0.0,17.0,2.0,3.0,4.0,8.0,0.0,-126.0
210,57,treino,9,10 27 28,9 27 28,P,1.0,2.0,2.0,1.0,2.0,0.0,0.0,0.0,0.0,1.0,0.0,1.0,0.0,0.0,0.0,0.0,287.0
210,46,treino,0 4,7 14 24 27,0 14,V,1.0,1.0,6.0,0.0,1.0,0.0,2.0,0.0,3.0,1.0,13.0,1.0,1.0,0.0,0.0,0.0,-291.0
210,12,treino,4 16 21 22 23 24 27 28 29 30 31,1 2 3 6 7 8 9 10 11 14,,V,11.0,0.0,17.0,2.0,3.0,4.0,8.0,0.0,10.0,0.0,13.0,3.0,2.0,3.0,9.0,0.0,141.0
210,14,treino,4 16 19 21 22 24 27 28 29 30 31,2 3 5 6 7 8 9 10 11 14,,V,11.0,0.0,18.0,2.0,4.0,4.0,7.0,0.0,10.0,0.0,14.0,3.0,2.0,2.0,10.0,0.0,144.0
210,44,treino,0 4 24,7 14 17 27,0 14,V,2.0,1.0,7.0,0.0,1.0,0.0,2.0,0.0,3.0,1.0,11.0,2.0,1.0,0.0,2.0,0.0,-179.0
210,36,treino,0 4 5 19 27 28,6 7 11 17,0 5 17,V,4.0,2.0,10.0,0.0,4.0,1.0,3.0,0.0,3.0,1.0,4.0,1.0,1.0,0.0,2.0,0.0,300.0
210,34,treino,0 4 5 21 23 27 28,6 7 11 24,0 5 24,V,5.0,2.0,11.0,1.0,3.0,1.0,5.0,1.0,3.0,1.0,4.0,0.0,1.0,0.0,2.0,0.0,517.0
210,15,treino,4 16 19 21 22 24 25 27 28 30 31,2 3 5 6 7 8 9 10 11 14,,P,10.0,0.0,14.0,3.0,2.0,2.0,10.0,0.0,11.0,0.0,19.0,2.0,4.0,3.0,9.0,0.0,-107.0
210,51,treino,0,5 7 24 31,0 5 31,P,2.0,2.0,7.0,0.0,0.0,0.0,0.0,1.0,0.0,1.0,0.0,0.0,0.0,0.0,0.0,0.0,405.0
210,21,treino,0 4 19 23 24 25 27 28 31,2 3 6 7 8 11,0,P,6.0,0.0,6.0,0.0,2.0,2.0,5.0,0.0,8.0,1.0,14.0,0.0,4.0,2.0,8.0,0.0,-420.0
210,7,treino,4 20 21 23 24 26 27 28 29 30 31,0 1 2 3 5 6 7 10 11 14,,P,10.0,0.0,10.0,2.0,2.0,4.0,10.0,0.0,11.0,0.0,15.0,1.0,4.0,4.0,10.0,0.0,-113.0
210,22,treino,0 4 19 23 24 25 27 28 31,2 3 6 7 8 15,0,V,8.0,1.0,14.0,0.0,4.0,2.0,8.0,0.0,6.0,0.0,7.0,0.0,1.0,2.0,4.0,1.0,621.0
210,10,treino,4 16 21 23 24 26 27 28 29 30 31,1 2 3 5 6 7 9 10 11 14,,V,11.0,0.0,16.0,1.0,3.0,4.0,10.0,0.0,10.0,0.0,12.0,3.0,2.0,3.0,10.0,0.0,122.0
210,53,treino,9,7 28 31,9 28 31,P,1.0,2.0,1.0,0.0,1.0,0.0,0.0,0.0,0.0,1.0,0.0,1.0,0.0,0.0,0.0,0.0,284.0
210,13,treino,4 16 19 21 22 24 27 28 29 30 31,1 2 3 6 7 8 9 10 11 14,,P,10.0,0.0,13.0,3.0,2.0,3.0,9.0,0.0,11.0,0.0,18.0,2.0,4.0,4.0,7.0,0.0,-101.0
210,5,treino,20 21 22 23 24 26 27 28 29 30 31,0 1 2 3 4 5 6 7 10 11 14 17,,P,12.0,0.0,15.0,3.0,3.0,4.0,12.0,1.0,11.0,0.0,11.0,2.0,3.0,4.0,11.0,0.0,130.0
210,41,treino,0 4 19 23 24,7 11 13 14,0 14,P,3.0,1.0,6.0,2.0,1.0,0.0,2.0,0.0,4.0,1.0,12.0,0.0,2.0,0.0,4.0,0.0,-110.0
210,17,treino,4 14 16 19 22 24 25 27 28 30 31,2 3 5 6 7 8 9 10 11,,P,9.0,0.0,11.0,2.0,2.0,2.0,9.0,0.0,11.0,0.0,21.0,2.0,4.0,3.0,7.0,1.0,-107.0
210,23,treino,0 1 4 23 24 25 27 28 31,2 3 7 8,0 1,P,4.0,0.0,3.0,0.0,1.0,2.0,3.0,0.0,7.0,2.0,11.0,0.0,3.0,2.0,7.0,0.0,-621.0
210,45,treino,0 4 21,7 14 17 27,0 14,P,3.0,1.0,11.0,2.0,1.0,0.0,2.0,0.0,2.0,1.0,8.0,1.0,1.0,0.0,2.0,1.0,227.0
210,37,treino,0 4 9 19 27 28,6 7 11 17,0 9 17,P,3.0,1.0,4.0,1.0,1.0,0.0,2.0,1.0,4.0,2.0,10.0,1.0,4.0,1.0,2.0,1.0,-111.0
210,19,treino,4 16 19 23 24 25 27 28 31,2 3 5 6 7 8 9 11,,P,8.0,0.0,9.0,1.0,2.0,2.0,8.0,0.0,9.0,0.0,17.0,0.0,4.0,2.0,6.0,0.0,-112.0
210,39,treino,0 4 19 24 27,7 11 13 17,0 17,P,3.0,1.0,6.0,2.0,1.0,0.0,4.0,0.0,4.0,1.0,11.0,0.0,3.0,0.0,2.0,0.0,-105.0
210,16,treino,4 16 19 21 22 24 25 27 28 30 31,2 3 5 6 7 8 9 10 11 17,,V,11.0,0.0,19.0,2.0,4.0,3.0,9.0,1.0,10.0,0.0,15.0,3.0,2.0,2.0,9.0,1.0,107.0
210,6,treino,20 21 22 23 24 26 27 28 29 30 31,0 1 2 3 5 6 7 8 10 11 14 17,,V,11.0,0.0,11.0,2.0,3.0,4.0,11.0,0.0,12.0,0.0,16.0,3.0,2.0,4.0,12.0,1.0,104.0
210,48,treino,4 5,7 14 24 31,5 14 31,V,1.0,1.0,6.0,0.0,1.0,0.0,0.0,0.0,2.0,2.0,7.0,1.0,0.0,0.0,0.0,0.0,-285.0
210,42,treino,0 4 19 23 24,7 11 14 17,0 14,V,4.0,1.0,12.0,0.0,2.0,0.0,4.0,0.0,3.0,1.0,7.0,2.0,1.0,0.0,4.0,0.0,104.0
210,8,treino,4 20 21 23 24 26 27 28 29 30 31,0 1 2 3 6 7 9 10 11 14,,V,11.0,0.0,15.0,1.0,4.0,4.0,10.0,0.0,10.0,0.0,11.0,3.0,2.0,4.0,9.0,0.0,123.0
211,27,treino,19 21 22 24 27 28,1 4 5 7 14,,P,5.0,0.0,6.0,1.0,1.0,1.0,2.0,0.0,6.0,0.0,9.0,2.0,3.0,1.0,3.0,0.0,-126.0
211,29,treino,19 21 22 23 24 28,1 4 5 10 14,,P,5.0,0.0,7.0,2.0,1.0,1.0,4.0,0.0,6.0,0.0,10.0,2.0,2.0,1.0,5.0,0.0,-129.0
211,35,treino,17 18 19 22 28,5 6 8 10,,P,4.0,0.0,6.0,1.0,0.0,0.0,4.0,0.0,5.0,0.0,11.0,3.0,2.0,1.0,3.0,0.0,-126.0
211,13,treino,9 11 17 21 24 27 28 29 30 31,0 1 2 3 4 5 6 7,,P,8.0,0.0,4.0,0.0,2.0,4.0,8.0,0.0,10.0,0.0,17.0,3.0,3.0,4.0,7.0,1.0,-20.0
211,45,treino,24,9 15 19 30,30,P,3.0,1.0,9.0,1.0,1.0,0.0,2.0,0.0,1.0,0.0,1.0,0.0,0.0,0.0,0.0,0.0,413.0
211,21,treino,9 21 24 25 27 28 30,0 1 4 5 7 31,9 31,P,5.0,1.0,3.0,0.0,1.0,2.0,4.0,0.0,6.0,1.0,5.0,2.0,2.0,2.0,5.0,1.0,63.0
211,16,treino,11 21 24 27 28 29 30,0 1 2 3 4 5 7 31,31,V,7.0,0.0,9.0,1.0,3.0,3.0,4.0,0.0,7.0,1.0,3.0,0.0,2.0,4.0,7.0,0.0,-168.0
211,31,treino,17 19 22 23 24 28,1 5 8 10 14,,P,5.0,0.0,8.0,2.0,0.0,1.0,5.0,0.0,6.0,0.0,11.0,2.0,2.0,1.0,6.0,1.0,-128.0
211,39,treino,15 18 28,6 9 10 26,,P,4.0,0.0,11.0,2.0,0.0,0.0,3.0,0.0,3.0,0.0,7.0,1.0,1.0,1.0,2.0,1.0,235.0
211,26,treino,21 22 23 24 27 28,1 4 5 7 14,,V,6.0,0.0,8.0,2.0,2.0,1.0,5.0,0.0,5.0,0.0,6.0,1.0,1.0,1.0,2.0,0.0,142.0
211,7,treino,16 17 18 21 24 25 27 28 29 30 31,0 1 2 3 4 5 6 7 9 11 15,,P,11.0,0.0,11.0,1.0,3.0,4.0,11.0,0.0,11.0,0.0,14.0,3.0,2.0,4.0,10.0,1.0,-19.0
211,33,treino,17 19 22 23 28,1 5 8 10,,P,4.0,0.0,5.0,1.0,0.0,1.0,3.0,0.0,5.0,0.0,10.0,2.0,2.0,1.0,4.0,0.0,-114.0
211,38,treino,18 19 28,6 9 10 26,,V,3.0,0.0,6.0,1.0,2.0,1.0,0.0,0.0,4.0,0.0,11.0,2.0,0.0,0.0,3.0,0.0,-181.0
211,41,treino,15 28,6 9 19 26,,P,4.0,0.0,13.0,1.0,1.0,0.0,2.0,0.0,2.0,0.0,4.0,0.0,1.0,1.0,0.0,0.0,292.0
211,32,treino,19 22 23 24 28,1 5 8 10 21,,V,5.0,0.0,8.0,1.0,2.0,1.0,4.0,0.0,5.0,0.0,10.0,2.0,0.0,1.0,3.0,1.0,114.0
211,19,treino,2 21 24 25 27 28 30,0 1 3 4 5 6 31,2 31,P,6.0,1.0,3.0,0.0,2.0,3.0,5.0,1.0,6.0,1.0,5.0,1.0,2.0,2.0,5.0,0.0,67.0
211,11,treino,11 16 17 21 24 27 28 29 30 31,0 1 2 3 4 5 6 7 9,,P,9.0,0.0,6.0,1.0,2.0,4.0,9.0,0.0,10.0,0.0,15.0,2.0,3.0,4.0,8.0,0.0,-8.0
211,15,treino,11 21 24 26 27 28 29 30,0 1 2 3 4 5 7 22,,P,8.0,0.0,8.0,1.0,2.0,4.0,7.0,1.0,8.0,0.0,10.0,1.0,3.0,3.0,6.0,1.0,165.0
211,18,treino,11 21 24 25 27 28 30,0 1 3 4 5 6 7 31,31,V,7.0,0.0,10.0,1.0,3.0,2.0,5.0,0.0,7.0,1.0,4.0,0.0,2.0,3.0,7.0,1.0,-67.0
211,8,treino,16 17 21 24 25 27 28 29 30 31,0 1 2 3 4 5 6 7 9 11 22,,V,10.0,0.0,11.0,2.0,2.0,4.0,10.0,0.0,11.0,0.0,13.0,2.0,3.0,4.0,10.0,1.0,-114.0
211,9,treino,16 17 18 21 24 27 28 29 30 31,0 1 2 3 4 5 6 7 9 11,,P,10.0,0.0,8.0,1.0,3.0,4.0,10.0,0.0,10.0,0.0,13.0,3.0,2.0,4.0,8.0,0.0,114.0
211,47,treino,21,9 15 19 25,25,P,3.0,1.0,9.0,1.0,1.0,0.0,2.0,0.0,1.0,0.0,2.0,1.0,0.0,0.0,0.0,1.0,1600.0
211,17,treino,11 21 24 25 27 28 30,0 1 2 3 4 5 7 31,31,P,7.0,1.0,3.0,0.0,2.0,4.0,7.0,0.0,7.0,0.0,10.0,1.0,3.0,2.0,5.0,0.0,165.0
211,44,treino,28,9 15 19 30,30,V,1.0,0.0,0.0,0.0,1.0,1.0,0.0,0.0,3.0,1.0,9.0,1.0,1.0,0.0,2.0,0.0,-421.0
211,24,treino,21 22 24 27 28 30,0 1 4 7 14 26,26,V,6.0,0.0,6.0,2.0,2.0,2.0,3.0,1.0,5.0,1.0,5.0,1.0,1.0,2.0,2.0,1.0,107.0
211,30,treino,19 21 22 23 24 28,1 5 8 10 14,,V,6.0,0.0,10.0,2.0,2.0,1.0,5.0,0.0,5.0,0.0,8.0,2.0,0.0,1.0,5.0,0.0,128.0
211,4,treino,18 20 21 24 25 26 27 28 29 30 31,0 1 2 3 4 5 6 7 9 10 11 22,,V,11.0,0.0,11.0,2.0,3.0,4.0,10.0,0.0,12.0,0.0,15.0,3.0,3.0,4.0,11.0,1.0,-1.0
211,12,treino,11 16 17 21 24 27 28 29 30 31,0 1 2 3 4 5 6 7 13,,V,10.0,0.0,15.0,2.0,3.0,4.0,8.0,2.0,9.0,0.0,7.0,1.0,2.0,4.0,8.0,1.0,8.0
211,6,treino,17 18 20 21 24 25 27 28 29 30 31,0 1 2 3 4 5 6 7 9 11 15,,V,11.0,0.0,13.0,3.0,3.0,4.0,10.0,1.0,11.0,0.0,11.0,1.0,3.0,4.0,11.0,0.0,24.0
211,22,treino,21 24 25 27 28 30,0 1 4 7 14 31,31,V,6.0,0.0,5.0,1.0,2.0,2.0,5.0,0.0,5.0,1.0,5.0,1.0,1.0,2.0,2.0,0.0,-63.0
211,10,treino,16 17 18 21 24 27 28 29 30 31,0 1 2 3 4 5 6 7 9 15,,V,10.0,0.0,13.0,3.0,2.0,4.0,8.0,1.0,10.0,0.0,9.0,1.0,2.0,4.0,9.0,1.0,8.0
211,25,treino,21 22 23 24 27 28,0 1 4 7 14,,P,5.0,0.0,5.0,1.0,1.0,2.0,2.0,0.0,6.0,0.0,8.0,2.0,2.0,1.0,5.0,0.0,-132.0
212,60,treino,5 10,3 15 19 27 30,27 30,V,2.0,0.0,11.0,1.0,0.0,0.0,0.0,0.0,3.0,2.0,7.0,0.0,3.0,1.0,2.0,0.0,-399.0
212,28,treino,17 27 28 29 31,3 6 9 10 11,,V,5.0,0.0,4.0,1.0,2.0,3.0,2.0,0.0,5.0,0.0,7.0,2.0,2.0,1.0,3.0,0.0,-24.0
212,74,treino,5,10 18 24 26 27,5 24 27,V,0.0,1.0,0.0,0.0,0.0,0.0,0.0,0.0,3.0,2.0,12.0,2.0,1.0,0.0,0.0,0.0,-592.0
212,24,treino,20 24 27 28 29 31,2 3 9 10 11 12,12,V,6.0,0.0,4.0,0.0,3.0,3.0,6.0,0.0,5.0,1.0,6.0,2.0,3.0,2.0,0.0,0.0,-2.0
212,19,treino,5 20 21 23 24 25 26 27 28 29 31,0 2 3 10 11 14,26,P,6.0,0.0,7.0,2.0,2.0,3.0,2.0,0.0,10.0,1.0,15.0,1.0,3.0,3.0,10.0,1.0,-504.0
212,85,treino,13,15 18 21 23 27,13 21 23 27,P,2.0,3.0,7.0,2.0,1.0,0.0,4.0,0.0,0.0,1.0,0.0,1.0,0.0,0.0,0.0,0.0,1600.0
212,86,treino,13,18 19 21 23 27,13 21 23 27,V,0.0,1.0,0.0,1.0,0.0,0.0,0.0,0.0,2.0,3.0,8.0,2.0,2.0,0.0,4.0,0.0,-606.0
212,78,treino,5,15 18 24 27 31,5 24 27 31,V,0.0,1.0,0.0,0.0,0.0,0.0,0.0,0.0,2.0,3.0,7.0,1.0,1.0,0.0,4.0,0.0,-601.0
212,29,treino,17 24 27 28 31,3 6 9 10 11,,P,5.0,0.0,7.0,2.0,2.0,1.0,3.0,0.0,5.0,0.0,5.0,1.0,2.0,2.0,4.0,0.0,0.0
212,36,treino,20 28 31,3 9 11 15 27,,V,3.0,0.0,2.0,0.0,2.0,2.0,0.0,0.0,5.0,0.0,13.0,1.0,3.0,1.0,2.0,0.0,-243.0
212,14,treino,12 17 20 21 23 24 25 27 28 29 31,0 2 3 4 9 10 11,17,V,10.0,1.0,13.0,2.0,4.0,3.0,10.0,0.0,7.0,0.0,7.0,2.0,3.0,3.0,2.0,0.0,517.0
212,37,treino,20 24 31,3 9 11 15 27,,P,5.0,0.0,13.0,1.0,3.0,1.0,2.0,0.0,3.0,0.0,3.0,0.0,1.0,1.0,2.0,0.0,240.0
212,82,treino,5,15 18 21 26 27,5 21 26 27,V,0.0,1.0,0.0,0.0,0.0,0.0,0.0,0.0,2.0,3.0,7.0,2.0,1.0,0.0,2.0,0.0,-604.0
212,77,treino,5,15 18 24 26 27,5 24 27,P,3.0,2.0,13.0,1.0,1.0,0.0,2.0,0.0,0.0,1.0,0.0,0.0,0.0,0.0,0.0,0.0,595.0
212,81,treino,5,15 18 21 27 31,5 21 27 31,P,2.0,3.0,7.0,2.0,1.0,0.0,4.0,0.0,0.0,1.0,0.0,0.0,0.0,0.0,0.0,0.0,601.0
212,4,treino,12 20 22 23 24 25 26 27 28 29 30 31,0 1 2 3 4 5 7 8 9 10 11 14,,V,12.0,0.0,14.0,1.0,4.0,4.0,11.0,0.0,12.0,0.0,14.0,3.0,3.0,4.0,12.0,0.0,6.0
212,18,treino,12 20 21 23 24 25 26 27 28 29 31,0 2 3 8 10 11 14,26,V,10.0,1.0,13.0,1.0,4.0,3.0,10.0,0.0,7.0,0.0,9.0,2.0,2.0,3.0,2.0,1.0,495.0
212,71,treino,0,10 18 21 23 27,0 21 27,P,3.0,2.0,11.0,3.0,1.0,0.0,3.0,0.0,0.0,1.0,0.0,0.0,0.0,0.0,0.0,0.0,546.0
212,84,treino,9,15 18 21 23 27,9 21 23 27,V,0.0,1.0,0.0,1.0,0.0,0.0,0.0,0.0,2.0,3.0,7.0,2.0,1.0,0.0,4.0,0.0,-612.0
212,44,treino,20 24,3 11 19 22 31,31,V,2.0,0.0,3.0,0.0,1.0,0.0,2.0,0.0,4.0,1.0,11.0,1.0,3.0,1.0,0.0,0.0,-416.0
212,80,treino,1,15 18 21 27 31,1 21 27 31,V,0.0,1.0,0.0,0.0,0.0,0.0,0.0,0.0,2.0,3.0,7.0,2.0,1.0,0.0,4.0,0.0,-607.0
212,55,treino,9 14,3 15 19 23 30,23 30,P,3.0,2.0,7.0,0.0,2.0,1.0,3.0,0.0,2.0,0.0,9.0,2.0,0.0,0.0,2.0,0.0,465.0
212,57,treino,9 10,3 15 19 27 30,27 30,P,3.0,2.0,7.0,0.0,3.0,1.0,2.0,0.0,2.0,0.0,10.0,2.0,0.0,0.0,0.0,0.0,455.0
212,45,treino,20 21,3 11 19 22 31,31,P,4.0,1.0,11.0,1.0,3.0,1.0,0.0,0.0,2.0,0.0,4.0,1.0,1.0,0.0,0.0,0.0,409.0
212,47,treino,16 21,3 11 19 22 27,27,P,4.0,1.0,11.0,1.0,4.0,1.0,0.0,0.0,2.0,0.0,5.0,1.0,0.0,0.0,2.0,0.0,408.0
212,17,treino,12 20 21 23 24 25 26 27 28 29 31,0 2 3 4 10 11 14,26,P,7.0,0.0,8.0,2.0,3.0,3.0,4.0,0.0,10.0,1.0,13.0,1.0,4.0,3.0,10.0,0.0,-495.0
212,68,treino,8,10 18 23 25 27,8 25 27,V,0.0,1.0,0.0,0.0,0.0,0.0,0.0,0.0,3.0,2.0,11.0,2.0,1.0,0.0,3.0,0.0,-539.0
212,62,treino,0 10,3 15 23 27 30,0 27 30,V,1.0,1.0,5.0,1.0,0.0,0.0,0.0,0.0,3.0,2.0,8.0,0.0,2.0,1.0,2.0,0.0,-407.0
212,5,treino,12 18 20 23 24 25 26 27 28 29 30 31,0 1 2 3 4 5 7 8 9 10 11 14,,P,12.0,0.0,14.0,3.0,3.0,4.0,12.0,0.0,12.0,0.0,15.0,1.0,4.0,4.0,11.0,0.0,32.0
212,16,treino,12 20 21 22 23 24 25 27 28 29 31,0 2 3 4 10 11 14,22,V,10.0,1.0,13.0,2.0,4.0,3.0,10.0,0.0,7.0,0.0,8.0,2.0,3.0,3.0,4.0,0.0,622.0
212,15,treino,12 20 21 22 23 24 25 27 28 29 31,0 2 3 4 9 10 11,22,P,7.0,0.0,7.0,2.0,3.0,3.0,2.0,0.0,10.0,1.0,13.0,2.0,4.0,3.0,10.0,0.0,-522.0
212,46,treino,20 21,3 11 19 22 27,27,V,2.0,0.0,4.0,1.0,1.0,0.0,0.0,0.0,4.0,1.0,11.0,1.0,4.0,1.0,0.0,0.0,-411.0
213,122,treino,6,20 27,6 20 27,V,0.0,1.0,0.0,0.0,0.0,0.0,0.0,0.0,0.0,2.0,0.0,0.0,2.0,0.0,0.0,0.0,-176.0
213,37,treino,2 23 26 27,0 1 3 11 15 21,2,P,6.0,0.0,10.0,1.0,2.0,3.0,2.0,0.0,3.0,1.0,4.0,0.0,1.0,0.0,3.0,0.0,154.0
213,97,treino,7,21 23,7 23,P,1.0,1.0,5.0,1.0,0.0,0.0,0.0,0.0,0.0,1.0,0.0,0.0,0.0,0.0,0.0,0.0,121.0
213,53,treino,7,0 19 25 31,7 31,P,3.0,1.0,10.0,0.0,1.0,1.0,0.0,0.0,0.0,1.0,0.0,0.0,0.0,0.0,0.0,0.0,392.0
213,119,treino,1,19 20,1 19 20,P,0.0,2.0,0.0,0.0,2.0,0.0,0.0,0.0,0.0,1.0,0.0,0.0,0.0,0.0,0.0,0.0,182.0
213,80,treino,17,16 19,17,V,0.0,1.0,0.0,1.0,0.0,0.0,0.0,0.0,2.0,0.0,8.0,0.0,1.0,0.0,0.0,0.0,-49.0
213,85,treino,7,21 23,7,P,2.0,0.0,10.0,1.0,0.0,0.0,0.0,0.0,0.0,1.0,0.0,0.0,0.0,0.0,0.0,0.0,55.0
213,40,treino,23 26 27,0 1 10 11 19 21,,V,3.0,0.0,4.0,0.0,1.0,0.0,3.0,0.0,6.0,0.0,13.0,2.0,2.0,2.0,0.0,0.0,-362.0
213,128,treino,18,16 27,16 18 27,V,0.0,1.0,0.0,1.0,0.0,0.0,0.0,0.0,0.0,2.0,0.0,0.0,1.0,0.0,0.0,0.0,-182.0
213,95,treino,3,18 21,3 18,P,1.0,1.0,5.0,2.0,0.0,0.0,0.0,0.0,0.0,1.0,0.0,0.0,1.0,0.0,0.0,0.0,127.0
213,124,treino,10,20 23,10 20 23,V,0.0,1.0,0.0,1.0,0.0,0.0,0.0,0.0,0.0,2.0,0.0,0.0,1.0,0.0,0.0,0.0,-178.0
213,72,treino,18,8 19 21 26,18 21 26,V,0.0,1.0,0.0,1.0,0.0,0.0,0.0,0.0,2.0,2.0,6.0,1.0,1.0,0.0,0.0,0.0,-409.0
213,81,treino,14,16 19,14,P,2.0,0.0,8.0,0.0,1.0,0.0,0.0,0.0,0.0,1.0,0.0,1.0,0.0,0.0,0.0,0.0,45.0
213,84,treino,10,21 23,10,V,0.0,1.0,0.0,1.0,0.0,0.0,0.0,0.0,2.0,0.0,10.0,1.0,0.0,0.0,0.0,0.0,-55.0
213,79,treino,17,12 19,17,P,2.0,0.0,7.0,0.0,2.0,0.0,0.0,0.0,0.0,1.0,0.0,1.0,0.0,0.0,0.0,0.0,40.0
213,121,treino,6,20 23,6 20 23,P,0.0,2.0,0.0,0.0,1.0,0.0,0.0,0.0,0.0,1.0,0.0,0.0,0.0,0.0,0.0,0.0,182.0
213,140,treino,18,6 31,6 18 31,V,0.0,1.0,0.0,1.0,0.0,0.0,0.0,0.0,0.0,2.0,0.0,0.0,0.0,0.0,0.0,0.0,-178.0
213,28,treino,17 23 26 27 30,0 1 3 6 8 11 15 25,,V,5.0,0.0,7.0,1.0,1.0,1.0,4.0,0.0,8.0,0.0,14.0,0.0,2.0,3.0,4.0,1.0,-203.0
213,129,treino,14,16 27,14 16 27,P,0.0,2.0,0.0,0.0,1.0,0.0,0.0,0.0,0.0,1.0,0.0,1.0,0.0,0.0,0.0,0.0,182.0
213,60,treino,11,8 19 25 31,11 25 31,V,0.0,1.0,0.0,0.0,1.0,0.0,0.0,0.0,2.0,2.0,6.0,0.0,1.0,0.0,0.0,0.0,-409.0
213,87,treino,11,21 27,11,P,2.0,0.0,11.0,1.0,1.0,0.0,0.0,0.0,0.0,1.0,0.0,0.0,1.0,0.0,0.0,0.0,121.0
213,69,treino,14,8 19 26 29,14 26 29,P,2.0,2.0,6.0,0.0,1.0,0.0,0.0,0.0,0.0,1.0,0.0,1.0,0.0,0.0,0.0,0.0,400.0
213,21,treino,16 17 23 26 27 29 30,0 1 3 5 6 8 10 11,,P,8.0,0.0,8.0,1.0,2.0,3.0,6.0,0.0,7.0,0.0,10.0,1.0,1.0,2.0,4.0,0.0,115.0
213,13,treino,20 21 23 25 26 29 30 31,0 1 2 3 4 5 7 11 12,,P,9.0,0.0,8.0,0.0,4.0,4.0,8.0,0.0,8.0,0.0,8.0,1.0,1.0,3.0,7.0,0.0,105.0
213,36,treino,6 23 26 27,0 1 3 11 15 21,,V,4.0,0.0,10.0,0.0,1.0,0.0,3.0,1.0,6.0,0.0,10.0,1.0,2.0,3.0,2.0,0.0,-160.0
213,27,treino,17 21 23 26 27 30,0 1 3 6 8 11 15 16,,P,8.0,0.0,12.0,0.0,2.0,3.0,4.0,1.0,6.0,0.0,9.0,2.0,1.0,1.0,6.0,1.0,196.0
213,9,treino,14 20 23 24 25 26 28 29 30 31,0 1 2 3 4 5 7 10 11 12,,P,10.0,0.0,10.0,1.0,4.0,4.0,9.0,0.0,10.0,0.0,11.0,1.0,2.0,4.0,9.0,1.0,97.0
213,12,treino,20 23 25 26 28 29 30 31,0 1 2 3 4 5 7 11 12 24,,V,8.0,0.0,6.0,0.0,2.0,4.0,6.0,0.0,10.0,0.0,14.0,0.0,4.0,4.0,8.0,1.0,-111.0
213,146,treino,27,9,9 27,V,0.0,1.0,0.0,0.0,1.0,0.0,0.0,0.0,0.0,1.0,0.0,1.0,0.0,0.0,0.0,0.0,-2.0
213,49,treino,18,0 6 10 19 21 31,31,P,5.0,1.0,12.0,2.0,1.0,1.0,2.0,0.0,1.0,0.0,3.0,1.0,0.0,0.0,0.0,0.0,1600.0
213,25,treino,13 17 23 24 26 27 30,0 1 3 6 8 9 11 15,,P,8.0,0.0,10.0,1.0,2.0,3.0,5.0,1.0,7.0,0.0,12.0,2.0,1.0,1.0,6.0,1.0,195.0
213,41,treino,18 26 27,0 1 10 11 19 21,,P,6.0,0.0,13.0,2.0,2.0,2.0,0.0,0.0,3.0,0.0,5.0,1.0,1.0,0.0,0.0,0.0,331.0
214,15,treino,11 13 20 21 25 26 28 29 30 31,0 1 2 3 4 6 10 12 14,,P,9.0,0.0,10.0,2.0,3.0,4.0,7.0,0.0,10.0,0.0,15.0,2.0,3.0,4.0,6.0,0.0,-95.0
214,31,treino,11 20 21 23 25 28 29 31,4 8 12,11,P,3.0,0.0,6.0,0.0,2.0,0.0,3.0,0.0,7.0,1.0,7.0,1.0,3.0,3.0,3.0,0.0,-615.0
214,38,treino,11 12 23 24 25 29 31,8 20,11,V,6.0,1.0,8.0,0.0,2.0,2.0,3.0,0.0,2.0,0.0,7.0,0.0,1.0,0.0,0.0,1.0,1600.0
214,24,treino,2 18 20 21 25 26 28 29 30 31,4 5 7 10 12,2 18,V,8.0,2.0,6.0,2.0,2.0,4.0,6.0,0.0,5.0,0.0,8.0,1.0,2.0,0.0,2.0,1.0,786.0
214,27,treino,11 15 20 21 25 26 28 29 30 31,4 8 10 12,11 15,P,4.0,0.0,8.0,1.0,2.0,0.0,3.0,1.0,8.0,2.0,6.0,1.0,3.0,4.0,8.0,1.0,-615.0
214,9,treino,17 18 20 21 25 26 27 28 29 30 31,0 1 2 3 4 6 9 10 11 12 14,,P,11.0,0.0,14.0,3.0,4.0,4.0,8.0,0.0,11.0,0.0,13.0,3.0,3.0,4.0,8.0,1.0,-5.0
214,35,treino,11 21 23 24 25 29 31,4 12 20,11,P,3.0,0.0,9.0,0.0,3.0,0.0,0.0,0.0,6.0,1.0,6.0,1.0,1.0,2.0,4.0,0.0,-495.0
214,19,treino,13 18 20 21 25 26 28 29 30 31,0 3 4 5 10 12,18,P,6.0,0.0,7.0,1.0,3.0,2.0,3.0,0.0,9.0,1.0,10.0,3.0,2.0,4.0,6.0,0.0,-433.0
214,10,treino,17 20 21 25 26 27 28 29 30 31,0 1 2 3 4 6 9 10 11 12 23,,V,10.0,0.0,10.0,2.0,3.0,4.0,8.0,0.0,11.0,0.0,16.0,2.0,4.0,4.0,7.0,1.0,-4.0
214,28,treino,11 20 21 25 26 28 29 30 31,4 8 12 19,11,V,8.0,1.0,6.0,1.0,3.0,4.0,6.0,0.0,4.0,0.0,10.0,0.0,3.0,0.0,3.0,0.0,719.0
214,21,treino,6 18 20 21 25 26 28 29 30 31,0 3 4 10 12,18,P,5.0,0.0,6.0,1.0,3.0,2.0,2.0,0.0,9.0,1.0,12.0,2.0,2.0,4.0,6.0,0.0,-683.0
214,30,treino,11 20 21 25 28 29 30 31,4 8 12 26,11,V,7.0,1.0,5.0,1.0,3.0,4.0,4.0,0.0,4.0,0.0,12.0,0.0,2.0,0.0,3.0,1.0,615.0
214,36,treino,11 21 23 24 25 29 31,4 16 20,11,V,6.0,1.0,6.0,1.0,1.0,2.0,4.0,0.0,3.0,0.0,10.0,0.0,2.0,0.0,2.0,1.0,1600.0
214,37,treino,11 12 23 24 25 29 31,4 20,11,P,2.0,0.0,6.0,0.0,2.0,0.0,0.0,0.0,6.0,1.0,8.0,0.0,2.0,2.0,3.0,0.0,-1600.0
214,20,treino,13 18 20 21 25 26 28 29 30 31,0 3 4 9 10 12,18,V,9.0,1.0,10.0,3.0,2.0,4.0,6.0,1.0,6.0,0.0,8.0,2.0,3.0,2.0,2.0,1.0,619.0
214,23,treino,2 18 20 21 25 26 28 29 30 31,3 4 5 10 12,2 18,P,5.0,0.0,7.0,1.0,3.0,1.0,0.0,0.0,8.0,2.0,6.0,2.0,2.0,4.0,6.0,0.0,-695.0
214,29,treino,11 20 21 23 25 28 29 30 31,4 8 12 19,11,P,4.0,0.0,10.0,0.0,3.0,0.0,3.0,0.0,8.0,1.0,7.0,1.0,3.0,4.0,4.0,1.0,-615.0
214,7,treino,17 20 21 23 25 26 27 28 29 30 31,0 1 2 3 4 6 7 9 11 12 14,,P,11.0,0.0,13.0,2.0,4.0,4.0,10.0,1.0,11.0,0.0,12.0,2.0,3.0,4.0,9.0,0.0,15.0
214,33,treino,11 16 21 23 25 28 29 31,4 12 13,11,P,3.0,0.0,7.0,1.0,2.0,0.0,0.0,1.0,7.0,1.0,8.0,1.0,2.0,3.0,4.0,1.0,-502.0
214,26,treino,11 18 20 21 25 26 28 29 30 31,4 8 10 12,11 18,V,8.0,2.0,6.0,2.0,3.0,4.0,6.0,0.0,4.0,0.0,8.0,1.0,2.0,0.0,3.0,0.0,897.0
214,11,treino,17 18 20 21 25 26 28 29 30 31,0 1 2 3 4 6 9 10 11 12,,P,10.0,0.0,11.0,2.0,4.0,4.0,7.0,0.0,10.0,0.0,12.0,3.0,2.0,4.0,7.0,0.0,2.0
214,32,treino,11 20 21 23 25 28 29 31,4 12 13,11,V,7.0,1.0,7.0,1.0,3.0,3.0,3.0,0.0,3.0,0.0,7.0,1.0,2.0,0.0,0.0,0.0,615.0
214,14,treino,11 17 20 21 25 26 28 29 30 31,0 1 2 3 4 6 10 12 14,,V,10.0,0.0,14.0,2.0,3.0,4.0,7.0,0.0,9.0,0.0,10.0,2.0,3.0,4.0,7.0,0.0,115.0
214,16,treino,11 13 20 21 25 26 28 29 30 31,0 1 3 4 6 7 10 12 14,,V,10.0,0.0,15.0,2.0,3.0,4.0,6.0,0.0,9.0,0.0,11.0,2.0,3.0,3.0,8.0,1.0,397.0
214,8,treino,17 20 21 23 25 26 27 28 29 30 31,0 1 2 3 4 6 9 10 11 12 14,,V,11.0,0.0,12.0,2.0,3.0,4.0,9.0,0.0,11.0,0.0,14.0,3.0,4.0,4.0,8.0,0.0,5.0
214,34,treino,11 21 23 25 28 29 31,4 12 20,11,V,6.0,1.0,5.0,1.0,2.0,3.0,3.0,0.0,3.0,0.0,9.0,0.0,3.0,0.0,0.0,0.0,495.0
214,17,treino,2 13 20 21 25 26 28 29 30 31,0 1 3 4 6 10 12 14,2,P,8.0,0.0,10.0,2.0,3.0,3.0,6.0,1.0,9.0,1.0,10.0,2.0,2.0,4.0,6.0,0.0,-397.0
214,18,treino,2 13 20 21 25 26 28 29 30 31,0 3 4 5 6 10 12 14,2,V,9.0,1.0,10.0,2.0,2.0,4.0,6.0,0.0,8.0,0.0,11.0,2.0,3.0,2.0,6.0,1.0,433.0
214,13,treino,11 17 20 21 25 26 28 29 30 31,0 1 2 3 4 6 9 10 12,,P,9.0,0.0,9.0,2.0,3.0,4.0,7.0,0.0,10.0,0.0,14.0,2.0,3.0,4.0,7.0,0.0,-108.0
214,6,treino,20 21 22 23 25 26 27 28 29 30 31,0 1 2 3 4 6 7 9 11 12 14,,V,11.0,0.0,11.0,2.0,3.0,4.0,9.0,0.0,11.0,0.0,13.0,2.0,4.0,4.0,10.0,0.0,8.0
214,25,treino,11 18 20 21 25 26 28 29 30 31,4 5 10 12,11 18,P,4.0,0.0,7.0,1.0,2.0,0.0,0.0,0.0,8.0,2.0,6.0,2.0,3.0,4.0,6.0,0.0,-801.0
214,12,treino,17 18 20 21 25 26 28 29 30 31,0 1 2 3 4 6 9 10 12 15,,V,10.0,0.0,12.0,3.0,2.0,4.0,7.0,1.0,10.0,0.0,12.0,2.0,3.0,4.0,8.0,1.0,108.0
215,32,teste,18 20 22 26 27 29 30,3 7 11 12 14 16 19,,V,7.0,0.0,9.0,2.0,2.0,2.0,4.0,1.0,7.0,0.0,17.0,1.0,4.0,1.0,5.0,2.0,117.0
215,29,teste,18 22 24 26 27 29 30,3 6 7 11 12 16 19,,P,7.0,0.0,15.0,0.0,4.0,1.0,5.0,0.0,7.0,0.0,8.0,2.0,1.0,2.0,6.0,0.0,5.0
215,23,teste,22 24 26 27 29 30 31,2 3 7 11 12 13 15,,P,7.0,0.0,12.0,1.0,3.0,2.0,5.0,0.0,7.0,0.0,5.0,1.0,1.0,3.0,7.0,0.0,25.0
215,10,teste,14 19 24 25 26 27 28 29 30 31,0 1 2 3 5 6 7 11 12 15,,V,10.0,0.0,11.0,1.0,3.0,4.0,8.0,0.0,10.0,0.0,11.0,0.0,3.0,4.0,9.0,1.0,-2.0
215,38,teste,2 9 13 22 26 29 30,7 12,2,V,6.0,1.0,12.0,3.0,0.0,2.0,5.0,0.0,2.0,0.0,4.0,0.0,1.0,0.0,0.0,1.0,747.0
215,41,teste,9 13 15 22 26 29 30,16,15,P,1.0,0.0,4.0,0.0,0.0,0.0,0.0,0.0,6.0,1.0,12.0,3.0,0.0,2.0,5.0,0.0,-749.0
215,14,teste,14 22 24 26 27 28 29 30 31,1 2 3 4 5 7 11 12 15,,V,9.0,0.0,9.0,2.0,2.0,4.0,8.0,0.0,9.0,0.0,11.0,0.0,4.0,3.0,7.0,0.0,18.0
215,20,teste,17 22 26 27 28 29 30 31,2 3 4 7 11 12 13 15,,V,8.0,0.0,7.0,2.0,2.0,4.0,6.0,0.0,8.0,0.0,13.0,1.0,4.0,2.0,5.0,1.0,-18.0
215,6,teste,21 23 24 25 26 27 28 29 30 31,0 1 2 3 4 5 6 7 11 15 17,,V,10.0,0.0,8.0,1.0,2.0,4.0,10.0,0.0,11.0,0.0,13.0,1.0,3.0,4.0,10.0,1.0,-21.0
215,27,teste,18 22 24 26 29 30 31,2 3 7 11 12 16 19,,P,7.0,0.0,14.0,0.0,4.0,2.0,6.0,0.0,7.0,0.0,7.0,2.0,0.0,3.0,7.0,0.0,2.0
215,21,teste,8 22 26 27 28 29 30 31,2 3 4 7 11 12 15,,P,7.0,0.0,10.0,0.0,4.0,2.0,5.0,0.0,8.0,0.0,9.0,1.0,2.0,4.0,5.0,1.0,-100.0
215,9,teste,14 19 24 25 26 27 28 29 30 31,0 1 2 3 5 6 7 8 11 15,,P,10.0,0.0,10.0,0.0,2.0,4.0,10.0,1.0,10.0,0.0,11.0,1.0,3.0,4.0,8.0,0.0,19.0
215,30,teste,18 22 24 26 27 29 30,3 7 9 11 12 16 19,,V,7.0,0.0,8.0,2.0,1.0,2.0,6.0,0.0,7.0,0.0,16.0,1.0,4.0,1.0,5.0,0.0,-3.0
215,15,teste,14 21 22 26 27 28 29 30 31,1 2 3 4 5 7 11 12 15,,P,9.0,0.0,11.0,0.0,4.0,3.0,7.0,0.0,9.0,0.0,10.0,3.0,2.0,4.0,5.0,0.0,11.0
215,40,teste,9 11 13 22 26 29 30,16,11,V,6.0,1.0,12.0,3.0,1.0,2.0,5.0,0.0,1.0,0.0,4.0,0.0,0.0,0.0,0.0,0.0,744.0
215,39,teste,9 11 13 22 26 29 30,12,11,P,1.0,0.0,3.0,0.0,1.0,0.0,0.0,0.0,6.0,1.0,12.0,3.0,1.0,2.0,5.0,0.0,-750.0
215,24,teste,22 24 26 27 29 30 31,2 3 7 11 12 13 19,,V,7.0,0.0,5.0,1.0,1.0,3.0,7.0,0.0,7.0,0.0,13.0,1.0,4.0,2.0,4.0,0.0,-10.0
215,17,teste,5 21 22 26 27 28 29 30 31,1 2 3 4 7 11 12 15,,P,8.0,0.0,10.0,0.0,4.0,3.0,5.0,0.0,9.0,0.0,12.0,2.0,2.0,4.0,5.0,1.0,2.0
215,18,teste,21 22 26 27 28 29 30 31,2 3 4 7 8 11 12 15,,V,8.0,0.0,6.0,2.0,2.0,4.0,5.0,0.0,8.0,0.0,12.0,0.0,4.0,2.0,8.0,0.0,-2.0
215,22,teste,22 26 27 28 29 30 31,2 3 7 11 12 13 15,,V,7.0,0.0,4.0,1.0,2.0,4.0,5.0,0.0,7.0,0.0,12.0,1.0,3.0,2.0,5.0,0.0,100.0
215,25,teste,22 23 24 26 29 30 31,2 3 7 11 12 13 19,,P,7.0,0.0,13.0,1.0,4.0,2.0,4.0,0.0,7.0,0.0,6.0,1.0,0.0,3.0,7.0,0.0,4.0
215,7,teste,14 23 24 25 26 27 28 29 30 31,0 1 2 3 4 5 6 7 11 15,,P,10.0,0.0,9.0,0.0,3.0,4.0,10.0,0.0,10.0,0.0,10.0,1.0,2.0,4.0,9.0,0.0,14.0
215,4,teste,20 21 23 24 25 26 27 28 29 30 31,0 1 2 3 4 5 6 7 8 11 15 16,,V,11.0,0.0,10.0,1.0,3.0,4.0,11.0,0.0,12.0,0.0,15.0,0.0,3.0,4.0,11.0,1.0,4.0
215,36,teste,9 13 22 26 27 29 30,3 7 12 15 23,,V,7.0,0.0,13.0,3.0,1.0,2.0,5.0,0.0,5.0,0.0,12.0,0.0,2.0,1.0,2.0,1.0,639.0
215,44,teste,9 13 19 22 26 29 30,24,19,V,6.0,1.0,12.0,3.0,1.0,2.0,5.0,0.0,1.0,0.0,6.0,0.0,0.0,0.0,0.0,1.0,1600.0
215,33,teste,9 20 22 26 27 29 30,3 7 11 12 16 19,,P,6.0,0.0,14.0,0.0,4.0,1.0,5.0,1.0,7.0,0.0,11.0,2.0,2.0,2.0,3.0,0.0,-112.0
215,35,teste,9 13 22 26 27 29 30,3 7 12 15 19,,P,5.0,0.0,11.0,0.0,3.0,1.0,4.0,0.0,7.0,0.0,13.0,3.0,1.0,2.0,5.0,0.0,-234.0
215,37,teste,2 9 13 22 26 29 30,3 12,2,P,2.0,0.0,3.0,0.0,2.0,1.0,0.0,0.0,6.0,1.0,12.0,3.0,0.0,2.0,5.0,0.0,-642.0
215,26,teste,22 23 24 26 29 30 31,2 3 7 11 12 16 19,,V,7.0,0.0,6.0,1.0,0.0,3.0,7.0,0.0,7.0,0.0,14.0,0.0,4.0,2.0,6.0,0.0,-5.0
215,43,teste,9 13 19 22 26 29 30,21,19,P,1.0,0.0,5.0,1.0,0.0,0.0,0.0,0.0,6.0,1.0,12.0,3.0,1.0,2.0,5.0,0.0,-1600.0
215,13,teste,14 22 24 26 27 28 29 30 31,0 1 2 3 5 7 11 12 15,,P,9.0,0.0,10.0,0.0,3.0,4.0,8.0,0.0,9.0,0.0,9.0,2.0,2.0,4.0,8.0,0.0,8.0
215,12,teste,14 24 25 26 27 28 29 30 31,0 1 2 3 5 7 11 12 15,,V,9.0,0.0,8.0,1.0,2.0,4.0,8.0,0.0,9.0,0.0,10.0,0.0,3.0,4.0,8.0,0.0,-8.0
216,40,treino,16 19,6 7 8 9 11 14 15,15,V,2.0,0.0,6.0,0.0,1.0,0.0,0.0,0.0,6.0,1.0,11.0,2.0,1.0,0.0,6.0,1.0,-290.0
216,47,treino,5,7 9 11 17 20,5,P,5.0,0.0,14.0,2.0,2.0,0.0,2.0,1.0,0.0,1.0,0.0,0.0,0.0,0.0,0.0,0.0,371.0
216,49,treino,28,7 11,28,P,2.0,0.0,3.0,0.0,1.0,0.0,2.0,0.0,0.0,1.0,0.0,0.0,1.0,1.0,0.0,0.0,40.0
216,8,treino,14 18 21 23 25 26 27 28 29 30 31,0 1 2 3 4 5 6 7 9 11 20,,V,11.0,0.0,14.0,3.0,2.0,4.0,10.0,0.0,11.0,0.0,13.0,1.0,4.0,4.0,10.0,0.0,-5.0
216,43,treino,5 16,7 9 11 13 14,5,P,5.0,0.0,11.0,3.0,1.0,0.0,5.0,0.0,1.0,1.0,3.0,0.0,0.0,0.0,0.0,1.0,387.0
216,5,treino,14 16 18 23 24 25 26 27 28 29 30 31,0 1 2 3 4 5 6 7 8 9 11,,P,11.0,0.0,10.0,1.0,3.0,4.0,11.0,0.0,12.0,0.0,16.0,2.0,2.0,4.0,11.0,0.0,-104.0
216,25,treino,17 21 23 27 28 30,3 4 6 7 9 10 11 20,,P,8.0,0.0,14.0,2.0,4.0,1.0,6.0,0.0,6.0,0.0,8.0,2.0,2.0,2.0,4.0,0.0,240.0
216,58,treino,17,18,17,V,0.0,1.0,0.0,1.0,0.0,0.0,0.0,0.0,1.0,0.0,4.0,1.0,0.0,0.0,0.0,0.0,65.0
216,26,treino,17 21 23 27 28 30,3 4 6 7 9 10 11 24,,V,6.0,0.0,8.0,2.0,2.0,2.0,4.0,0.0,8.0,0.0,15.0,2.0,3.0,1.0,6.0,0.0,-203.0
216,20,treino,17 21 22 23 27 28 30 31,2 3 4 7 8 9 10 11 20,,V,8.0,0.0,10.0,3.0,2.0,3.0,6.0,0.0,9.0,0.0,15.0,2.0,4.0,2.0,7.0,0.0,-128.0
216,34,treino,21 27,3 6 7 8 9 11 15,15,V,2.0,0.0,3.0,1.0,1.0,0.0,0.0,0.0,6.0,1.0,8.0,1.0,2.0,1.0,6.0,0.0,-633.0
216,32,treino,27 28,3 4 6 7 9 11 15 24,15,V,2.0,0.0,1.0,0.0,2.0,1.0,0.0,0.0,7.0,1.0,13.0,1.0,3.0,1.0,6.0,1.0,-624.0
216,22,treino,21 23 27 28 30 31,2 3 4 7 9 10 11 20 26,,V,6.0,0.0,5.0,1.0,2.0,3.0,3.0,0.0,9.0,0.0,19.0,2.0,4.0,2.0,5.0,1.0,-237.0
216,18,treino,17 21 23 27 28 29 30 31,2 3 4 5 7 8 10 11 20 25,,V,8.0,0.0,8.0,2.0,2.0,4.0,5.0,0.0,10.0,0.0,20.0,1.0,4.0,2.0,8.0,1.0,-115.0
216,23,treino,21 22 23 27 28 30,2 3 4 7 9 10 11 20,,P,8.0,0.0,13.0,2.0,4.0,2.0,5.0,0.0,6.0,0.0,7.0,2.0,2.0,2.0,2.0,0.0,224.0
216,64,treino,13,30,13 30,V,0.0,1.0,0.0,1.0,0.0,0.0,0.0,0.0,0.0,1.0,0.0,0.0,0.0,0.0,0.0,0.0,6.0
216,62,treino,9,26,9,V,0.0,1.0,0.0,1.0,0.0,0.0,0.0,0.0,1.0,0.0,6.0,0.0,0.0,0.0,0.0,0.0,6.0
216,72,treino,6,22,6 22,V,0.0,1.0,0.0,0.0,0.0,0.0,0.0,0.0,0.0,1.0,0.0,1.0,0.0,0.0,0.0,0.0,0.0
216,85,treino,3,15,3 15,P,0.0,1.0,0.0,0.0,0.0,0.0,0.0,0.0,0.0,1.0,0.0,0.0,1.0,0.0,0.0,0.0,1600.0
216,67,treino,5,25,5 25,P,0.0,1.0,0.0,0.0,0.0,0.0,0.0,0.0,0.0,1.0,0.0,0.0,0.0,0.0,0.0,0.0,0.0
216,80,treino,6,23,6 23,V,0.0,1.0,0.0,0.0,0.0,0.0,0.0,0.0,0.0,1.0,0.0,0.0,0.0,0.0,0.0,0.0,0.0
216,70,treino,1,26,1 26,V,0.0,1.0,0.0,0.0,0.0,0.0,0.0,0.0,0.0,1.0,0.0,0.0,0.0,0.0,0.0,0.0,-6.0
216,12,treino,18 21 22 23 25 27 28 29 30 31,1 2 3 4 6 7 8 9 11 20,,V,10.0,0.0,11.0,3.0,2.0,4.0,9.0,0.0,10.0,0.0,14.0,1.0,4.0,3.0,9.0,0.0,120.0
216,6,treino,14 16 18 23 24 25 26 27 28 29 30 31,0 1 2 3 4 5 6 7 9 11 13,,V,12.0,0.0,16.0,2.0,2.0,4.0,11.0,1.0,11.0,0.0,11.0,2.0,3.0,4.0,11.0,0.0,93.0
216,13,treino,17 18 21 23 25 27 28 29 30 31,1 2 3 4 6 7 8 9 11 20,,P,10.0,0.0,14.0,1.0,4.0,3.0,9.0,0.0,10.0,0.0,12.0,3.0,2.0,4.0,9.0,0.0,13.0
216,71,treino,6,26,6 26,P,0.0,1.0,0.0,0.0,0.0,0.0,0.0,0.0,0.0,1.0,0.0,0.0,0.0,0.0,0.0,0.0,0.0
216,37,treino,19 21,3 6 8 9 10 11 15,15,P,6.0,1.0,9.0,2.0,2.0,1.0,5.0,0.0,2.0,0.0,5.0,1.0,1.0,0.0,0.0,0.0,1600.0
216,36,treino,21 23,3 6 8 9 10 11 15,15,V,2.0,0.0,4.0,1.0,0.0,0.0,0.0,0.0,6.0,1.0,9.0,2.0,2.0,1.0,5.0,0.0,-631.0
216,66,treino,8,25,8 25,V,0.0,1.0,0.0,0.0,0.0,0.0,0.0,0.0,0.0,1.0,0.0,0.0,0.0,0.0,0.0,0.0,0.0
216,31,treino,14 21 27 28,3 4 6 7 9 10 11 15,15,P,7.0,1.0,9.0,2.0,3.0,1.0,7.0,1.0,4.0,0.0,7.0,2.0,2.0,1.0,0.0,1.0,630.0
216,51,treino,24,10 11,24,P,2.0,0.0,4.0,1.0,1.0,0.0,0.0,0.0,0.0,1.0,0.0,0.0,0.0,0.0,0.0,0.0,41.0
216,76,treino,6,31,6 31,V,0.0,1.0,0.0,0.0,0.0,0.0,0.0,0.0,0.0,1.0,0.0,0.0,0.0,0.0,0.0,0.0,4.0
217,34,treino,0 1 14 20 22 24 25 28,4 11 13,0 1,V,6.0,2.0,10.0,2.0,2.0,1.0,5.0,0.0,3.0,0.0,6.0,1.0,2.0,0.0,0.0,0.0,702.0
217,5,treino,16 21 23 24 25 26 27 28 29 30 31,0 1 2 3 4 5 7 8 9 11 15,,P,11.0,0.0,12.0,1.0,3.0,4.0,11.0,0.0,11.0,0.0,11.0,1.0,2.0,4.0,11.0,0.0,12.0
217,11,treino,16 20 21 22 23 24 26 27 28 30 31,0 2 3 4 6 7 8 9 11 13 15,,P,11.0,0.0,15.0,2.0,3.0,3.0,11.0,0.0,11.0,0.0,14.0,2.0,3.0,3.0,11.0,0.0,9.0
217,15,treino,15 16 20 21 23 24 26 27 28 30 31,0 2 3 4 6 8 9 10 11 13 19,,P,11.0,0.0,17.0,3.0,4.0,3.0,8.0,0.0,11.0,0.0,16.0,1.0,3.0,3.0,10.0,1.0,17.0
217,38,treino,0 6 13 14 22 24 25 28,8 11,0 6,V,6.0,2.0,12.0,3.0,1.0,1.0,4.0,1.0,2.0,0.0,4.0,0.0,1.0,0.0,0.0,1.0,931.0
217,6,treino,16 21 23 24 25 26 27 28 29 30 31,0 1 2 3 4 5 7 9 11 13 15,,V,11.0,0.0,11.0,1.0,2.0,4.0,11.0,1.0,11.0,0.0,13.0,2.0,3.0,4.0,11.0,0.0,-21.0
217,16,treino,16 20 21 23 24 26 27 28 30 31,0 2 3 4 6 8 9 10 13 18 19,,V,10.0,0.0,12.0,1.0,3.0,3.0,10.0,0.0,11.0,0.0,19.0,4.0,3.0,3.0,8.0,1.0,-17.0
217,35,treino,0 6 14 20 22 24 25 28,4 11 13,0 6,P,3.0,0.0,6.0,1.0,2.0,0.0,0.0,0.0,6.0,2.0,10.0,2.0,2.0,1.0,5.0,0.0,-718.0
217,10,treino,16 20 21 22 23 26 27 28 29 30 31,0 2 3 4 6 7 8 9 11 13 15,,V,11.0,0.0,13.0,2.0,3.0,4.0,9.0,0.0,11.0,0.0,15.0,2.0,3.0,3.0,11.0,0.0,4.0
217,17,treino,7 16 20 21 24 26 27 28 30 31,0 2 3 4 6 8 9 13 19,,P,9.0,0.0,13.0,2.0,3.0,3.0,7.0,0.0,10.0,0.0,16.0,1.0,3.0,3.0,9.0,1.0,0.0
217,25,treino,16 17 20 22 24 25 27 28,4 5 6 7 8 9 11 13,,P,8.0,0.0,13.0,2.0,2.0,0.0,8.0,0.0,8.0,0.0,13.0,2.0,3.0,1.0,7.0,0.0,-3.0
217,42,treino,0 4 6 9 22 24 25 28,18,0 6,V,6.0,2.0,15.0,2.0,2.0,1.0,8.0,0.0,1.0,0.0,4.0,1.0,0.0,0.0,0.0,1.0,1600.0
217,22,treino,16 20 21 22 24 27 28 30,3 4 5 6 8 9 11 13,,V,8.0,0.0,11.0,2.0,3.0,2.0,5.0,0.0,8.0,0.0,12.0,2.0,3.0,1.0,6.0,0.0,-2.0
217,23,treino,16 17 20 22 24 27 28 30,3 4 5 6 8 9 11 13,,P,8.0,0.0,12.0,2.0,3.0,1.0,6.0,0.0,8.0,0.0,12.0,2.0,3.0,2.0,6.0,0.0,-4.0
217,19,treino,16 20 21 23 24 27 28 30 31,0 3 4 6 8 9 11 13 19,,P,9.0,0.0,15.0,2.0,4.0,2.0,6.0,0.0,9.0,0.0,11.0,1.0,3.0,3.0,8.0,1.0,0.0
217,37,treino,0 6 13 14 22 24 25 28,4 11,0 6,P,2.0,0.0,3.0,0.0,2.0,0.0,0.0,0.0,6.0,2.0,12.0,3.0,1.0,1.0,4.0,0.0,-846.0
217,13,treino,16 18 20 21 23 24 26 27 28 30 31,0 2 3 4 6 7 8 9 11 13 19,,P,11.0,0.0,16.0,2.0,4.0,3.0,10.0,0.0,11.0,0.0,15.0,2.0,3.0,3.0,11.0,0.0,-14.0
217,39,treino,0 4 6 14 22 24 25 28,11,0 6,P,1.0,0.0,2.0,0.0,1.0,0.0,0.0,0.0,6.0,2.0,14.0,2.0,2.0,1.0,6.0,0.0,-959.0
217,28,treino,16 17 20 22 23 24 25 28,4 5 6 8 9 11 13 14,,V,8.0,0.0,14.0,2.0,2.0,1.0,7.0,1.0,8.0,0.0,15.0,3.0,2.0,0.0,7.0,1.0,231.0
217,21,treino,16 20 21 22 24 27 28 30,0 3 4 6 8 9 11 13,,P,8.0,0.0,11.0,2.0,3.0,2.0,6.0,0.0,8.0,0.0,11.0,2.0,3.0,2.0,5.0,0.0,-4.0
217,24,treino,16 17 20 22 24 27 28 30,4 5 6 7 8 9 11 13,,V,8.0,0.0,12.0,2.0,3.0,2.0,6.0,0.0,8.0,0.0,13.0,2.0,2.0,0.0,8.0,0.0,76.0
217,36,treino,0 6 14 20 22 24 25 28,4 11 16,0 6,V,6.0,2.0,10.0,2.0,2.0,1.0,5.0,0.0,3.0,0.0,7.0,0.0,2.0,0.0,0.0,1.0,818.0
217,12,treino,16 20 21 22 23 24 26 27 28 30 31,0 2 3 4 6 7 8 9 11 13 19,,V,11.0,0.0,14.0,2.0,3.0,3.0,11.0,0.0,11.0,0.0,16.0,2.0,4.0,3.0,10.0,0.0,17.0
217,40,treino,0 4 6 14 22 24 25 28,15,0 6,V,6.0,2.0,14.0,2.0,2.0,1.0,6.0,0.0,1.0,0.0,3.0,0.0,0.0,0.0,0.0,0.0,938.0
217,8,treino,16 20 21 23 25 26 27 28 29 30 31,0 2 3 4 5 6 7 9 11 13 15,,V,11.0,0.0,12.0,1.0,3.0,4.0,10.0,0.0,11.0,0.0,14.0,2.0,3.0,3.0,11.0,0.0,306.0
217,18,treino,16 20 21 24 26 27 28 30 31,0 3 4 6 8 9 11 13 19,,V,9.0,0.0,10.0,1.0,3.0,3.0,9.0,0.0,9.0,0.0,15.0,2.0,4.0,2.0,6.0,0.0,-0.0
217,31,treino,0 1 20 22 23 24 25 28,4 8 11 14,0 1,P,4.0,0.0,8.0,1.0,2.0,0.0,2.0,0.0,6.0,2.0,8.0,1.0,2.0,1.0,5.0,0.0,-564.0
217,29,treino,1 16 20 22 23 24 25 28,4 5 8 9 11 13,1,P,6.0,0.0,11.0,2.0,2.0,0.0,5.0,0.0,7.0,1.0,11.0,1.0,2.0,1.0,6.0,0.0,-231.0
217,41,treino,0 4 6 9 22 24 25 28,15,0 6,P,1.0,0.0,3.0,0.0,0.0,0.0,0.0,0.0,6.0,2.0,15.0,2.0,2.0,1.0,8.0,0.0,-941.0
217,26,treino,16 17 20 22 24 25 27 28,4 5 6 8 9 10 11 13,,V,8.0,0.0,13.0,2.0,3.0,1.0,7.0,0.0,8.0,0.0,14.0,3.0,2.0,0.0,7.0,0.0,2.0
217,9,treino,16 20 21 22 23 26 27 28 29 30 31,0 2 3 4 5 6 7 9 11 13 15,,P,11.0,0.0,14.0,2.0,3.0,3.0,11.0,0.0,11.0,0.0,13.0,2.0,3.0,4.0,9.0,0.0,14.0
217,33,treino,0 1 14 20 22 24 25 28,4 8 11,0 1,P,3.0,0.0,5.0,0.0,2.0,0.0,2.0,0.0,6.0,2.0,10.0,2.0,2.0,1.0,5.0,0.0,-703.0
218,42,teste,15 20 21 24,5 7 9 11 12 14 27,,V,4.0,0.0,9.0,1.0,1.0,0.0,3.0,1.0,7.0,0.0,18.0,2.0,3.0,0.0,5.0,0.0,-224.0
218,15,teste,9 20 24 25 26 28 29 30 31,0 1 2 3 4 5 6 11 17 18 19,,P,11.0,0.0,17.0,2.0,4.0,4.0,6.0,0.0,9.0,0.0,10.0,1.0,2.0,4.0,8.0,1.0,214.0
218,25,teste,16 20 25 26 29 31,0 1 2 4 7 10 11 18 19,,P,9.0,0.0,14.0,2.0,3.0,3.0,6.0,0.0,6.0,0.0,7.0,0.0,1.0,2.0,6.0,0.0,338.0
218,4,teste,16 18 20 23 24 25 26 27 28 29 30 31,0 1 2 3 4 5 6 7 9 11 13 14,,V,12.0,0.0,14.0,1.0,3.0,4.0,12.0,0.0,12.0,0.0,14.0,3.0,3.0,4.0,12.0,0.0,-3.0
218,26,teste,16 20 25 26 29 31,0 2 4 5 7 10 11 18 19,,V,6.0,0.0,7.0,0.0,1.0,2.0,6.0,0.0,9.0,0.0,15.0,2.0,3.0,2.0,7.0,0.0,-323.0
218,45,teste,10 20,5 7 9 11 12 27 28,28,P,6.0,1.0,15.0,1.0,4.0,0.0,4.0,1.0,2.0,0.0,7.0,1.0,1.0,0.0,0.0,1.0,1600.0
218,13,teste,13 15 20 24 25 26 28 29 30 31,0 1 2 3 4 5 6 10 11 17 18,,P,11.0,0.0,15.0,3.0,3.0,4.0,7.0,0.0,10.0,0.0,13.0,1.0,2.0,4.0,8.0,1.0,87.0
218,29,teste,13 20 24 25 26 31,0 2 4 5 7 11 14 18 19,,P,9.0,0.0,16.0,2.0,3.0,2.0,8.0,0.0,6.0,0.0,9.0,1.0,1.0,1.0,4.0,0.0,367.0
218,18,teste,20 25 26 28 29 30 31,0 1 2 3 4 6 11 14 18 19 24,,V,7.0,0.0,4.0,0.0,2.0,4.0,5.0,0.0,11.0,0.0,21.0,2.0,4.0,4.0,7.0,1.0,-353.0
218,35,teste,20 21 24 26 27,4 5 7 9 11 14 18 19,,P,8.0,0.0,18.0,3.0,3.0,0.0,6.0,0.0,5.0,0.0,7.0,1.0,2.0,0.0,3.0,0.0,505.0
218,46,teste,20,5 9 11 12 14 27 28,28,V,1.0,0.0,2.0,0.0,1.0,0.0,0.0,0.0,6.0,1.0,17.0,2.0,4.0,0.0,3.0,0.0,-1600.0
218,9,teste,15 16 18 20 24 25 26 28 29 30 31,0 1 2 3 4 5 6 7 9 11 17,,P,11.0,0.0,12.0,2.0,3.0,4.0,10.0,0.0,11.0,0.0,15.0,1.0,2.0,4.0,11.0,0.0,125.0
218,14,teste,13 20 24 25 26 28 29 30 31,0 1 2 3 4 5 6 11 17 18 19,,V,9.0,0.0,9.0,1.0,2.0,4.0,8.0,0.0,11.0,0.0,17.0,2.0,4.0,4.0,6.0,0.0,-87.0
218,41,teste,15 20 21 23 24,5 7 9 11 12 14 18,,P,7.0,0.0,16.0,3.0,2.0,0.0,6.0,0.0,5.0,0.0,11.0,1.0,1.0,0.0,3.0,1.0,318.0
218,6,teste,16 19 20 24 25 26 27 28 29 30 31,0 1 2 3 4 5 6 7 9 11 13 23,,V,11.0,0.0,12.0,0.0,4.0,4.0,10.0,0.0,12.0,0.0,16.0,2.0,3.0,4.0,11.0,1.0,-12.0
218,39,teste,15 20 21 24 27,5 7 8 9 11 14 18,,P,7.0,0.0,15.0,3.0,1.0,0.0,7.0,0.0,5.0,0.0,10.0,1.0,2.0,0.0,3.0,0.0,234.0
218,36,teste,20 21 24 26 27,4 5 7 9 11 14 18 23,,V,5.0,0.0,7.0,1.0,2.0,0.0,3.0,1.0,8.0,0.0,19.0,3.0,2.0,0.0,7.0,1.0,-240.0
218,8,teste,16 18 19 20 24 25 26 28 29 30 31,0 1 2 3 4 5 6 7 9 11 17,,V,11.0,0.0,14.0,1.0,3.0,4.0,9.0,0.0,11.0,0.0,12.0,2.0,3.0,4.0,10.0,0.0,20.0
218,34,teste,20 24 25 26 27,4 5 7 9 11 14 18 19,,V,5.0,0.0,6.0,0.0,2.0,0.0,2.0,0.0,8.0,0.0,18.0,3.0,3.0,0.0,6.0,0.0,-363.0
218,12,teste,15 16 20 24 25 26 28 29 30 31,0 1 2 3 4 5 6 10 11 17 18,,V,10.0,0.0,12.0,0.0,2.0,4.0,9.0,1.0,11.0,0.0,15.0,3.0,3.0,4.0,7.0,0.0,-101.0
218,24,teste,16 20 26 29 30 31,0 1 2 4 7 10 11 18 19,,V,6.0,0.0,6.0,0.0,1.0,3.0,5.0,0.0,9.0,0.0,14.0,2.0,3.0,3.0,6.0,0.0,-326.0
218,20,teste,20 21 25 26 29 30 31,0 1 2 3 4 10 11 14 18 19,,V,7.0,0.0,6.0,1.0,1.0,3.0,6.0,0.0,10.0,0.0,16.0,3.0,4.0,4.0,5.0,0.0,-329.0
218,17,teste,20 21 25 26 28 29 30 31,0 1 2 3 4 6 11 14 17 18 19,,P,11.0,0.0,19.0,3.0,4.0,4.0,8.0,0.0,8.0,0.0,6.0,1.0,2.0,4.0,6.0,1.0,346.0
218,31,teste,6 20 24 25 26 31,0 2 4 7 11 14 18 19,,P,8.0,0.0,15.0,2.0,3.0,2.0,7.0,0.0,6.0,0.0,11.0,0.0,1.0,1.0,4.0,1.0,342.0
218,38,teste,19 20 21 24 27,5 7 8 9 11 14 18,,V,5.0,0.0,9.0,1.0,3.0,0.0,3.0,0.0,7.0,0.0,15.0,3.0,1.0,0.0,7.0,0.0,-253.0
218,33,teste,20 24 25 26 27,0 4 7 9 11 14 18 19,,P,8.0,0.0,17.0,3.0,3.0,1.0,7.0,0.0,5.0,0.0,6.0,0.0,2.0,0.0,2.0,0.0,534.0
218,40,teste,15 20 21 24 27,5 7 9 11 12 14 18,,V,5.0,0.0,10.0,1.0,2.0,0.0,3.0,0.0,7.0,0.0,16.0,3.0,2.0,0.0,6.0,0.0,-66.0
218,16,teste,20 24 25 26 28 29 30 31,0 1 2 3 4 6 11 14 17 18 19,,V,8.0,0.0,5.0,0.0,2.0,4.0,8.0,0.0,11.0,0.0,19.0,3.0,4.0,4.0,8.0,0.0,-214.0
218,19,teste,20 21 25 26 29 30 31,0 1 2 3 4 6 11 14 18 19,,P,10.0,0.0,15.0,2.0,4.0,4.0,7.0,0.0,7.0,0.0,6.0,1.0,1.0,3.0,6.0,0.0,330.0
218,47,teste,16,5 9 11 12 14 27 28,28,P,6.0,1.0,17.0,2.0,4.0,0.0,3.0,0.0,1.0,0.0,3.0,0.0,0.0,0.0,0.0,1.0,1600.0
218,7,teste,16 18 19 20 24 25 26 28 29 30 31,0 1 2 3 4 5 6 7 9 11 13,,P,11.0,0.0,11.0,2.0,3.0,4.0,11.0,0.0,11.0,0.0,14.0,1.0,3.0,4.0,9.0,0.0,12.0
218,30,teste,13 20 24 25 26 31,0 2 4 7 9 11 14 18 19,,V,6.0,0.0,9.0,1.0,1.0,1.0,4.0,1.0,9.0,0.0,17.0,3.0,3.0,2.0,8.0,1.0,-367.0
219,36,treino,1 20 22 23 28,0 3 11 16,1,V,4.0,1.0,6.0,1.0,2.0,1.0,0.0,0.0,4.0,0.0,6.0,0.0,2.0,2.0,0.0,1.0,301.0
219,46,treino,4 12 22 28,3 31,12 31,V,3.0,1.0,8.0,1.0,3.0,1.0,0.0,0.0,1.0,1.0,0.0,0.0,1.0,1.0,0.0,0.0,278.0
219,4,treino,18 20 22 24 25 26 27 28 29 30 31,0 1 2 3 4 5 6 7 9 10 11 21,,V,11.0,0.0,11.0,2.0,3.0,4.0,11.0,0.0,12.0,0.0,15.0,3.0,3.0,4.0,11.0,1.0,-10.0
219,40,treino,8 13 22 23 28,3 15,8,V,4.0,1.0,8.0,2.0,1.0,1.0,2.0,0.0,2.0,0.0,3.0,0.0,1.0,1.0,0.0,0.0,533.0
219,63,treino,0 1 12 28,23,0 1 12 23,P,0.0,1.0,0.0,0.0,0.0,0.0,0.0,0.0,1.0,3.0,0.0,0.0,2.0,1.0,0.0,0.0,-468.0
219,83,treino,0 6 24,17,0 6 17,P,0.0,1.0,0.0,1.0,0.0,0.0,0.0,0.0,1.0,2.0,1.0,0.0,0.0,0.0,0.0,0.0,-286.0
219,24,treino,1 9 20 23 24 25 26 28 30,0 2 3 7 8 19 21,1,V,8.0,1.0,12.0,1.0,2.0,2.0,7.0,0.0,7.0,0.0,12.0,1.0,2.0,3.0,3.0,1.0,405.0
219,11,treino,1 16 18 20 24 25 26 27 28 30 31,0 2 3 4 6 7 9 10 11,1,P,9.0,0.0,9.0,2.0,3.0,3.0,9.0,0.0,10.0,1.0,12.0,1.0,3.0,3.0,9.0,0.0,-200.0
219,45,treino,4 12 22 28,3 26,12,P,2.0,0.0,6.0,0.0,1.0,1.0,0.0,0.0,3.0,1.0,8.0,1.0,3.0,1.0,0.0,0.0,-294.0
219,91,treino,0 6,12,0 6 12,P,0.0,1.0,0.0,0.0,1.0,0.0,0.0,0.0,0.0,2.0,0.0,0.0,0.0,0.0,0.0,0.0,-186.0
219,19,treino,1 9 20 22 24 25 26 27 28 30,0 2 3 7 8 10 15,1,P,7.0,0.0,8.0,1.0,1.0,3.0,5.0,0.0,9.0,1.0,13.0,2.0,3.0,2.0,7.0,0.0,-407.0
219,37,treino,1 13 22 23 28,0 3 11,1,P,3.0,0.0,2.0,0.0,2.0,2.0,0.0,0.0,4.0,1.0,8.0,2.0,1.0,1.0,0.0,0.0,-316.0
219,39,treino,8 13 22 23 28,3 11,8,P,2.0,0.0,2.0,0.0,2.0,1.0,0.0,0.0,4.0,1.0,8.0,2.0,1.0,1.0,2.0,0.0,-426.0
219,79,treino,0 10 17 24,31,0 10 17 31,P,0.0,1.0,0.0,0.0,0.0,0.0,0.0,0.0,1.0,3.0,1.0,2.0,0.0,0.0,0.0,0.0,-488.0
219,48,treino,4 12 18 28,3 26,12 26,V,3.0,1.0,9.0,1.0,3.0,1.0,0.0,0.0,1.0,1.0,0.0,0.0,1.0,1.0,0.0,0.0,275.0
219,78,treino,0 10 21 24,31,0 10 21 31,V,1.0,3.0,1.0,2.0,0.0,0.0,2.0,0.0,0.0,1.0,0.0,0.0,0.0,0.0,0.0,0.0,481.0
219,41,treino,12 13 22 23 28,3 15,12,P,2.0,0.0,3.0,0.0,1.0,1.0,0.0,0.0,4.0,1.0,8.0,2.0,2.0,1.0,0.0,0.0,-419.0
219,42,treino,12 13 22 23 28,3 19,12,V,4.0,1.0,8.0,2.0,2.0,1.0,0.0,1.0,2.0,0.0,4.0,0.0,2.0,1.0,0.0,0.0,418.0
219,55,treino,0 12 15 28,7 25,0 12 25,P,1.0,1.0,1.0,0.0,0.0,0.0,0.0,0.0,2.0,2.0,4.0,0.0,2.0,1.0,0.0,0.0,-301.0
219,86,treino,0 1 24,17,0 1 17,V,1.0,2.0,1.0,0.0,0.0,0.0,0.0,0.0,0.0,1.0,0.0,1.0,0.0,0.0,0.0,0.0,283.0
219,26,treino,1 9 16 20 23 24 26 28 30,0 2 3 7 12 19,1,V,8.0,1.0,14.0,1.0,2.0,2.0,7.0,1.0,6.0,0.0,8.0,0.0,3.0,3.0,3.0,0.0,428.0
219,10,treino,16 17 18 20 24 25 26 27 28 30 31,0 2 3 4 5 6 7 9 10 11 13,,V,11.0,0.0,15.0,2.0,3.0,3.0,9.0,1.0,11.0,0.0,13.0,3.0,3.0,3.0,11.0,1.0,200.0
219,69,treino,0 1 16 28,26,0 1 16 26,P,0.0,1.0,0.0,0.0,0.0,0.0,0.0,0.0,1.0,3.0,0.0,0.0,1.0,1.0,0.0,0.0,-466.0
219,16,treino,1 9 20 24 25 26 27 28 30 31,0 2 3 7 8 10 11,1,V,9.0,1.0,11.0,1.0,3.0,3.0,8.0,0.0,7.0,0.0,7.0,1.0,2.0,3.0,5.0,0.0,403.0
219,43,treino,8 12 22 23 28,3 19,12,P,2.0,0.0,4.0,0.0,2.0,1.0,0.0,0.0,4.0,1.0,9.0,1.0,2.0,1.0,2.0,1.0,-300.0
219,15,treino,1 9 20 24 25 26 27 28 30 31,0 2 3 4 7 10 11,1,P,7.0,0.0,6.0,1.0,3.0,3.0,7.0,0.0,9.0,1.0,11.0,1.0,3.0,3.0,8.0,0.0,-406.0
219,76,treino,0 10 16 24,27,0 10 16 27,V,1.0,3.0,1.0,1.0,0.0,0.0,0.0,0.0,0.0,1.0,0.0,0.0,1.0,0.0,0.0,0.0,484.0
219,22,treino,1 9 20 22 23 24 25 26 28 30,0 2 3 7 8 14 19,1,V,9.0,1.0,14.0,2.0,2.0,2.0,8.0,0.0,7.0,0.0,10.0,1.0,2.0,3.0,3.0,0.0,415.0
219,14,treino,1 16 20 24 25 26 27 28 30 31,0 2 3 4 7 10 11 13,1,V,9.0,1.0,9.0,0.0,3.0,3.0,9.0,0.0,8.0,0.0,9.0,2.0,3.0,3.0,7.0,1.0,397.0
219,58,treino,0 6 12 28,30,0 12 30,V,2.0,2.0,6.0,0.0,2.0,1.0,0.0,0.0,0.0,1.0,0.0,0.0,0.0,0.0,0.0,0.0,468.0
219,68,treino,0 1 12 28,26,0 1 12 26,V,1.0,3.0,0.0,0.0,2.0,1.0,0.0,0.0,0.0,1.0,0.0,0.0,0.0,0.0,0.0,0.0,468.0
219,88,treino,0 1 20,21,0 1 21,V,1.0,2.0,2.0,0.0,1.0,0.0,0.0,0.0,0.0,1.0,0.0,1.0,0.0,0.0,0.0,0.0,288.0
220,11,teste,18 21 23 24 25 26 27 28 29 31,0 1 2 3 6 7 9 10 11 12 20,,P,11.0,0.0,16.0,2.0,4.0,4.0,8.0,0.0,10.0,0.0,11.0,2.0,2.0,3.0,10.0,0.0,126.0
220,20,teste,23 24 28 29 31,1 2 3 6 7 8 9 11 14 17 20,14,V,5.0,0.0,3.0,0.0,1.0,3.0,3.0,0.0,10.0,1.0,17.0,3.0,3.0,3.0,9.0,0.0,-747.0
220,10,teste,18 21 23 24 25 27 28 29 30 31,0 1 2 3 6 7 9 10 11 12 20,,V,10.0,0.0,10.0,2.0,2.0,4.0,10.0,0.0,11.0,0.0,16.0,2.0,4.0,4.0,8.0,0.0,-114.0
220,31,teste,10 22 24 29,1 3 6 7 8 11 16 20,,P,8.0,0.0,15.0,0.0,3.0,2.0,7.0,0.0,4.0,0.0,8.0,2.0,0.0,1.0,2.0,1.0,667.0
220,41,teste,15,3 5 6 11 12 20 23,,P,7.0,0.0,17.0,0.0,4.0,1.0,0.0,0.0,1.0,0.0,4.0,0.0,0.0,0.0,0.0,1.0,1600.0
220,26,teste,23 24 26 29,1 2 3 7 8 11 13 15 20,,V,4.0,0.0,4.0,0.0,0.0,1.0,4.0,0.0,9.0,0.0,16.0,1.0,3.0,3.0,7.0,0.0,-565.0
220,7,teste,16 18 21 24 25 26 27 28 29 30 31,0 1 2 3 5 6 7 10 11 12 13,,P,11.0,0.0,13.0,2.0,3.0,4.0,9.0,1.0,11.0,0.0,12.0,2.0,2.0,4.0,10.0,1.0,104.0
220,19,teste,23 24 28 29 31,1 2 3 4 6 7 9 11 14 17 20,14,P,10.0,1.0,16.0,3.0,4.0,3.0,9.0,0.0,5.0,0.0,3.0,0.0,1.0,3.0,3.0,0.0,754.0
220,34,teste,24 29,1 3 6 8 11 16 20 23,,V,2.0,0.0,1.0,0.0,0.0,1.0,2.0,0.0,8.0,0.0,19.0,0.0,3.0,2.0,4.0,0.0,-653.0
220,27,teste,22 23 24 29,1 2 3 7 8 11 13 15 20,,P,9.0,0.0,16.0,1.0,3.0,3.0,7.0,0.0,4.0,0.0,5.0,1.0,0.0,1.0,2.0,0.0,550.0
220,16,teste,23 24 26 27 28 29 31,1 2 3 4 6 7 9 11 17 20 30,30,V,7.0,0.0,5.0,0.0,2.0,3.0,7.0,0.0,10.0,1.0,16.0,2.0,4.0,3.0,7.0,0.0,-449.0
220,36,teste,29,1 3 6 8 11 20 23 25,,V,1.0,0.0,0.0,0.0,0.0,1.0,0.0,0.0,8.0,0.0,21.0,0.0,3.0,2.0,2.0,1.0,-662.0
220,30,teste,19 22 24 29,1 3 6 7 8 11 15 16 20,,V,4.0,0.0,6.0,1.0,1.0,1.0,2.0,0.0,9.0,0.0,18.0,0.0,3.0,2.0,8.0,1.0,-558.0
220,5,teste,8 18 20 21 24 25 26 27 28 29 30 31,0 1 2 3 4 5 6 7 10 11 12,,P,11.0,0.0,11.0,1.0,4.0,4.0,10.0,0.0,12.0,0.0,16.0,2.0,3.0,4.0,10.0,1.0,-9.0
220,39,teste,18,3 5 6 8 11 20 23,,P,7.0,0.0,16.0,0.0,3.0,1.0,2.0,0.0,1.0,0.0,3.0,1.0,0.0,0.0,0.0,0.0,1600.0
220,40,teste,18,3 5 6 11 12 20 23,,V,1.0,0.0,3.0,1.0,0.0,0.0,0.0,0.0,7.0,0.0,17.0,0.0,4.0,1.0,0.0,0.0,-1600.0
220,24,teste,23 26 28 29,1 2 3 7 8 9 11 15 20,,V,4.0,0.0,3.0,0.0,1.0,2.0,2.0,0.0,9.0,0.0,15.0,1.0,3.0,3.0,5.0,0.0,-571.0
220,25,teste,23 24 26 29,1 2 3 7 8 9 11 15 20,,P,9.0,0.0,15.0,1.0,3.0,3.0,5.0,0.0,4.0,0.0,4.0,0.0,0.0,1.0,4.0,0.0,556.0
220,6,teste,18 20 21 24 25 26 27 28 29 30 31,0 1 2 3 5 6 7 10 11 12 13,,V,11.0,0.0,11.0,2.0,3.0,4.0,10.0,0.0,11.0,0.0,13.0,2.0,3.0,4.0,9.0,0.0,6.0
220,9,teste,18 21 23 24 25 27 28 29 30 31,0 1 2 3 5 6 7 10 11 12 20,,P,11.0,0.0,15.0,1.0,4.0,4.0,9.0,0.0,10.0,0.0,10.0,2.0,2.0,4.0,10.0,0.0,122.0
220,29,teste,19 22 24 29,1 3 6 7 8 11 13 15 20,,P,9.0,0.0,17.0,1.0,3.0,2.0,8.0,1.0,4.0,0.0,6.0,1.0,1.0,1.0,2.0,0.0,570.0
220,14,teste,18 23 24 26 27 28 29 31,1 2 3 4 6 7 9 10 11 20 30,30,V,8.0,0.0,8.0,1.0,2.0,3.0,8.0,0.0,10.0,1.0,14.0,2.0,4.0,3.0,8.0,0.0,-421.0
220,35,teste,21 29,1 3 6 8 11 16 20 23,,P,8.0,0.0,19.0,0.0,3.0,2.0,4.0,1.0,2.0,0.0,2.0,1.0,0.0,1.0,0.0,1.0,653.0
220,8,teste,18 21 24 25 26 27 28 29 30 31,0 1 2 3 5 6 7 10 11 12 20,,V,10.0,0.0,9.0,2.0,2.0,4.0,9.0,0.0,11.0,0.0,15.0,1.0,4.0,4.0,9.0,0.0,-113.0
220,17,teste,18 24 26 27 28 29 31,1 2 3 4 6 7 9 11 17 20 30,30,P,10.0,1.0,16.0,2.0,4.0,3.0,7.0,0.0,7.0,0.0,6.0,1.0,2.0,3.0,6.0,1.0,741.0
220,28,teste,22 23 24 29,1 3 6 7 8 11 13 15 20,,V,4.0,0.0,5.0,1.0,0.0,1.0,2.0,0.0,9.0,0.0,17.0,1.0,3.0,2.0,8.0,0.0,-555.0
220,13,teste,16 18 23 24 25 26 27 28 29 31,1 2 3 4 6 7 9 10 11 12 20,,P,11.0,0.0,17.0,2.0,5.0,3.0,8.0,0.0,10.0,0.0,12.0,1.0,2.0,3.0,9.0,1.0,399.0
220,23,teste,10 23 26 28 29,1 2 3 6 7 8 9 11 20,,P,9.0,0.0,13.0,1.0,3.0,3.0,7.0,0.0,5.0,0.0,8.0,1.0,1.0,2.0,2.0,1.0,562.0
220,37,teste,22,1 3 6 8 11 20 23,,P,7.0,0.0,15.0,0.0,3.0,2.0,2.0,0.0,1.0,0.0,2.0,1.0,0.0,0.0,0.0,0.0,659.0
220,4,teste,17 18 20 21 24 25 26 27 28 29 30 31,0 1 2 3 4 5 6 7 10 11 12 13,,V,12.0,0.0,14.0,3.0,3.0,4.0,11.0,1.0,12.0,0.0,14.0,2.0,4.0,4.0,10.0,1.0,-3.0
220,22,teste,23 24 26 28 29,1 2 3 6 7 8 9 11 14 20 21,14,V,5.0,0.0,4.0,0.0,1.0,2.0,5.0,0.0,10.0,1.0,18.0,3.0,3.0,3.0,8.0,1.0,-565.0
220,32,teste,22 24 29,1 3 6 8 11 14 16 20,,V,3.0,0.0,3.0,1.0,0.0,1.0,2.0,0.0,8.0,0.0,17.0,1.0,3.0,2.0,4.0,0.0,-667.0
221,37,treino,9 13 15 20 22 28 30,4 7 10,9,P,3.0,0.0,4.0,1.0,1.0,0.0,2.0,1.0,6.0,1.0,12.0,3.0,2.0,2.0,2.0,1.0,-424.0
221,20,treino,11 17 26 27 28 29 30 31,0 2 3 6 7 10 20,,V,8.0,0.0,10.0,1.0,3.0,4.0,4.0,0.0,7.0,0.0,9.0,1.0,2.0,3.0,5.0,0.0,109.0
221,44,treino,4 6 17 20 28 30,11 23,6,V,5.0,1.0,11.0,1.0,3.0,2.0,0.0,0.0,2.0,0.0,7.0,0.0,1.0,0.0,0.0,0.0,565.0
221,13,treino,11 16 22 24 26 27 28 29 30 31,0 2 3 6 7 8 9 10,,P,8.0,0.0,8.0,2.0,1.0,3.0,6.0,0.0,10.0,0.0,13.0,1.0,3.0,4.0,8.0,0.0,-214.0
221,19,treino,11 17 26 27 28 29 30 31,0 2 3 6 7 10 16,,P,7.0,0.0,8.0,1.0,1.0,3.0,5.0,0.0,8.0,0.0,10.0,1.0,3.0,4.0,4.0,0.0,-115.0
221,35,treino,9 13 19 20 22 28 30,3 4 10,9,P,3.0,0.0,3.0,1.0,2.0,1.0,0.0,0.0,6.0,1.0,11.0,3.0,3.0,2.0,2.0,0.0,-531.0
221,52,treino,0 10 17 20 28 30,15 27,0 10 27,V,4.0,2.0,5.0,2.0,2.0,2.0,0.0,0.0,1.0,1.0,3.0,0.0,1.0,0.0,0.0,1.0,615.0
221,8,treino,18 20 21 22 24 26 27 28 29 30 31,0 1 2 3 6 7 8 9 10 13 15,,V,11.0,0.0,12.0,3.0,3.0,4.0,11.0,0.0,11.0,0.0,14.0,3.0,1.0,4.0,10.0,1.0,108.0
221,9,treino,11 20 21 22 24 26 27 28 29 30 31,0 1 2 3 6 7 8 9 10 13,,P,10.0,0.0,11.0,3.0,1.0,4.0,9.0,0.0,11.0,0.0,14.0,2.0,4.0,4.0,10.0,0.0,-119.0
221,25,treino,11 13 20 23 26 28 30 31,0 2 3 6 7 14,,P,6.0,0.0,5.0,1.0,1.0,3.0,4.0,0.0,8.0,0.0,14.0,1.0,3.0,3.0,4.0,0.0,-227.0
221,39,treino,9 13 17 20 28 30,4 7 19,9,P,3.0,0.0,6.0,0.0,2.0,0.0,0.0,0.0,5.0,1.0,9.0,3.0,2.0,2.0,3.0,0.0,-423.0
221,17,treino,11 13 24 26 27 28 29 30 31,0 2 3 6 7 9 10 21,,P,8.0,0.0,11.0,3.0,1.0,3.0,6.0,1.0,9.0,0.0,12.0,1.0,3.0,4.0,7.0,1.0,-111.0
221,5,treino,8 20 21 22 23 24 26 27 28 29 30 31,0 1 2 3 4 5 6 7 9 10 15,,P,11.0,0.0,11.0,2.0,2.0,4.0,11.0,0.0,12.0,0.0,16.0,2.0,3.0,4.0,11.0,1.0,-17.0
221,16,treino,11 17 24 26 27 28 29 30 31,0 2 3 6 7 9 10 21,,V,9.0,0.0,11.0,1.0,3.0,4.0,7.0,0.0,8.0,0.0,11.0,3.0,1.0,3.0,6.0,0.0,220.0
221,47,treino,4 6 17 20 28 30,11 27,4 6,P,2.0,0.0,8.0,0.0,2.0,0.0,0.0,0.0,4.0,2.0,5.0,1.0,3.0,2.0,0.0,0.0,-513.0
221,24,treino,11 13 20 26 27 28 30 31,0 2 3 6 7 14,,V,8.0,0.0,13.0,1.0,4.0,3.0,4.0,0.0,6.0,0.0,5.0,1.0,1.0,3.0,4.0,0.0,225.0
221,51,treino,0 10 17 20 28 30,11 27,0 10 27,P,1.0,1.0,2.0,0.0,2.0,0.0,0.0,0.0,4.0,2.0,5.0,2.0,2.0,2.0,0.0,0.0,-520.0
221,49,treino,4 10 17 20 28 30,11 31,4 10 31,P,1.0,1.0,2.0,0.0,1.0,0.0,0.0,0.0,4.0,2.0,5.0,2.0,3.0,2.0,0.0,0.0,-520.0
221,28,treino,11 13 20 22 23 28 30 31,2 3 4 7 10 14,,V,8.0,0.0,15.0,2.0,3.0,3.0,0.0,0.0,6.0,0.0,7.0,2.0,2.0,2.0,5.0,0.0,226.0
221,15,treino,11 16 17 24 26 27 28 29 30 31,0 2 3 6 7 9 10 12,,P,8.0,0.0,9.0,2.0,2.0,3.0,6.0,0.0,10.0,0.0,14.0,1.0,3.0,4.0,7.0,1.0,-114.0
221,30,treino,11 13 19 20 22 28 30 31,3 4 6 7 10 14,,V,8.0,0.0,16.0,2.0,4.0,3.0,0.0,0.0,6.0,0.0,8.0,2.0,2.0,1.0,5.0,1.0,505.0
221,54,treino,0 17 19 20 28 30,23,0 19 23,V,4.0,2.0,5.0,1.0,3.0,2.0,0.0,0.0,0.0,1.0,0.0,0.0,0.0,0.0,0.0,1.0,1600.0
221,45,treino,0 6 17 20 28 30,11 23,0 6,P,2.0,0.0,7.0,0.0,1.0,0.0,0.0,0.0,4.0,2.0,5.0,1.0,2.0,2.0,0.0,0.0,-571.0
221,31,treino,2 13 19 20 22 28 30 31,3 4 6 10 14,2,P,5.0,0.0,7.0,2.0,2.0,1.0,3.0,1.0,7.0,1.0,11.0,2.0,3.0,3.0,0.0,0.0,-505.0
221,50,treino,4 10 17 20 28 30,11 27,4 10 27,V,4.0,2.0,5.0,2.0,3.0,2.0,0.0,0.0,1.0,1.0,2.0,0.0,2.0,0.0,0.0,0.0,522.0
221,43,treino,4 6 17 20 28 30,11 19,6,P,2.0,0.0,6.0,0.0,2.0,0.0,0.0,0.0,5.0,1.0,11.0,1.0,3.0,2.0,0.0,0.0,-564.0
221,29,treino,11 13 19 20 22 28 30 31,2 3 4 7 10 14,,P,6.0,0.0,7.0,2.0,2.0,2.0,5.0,0.0,8.0,0.0,16.0,2.0,4.0,3.0,0.0,0.0,-241.0
221,22,treino,11 13 26 27 28 29 30 31,0 2 3 6 7 10 24,,V,8.0,0.0,11.0,1.0,3.0,4.0,4.0,0.0,7.0,0.0,10.0,1.0,1.0,3.0,5.0,1.0,231.0
221,21,treino,11 13 26 27 28 29 30 31,0 2 3 6 7 10 20,,P,7.0,0.0,9.0,1.0,2.0,3.0,5.0,0.0,8.0,0.0,11.0,1.0,3.0,4.0,4.0,0.0,-111.0
221,4,treino,17 20 21 22 23 24 26 27 28 29 30 31,0 1 2 3 4 5 6 7 9 10 13 15,,V,12.0,0.0,14.0,3.0,3.0,4.0,12.0,0.0,12.0,0.0,14.0,3.0,2.0,4.0,12.0,1.0,-8.0
221,7,treino,18 20 21 22 24 26 27 28 29 30 31,0 1 2 3 5 6 7 9 10 13 15,,P,11.0,0.0,13.0,3.0,1.0,4.0,11.0,1.0,11.0,0.0,12.0,3.0,3.0,4.0,11.0,0.0,-18.0
221,46,treino,0 6 17 20 28 30,11 27,0 6,V,4.0,2.0,5.0,1.0,2.0,2.0,0.0,0.0,2.0,0.0,8.0,0.0,2.0,0.0,0.0,0.0,511.0
222,15,treino,15 24 26 27 28 29 30 31,0 1 2 3 6 7 10 14 20,,P,9.0,0.0,12.0,2.0,2.0,4.0,7.0,0.0,8.0,0.0,7.0,0.0,2.0,4.0,7.0,1.0,225.0
222,4,treino,17 19 20 22 24 25 26 27 28 29 30 31,0 1 2 3 4 5 6 7 9 10 13 15,,V,12.0,0.0,14.0,2.0,4.0,4.0,11.0,0.0,12.0,0.0,14.0,3.0,2.0,4.0,12.0,1.0,-15.0
222,29,treino,11 23 28,0 1 2 3 7 9 19 22,22,P,7.0,1.0,7.0,2.0,2.0,4.0,3.0,0.0,3.0,0.0,7.0,0.0,2.0,1.0,0.0,1.0,732.0
222,38,treino,16,0 1 3 10 11 18 22 26,22,V,1.0,0.0,3.0,0.0,0.0,0.0,0.0,0.0,7.0,1.0,14.0,3.0,2.0,3.0,3.0,0.0,-906.0
222,7,treino,16 19 22 24 25 26 27 28 29 30 31,0 1 2 3 5 6 7 9 10 13 15,,P,11.0,0.0,13.0,3.0,1.0,4.0,11.0,0.0,11.0,0.0,12.0,1.0,3.0,4.0,9.0,1.0,116.0
222,40,treino,13,1 3 5 10 11 18 22 26,22,V,1.0,0.0,4.0,1.0,0.0,0.0,0.0,0.0,7.0,1.0,15.0,3.0,2.0,2.0,5.0,0.0,-1600.0
222,35,treino,7 20,0 1 2 3 10 14 22 26,22,P,7.0,1.0,11.0,3.0,1.0,4.0,4.0,0.0,2.0,0.0,8.0,0.0,1.0,0.0,0.0,1.0,856.0
222,27,treino,11 26 27 28,0 1 2 3 7 9 19 31,31,P,7.0,1.0,7.0,1.0,2.0,4.0,3.0,0.0,4.0,0.0,7.0,0.0,3.0,1.0,0.0,1.0,617.0
222,26,treino,11 27 28 30,0 1 2 3 7 9 19 31,31,V,4.0,0.0,6.0,0.0,3.0,2.0,0.0,0.0,7.0,1.0,7.0,1.0,2.0,4.0,3.0,0.0,-493.0
222,33,treino,11 20,0 1 2 3 9 10 22 26,22,P,7.0,1.0,10.0,3.0,1.0,4.0,2.0,0.0,2.0,0.0,7.0,0.0,2.0,0.0,0.0,0.0,840.0
222,5,treino,8 19 20 22 24 25 26 27 28 29 30 31,0 1 2 3 4 5 6 7 9 10 15,,P,11.0,0.0,11.0,2.0,2.0,4.0,11.0,0.0,12.0,0.0,16.0,1.0,4.0,4.0,10.0,1.0,1.0
222,37,treino,16,0 1 3 10 11 14 22 26,22,P,7.0,1.0,13.0,3.0,2.0,3.0,4.0,0.0,1.0,0.0,3.0,0.0,0.0,0.0,0.0,0.0,903.0
222,30,treino,11 28,0 1 2 3 7 9 22 26,22,V,2.0,0.0,5.0,0.0,2.0,1.0,0.0,0.0,7.0,1.0,9.0,2.0,1.0,4.0,5.0,0.0,-788.0
222,11,treino,18 19 24 26 27 28 29 30 31,0 1 2 3 5 6 7 9 10 20,,P,10.0,0.0,12.0,2.0,2.0,4.0,9.0,0.0,9.0,0.0,9.0,1.0,3.0,4.0,7.0,0.0,128.0
222,9,treino,18 19 24 25 26 27 28 29 30 31,0 1 2 3 5 6 7 9 10 15 20,,P,11.0,0.0,15.0,2.0,2.0,4.0,10.0,1.0,10.0,0.0,10.0,1.0,3.0,4.0,8.0,1.0,119.0
222,39,treino,13,0 1 3 10 11 18 22 26,22,P,7.0,1.0,14.0,3.0,2.0,3.0,3.0,0.0,1.0,0.0,4.0,1.0,0.0,0.0,0.0,0.0,1600.0
222,36,treino,20,0 1 3 10 11 14 22 26,22,V,1.0,0.0,2.0,0.0,1.0,0.0,0.0,0.0,7.0,1.0,13.0,3.0,2.0,3.0,4.0,0.0,-912.0
222,32,treino,11 24,0 1 2 3 9 10 22 26,22,V,2.0,0.0,6.0,0.0,1.0,0.0,0.0,0.0,7.0,1.0,10.0,3.0,1.0,4.0,2.0,0.0,-779.0
222,41,treino,9,1 3 5 10 11 18 22 26,22,P,7.0,1.0,15.0,3.0,2.0,2.0,5.0,1.0,1.0,0.0,5.0,1.0,0.0,0.0,0.0,1.0,1600.0
222,34,treino,11 20,0 1 2 3 10 14 22 26,22,V,2.0,0.0,7.0,0.0,2.0,0.0,0.0,0.0,7.0,1.0,11.0,3.0,1.0,4.0,4.0,0.0,-791.0
222,20,treino,15 24 27 28 29 30 31,0 1 2 3 7 9 19 20,,V,7.0,0.0,6.0,0.0,2.0,4.0,5.0,0.0,8.0,0.0,12.0,1.0,3.0,4.0,3.0,0.0,-109.0
222,17,treino,22 24 27 28 29 30 31,0 1 2 3 6 7 14 19 20,,P,9.0,0.0,14.0,1.0,3.0,4.0,5.0,0.0,7.0,0.0,4.0,1.0,2.0,4.0,5.0,0.0,231.0
222,13,treino,9 19 24 26 27 28 29 30 31,0 1 2 3 5 6 7 10 20,,P,9.0,0.0,10.0,1.0,2.0,4.0,8.0,0.0,9.0,0.0,11.0,1.0,3.0,4.0,7.0,1.0,124.0
222,21,treino,15 24 25 27 28 30 31,0 1 2 3 7 9 19 20,,P,8.0,0.0,12.0,1.0,3.0,4.0,3.0,0.0,7.0,0.0,7.0,0.0,2.0,3.0,6.0,1.0,208.0
222,24,treino,11 27 28 30 31,0 1 2 3 7 9 19 22,22,V,5.0,0.0,6.0,0.0,3.0,3.0,2.0,0.0,7.0,1.0,7.0,2.0,2.0,4.0,3.0,0.0,-395.0
222,12,treino,18 19 24 26 27 28 29 30 31,0 1 2 3 5 6 7 10 14 20,,V,9.0,0.0,9.0,1.0,3.0,4.0,7.0,1.0,10.0,0.0,13.0,2.0,2.0,4.0,9.0,1.0,-128.0
222,14,treino,19 24 26 27 28 29 30 31,0 1 2 3 6 7 10 14 20,,V,8.0,0.0,6.0,0.0,3.0,4.0,7.0,0.0,9.0,0.0,12.0,2.0,2.0,4.0,7.0,0.0,-130.0
222,22,treino,15 25 27 28 30 31,0 1 2 3 7 9 19 29,29,V,6.0,0.0,6.0,0.0,2.0,3.0,4.0,1.0,7.0,1.0,7.0,1.0,2.0,4.0,3.0,0.0,-208.0
222,23,treino,11 25 27 28 30 31,0 1 2 3 7 9 19 29,29,P,7.0,1.0,7.0,1.0,2.0,4.0,3.0,0.0,6.0,0.0,7.0,0.0,3.0,3.0,4.0,1.0,382.0
222,16,treino,24 26 27 28 29 30 31,0 1 2 3 6 7 14 19 20,,V,7.0,0.0,3.0,0.0,2.0,4.0,7.0,0.0,9.0,0.0,14.0,1.0,3.0,4.0,5.0,0.0,-225.0
222,28,treino,11 27 28,0 1 2 3 7 9 19 22,22,V,3.0,0.0,6.0,0.0,3.0,1.0,0.0,0.0,7.0,1.0,7.0,2.0,2.0,4.0,3.0,0.0,-625.0
222,19,treino,15 24 27 28 29 30 31,0 1 2 3 6 7 19 20,,P,8.0,0.0,11.0,0.0,3.0,4.0,5.0,0.0,7.0,0.0,6.0,0.0,2.0,4.0,5.0,0.0,234.0
223,44,treino,21 23,6 7 20 22,,V,2.0,0.0,4.0,1.0,0.0,0.0,0.0,0.0,4.0,0.0,12.0,1.0,1.0,0.0,0.0,0.0,-232.0
223,31,treino,16 21 23 28 31,1 2 6 12 13 20,,P,6.0,0.0,12.0,1.0,2.0,2.0,3.0,1.0,5.0,0.0,7.0,1.0,1.0,2.0,2.0,0.0,124.0
223,91,treino,5,22 28 30,5 22 28 30,P,0.0,3.0,0.0,1.0,1.0,0.0,0.0,0.0,0.0,1.0,0.0,0.0,0.0,0.0,0.0,0.0,368.0
223,78,treino,8,20 22 28,8 22 28,V,0.0,1.0,0.0,0.0,0.0,0.0,0.0,0.0,1.0,2.0,5.0,1.0,2.0,0.0,0.0,0.0,-306.0
223,23,treino,15 17 22 23 25 28 30 31,1 2 4 6 7 9 12 20,,P,8.0,0.0,13.0,1.0,3.0,2.0,5.0,0.0,8.0,0.0,12.0,2.0,1.0,3.0,4.0,0.0,13.0
223,87,treino,4,18 25 28,4 18 25 28,P,0.0,3.0,0.0,1.0,1.0,0.0,0.0,0.0,0.0,1.0,0.0,0.0,1.0,0.0,0.0,0.0,380.0
223,36,treino,23 28 31,1 2 13 20 21,,V,3.0,0.0,2.0,0.0,1.0,2.0,0.0,0.0,5.0,0.0,13.0,2.0,1.0,2.0,0.0,0.0,-245.0
223,12,treino,13 17 21 22 26 27 28 29 30 31,0 1 2 3 4 5 6 8 18,,V,10.0,0.0,13.0,4.0,2.0,4.0,8.0,1.0,9.0,0.0,9.0,1.0,2.0,4.0,7.0,1.0,117.0
223,72,treino,6,16 22 28,6 22 28,V,0.0,1.0,0.0,0.0,0.0,0.0,0.0,0.0,1.0,2.0,4.0,1.0,1.0,0.0,0.0,0.0,-303.0
223,98,treino,1,16 25 30,1 16 25 30,V,0.0,1.0,0.0,0.0,0.0,0.0,0.0,0.0,0.0,3.0,0.0,0.0,0.0,0.0,2.0,0.0,-375.0
223,63,treino,6,13 20 21,6 21,P,2.0,1.0,8.0,2.0,1.0,0.0,0.0,0.0,0.0,1.0,0.0,0.0,0.0,0.0,0.0,0.0,241.0
223,33,treino,14 16 23 28 31,1 2 6 12 20,,P,5.0,0.0,9.0,0.0,2.0,2.0,3.0,0.0,5.0,0.0,9.0,1.0,1.0,2.0,0.0,1.0,109.0
223,14,treino,13 15 17 21 26 27 28 29 30 31,0 1 2 3 4 6 8 9,,V,10.0,0.0,15.0,3.0,2.0,4.0,7.0,1.0,8.0,0.0,6.0,1.0,2.0,4.0,7.0,0.0,221.0
223,39,treino,22 23 28,2 6 13 20 21,,P,5.0,0.0,14.0,2.0,1.0,1.0,2.0,0.0,3.0,0.0,4.0,1.0,1.0,1.0,0.0,0.0,236.0
223,83,treino,5,18 24 28,5 18 28,P,1.0,2.0,6.0,1.0,1.0,0.0,2.0,0.0,0.0,1.0,0.0,0.0,0.0,0.0,0.0,0.0,362.0
223,48,treino,13 23,6 15 20 22,,V,2.0,0.0,6.0,1.0,0.0,0.0,0.0,0.0,4.0,0.0,14.0,1.0,1.0,0.0,0.0,0.0,-222.0
223,27,treino,15 21 22 23 28 30 31,1 2 6 7 12 13 20,,P,7.0,0.0,13.0,1.0,2.0,2.0,4.0,0.0,7.0,0.0,10.0,2.0,1.0,3.0,0.0,0.0,27.0
223,79,treino,5,20 22 28,5 22 28,P,1.0,2.0,5.0,1.0,2.0,0.0,0.0,0.0,0.0,1.0,0.0,0.0,0.0,0.0,0.0,0.0,306.0
223,99,treino,5,16 25 30,5 16 25 30,P,0.0,3.0,0.0,0.0,0.0,0.0,2.0,0.0,0.0,1.0,0.0,0.0,0.0,0.0,0.0,0.0,372.0
223,35,treino,9 23 28 31,1 2 6 20 21,,P,5.0,0.0,11.0,1.0,1.0,2.0,3.0,0.0,4.0,0.0,7.0,1.0,1.0,2.0,0.0,1.0,236.0
223,101,treino,9,20 25 30,9 20 25 30,P,0.0,3.0,0.0,0.0,1.0,0.0,2.0,0.0,0.0,1.0,0.0,1.0,0.0,0.0,0.0,0.0,362.0
223,73,treino,1,16 22 28,1 22 28,P,1.0,2.0,4.0,1.0,1.0,0.0,0.0,0.0,0.0,1.0,0.0,0.0,0.0,0.0,0.0,0.0,309.0
223,97,treino,1,20 25 30,1 20 25 30,P,0.0,3.0,0.0,0.0,1.0,0.0,2.0,0.0,0.0,1.0,0.0,0.0,0.0,0.0,0.0,0.0,368.0
223,53,treino,10,13 20 25,,P,3.0,0.0,14.0,1.0,1.0,0.0,0.0,0.0,1.0,0.0,5.0,1.0,0.0,0.0,0.0,0.0,294.0
223,43,treino,17 21 23,6 7 13 20,,P,4.0,0.0,10.0,1.0,1.0,0.0,0.0,1.0,3.0,0.0,7.0,2.0,0.0,0.0,2.0,1.0,217.0
223,6,treino,13 17 19 22 24 25 26 27 28 29 30 31,0 1 2 3 4 5 6 7 8 11 15,,V,12.0,0.0,16.0,3.0,3.0,4.0,11.0,0.0,11.0,0.0,11.0,0.0,3.0,4.0,11.0,1.0,128.0
223,26,treino,15 22 23 25 28 30 31,1 2 6 7 12 13 20,,V,7.0,0.0,9.0,1.0,1.0,3.0,3.0,0.0,7.0,0.0,13.0,1.0,2.0,2.0,4.0,0.0,-18.0
223,58,treino,1,13 20 21,1 21,V,0.0,1.0,0.0,0.0,0.0,0.0,0.0,0.0,2.0,1.0,8.0,2.0,1.0,0.0,0.0,0.0,-247.0
223,74,treino,1,16 22 24,1 22 24,V,0.0,1.0,0.0,0.0,0.0,0.0,0.0,0.0,1.0,2.0,4.0,1.0,0.0,0.0,0.0,0.0,-313.0
223,61,treino,1,13 16 20,1 16,P,2.0,1.0,8.0,1.0,1.0,0.0,3.0,0.0,0.0,1.0,0.0,0.0,0.0,0.0,0.0,0.0,241.0
223,96,treino,5,20 25 30,5 20 25 30,V,0.0,1.0,0.0,0.0,0.0,0.0,0.0,0.0,0.0,3.0,0.0,0.0,1.0,0.0,2.0,0.0,-362.0
223,4,treino,17 19 20 22 24 25 26 27 28 29 30 31,0 1 2 3 4 5 6 7 8 10 11 16,,V,12.0,0.0,14.0,2.0,4.0,4.0,11.0,0.0,12.0,0.0,14.0,1.0,3.0,4.0,11.0,1.0,103.0
224,36,treino,21 26 27 28 29,7 9 13 20,,V,5.0,0.0,4.0,1.0,2.0,2.0,0.0,0.0,4.0,0.0,11.0,2.0,1.0,0.0,2.0,0.0,77.0
224,11,treino,17 18 23 24 26 27 28 29 30 31,0 1 2 3 5 6 7 11 13 15 20,,P,11.0,0.0,16.0,1.0,3.0,4.0,9.0,1.0,10.0,0.0,11.0,2.0,2.0,4.0,9.0,2.0,232.0
224,18,treino,17 19 23 24 27 28 29 31,0 1 2 3 5 7 9 11 20,,V,8.0,0.0,10.0,1.0,3.0,3.0,7.0,0.0,9.0,0.0,11.0,1.0,3.0,4.0,8.0,0.0,-104.0
224,46,treino,12 18 24 29,15 20,,V,4.0,0.0,8.0,1.0,1.0,1.0,2.0,1.0,2.0,0.0,8.0,0.0,1.0,0.0,0.0,1.0,1600.0
224,32,treino,9 21 27 28 29 31,2 3 13 20,,V,6.0,0.0,8.0,2.0,2.0,3.0,2.0,0.0,4.0,0.0,8.0,1.0,2.0,2.0,0.0,0.0,217.0
224,14,treino,17 23 24 27 28 29 30 31,0 1 2 3 5 6 7 11 20 22,,V,8.0,0.0,7.0,1.0,2.0,4.0,6.0,0.0,10.0,0.0,15.0,1.0,3.0,4.0,8.0,0.0,-106.0
224,33,treino,6 21 27 28 29 31,2 3 13 20,,P,4.0,0.0,8.0,1.0,2.0,2.0,0.0,0.0,6.0,0.0,9.0,1.0,2.0,3.0,2.0,1.0,-87.0
224,28,treino,8 21 23 27 28 29 31,0 2 3 18 20,8,V,6.0,1.0,5.0,1.0,2.0,3.0,3.0,0.0,5.0,0.0,9.0,1.0,2.0,3.0,0.0,1.0,387.0
224,37,treino,21 24 26 27 29,7 9 13 20,,P,4.0,0.0,11.0,2.0,1.0,0.0,2.0,0.0,5.0,0.0,5.0,1.0,1.0,1.0,3.0,0.0,-83.0
224,21,treino,10 17 21 23 27 28 29 31,0 1 2 3 5 7 9 20,,P,8.0,0.0,9.0,1.0,2.0,4.0,7.0,0.0,8.0,0.0,13.0,3.0,2.0,3.0,5.0,1.0,-5.0
224,22,treino,17 21 23 27 28 29 31,0 1 2 3 5 9 14 20,,V,7.0,0.0,8.0,2.0,2.0,3.0,5.0,0.0,8.0,0.0,11.0,2.0,2.0,4.0,5.0,1.0,-16.0
224,17,treino,17 19 23 24 27 28 29 31,0 1 2 3 5 6 7 11 20,,P,9.0,0.0,10.0,0.0,3.0,4.0,8.0,0.0,8.0,0.0,10.0,1.0,3.0,3.0,7.0,0.0,107.0
224,15,treino,17 19 24 27 28 29 30 31,0 1 2 3 5 6 7 11 20 22,,P,10.0,0.0,15.0,1.0,3.0,4.0,8.0,0.0,8.0,0.0,8.0,1.0,3.0,4.0,5.0,0.0,233.0
224,24,treino,10 21 23 27 28 29 31,0 2 3 5 6 9 20,,V,7.0,0.0,10.0,2.0,2.0,3.0,3.0,1.0,7.0,0.0,9.0,1.0,2.0,3.0,5.0,1.0,86.0
224,16,treino,17 19 24 27 28 29 30 31,0 1 2 3 5 6 7 11 20 26,,V,8.0,0.0,8.0,1.0,3.0,4.0,5.0,0.0,10.0,0.0,16.0,0.0,3.0,4.0,8.0,1.0,-110.0
224,35,treino,21 26 27 28 29,3 9 13 20,,P,4.0,0.0,10.0,2.0,2.0,1.0,2.0,0.0,5.0,0.0,4.0,1.0,2.0,2.0,0.0,0.0,-86.0
224,10,treino,18 22 23 24 26 27 28 29 30 31,0 1 2 3 5 6 7 11 13 15 20,,V,10.0,0.0,10.0,2.0,2.0,4.0,10.0,0.0,11.0,0.0,16.0,1.0,3.0,4.0,9.0,0.0,-120.0
224,19,treino,17 19 21 23 27 28 29 31,0 1 2 3 5 7 9 11 20,,P,9.0,0.0,11.0,1.0,3.0,4.0,8.0,0.0,8.0,0.0,11.0,2.0,3.0,3.0,6.0,0.0,110.0
224,39,treino,21 23 24 27 29,9 11 13 20,,P,4.0,0.0,12.0,2.0,2.0,0.0,2.0,0.0,5.0,0.0,6.0,1.0,1.0,1.0,5.0,0.0,-101.0
224,43,treino,12 18 24 27 29,11 14 20,,P,3.0,0.0,10.0,1.0,2.0,0.0,0.0,1.0,5.0,0.0,9.0,1.0,2.0,1.0,2.0,1.0,-217.0
224,25,treino,1 21 23 27 28 29 31,0 2 3 5 9 20,1,P,6.0,0.0,8.0,1.0,2.0,3.0,3.0,1.0,6.0,1.0,5.0,1.0,2.0,3.0,3.0,0.0,-86.0
224,6,treino,17 18 23 24 25 26 27 28 29 30 31,0 1 2 3 4 5 6 7 9 11 15 20,,V,11.0,0.0,12.0,2.0,2.0,4.0,10.0,1.0,12.0,0.0,16.0,1.0,4.0,4.0,11.0,0.0,-95.0
224,7,treino,17 18 22 23 24 26 27 28 29 30 31,0 1 2 3 4 5 6 7 9 11 15 20,,P,12.0,0.0,16.0,1.0,4.0,4.0,11.0,0.0,11.0,0.0,13.0,3.0,2.0,4.0,11.0,0.0,122.0
224,13,treino,17 18 23 24 27 28 29 30 31,0 1 2 3 5 6 7 11 15 20,,P,10.0,0.0,13.0,0.0,3.0,4.0,9.0,0.0,9.0,0.0,10.0,2.0,2.0,4.0,7.0,1.0,214.0
224,34,treino,21 27 28 29 31,3 9 13 20,,V,5.0,0.0,3.0,1.0,2.0,3.0,2.0,0.0,4.0,0.0,10.0,2.0,2.0,1.0,2.0,0.0,90.0
224,44,treino,12 24 27 29,11 20 23,,V,4.0,0.0,6.0,0.0,2.0,1.0,2.0,0.0,3.0,0.0,12.0,0.0,2.0,0.0,0.0,1.0,1600.0
224,30,treino,8 14 21 27 28 29 31,2 3 4 20,8,V,6.0,1.0,7.0,2.0,2.0,3.0,2.0,1.0,4.0,0.0,6.0,0.0,3.0,2.0,0.0,0.0,404.0
224,12,treino,18 23 24 26 27 28 29 30 31,0 1 2 3 5 6 7 11 15 20 22,,V,9.0,0.0,8.0,1.0,2.0,4.0,9.0,0.0,11.0,0.0,18.0,1.0,3.0,4.0,9.0,1.0,-232.0
224,40,treino,21 23 24 27 29,9 11 16 20,,V,5.0,0.0,6.0,1.0,1.0,1.0,5.0,1.0,4.0,0.0,13.0,1.0,2.0,0.0,2.0,1.0,204.0
224,41,treino,12 23 24 27 29,9 11 20,,P,3.0,0.0,9.0,1.0,2.0,0.0,0.0,0.0,5.0,0.0,8.0,0.0,2.0,1.0,4.0,0.0,-207.0
224,31,treino,8 9 21 27 28 29 31,2 3 4 20,8,P,4.0,0.0,6.0,0.0,3.0,2.0,0.0,0.0,6.0,1.0,8.0,2.0,2.0,3.0,2.0,1.0,-222.0
224,29,treino,8 14 21 27 28 29 31,0 2 3 20,8,P,4.0,0.0,5.0,0.0,2.0,3.0,0.0,0.0,6.0,1.0,7.0,2.0,2.0,3.0,2.0,0.0,-408.0
225,64,treino,2 17,4 28 29 30,2 28 29 30,V,1.0,1.0,3.0,1.0,0.0,0.0,0.0,0.0,1.0,3.0,1.0,0.0,2.0,0.0,0.0,0.0,-355.0
225,101,treino,7,21 28,7 28,P,1.0,1.0,5.0,1.0,1.0,0.0,0.0,0.0,0.0,1.0,0.0,0.0,0.0,0.0,0.0,0.0,121.0
225,134,treino,7,9 22,7 9 22,V,0.0,1.0,0.0,0.0,0.0,0.0,0.0,0.0,0.0,2.0,0.0,2.0,0.0,0.0,0.0,0.0,-186.0
225,21,treino,11 19 22 23 24 26 28 29 30,0 1 2 3 6 7 12 14 16 20,,P,10.0,0.0,17.0,1.0,3.0,4.0,8.0,0.0,9.0,0.0,14.0,1.0,3.0,3.0,8.0,0.0,108.0
225,81,treino,7 10,12 16 19 29,7 10 16 19 29,P,1.0,3.0,3.0,0.0,2.0,0.0,2.0,0.0,0.0,2.0,0.0,1.0,0.0,0.0,2.0,0.0,291.0
225,109,treino,14,16 25,14 16,P,1.0,1.0,6.0,0.0,0.0,0.0,0.0,0.0,0.0,1.0,0.0,1.0,0.0,0.0,0.0,0.0,174.0
225,103,treino,10,21 24,10 24,P,1.0,1.0,5.0,1.0,0.0,0.0,2.0,0.0,0.0,1.0,0.0,1.0,0.0,0.0,0.0,0.0,117.0
225,121,treino,7,9 26,7 9 26,P,0.0,2.0,0.0,1.0,0.0,0.0,0.0,0.0,0.0,1.0,0.0,0.0,0.0,0.0,0.0,0.0,186.0
225,143,treino,5,26,5 26,P,0.0,1.0,0.0,0.0,0.0,0.0,0.0,0.0,0.0,1.0,0.0,0.0,0.0,0.0,0.0,0.0,0.0
225,126,treino,7,14 27,7 14 27,V,0.0,1.0,0.0,0.0,0.0,0.0,0.0,0.0,0.0,2.0,0.0,1.0,1.0,0.0,0.0,0.0,-186.0
225,87,treino,14 19,12 20 24,14 19 20 24,P,1.0,2.0,3.0,0.0,2.0,0.0,2.0,0.0,0.0,2.0,0.0,1.0,1.0,0.0,0.0,0.0,115.0
225,29,treino,9 18 23 24 26 28 29 30,0 1 3 12 16 17 19 20,9,P,8.0,0.0,20.0,1.0,4.0,3.0,3.0,0.0,7.0,1.0,7.0,2.0,1.0,3.0,7.0,0.0,-67.0
225,98,treino,6,21 24,6 24,V,0.0,1.0,0.0,0.0,0.0,0.0,0.0,0.0,1.0,1.0,5.0,1.0,0.0,0.0,2.0,0.0,-117.0
225,22,treino,11 19 22 23 24 26 28 29 30,0 1 2 3 7 10 12 14 16 20,,V,9.0,0.0,14.0,1.0,3.0,3.0,8.0,0.0,10.0,0.0,18.0,2.0,3.0,4.0,8.0,0.0,-108.0
225,32,treino,9 17 18 23 26 28 29 30,0 1 7 12 16 19 20,9,V,7.0,1.0,9.0,3.0,1.0,3.0,4.0,0.0,7.0,0.0,17.0,0.0,3.0,2.0,3.0,0.0,196.0
225,133,treino,7,9 18,7 9 18,P,0.0,2.0,0.0,2.0,0.0,0.0,0.0,0.0,0.0,1.0,0.0,0.0,0.0,0.0,0.0,0.0,196.0
225,139,treino,10,9 31,9 10 31,P,0.0,2.0,0.0,1.0,0.0,0.0,0.0,0.0,0.0,1.0,0.0,1.0,0.0,0.0,0.0,0.0,188.0
225,6,treino,11 19 20 21 24 25 26 27 28 29 30 31,0 1 2 3 4 5 6 7 10 12 13,,V,12.0,0.0,16.0,1.0,5.0,4.0,10.0,0.0,11.0,0.0,12.0,2.0,3.0,4.0,9.0,0.0,122.0
225,74,treino,3 6,12 20 26 29,3 20 26 29,V,1.0,1.0,6.0,0.0,1.0,0.0,0.0,0.0,1.0,3.0,3.0,0.0,2.0,0.0,0.0,0.0,-298.0
225,120,treino,11,9 26,9 11 26,V,0.0,1.0,0.0,0.0,1.0,0.0,0.0,0.0,0.0,2.0,0.0,1.0,0.0,0.0,0.0,0.0,-192.0
225,8,treino,11 19 21 24 25 26 27 28 29 30 31,0 1 2 3 4 5 6 7 10 12 20,,V,11.0,0.0,14.0,1.0,4.0,4.0,9.0,0.0,11.0,0.0,14.0,1.0,4.0,4.0,9.0,0.0,2.0
225,97,treino,6,20 21,6 20,P,1.0,1.0,5.0,1.0,1.0,0.0,0.0,0.0,0.0,1.0,0.0,0.0,0.0,0.0,0.0,0.0,121.0
225,102,treino,7,21 24,7 24,V,0.0,1.0,0.0,0.0,0.0,0.0,0.0,0.0,1.0,1.0,5.0,1.0,0.0,0.0,2.0,0.0,-117.0
225,30,treino,9 18 23 24 26 28 29 30,0 1 3 12 16 19 20 21,9,V,7.0,1.0,7.0,2.0,1.0,3.0,7.0,0.0,8.0,0.0,21.0,1.0,4.0,3.0,4.0,1.0,153.0
225,7,treino,11 16 19 21 24 25 26 27 28 29 30 31,0 1 2 3 4 5 6 7 10 12 13,,P,11.0,0.0,12.0,2.0,3.0,4.0,9.0,1.0,12.0,0.0,17.0,1.0,4.0,4.0,10.0,1.0,-9.0
225,45,treino,10 17 22 28,0 7 8 21 24 26,24,P,5.0,1.0,14.0,1.0,0.0,1.0,2.0,1.0,4.0,0.0,10.0,3.0,1.0,1.0,2.0,1.0,296.0
225,90,treino,19,12 14 20,14 19 20,V,0.0,1.0,0.0,0.0,1.0,0.0,0.0,0.0,1.0,2.0,3.0,1.0,2.0,0.0,0.0,0.0,-306.0
225,70,treino,3 14,8 20 29 30,3 20 29 30,V,1.0,1.0,4.0,1.0,1.0,0.0,0.0,0.0,1.0,3.0,2.0,0.0,1.0,0.0,0.0,0.0,-354.0
225,89,treino,17 19,12 20 21,17 19 20 21,P,1.0,2.0,3.0,1.0,2.0,0.0,0.0,1.0,0.0,2.0,0.0,1.0,1.0,0.0,0.0,1.0,299.0
225,41,treino,5 17 18 22 28,0 1 7 21 26 29,5 29,P,5.0,1.0,12.0,1.0,0.0,2.0,0.0,0.0,4.0,1.0,8.0,3.0,1.0,1.0,3.0,1.0,272.0
225,116,treino,19,13 22,13 19 22,V,0.0,1.0,0.0,0.0,1.0,0.0,0.0,0.0,0.0,2.0,0.0,2.0,0.0,0.0,0.0,0.0,-198.0
225,71,treino,3 9,8 20 29 30,3 20 29 30,P,1.0,3.0,2.0,0.0,1.0,0.0,0.0,0.0,1.0,1.0,5.0,1.0,1.0,0.0,0.0,0.0,356.0
226,28,teste,20 23 24 27 28,2 4 7 9 11 19,,V,5.0,0.0,6.0,0.0,3.0,1.0,5.0,1.0,6.0,0.0,10.0,1.0,3.0,1.0,3.0,0.0,-112.0
226,29,teste,18 20 24 27 28,2 4 7 9 11 19,,P,6.0,0.0,10.0,1.0,3.0,1.0,3.0,0.0,5.0,0.0,7.0,1.0,3.0,1.0,3.0,0.0,111.0
226,37,teste,17 20 28,4 6 7 9 18 31,31,P,5.0,1.0,9.0,2.0,1.0,0.0,2.0,0.0,3.0,0.0,5.0,1.0,2.0,1.0,0.0,0.0,405.0
226,36,teste,20 21 28,4 6 7 9 18 31,31,V,3.0,0.0,4.0,1.0,2.0,1.0,0.0,0.0,5.0,1.0,9.0,2.0,1.0,0.0,2.0,0.0,-406.0
226,27,teste,20 23 24 27 28,2 4 7 9 11 15,,P,6.0,0.0,9.0,1.0,2.0,1.0,4.0,0.0,5.0,0.0,6.0,0.0,3.0,1.0,5.0,0.0,116.0
226,32,teste,20 24 27 28,4 6 7 9 18 19,,V,4.0,0.0,4.0,0.0,3.0,1.0,3.0,0.0,6.0,0.0,13.0,2.0,2.0,0.0,2.0,0.0,-242.0
226,35,teste,20 21 28,4 6 7 9 18 26,,P,6.0,0.0,15.0,2.0,1.0,0.0,2.0,0.0,3.0,0.0,4.0,1.0,2.0,1.0,0.0,0.0,394.0
226,13,teste,13 21 22 24 25 27 28 29 30,0 2 3 4 5 7 8 9 11,,P,9.0,0.0,9.0,1.0,3.0,3.0,9.0,1.0,9.0,0.0,11.0,3.0,2.0,3.0,7.0,1.0,109.0
226,16,teste,21 23 24 25 27 28 29,0 2 3 4 5 7 9 15,,V,7.0,0.0,7.0,1.0,2.0,2.0,7.0,0.0,8.0,0.0,8.0,1.0,2.0,3.0,7.0,0.0,-101.0
226,5,teste,20 21 22 23 24 25 27 28 29 30 31,0 1 2 3 4 6 7 8 10 11 14,,P,11.0,0.0,12.0,2.0,3.0,4.0,11.0,0.0,11.0,0.0,11.0,2.0,3.0,4.0,11.0,0.0,-8.0
226,6,teste,20 21 22 23 24 25 27 28 29 30 31,0 2 3 4 5 6 7 8 10 11 14,,V,11.0,0.0,11.0,2.0,3.0,4.0,11.0,0.0,11.0,0.0,13.0,2.0,3.0,3.0,11.0,0.0,14.0
226,30,teste,18 20 24 27 28,4 6 7 9 11 19,,V,5.0,0.0,7.0,1.0,3.0,1.0,3.0,0.0,6.0,0.0,11.0,1.0,3.0,0.0,4.0,0.0,-117.0
226,18,teste,16 23 24 25 27 28 29,0 2 3 4 7 8 9 15,,V,7.0,0.0,8.0,0.0,2.0,2.0,6.0,0.0,8.0,0.0,9.0,1.0,2.0,3.0,6.0,0.0,-107.0
226,31,teste,15 20 24 27 28,4 6 7 9 11 19,,P,6.0,0.0,11.0,1.0,3.0,0.0,4.0,0.0,5.0,0.0,8.0,0.0,3.0,1.0,3.0,1.0,230.0
226,38,teste,17 20 28,4 7 9 10 18 31,31,V,3.0,0.0,5.0,1.0,2.0,1.0,0.0,0.0,5.0,1.0,10.0,3.0,1.0,0.0,2.0,0.0,-400.0
226,9,teste,15 16 21 23 24 25 27 28 29 30 31,0 2 3 4 5 6 7 8 10 11,,P,10.0,0.0,10.0,1.0,3.0,3.0,10.0,0.0,11.0,0.0,14.0,1.0,2.0,4.0,10.0,1.0,-13.0
226,24,teste,23 24 27 28 29,2 3 4 9 11 15,,V,5.0,0.0,4.0,0.0,2.0,2.0,5.0,0.0,6.0,0.0,8.0,1.0,3.0,2.0,2.0,0.0,-125.0
226,22,teste,21 23 24 27 28 29,0 2 3 4 9 11 15 17,,V,6.0,0.0,6.0,1.0,2.0,2.0,6.0,0.0,8.0,0.0,12.0,2.0,3.0,3.0,4.0,1.0,-111.0
226,17,teste,16 23 24 25 27 28 29,0 2 3 4 5 7 9 15,,P,8.0,0.0,8.0,1.0,2.0,3.0,7.0,0.0,7.0,0.0,8.0,0.0,2.0,2.0,6.0,0.0,119.0
226,25,teste,20 23 27 28 29,2 3 4 9 11 15,,P,6.0,0.0,8.0,1.0,3.0,2.0,2.0,0.0,5.0,0.0,5.0,0.0,3.0,2.0,2.0,0.0,111.0
226,34,teste,20 24 28,4 6 7 9 18 26,,V,3.0,0.0,3.0,0.0,2.0,1.0,3.0,0.0,6.0,0.0,15.0,2.0,1.0,0.0,2.0,0.0,-401.0
226,40,teste,20 28,4 7 9 17 18 31,31,V,2.0,0.0,2.0,0.0,2.0,1.0,0.0,0.0,5.0,1.0,12.0,3.0,1.0,0.0,0.0,0.0,-531.0
226,33,teste,20 23 24 28,4 6 7 9 18 19,,P,6.0,0.0,13.0,2.0,2.0,0.0,2.0,1.0,4.0,0.0,5.0,0.0,2.0,1.0,3.0,1.0,339.0
226,8,teste,16 21 22 23 24 25 27 28 29 30 31,0 2 3 4 5 6 7 8 10 11 18,,V,11.0,0.0,12.0,2.0,2.0,4.0,11.0,0.0,11.0,0.0,14.0,2.0,3.0,3.0,10.0,1.0,13.0
226,26,teste,20 23 27 28 29,2 4 7 9 11 15,,V,5.0,0.0,5.0,0.0,3.0,2.0,2.0,0.0,6.0,0.0,9.0,1.0,2.0,1.0,4.0,0.0,-125.0
226,19,teste,13 23 24 25 27 28 29,0 2 3 4 7 8 9 15,,P,8.0,0.0,9.0,1.0,2.0,3.0,6.0,1.0,7.0,0.0,9.0,1.0,2.0,2.0,6.0,1.0,206.0
226,11,teste,16 21 22 24 25 27 28 29 30,0 2 3 4 5 6 7 8 11,,P,9.0,0.0,8.0,0.0,3.0,3.0,9.0,0.0,9.0,0.0,10.0,2.0,2.0,3.0,8.0,0.0,-1.0
226,39,teste,14 20 28,4 7 9 10 18 31,31,P,5.0,1.0,10.0,3.0,1.0,0.0,2.0,1.0,3.0,0.0,6.0,1.0,2.0,1.0,0.0,1.0,519.0
226,20,teste,23 24 25 27 28 29,0 2 3 4 7 9 15 17,,V,6.0,0.0,5.0,0.0,2.0,2.0,6.0,0.0,8.0,0.0,11.0,2.0,2.0,3.0,5.0,0.0,-213.0
226,23,teste,5 23 24 27 28 29,0 2 3 4 11 15,,P,6.0,0.0,6.0,0.0,3.0,3.0,4.0,0.0,6.0,0.0,10.0,0.0,2.0,2.0,5.0,1.0,96.0
226,42,teste,20 24,4 7 13 17 18 31,31,V,2.0,0.0,3.0,0.0,1.0,0.0,2.0,0.0,5.0,1.0,13.0,3.0,1.0,0.0,2.0,0.0,-631.0
226,15,teste,21 23 24 25 27 28 29,0 2 3 4 5 7 9 11,,P,8.0,0.0,7.0,1.0,3.0,3.0,8.0,0.0,7.0,0.0,7.0,1.0,2.0,2.0,7.0,0.0,104.0
227,45,validacao,5,2 6 7 13 31,31,P,4.0,1.0,5.0,1.0,0.0,1.0,3.0,0.0,1.0,0.0,6.0,0.0,0.0,0.0,0.0,0.0,446.0
227,48,validacao,1,2 6 10 13 27,1 27,V,0.0,1.0,0.0,0.0,0.0,0.0,0.0,0.0,4.0,1.0,6.0,2.0,1.0,1.0,3.0,0.0,-1600.0
227,37,validacao,21 23,2 4 6 7 18,,P,5.0,0.0,7.0,1.0,1.0,1.0,3.0,1.0,2.0,0.0,4.0,1.0,0.0,0.0,0.0,1.0,429.0
227,35,validacao,14 21 27,2 4 6 7 9,,P,5.0,0.0,5.0,1.0,1.0,1.0,4.0,1.0,3.0,0.0,7.0,2.0,1.0,0.0,0.0,1.0,322.0
227,28,validacao,22 28 31,0 2 4 6 7 21,,V,3.0,0.0,2.0,1.0,1.0,2.0,0.0,0.0,6.0,0.0,8.0,1.0,1.0,2.0,5.0,0.0,-337.0
227,50,validacao,5,2 6 10 17 27,5 27,V,0.0,1.0,0.0,0.0,0.0,0.0,0.0,0.0,4.0,1.0,7.0,2.0,1.0,1.0,3.0,0.0,-451.0
227,11,validacao,16 18 19 20 21 24 25 26 28 29 31,0 1 2 3 4 5 7 9 11 12 14,,P,11.0,0.0,13.0,2.0,4.0,4.0,10.0,0.0,11.0,0.0,16.0,2.0,3.0,3.0,9.0,1.0,276.0
227,27,validacao,9 17 22 28 31,0 2 4 5 6 7,,P,6.0,0.0,4.0,0.0,1.0,2.0,6.0,0.0,5.0,0.0,10.0,3.0,1.0,2.0,2.0,1.0,328.0
227,60,validacao,27,9 22,27,V,0.0,1.0,0.0,0.0,1.0,0.0,0.0,0.0,2.0,0.0,7.0,2.0,0.0,0.0,0.0,0.0,-52.0
227,33,validacao,18 21 27,2 4 5 6 7,,P,5.0,0.0,4.0,0.0,1.0,1.0,3.0,0.0,3.0,0.0,6.0,2.0,1.0,0.0,0.0,0.0,200.0
227,39,validacao,17,2 4 6 7 27,,P,5.0,0.0,9.0,0.0,2.0,1.0,3.0,0.0,1.0,0.0,3.0,1.0,0.0,0.0,0.0,0.0,1600.0
227,55,validacao,26,2 17,26,P,2.0,0.0,4.0,1.0,0.0,1.0,0.0,0.0,0.0,1.0,0.0,0.0,0.0,0.0,0.0,0.0,39.0
227,24,validacao,17 20 22 28 31,0 2 3 4 5 6 16,,V,5.0,0.0,7.0,2.0,2.0,2.0,2.0,0.0,7.0,0.0,7.0,0.0,2.0,3.0,5.0,1.0,-101.0
227,63,validacao,26,13 22,26,P,2.0,0.0,8.0,2.0,0.0,0.0,0.0,1.0,0.0,1.0,0.0,0.0,0.0,0.0,0.0,1.0,1600.0
227,25,validacao,13 17 22 28 31,0 2 3 4 5 6,,P,6.0,0.0,3.0,0.0,2.0,3.0,5.0,0.0,5.0,0.0,9.0,3.0,1.0,2.0,3.0,0.0,101.0
227,34,validacao,18 21 27,2 4 6 7 9,,V,3.0,0.0,6.0,2.0,1.0,0.0,0.0,0.0,5.0,0.0,5.0,1.0,1.0,1.0,4.0,0.0,-214.0
227,8,validacao,16 19 20 21 24 26 27 28 29 30 31,0 1 2 3 4 5 7 9 10 11 12 23,,V,11.0,0.0,13.0,1.0,4.0,4.0,10.0,0.0,12.0,0.0,17.0,2.0,4.0,4.0,10.0,1.0,-114.0
227,4,validacao,16 19 20 22 24 25 26 27 28 29 30 31,0 1 2 3 4 5 7 8 9 10 11 14,,V,12.0,0.0,14.0,1.0,4.0,4.0,11.0,0.0,12.0,0.0,14.0,3.0,3.0,4.0,12.0,0.0,-3.0
227,54,validacao,19,2 17 23,19 23,V,0.0,1.0,0.0,0.0,1.0,0.0,0.0,0.0,2.0,1.0,4.0,1.0,0.0,1.0,0.0,1.0,-45.0
227,51,validacao,1,2 6 10 17 27,1 27,P,4.0,1.0,7.0,2.0,1.0,1.0,3.0,0.0,0.0,1.0,0.0,0.0,0.0,0.0,0.0,0.0,451.0
227,22,validacao,16 17 20 22 28 31,0 2 3 4 5 6 9,,V,6.0,0.0,10.0,2.0,2.0,2.0,4.0,0.0,7.0,0.0,5.0,1.0,2.0,3.0,6.0,0.0,-76.0
227,61,validacao,31,9 22,31,P,2.0,0.0,7.0,2.0,0.0,0.0,0.0,0.0,0.0,1.0,0.0,0.0,0.0,1.0,0.0,0.0,54.0
227,49,validacao,5,2 6 10 13 27,5 27,P,4.0,1.0,6.0,2.0,1.0,1.0,3.0,0.0,0.0,1.0,0.0,0.0,0.0,0.0,0.0,0.0,1600.0
227,57,validacao,23,6 17,23,P,2.0,0.0,5.0,1.0,0.0,0.0,0.0,0.0,0.0,1.0,0.0,0.0,0.0,0.0,0.0,0.0,44.0
227,58,validacao,23,9 17,23,V,0.0,1.0,0.0,0.0,0.0,0.0,0.0,0.0,2.0,0.0,6.0,2.0,0.0,0.0,0.0,0.0,-53.0
227,56,validacao,26,6 17,26,V,0.0,1.0,0.0,0.0,0.0,0.0,0.0,0.0,2.0,0.0,5.0,1.0,0.0,0.0,0.0,0.0,-46.0
227,38,validacao,21,2 4 6 7 27,,V,1.0,0.0,2.0,1.0,0.0,0.0,0.0,0.0,5.0,0.0,9.0,0.0,2.0,1.0,3.0,0.0,-489.0
227,9,validacao,16 18 19 20 21 24 26 28 29 30 31,0 1 2 3 4 5 7 9 10 11 12,,P,11.0,0.0,12.0,2.0,4.0,4.0,10.0,0.0,11.0,0.0,15.0,2.0,3.0,4.0,9.0,0.0,114.0
227,21,validacao,16 17 20 22 28 31,0 1 2 3 4 5 9,,P,7.0,0.0,4.0,1.0,2.0,4.0,5.0,0.0,6.0,0.0,10.0,2.0,2.0,2.0,4.0,0.0,220.0
227,6,validacao,16 19 20 21 22 24 26 27 28 29 30 31,0 1 2 3 4 5 7 9 10 11 12 14,,V,12.0,0.0,15.0,2.0,4.0,4.0,11.0,0.0,12.0,0.0,15.0,3.0,4.0,4.0,11.0,0.0,4.0
227,46,validacao,5,2 6 7 13 27,27,V,1.0,0.0,6.0,0.0,0.0,0.0,0.0,0.0,4.0,1.0,5.0,1.0,1.0,1.0,3.0,0.0,-448.0
227,13,validacao,16 17 19 20 24 25 28 29 31,0 1 2 3 4 5 7 9 11 12 30,30,P,10.0,1.0,10.0,1.0,4.0,4.0,9.0,0.0,9.0,0.0,13.0,1.0,3.0,3.0,6.0,2.0,445.0
228,80,treino,4 9,23 28 29,4 9 23 28 29,V,0.0,2.0,0.0,1.0,1.0,0.0,0.0,0.0,0.0,3.0,0.0,0.0,1.0,0.0,0.0,0.0,-180.0
228,54,treino,1 20,4 12 16 27,1 27,V,1.0,1.0,2.0,0.0,1.0,0.0,0.0,0.0,3.0,1.0,8.0,0.0,3.0,0.0,2.0,1.0,-101.0
228,73,treino,0 1,16 19 28,0 1 19 28,P,1.0,2.0,4.0,0.0,2.0,0.0,0.0,0.0,0.0,2.0,0.0,0.0,0.0,0.0,0.0,0.0,119.0
228,85,treino,9 16,18 25 28,9 16 18 25 28,P,0.0,3.0,0.0,1.0,1.0,0.0,0.0,0.0,0.0,2.0,0.0,1.0,0.0,0.0,0.0,0.0,182.0
228,4,treino,16 17 21 23 24 25 26 27 28 29 30 31,0 1 2 3 4 5 7 8 9 10 11 14,,V,12.0,0.0,14.0,2.0,2.0,4.0,12.0,0.0,12.0,0.0,14.0,3.0,3.0,4.0,12.0,0.0,8.0
228,109,treino,3 14,21,3 14 21,P,0.0,1.0,0.0,1.0,0.0,0.0,0.0,0.0,0.0,2.0,0.0,1.0,1.0,0.0,0.0,0.0,-188.0
228,84,treino,9 12,18 25 28,9 12 18 25 28,V,0.0,2.0,0.0,1.0,1.0,0.0,0.0,0.0,0.0,3.0,0.0,1.0,1.0,0.0,0.0,0.0,-192.0
228,114,treino,7 9,25,7 9 25,V,0.0,2.0,0.0,1.0,0.0,0.0,0.0,0.0,0.0,1.0,0.0,0.0,0.0,0.0,0.0,0.0,186.0
228,52,treino,1 24,4 12 13 27,1 27,V,1.0,1.0,1.0,0.0,0.0,0.0,0.0,0.0,3.0,1.0,7.0,1.0,3.0,0.0,0.0,0.0,-235.0
228,110,treino,3 14,25,3 14 25,V,0.0,2.0,0.0,1.0,1.0,0.0,0.0,0.0,0.0,1.0,0.0,0.0,0.0,0.0,0.0,0.0,188.0
228,65,treino,0 1,8 19 20,0 1 19,P,2.0,1.0,7.0,0.0,2.0,0.0,0.0,0.0,0.0,2.0,0.0,0.0,0.0,0.0,0.0,0.0,48.0
228,69,treino,0 1,13 19 24,0 1 19,P,2.0,1.0,9.0,1.0,1.0,0.0,0.0,0.0,0.0,2.0,0.0,0.0,0.0,0.0,0.0,0.0,113.0
228,94,treino,15 18,24,15 18 24,V,0.0,2.0,0.0,1.0,0.0,0.0,2.0,0.0,0.0,1.0,0.0,0.0,0.0,0.0,0.0,0.0,186.0
228,34,treino,12 25 27 28,0 4 5 19,,V,4.0,0.0,6.0,0.0,3.0,1.0,0.0,0.0,4.0,0.0,6.0,0.0,2.0,1.0,3.0,0.0,-8.0
228,75,treino,0 5,19 20 28,0 5 19 28,P,1.0,2.0,5.0,0.0,3.0,0.0,0.0,0.0,0.0,2.0,0.0,0.0,0.0,0.0,2.0,0.0,122.0
228,50,treino,6 24,4 12 13 31,31,V,2.0,0.0,7.0,0.0,0.0,0.0,0.0,0.0,3.0,1.0,7.0,1.0,2.0,0.0,0.0,0.0,-238.0
228,14,treino,12 16 20 22 23 27 28 29 30 31,0 1 3 4 5 6 7 8 10 19,,V,10.0,0.0,14.0,1.0,4.0,4.0,6.0,1.0,10.0,0.0,12.0,1.0,3.0,3.0,9.0,0.0,19.0
228,20,treino,12 20 22 23 27 28 29,0 1 3 4 5 6 7 14,,V,7.0,0.0,11.0,1.0,4.0,2.0,2.0,0.0,8.0,0.0,7.0,1.0,2.0,3.0,7.0,0.0,-84.0
228,108,treino,3 10,21,3 10 21,V,0.0,2.0,0.0,1.0,1.0,0.0,0.0,0.0,0.0,1.0,0.0,1.0,0.0,0.0,0.0,0.0,188.0
228,11,treino,12 17 20 22 23 25 27 28 29 30 31,0 1 3 4 5 6 7 8 10 14 15,,P,11.0,0.0,14.0,2.0,2.0,3.0,11.0,0.0,11.0,0.0,15.0,2.0,4.0,4.0,8.0,1.0,-5.0
228,68,treino,1 5,13 19 24,1 5 19,V,0.0,2.0,0.0,0.0,0.0,0.0,2.0,0.0,2.0,1.0,9.0,1.0,1.0,0.0,0.0,0.0,-52.0
228,61,treino,0 9,4 20 23,0 23,P,2.0,1.0,6.0,0.0,2.0,0.0,0.0,0.0,1.0,1.0,5.0,1.0,0.0,0.0,0.0,0.0,101.0
228,64,treino,0 5,8 19 20,0 19,V,1.0,1.0,6.0,0.0,0.0,0.0,2.0,0.0,2.0,1.0,7.0,0.0,2.0,0.0,0.0,0.0,-54.0
228,117,treino,2 6,21,2 6 21,P,0.0,1.0,0.0,1.0,0.0,0.0,0.0,0.0,0.0,2.0,0.0,0.0,0.0,0.0,2.0,0.0,-180.0
228,47,treino,9 24,4 8 12 27,27,P,3.0,1.0,6.0,0.0,3.0,0.0,3.0,0.0,2.0,0.0,6.0,1.0,0.0,0.0,0.0,0.0,280.0
228,119,treino,1 2,17,1 2 17,P,0.0,1.0,0.0,1.0,0.0,0.0,0.0,0.0,0.0,2.0,0.0,0.0,0.0,0.0,0.0,0.0,-180.0
228,22,treino,12 16 22 23 27 28 29,0 1 3 4 5 6 7 18,,V,7.0,0.0,12.0,1.0,3.0,2.0,4.0,1.0,8.0,0.0,8.0,1.0,2.0,3.0,7.0,1.0,-3.0
228,118,treino,2 6,17,2 6 17,V,0.0,2.0,0.0,0.0,0.0,0.0,2.0,0.0,0.0,1.0,0.0,1.0,0.0,0.0,0.0,0.0,180.0
228,55,treino,1 13,4 12 27,1 27,P,2.0,1.0,4.0,0.0,3.0,0.0,0.0,0.0,1.0,1.0,4.0,1.0,0.0,0.0,0.0,0.0,98.0
228,78,treino,0 9,19 28 29,0 9 19 28 29,V,0.0,2.0,0.0,1.0,0.0,0.0,0.0,0.0,0.0,3.0,0.0,0.0,2.0,0.0,0.0,0.0,-178.0
228,27,treino,12 16 22 25 27 28,0 1 4 5 6 10,,P,6.0,0.0,5.0,1.0,1.0,2.0,6.0,0.0,6.0,0.0,11.0,1.0,3.0,1.0,4.0,0.0,7.0
228,87,treino,6 16,22 25 28,6 16 22 25 28,P,0.0,3.0,0.0,1.0,1.0,0.0,2.0,0.0,0.0,2.0,0.0,0.0,0.0,0.0,0.0,0.0,182.0
229,17,teste,3 17 22 23 25 27 28 30 31,0 2 4 5 6 9 11,3,P,7.0,0.0,7.0,1.0,2.0,2.0,6.0,0.0,8.0,1.0,9.0,2.0,3.0,3.0,7.0,0.0,-307.0
229,71,teste,7,18 21 26,7 18 21 26,P,0.0,3.0,0.0,2.0,0.0,0.0,0.0,0.0,0.0,1.0,0.0,0.0,0.0,0.0,0.0,0.0,378.0
229,47,teste,8 17 23,4 26 28,28,P,2.0,1.0,7.0,0.0,2.0,0.0,0.0,0.0,3.0,0.0,10.0,1.0,0.0,0.0,0.0,1.0,312.0
229,59,teste,6,25 27 28,6 25 27 28,P,0.0,3.0,0.0,0.0,2.0,0.0,0.0,0.0,0.0,1.0,0.0,0.0,0.0,0.0,0.0,0.0,364.0
229,66,teste,2,18 23 24,2 18 23 24,V,0.0,1.0,0.0,0.0,0.0,0.0,0.0,0.0,0.0,3.0,0.0,1.0,0.0,0.0,2.0,0.0,-378.0
229,54,teste,10,28 30 31,28 30 31,V,1.0,0.0,5.0,1.0,0.0,0.0,0.0,0.0,0.0,3.0,0.0,0.0,1.0,0.0,0.0,0.0,-430.0
229,11,teste,3 20 22 24 25 26 27 28 30 31,0 1 2 4 5 6 11 12,3,P,8.0,0.0,8.0,0.0,3.0,3.0,6.0,0.0,9.0,1.0,8.0,1.0,4.0,3.0,9.0,0.0,-213.0
229,44,teste,13 17 23 27,4 19 28,28,V,4.0,0.0,10.0,2.0,1.0,0.0,4.0,1.0,2.0,1.0,5.0,0.0,3.0,0.0,0.0,0.0,57.0
229,23,teste,1 17 21 22 23 26 27 28 31,0 4 8 9 15,1,P,5.0,0.0,8.0,1.0,1.0,1.0,3.0,0.0,8.0,1.0,11.0,3.0,2.0,2.0,7.0,0.0,-497.0
229,21,teste,1 17 22 23 25 26 27 28 31,0 4 8 9 11,1,P,5.0,0.0,7.0,1.0,2.0,1.0,3.0,0.0,8.0,1.0,10.0,2.0,2.0,2.0,7.0,0.0,-492.0
229,43,teste,13 17 23 27,4 15 28,28,P,2.0,1.0,4.0,0.0,2.0,0.0,0.0,0.0,4.0,0.0,10.0,2.0,1.0,0.0,4.0,0.0,-58.0
229,67,teste,7,18 23 24,7 18 23 24,P,0.0,3.0,0.0,1.0,0.0,0.0,2.0,0.0,0.0,1.0,0.0,0.0,0.0,0.0,0.0,0.0,372.0
229,68,teste,7,18 21 23,7 18 21 23,V,0.0,1.0,0.0,0.0,0.0,0.0,0.0,0.0,0.0,3.0,0.0,2.0,0.0,0.0,2.0,0.0,-372.0
229,10,teste,17 20 22 24 25 26 27 28 30 31,0 1 2 4 5 6 7 11 12 14,,V,10.0,0.0,11.0,2.0,3.0,3.0,10.0,1.0,10.0,0.0,12.0,1.0,3.0,3.0,8.0,1.0,213.0
229,46,teste,8 17 27,4 26 28,28,V,3.0,0.0,9.0,1.0,1.0,0.0,0.0,1.0,2.0,1.0,7.0,0.0,2.0,0.0,0.0,0.0,-123.0
229,27,teste,6 21 23 26 27 28 31,4 5 8 15 25,6,P,5.0,0.0,13.0,0.0,1.0,0.0,3.0,0.0,6.0,1.0,6.0,1.0,2.0,2.0,4.0,0.0,-210.0
229,74,teste,10,13 18 26,10 13 18 26,V,0.0,1.0,0.0,1.0,0.0,0.0,0.0,0.0,0.0,3.0,0.0,2.0,0.0,0.0,0.0,0.0,-384.0
229,14,teste,3 20 22 23 24 25 27 28 30 31,0 2 4 5 6 9 11 12,3,V,9.0,1.0,9.0,1.0,4.0,3.0,9.0,0.0,8.0,0.0,10.0,1.0,3.0,2.0,6.0,0.0,301.0
229,24,teste,1 17 21 22 23 26 27 28 31,4 5 8 9 15,1,V,8.0,1.0,11.0,3.0,2.0,2.0,7.0,0.0,5.0,0.0,9.0,1.0,1.0,0.0,4.0,0.0,631.0
229,49,teste,18,22 26 28,28,P,2.0,1.0,11.0,1.0,1.0,0.0,2.0,0.0,1.0,0.0,3.0,1.0,0.0,0.0,0.0,0.0,365.0
229,42,teste,13 23 26 27,4 15 22 28,22 28,V,4.0,0.0,8.0,1.0,1.0,0.0,3.0,1.0,2.0,2.0,4.0,1.0,2.0,0.0,0.0,1.0,39.0
229,58,teste,2,25 27 28,2 25 27 28,V,0.0,1.0,0.0,0.0,0.0,0.0,0.0,0.0,0.0,3.0,0.0,0.0,2.0,0.0,0.0,0.0,-370.0
229,33,teste,6 22 23 26 27 28,4 5 15 21 29,6 29,P,4.0,1.0,10.0,1.0,1.0,0.0,0.0,0.0,5.0,1.0,6.0,1.0,2.0,1.0,4.0,0.0,-117.0
229,32,teste,6 22 23 27 28 31,4 5 15 21 29,6 29,V,5.0,1.0,5.0,1.0,2.0,2.0,3.0,0.0,4.0,1.0,10.0,1.0,1.0,0.0,0.0,0.0,113.0
229,52,teste,14,25 28 31,28 31,V,1.0,0.0,4.0,1.0,0.0,0.0,0.0,0.0,1.0,2.0,6.0,0.0,1.0,0.0,0.0,0.0,-421.0
229,35,teste,6 22 23 24 26 27,4 8 15 21 29,6 29,P,4.0,1.0,11.0,1.0,1.0,0.0,2.0,1.0,5.0,1.0,7.0,1.0,1.0,0.0,4.0,1.0,48.0
229,8,teste,17 20 22 25 26 27 28 29 30 31,0 1 2 4 5 6 7 9 11 12,,V,10.0,0.0,10.0,2.0,3.0,4.0,8.0,0.0,10.0,0.0,11.0,1.0,3.0,3.0,9.0,0.0,11.0
229,48,teste,23,22 26 28,28,V,1.0,0.0,2.0,0.0,0.0,0.0,0.0,0.0,2.0,1.0,11.0,1.0,1.0,0.0,2.0,0.0,-368.0
229,60,teste,6,22 27 28,6 22 27 28,V,0.0,1.0,0.0,0.0,0.0,0.0,0.0,0.0,0.0,3.0,0.0,1.0,2.0,0.0,0.0,0.0,-364.0
229,56,teste,7,25 28 31,25 28 31,V,1.0,0.0,6.0,0.0,0.0,0.0,0.0,0.0,0.0,3.0,0.0,0.0,1.0,0.0,0.0,0.0,-366.0
229,37,teste,9 22 23 26 27,4 8 15 28 29,9 28 29,P,3.0,2.0,6.0,0.0,2.0,0.0,2.0,0.0,4.0,1.0,6.0,2.0,1.0,0.0,4.0,0.0,59.0
229,20,teste,3 17 22 23 25 26 27 28 31,0 4 6 7 8 9 11,3,V,8.0,1.0,10.0,2.0,3.0,2.0,7.0,0.0,7.0,0.0,9.0,1.0,2.0,1.0,7.0,1.0,492.0
230,48,validacao,8 20 24,2 10 22 31,31,V,3.0,0.0,8.0,0.0,1.0,0.0,2.0,0.0,3.0,1.0,7.0,2.0,0.0,1.0,0.0,0.0,-186.0
230,21,validacao,19 20 22 23 25 28 30 31,2 3 5 7 8 11 14,,P,7.0,0.0,9.0,1.0,2.0,2.0,6.0,0.0,8.0,0.0,10.0,1.0,3.0,3.0,5.0,0.0,-109.0
230,89,validacao,0 2 14,23 26 28,0 2 14 26 28,P,1.0,2.0,5.0,0.0,1.0,0.0,2.0,0.0,0.0,3.0,0.0,1.0,0.0,0.0,0.0,0.0,-65.0
230,105,validacao,1 7 31,12 18,1 7 12 18 31,P,0.0,2.0,0.0,1.0,1.0,0.0,0.0,0.0,0.0,3.0,0.0,0.0,0.0,1.0,0.0,0.0,-178.0
230,83,validacao,0 1 9,18 19 28,0 1 9 18 28,P,1.0,2.0,4.0,1.0,2.0,0.0,0.0,0.0,0.0,3.0,0.0,1.0,0.0,0.0,0.0,0.0,-66.0
230,108,validacao,1 10 31,5 18,1 5 10 18 31,V,0.0,3.0,0.0,1.0,0.0,1.0,0.0,0.0,0.0,2.0,0.0,1.0,0.0,0.0,0.0,1.0,364.0
230,116,validacao,5 27,7,5 7 27,V,0.0,2.0,0.0,0.0,1.0,0.0,0.0,0.0,0.0,1.0,0.0,0.0,0.0,0.0,0.0,0.0,182.0
230,79,validacao,0 5 6,19 26 28,0 5 6 26 28,P,1.0,2.0,4.0,0.0,2.0,0.0,0.0,0.0,0.0,3.0,0.0,0.0,0.0,0.0,2.0,0.0,-72.0
230,144,validacao,0 30,15,0 15 30,V,0.0,2.0,0.0,0.0,0.0,1.0,0.0,0.0,0.0,1.0,0.0,0.0,0.0,0.0,0.0,0.0,180.0
230,8,validacao,12 19 20 24 25 26 27 28 29 30 31,0 1 2 3 4 5 7 10 11 13,,V,11.0,0.0,13.0,0.0,5.0,4.0,9.0,0.0,10.0,0.0,10.0,2.0,3.0,4.0,9.0,0.0,97.0
230,19,validacao,19 20 22 25 27 28 30 31,0 2 3 7 8 11 14,,P,7.0,0.0,8.0,1.0,2.0,3.0,4.0,0.0,8.0,0.0,9.0,1.0,4.0,3.0,5.0,0.0,-103.0
230,98,validacao,0 3 27,21 22,0 3 21 22 27,V,0.0,3.0,0.0,0.0,2.0,0.0,0.0,0.0,0.0,2.0,0.0,2.0,0.0,0.0,0.0,0.0,168.0
230,74,validacao,0 1 6,19 23 24,0 1 6 23 24,V,0.0,3.0,0.0,0.0,0.0,0.0,2.0,0.0,1.0,2.0,4.0,0.0,1.0,0.0,2.0,0.0,63.0
230,124,validacao,0 23,7,0 7 23,V,0.0,2.0,0.0,0.0,0.0,0.0,0.0,0.0,0.0,1.0,0.0,0.0,0.0,0.0,0.0,0.0,180.0
230,35,validacao,10 12 20 24 25 31,2 3 9 13 23,,P,5.0,0.0,10.0,2.0,1.0,2.0,2.0,0.0,6.0,0.0,13.0,1.0,2.0,1.0,2.0,0.0,-93.0
230,57,validacao,1 8 20,10 25 26,1 26,P,2.0,1.0,8.0,1.0,0.0,0.0,0.0,0.0,2.0,1.0,7.0,0.0,1.0,0.0,0.0,0.0,59.0
230,77,validacao,0 1 6,19 24 26,0 1 6 24 26,P,1.0,2.0,4.0,0.0,1.0,0.0,0.0,0.0,0.0,3.0,0.0,0.0,0.0,0.0,2.0,0.0,-68.0
230,63,validacao,1 4 13,15 23 29,1 23 29,P,1.0,2.0,3.0,0.0,0.0,0.0,0.0,0.0,2.0,1.0,10.0,1.0,1.0,0.0,0.0,0.0,6.0
230,30,validacao,16 18 19 20 25 28 31,2 3 9 11 13 14,,V,7.0,0.0,12.0,1.0,3.0,2.0,2.0,1.0,6.0,0.0,10.0,3.0,2.0,2.0,3.0,0.0,107.0
230,119,validacao,1 23,11,1 11 23,P,0.0,1.0,0.0,0.0,1.0,0.0,0.0,0.0,0.0,2.0,0.0,0.0,0.0,0.0,0.0,0.0,-186.0
230,24,validacao,19 20 23 25 28 30 31,2 3 7 8 9 11 21,,V,7.0,0.0,8.0,0.0,3.0,3.0,4.0,0.0,7.0,0.0,12.0,2.0,2.0,2.0,4.0,1.0,88.0
230,78,validacao,0 1 6,19 26 28,0 1 6 26 28,V,0.0,3.0,0.0,0.0,0.0,0.0,2.0,0.0,1.0,2.0,4.0,0.0,2.0,0.0,0.0,0.0,66.0
230,39,validacao,12 20 22 24 31,2 10 13 14 23,,P,5.0,0.0,13.0,3.0,0.0,1.0,2.0,0.0,5.0,0.0,9.0,1.0,2.0,1.0,2.0,0.0,20.0
230,103,validacao,1 7 27,12 22,1 7 12 22 27,P,0.0,2.0,0.0,1.0,1.0,0.0,0.0,0.0,0.0,3.0,0.0,0.0,1.0,0.0,0.0,0.0,-180.0
230,107,validacao,1 10 31,8 18,1 8 10 18 31,P,0.0,2.0,0.0,1.0,0.0,0.0,0.0,0.0,0.0,3.0,0.0,1.0,0.0,1.0,0.0,0.0,-184.0
230,140,validacao,0 29,7,0 7 29,V,0.0,2.0,0.0,0.0,0.0,1.0,0.0,0.0,0.0,1.0,0.0,0.0,0.0,0.0,0.0,0.0,180.0
230,20,validacao,19 20 22 25 27 28 30 31,2 3 5 7 8 11 14,,V,8.0,0.0,9.0,1.0,4.0,3.0,5.0,0.0,7.0,0.0,9.0,1.0,2.0,2.0,6.0,0.0,111.0
230,84,validacao,0 1 9,19 23 28,0 1 9 23 28,V,0.0,3.0,0.0,1.0,0.0,0.0,0.0,0.0,1.0,2.0,4.0,0.0,2.0,0.0,2.0,0.0,73.0
230,91,validacao,0 2 18,23 28 30,0 2 18 28 30,P,1.0,2.0,5.0,0.0,1.0,0.0,0.0,1.0,0.0,3.0,0.0,1.0,0.0,0.0,0.0,0.0,-66.0
230,110,validacao,8 10 31,23,8 10 23 31,V,0.0,3.0,0.0,1.0,0.0,1.0,0.0,0.0,0.0,1.0,0.0,0.0,0.0,0.0,0.0,0.0,370.0
230,71,validacao,0 5 6,19 23 25,0 6 23 25,P,1.0,2.0,4.0,0.0,1.0,0.0,2.0,0.0,1.0,2.0,6.0,0.0,0.0,0.0,2.0,0.0,-60.0
230,44,validacao,12 20 22 24,2 10 13 27,,V,4.0,0.0,9.0,1.0,2.0,0.0,2.0,0.0,4.0,0.0,11.0,2.0,1.0,1.0,0.0,0.0,-65.0
231,19,treino,22 24 25 27 28 29 30,0 1 3 5 9 10 11 13 20,,P,9.0,0.0,15.0,3.0,3.0,3.0,5.0,0.0,7.0,0.0,5.0,1.0,2.0,3.0,6.0,0.0,238.0
231,36,treino,16 28,1 3 8 9 13 14 20 29,29,V,2.0,0.0,3.0,0.0,1.0,1.0,0.0,0.0,7.0,1.0,15.0,3.0,2.0,2.0,4.0,0.0,-760.0
231,10,treino,14 18 24 25 26 27 28 29 30 31,0 1 3 4 5 6 7 8 9 11 20,,V,10.0,0.0,11.0,2.0,2.0,4.0,10.0,0.0,11.0,0.0,15.0,1.0,4.0,3.0,10.0,0.0,-122.0
231,7,treino,14 18 20 24 25 26 27 28 29 30 31,0 1 2 3 4 5 7 8 9 11 13,,P,11.0,0.0,12.0,2.0,3.0,4.0,11.0,0.0,11.0,0.0,13.0,2.0,3.0,4.0,11.0,0.0,12.0
231,35,treino,16 25 26 28,1 3 8 9 13 14 20 31,31,P,7.0,1.0,15.0,3.0,2.0,2.0,4.0,0.0,4.0,0.0,5.0,0.0,1.0,1.0,0.0,1.0,731.0
231,37,treino,16 24,1 3 8 9 13 14 20 29,29,P,7.0,1.0,15.0,3.0,2.0,2.0,4.0,0.0,2.0,0.0,4.0,0.0,0.0,0.0,0.0,0.0,742.0
231,40,treino,12 24,3 5 8 9 13 14 20 25,25,V,2.0,0.0,5.0,0.0,1.0,0.0,0.0,1.0,7.0,1.0,16.0,3.0,2.0,1.0,5.0,0.0,-1600.0
231,29,treino,16 18 23 28 29 30,1 3 4 9 11 13 14 20,,P,8.0,0.0,16.0,3.0,4.0,2.0,3.0,0.0,6.0,0.0,8.0,1.0,1.0,3.0,2.0,0.0,239.0
231,23,treino,21 22 23 25 28 29 30,0 1 3 8 9 11 13 14 20,,P,9.0,0.0,17.0,3.0,3.0,3.0,4.0,0.0,7.0,0.0,7.0,2.0,1.0,3.0,5.0,0.0,233.0
231,22,treino,21 22 25 27 28 29 30,0 1 3 8 9 11 13 14 20,,V,7.0,0.0,6.0,2.0,2.0,3.0,5.0,0.0,9.0,0.0,17.0,3.0,3.0,3.0,4.0,0.0,-216.0
231,17,treino,24 25 26 27 28 29 30,0 1 3 5 7 9 11 13 20,,P,9.0,0.0,14.0,2.0,3.0,3.0,8.0,0.0,7.0,0.0,4.0,0.0,2.0,3.0,6.0,0.0,241.0
231,41,treino,12 21,3 5 8 9 13 14 20 25,25,P,7.0,1.0,16.0,3.0,2.0,1.0,5.0,0.0,2.0,0.0,6.0,1.0,1.0,0.0,0.0,1.0,1600.0
231,13,treino,17 24 25 27 28 29 30 31,0 1 3 4 5 7 8 9 11 20,,P,10.0,0.0,14.0,1.0,4.0,3.0,9.0,0.0,8.0,0.0,6.0,1.0,2.0,4.0,7.0,0.0,246.0
231,9,treino,14 16 18 24 25 26 27 28 29 30 31,0 1 3 4 5 6 7 8 9 11 13,,P,11.0,0.0,13.0,2.0,3.0,3.0,11.0,0.0,11.0,0.0,14.0,2.0,2.0,4.0,10.0,1.0,97.0
231,8,treino,14 18 20 24 25 26 27 28 29 30 31,0 1 3 4 5 6 7 8 9 11 13,,V,11.0,0.0,13.0,2.0,3.0,4.0,11.0,0.0,11.0,0.0,13.0,2.0,3.0,3.0,11.0,0.0,-12.0
231,27,treino,18 21 23 28 29 30,1 3 4 8 9 11 14 20,,P,8.0,0.0,15.0,2.0,4.0,2.0,4.0,0.0,6.0,0.0,7.0,2.0,1.0,3.0,2.0,0.0,230.0
231,31,treino,15 16 23 28 29 30,1 3 8 9 11 13 14 20,,P,8.0,0.0,17.0,3.0,3.0,2.0,4.0,0.0,6.0,0.0,9.0,0.0,1.0,3.0,0.0,1.0,463.0
231,6,treino,14 20 23 24 25 26 27 28 29 30 31,0 1 2 3 4 5 7 8 9 11 13,,V,11.0,0.0,12.0,1.0,3.0,4.0,10.0,1.0,11.0,0.0,12.0,2.0,3.0,4.0,11.0,0.0,6.0
231,25,treino,17 21 23 25 28 29 30,1 3 4 8 9 11 13 14 20,,P,9.0,0.0,18.0,3.0,4.0,2.0,5.0,1.0,7.0,0.0,8.0,2.0,1.0,3.0,5.0,1.0,232.0
231,34,treino,16 26 28 29,1 3 8 9 13 14 20 31,31,V,4.0,0.0,4.0,0.0,1.0,2.0,0.0,1.0,7.0,1.0,15.0,3.0,2.0,2.0,4.0,0.0,-555.0
231,12,treino,24 25 26 27 28 29 30 31,0 1 3 4 5 7 8 9 11 20 22,,V,8.0,0.0,4.0,0.0,2.0,4.0,8.0,0.0,11.0,0.0,19.0,2.0,4.0,3.0,9.0,1.0,-239.0
231,32,treino,16 28 29 30,1 3 8 9 13 14 20 27,,V,4.0,0.0,3.0,0.0,1.0,3.0,0.0,0.0,8.0,0.0,21.0,3.0,3.0,2.0,4.0,0.0,-539.0
231,39,treino,12 24,3 5 8 9 13 14 20 29,29,P,7.0,1.0,16.0,3.0,2.0,1.0,5.0,0.0,2.0,0.0,5.0,0.0,1.0,0.0,0.0,0.0,1600.0
231,33,treino,16 26 28 29,1 3 8 9 13 14 20 27,,P,8.0,0.0,21.0,3.0,3.0,2.0,4.0,0.0,4.0,0.0,4.0,0.0,1.0,2.0,0.0,0.0,597.0
231,38,treino,16 24,3 5 8 9 13 14 20 29,29,V,2.0,0.0,4.0,0.0,0.0,0.0,0.0,0.0,7.0,1.0,16.0,3.0,2.0,1.0,5.0,0.0,-765.0
231,20,treino,22 24 25 27 28 29 30,0 1 3 5 9 11 13 14 20,,V,7.0,0.0,5.0,1.0,2.0,3.0,6.0,0.0,9.0,0.0,16.0,3.0,3.0,3.0,6.0,0.0,-231.0
231,30,treino,16 18 23 28 29 30,1 3 8 9 11 13 14 20,,V,6.0,0.0,8.0,1.0,1.0,3.0,2.0,0.0,8.0,0.0,17.0,3.0,3.0,2.0,4.0,0.0,-253.0
231,26,treino,21 23 25 28 29 30,1 3 4 8 9 11 14 20 22,,V,6.0,0.0,5.0,1.0,1.0,3.0,4.0,0.0,9.0,0.0,20.0,3.0,4.0,2.0,4.0,1.0,-238.0
231,21,treino,21 22 25 27 28 29 30,0 1 3 5 9 11 13 14 20,,P,9.0,0.0,16.0,3.0,3.0,3.0,6.0,0.0,7.0,0.0,6.0,2.0,2.0,3.0,5.0,0.0,248.0
231,18,treino,24 25 26 27 28 29 30,0 1 3 5 9 10 11 13 20,,V,7.0,0.0,4.0,0.0,2.0,3.0,6.0,0.0,9.0,0.0,15.0,3.0,3.0,3.0,5.0,0.0,-248.0
231,15,treino,8 24 25 27 28 29 30 31,0 1 3 4 5 7 9 11 20,,P,9.0,0.0,12.0,1.0,4.0,3.0,8.0,0.0,8.0,0.0,8.0,0.0,2.0,4.0,7.0,1.0,240.0
231,24,treino,21 22 23 25 28 29 30,1 3 4 8 9 11 13 14 20,,V,7.0,0.0,7.0,2.0,1.0,3.0,5.0,0.0,9.0,0.0,18.0,3.0,4.0,2.0,5.0,0.0,-232.0
232,28,validacao,27 28 31,0 1 3 4 11 14 17 29,29,V,3.0,0.0,1.0,0.0,2.0,2.0,2.0,0.0,7.0,1.0,10.0,2.0,3.0,3.0,4.0,0.0,-639.0
232,32,validacao,23 31,0 1 3 4 11 14 20 21,20,V,2.0,0.0,2.0,0.0,0.0,1.0,0.0,0.0,7.0,1.0,11.0,2.0,4.0,3.0,2.0,0.0,-743.0
232,25,validacao,18 27 28 31,0 1 3 4 5 9 11 17 29,29,P,8.0,1.0,10.0,2.0,3.0,3.0,5.0,0.0,4.0,0.0,4.0,1.0,2.0,2.0,2.0,0.0,631.0
232,38,validacao,18,0 3 5 8 11 20 21,20,V,1.0,0.0,3.0,1.0,0.0,0.0,0.0,0.0,6.0,1.0,10.0,1.0,3.0,2.0,3.0,0.0,-1600.0
232,8,validacao,17 22 24 25 26 27 28 29 30 31,0 1 2 3 4 5 7 9 10 11 19 20,,V,10.0,0.0,9.0,2.0,2.0,4.0,10.0,0.0,12.0,0.0,18.0,2.0,5.0,4.0,10.0,0.0,-223.0
232,26,validacao,18 27 28 31,0 1 3 4 5 11 14 17 29,29,V,4.0,0.0,4.0,1.0,2.0,2.0,2.0,1.0,8.0,1.0,11.0,2.0,3.0,3.0,6.0,1.0,-631.0
232,21,validacao,18 23 27 28 31,0 1 3 4 5 6 10 11 29,29,P,8.0,1.0,7.0,1.0,3.0,3.0,6.0,0.0,5.0,0.0,6.0,1.0,2.0,2.0,4.0,0.0,505.0
232,17,validacao,18 26 27 28 30 31,0 1 3 4 5 6 7 11 19 29,29,P,9.0,1.0,10.0,0.0,4.0,3.0,8.0,0.0,6.0,0.0,5.0,1.0,2.0,3.0,4.0,0.0,501.0
232,12,validacao,21 22 24 26 27 28 29 30 31,0 1 3 4 5 6 7 9 11 17 19 20,,V,9.0,0.0,7.0,2.0,2.0,4.0,9.0,0.0,12.0,0.0,21.0,2.0,5.0,3.0,9.0,1.0,-333.0
232,36,validacao,27,0 3 4 5 11 20 21 23,20,V,1.0,0.0,1.0,0.0,1.0,0.0,0.0,0.0,7.0,1.0,14.0,1.0,4.0,2.0,3.0,1.0,-729.0
232,20,validacao,18 27 28 30 31,0 1 3 4 5 6 10 11 26 29,29,V,5.0,0.0,4.0,1.0,2.0,3.0,2.0,0.0,9.0,1.0,13.0,1.0,3.0,3.0,6.0,1.0,-504.0
232,18,validacao,18 26 27 28 30 31,0 1 3 4 5 6 10 11 19 29,29,V,6.0,0.0,5.0,1.0,2.0,3.0,4.0,0.0,9.0,1.0,11.0,1.0,4.0,3.0,6.0,0.0,-495.0
232,5,validacao,16 21 22 24 25 26 27 28 29 30 31,0 1 2 3 4 5 6 7 9 11 13 19,,P,12.0,0.0,15.0,2.0,4.0,4.0,11.0,0.0,11.0,0.0,11.0,2.0,2.0,4.0,11.0,1.0,217.0
232,30,validacao,27 31,0 1 3 4 11 14 17 20,20,V,2.0,0.0,1.0,0.0,1.0,1.0,2.0,0.0,7.0,1.0,10.0,2.0,4.0,3.0,4.0,0.0,-747.0
232,14,validacao,24 26 27 28 29 30 31,0 1 3 4 5 6 7 11 19 20 25,,V,7.0,0.0,3.0,0.0,2.0,4.0,7.0,0.0,11.0,0.0,21.0,0.0,5.0,3.0,8.0,1.0,-342.0
232,29,validacao,24 27 31,0 1 3 4 11 14 17 29,29,P,7.0,1.0,10.0,2.0,3.0,3.0,4.0,0.0,3.0,0.0,2.0,0.0,1.0,1.0,2.0,1.0,744.0
232,23,validacao,14 23 27 28 31,0 1 3 4 5 9 10 11 29,29,P,8.0,1.0,8.0,2.0,3.0,3.0,5.0,1.0,5.0,0.0,7.0,1.0,2.0,2.0,3.0,1.0,619.0
232,22,validacao,18 23 27 28 31,0 1 3 4 5 9 10 11 29,29,V,5.0,0.0,6.0,1.0,2.0,2.0,4.0,0.0,8.0,1.0,8.0,2.0,3.0,3.0,5.0,0.0,-521.0
232,37,validacao,18,0 3 4 5 11 20 21,20,P,6.0,1.0,9.0,1.0,4.0,2.0,3.0,0.0,1.0,0.0,3.0,1.0,0.0,0.0,0.0,0.0,1600.0
232,39,validacao,15,0 3 5 8 11 20 21,20,P,6.0,1.0,10.0,1.0,3.0,2.0,3.0,0.0,1.0,0.0,4.0,0.0,0.0,0.0,0.0,1.0,1600.0
232,10,validacao,17 21 22 24 26 27 28 29 30 31,0 1 3 4 5 6 7 9 10 11 19 20,,V,10.0,0.0,10.0,3.0,2.0,4.0,10.0,0.0,12.0,0.0,19.0,2.0,5.0,3.0,10.0,0.0,-213.0
232,34,validacao,31,0 1 3 4 11 20 21 23,20,V,1.0,0.0,0.0,0.0,0.0,1.0,0.0,0.0,7.0,1.0,13.0,1.0,4.0,3.0,2.0,0.0,-849.0
232,27,validacao,9 27 28 31,0 1 3 4 5 11 17 29,29,P,7.0,1.0,8.0,1.0,3.0,3.0,4.0,0.0,4.0,0.0,6.0,1.0,2.0,2.0,2.0,1.0,636.0
232,15,validacao,22 24 26 27 28 30 31,0 1 3 4 5 6 7 11 19 20,,P,10.0,0.0,15.0,0.0,5.0,3.0,8.0,0.0,7.0,0.0,5.0,1.0,2.0,3.0,7.0,1.0,498.0
232,33,validacao,18 31,0 1 3 4 11 14 20 21,20,P,7.0,1.0,11.0,2.0,4.0,3.0,2.0,1.0,2.0,0.0,3.0,1.0,0.0,1.0,0.0,1.0,830.0
232,6,validacao,21 22 24 25 26 27 28 29 30 31,0 1 2 3 4 5 6 7 9 11 19 20,,V,10.0,0.0,8.0,2.0,2.0,4.0,10.0,0.0,12.0,0.0,17.0,1.0,5.0,4.0,10.0,0.0,-217.0
232,9,validacao,17 21 22 24 26 27 28 29 30 31,0 1 2 3 4 5 7 9 10 11 19 20,,P,12.0,0.0,18.0,2.0,5.0,4.0,10.0,0.0,10.0,0.0,10.0,3.0,2.0,4.0,10.0,0.0,234.0
232,35,validacao,27,0 1 3 4 11 20 21 23,20,P,7.0,1.0,13.0,1.0,4.0,3.0,2.0,1.0,1.0,0.0,1.0,0.0,1.0,0.0,0.0,0.0,848.0
232,16,validacao,22 26 27 28 30 31,0 1 3 4 5 6 7 11 19 29,29,V,6.0,0.0,4.0,1.0,2.0,3.0,5.0,0.0,9.0,1.0,10.0,0.0,4.0,3.0,8.0,0.0,-498.0
232,31,validacao,23 31,0 1 3 4 11 14 17 20,20,P,7.0,1.0,10.0,2.0,4.0,3.0,4.0,0.0,2.0,0.0,2.0,0.0,0.0,1.0,0.0,0.0,740.0
232,19,validacao,18 23 27 28 30 31,0 1 3 4 5 6 10 11 19 29,29,P,9.0,1.0,11.0,1.0,4.0,3.0,6.0,0.0,6.0,0.0,6.0,1.0,2.0,3.0,4.0,1.0,495.0
232,7,validacao,17 22 24 25 26 27 28 29 30 31,0 1 2 3 4 5 6 7 9 11 19 20,,P,12.0,0.0,17.0,1.0,5.0,4.0,10.0,0.0,10.0,0.0,9.0,2.0,2.0,4.0,10.0,0.0,236.0
233,6,treino,18 20 22 24 25 26 27 28 29 30 31,0 1 2 3 5 6 7 10 11 12 13,,V,11.0,0.0,11.0,2.0,3.0,4.0,11.0,0.0,11.0,0.0,13.0,2.0,3.0,4.0,9.0,0.0,6.0
233,25,treino,16 20 25 26 27 28 31,0 3 5 7 9 11 17,,P,7.0,0.0,10.0,2.0,2.0,2.0,6.0,0.0,7.0,0.0,8.0,0.0,3.0,2.0,5.0,0.0,31.0
233,32,treino,12 25 26 27 28 31,0 3 7 11 18 22,,V,6.0,0.0,7.0,0.0,3.0,2.0,3.0,1.0,6.0,0.0,12.0,2.0,2.0,2.0,5.0,1.0,101.0
233,37,treino,2 12 17 25 28 31,0 3,2,P,2.0,0.0,0.0,0.0,1.0,2.0,0.0,0.0,5.0,1.0,8.0,1.0,2.0,2.0,0.0,0.0,-526.0
233,16,treino,18 24 25 27 28 29 30 31,0 1 3 5 7 9 11 17,,V,8.0,0.0,6.0,1.0,2.0,4.0,7.0,0.0,8.0,0.0,10.0,2.0,2.0,3.0,7.0,0.0,4.0
233,31,treino,12 25 26 27 28 31,0 3 7 11 17 18,,P,6.0,0.0,11.0,2.0,2.0,2.0,3.0,0.0,6.0,0.0,7.0,0.0,3.0,2.0,3.0,0.0,5.0
233,39,treino,2 12 17 25 27 28,3 5,2,P,2.0,0.0,1.0,0.0,1.0,1.0,0.0,0.0,5.0,1.0,9.0,1.0,3.0,1.0,0.0,0.0,-521.0
233,14,treino,17 18 24 25 27 28 29 30 31,0 1 3 5 7 9 10 11,,V,9.0,0.0,9.0,2.0,2.0,4.0,7.0,0.0,8.0,0.0,8.0,2.0,2.0,3.0,8.0,0.0,113.0
233,26,treino,16 20 25 26 27 28 31,0 3 5 7 11 13 17,,V,7.0,0.0,8.0,0.0,3.0,2.0,5.0,0.0,7.0,0.0,11.0,2.0,2.0,2.0,7.0,1.0,-31.0
233,21,treino,16 18 20 25 27 28 30 31,0 3 5 6 7 9 11,,P,7.0,0.0,7.0,1.0,2.0,2.0,7.0,0.0,8.0,0.0,10.0,1.0,3.0,3.0,6.0,0.0,-113.0
233,33,treino,12 17 25 27 28 31,0 3 7 11 18,,P,5.0,0.0,7.0,1.0,2.0,2.0,3.0,0.0,6.0,0.0,9.0,1.0,3.0,2.0,2.0,0.0,-116.0
233,17,treino,18 20 25 27 28 29 30 31,0 1 3 5 7 9 11 17,,P,8.0,0.0,10.0,2.0,2.0,3.0,7.0,0.0,8.0,0.0,7.0,1.0,3.0,4.0,5.0,0.0,24.0
233,44,treino,2 8 12 21 27 28,7,2,V,5.0,1.0,12.0,1.0,3.0,1.0,2.0,0.0,1.0,0.0,1.0,0.0,0.0,0.0,0.0,1.0,1600.0
233,5,treino,8 18 20 22 24 25 26 27 28 29 30 31,0 1 2 3 4 5 6 7 10 11 12,,P,11.0,0.0,11.0,1.0,4.0,4.0,10.0,0.0,12.0,0.0,16.0,2.0,3.0,4.0,11.0,1.0,-9.0
233,38,treino,2 12 17 25 28 31,3 5,2,V,5.0,1.0,8.0,1.0,2.0,2.0,0.0,0.0,2.0,0.0,1.0,0.0,1.0,1.0,0.0,0.0,623.0
233,19,treino,16 18 20 27 28 29 30 31,0 1 3 5 7 9 11,,P,7.0,0.0,6.0,1.0,2.0,3.0,7.0,0.0,8.0,0.0,9.0,1.0,3.0,4.0,4.0,0.0,-103.0
233,20,treino,16 18 20 27 28 29 30 31,0 3 5 6 7 9 11,,V,8.0,0.0,9.0,1.0,3.0,4.0,4.0,0.0,7.0,0.0,7.0,1.0,2.0,2.0,7.0,0.0,120.0
233,18,treino,18 20 25 27 28 29 30 31,0 1 3 5 7 9 11 21,,V,8.0,0.0,7.0,1.0,3.0,4.0,5.0,0.0,8.0,0.0,11.0,2.0,2.0,3.0,7.0,1.0,103.0
233,24,treino,16 20 25 27 28 30 31,0 3 5 7 9 11 17,,V,7.0,0.0,7.0,0.0,3.0,3.0,6.0,0.0,7.0,0.0,10.0,2.0,2.0,2.0,6.0,0.0,3.0
233,29,treino,16 25 26 27 28 31,0 3 7 11 14 17,,P,6.0,0.0,10.0,2.0,2.0,2.0,5.0,0.0,6.0,0.0,6.0,0.0,2.0,2.0,3.0,0.0,15.0
233,28,treino,20 25 26 27 28 31,0 3 7 11 14 17,,V,6.0,0.0,5.0,0.0,3.0,2.0,3.0,0.0,6.0,0.0,10.0,2.0,2.0,2.0,5.0,0.0,-4.0
233,9,treino,17 18 20 24 25 27 28 29 30 31,0 1 2 3 5 6 7 10 11 12,,P,10.0,0.0,10.0,1.0,3.0,4.0,9.0,0.0,10.0,0.0,11.0,2.0,3.0,4.0,8.0,0.0,-3.0
233,11,treino,13 17 18 24 25 27 28 29 30 31,0 1 2 3 5 6 7 10 11,,P,9.0,0.0,7.0,1.0,2.0,4.0,9.0,0.0,10.0,0.0,13.0,3.0,2.0,4.0,9.0,0.0,-104.0
233,36,treino,12 17 18 25 28 31,0 3 7 15,,V,6.0,0.0,11.0,2.0,2.0,2.0,0.0,1.0,4.0,0.0,4.0,0.0,1.0,2.0,2.0,1.0,511.0
233,22,treino,16 18 20 25 27 28 30 31,0 3 5 7 9 10 11,,V,8.0,0.0,10.0,1.0,3.0,3.0,6.0,0.0,7.0,0.0,8.0,2.0,2.0,2.0,7.0,0.0,113.0
233,35,treino,12 17 18 25 28 31,0 3 7 11,,P,4.0,0.0,3.0,0.0,2.0,2.0,3.0,0.0,6.0,0.0,11.0,2.0,2.0,2.0,0.0,0.0,-244.0
233,34,treino,12 17 25 27 28 31,0 3 7 11 23,,V,6.0,0.0,9.0,1.0,3.0,2.0,2.0,0.0,5.0,0.0,8.0,0.0,2.0,2.0,3.0,1.0,226.0
233,12,treino,13 17 18 24 25 27 28 29 30 31,0 1 2 3 5 7 9 10 11,,V,10.0,0.0,13.0,3.0,2.0,4.0,9.0,1.0,9.0,0.0,8.0,2.0,2.0,4.0,9.0,1.0,104.0
233,23,treino,14 16 20 25 27 28 30 31,0 3 5 7 9 10 11,,P,7.0,0.0,8.0,2.0,2.0,2.0,7.0,0.0,8.0,0.0,11.0,1.0,3.0,3.0,6.0,1.0,-3.0
233,4,treino,17 18 20 22 24 25 26 27 28 29 30 31,0 1 2 3 4 5 6 7 10 11 12 13,,V,12.0,0.0,14.0,3.0,3.0,4.0,12.0,0.0,12.0,0.0,14.0,2.0,4.0,4.0,10.0,1.0,0.0
233,40,treino,2 12 17 25 27 28,3 9,2,V,5.0,1.0,9.0,1.0,3.0,1.0,0.0,0.0,2.0,0.0,2.0,1.0,1.0,1.0,0.0,0.0,628.0
233,43,treino,2 8 12 21 27 28,3,2,P,1.0,0.0,0.0,0.0,1.0,1.0,0.0,0.0,5.0,1.0,12.0,1.0,3.0,1.0,2.0,0.0,-1600.0
234,44,treino,4 6 14 24 27 28 30,13 19,4 6,V,5.0,2.0,6.0,1.0,3.0,2.0,2.0,0.0,2.0,0.0,7.0,1.0,1.0,0.0,0.0,0.0,686.0
234,13,treino,10 16 17 18 21 26 27 28 29 30 31,1 2 3 4 5 6 7 8 9 12,,P,10.0,0.0,11.0,1.0,3.0,3.0,10.0,0.0,11.0,0.0,18.0,4.0,2.0,4.0,7.0,1.0,101.0
234,52,treino,4 9 14 18 24 28 30,25,4 9,V,5.0,2.0,8.0,3.0,2.0,2.0,5.0,0.0,1.0,0.0,6.0,0.0,0.0,0.0,0.0,1.0,1600.0
234,5,treino,17 18 20 21 23 25 26 27 28 29 30 31,0 1 2 3 4 5 6 7 9 10 12 15,,P,12.0,0.0,14.0,2.0,3.0,4.0,11.0,1.0,12.0,0.0,15.0,3.0,3.0,4.0,10.0,1.0,-9.0
234,21,treino,5 9 17 21 26 28 29 30 31,1 2 3 4 8 12,5,P,6.0,0.0,6.0,0.0,3.0,3.0,3.0,0.0,8.0,1.0,11.0,3.0,1.0,4.0,7.0,0.0,-295.0
234,24,treino,5 9 17 21 26 27 28 29 30,1 2 4 8 11 12,5,V,8.0,1.0,12.0,3.0,2.0,3.0,6.0,0.0,6.0,0.0,8.0,0.0,3.0,2.0,3.0,0.0,404.0
234,38,treino,1 4 24 26 27 28 30,11 13 15,1 4,V,5.0,2.0,3.0,0.0,3.0,2.0,4.0,0.0,3.0,0.0,8.0,1.0,1.0,0.0,2.0,0.0,558.0
234,23,treino,5 9 17 21 26 27 28 29 30,1 2 4 7 8 12,5,P,6.0,0.0,7.0,0.0,2.0,2.0,5.0,0.0,8.0,1.0,12.0,3.0,2.0,3.0,6.0,0.0,-285.0
234,10,treino,16 17 18 21 23 26 27 28 29 30 31,1 2 3 4 5 6 7 8 9 10 12,,V,11.0,0.0,15.0,3.0,2.0,4.0,9.0,0.0,11.0,0.0,13.0,2.0,3.0,3.0,11.0,0.0,17.0
234,45,treino,4 10 14 24 27 28 30,13 19,4 10,P,2.0,0.0,7.0,1.0,1.0,0.0,0.0,0.0,5.0,2.0,6.0,2.0,3.0,2.0,4.0,0.0,-699.0
234,41,treino,4 6 23 24 27 28 30,11 13 18,4 6,P,3.0,0.0,9.0,2.0,1.0,0.0,0.0,1.0,5.0,2.0,4.0,0.0,3.0,2.0,4.0,0.0,-576.0
234,11,treino,16 17 18 19 21 26 27 28 29 30 31,1 2 3 4 5 6 7 8 9 10 12,,P,11.0,0.0,13.0,2.0,3.0,3.0,11.0,0.0,11.0,0.0,16.0,3.0,3.0,4.0,7.0,0.0,123.0
234,42,treino,4 6 23 24 27 28 30,13 15 18,4 6,V,5.0,2.0,4.0,0.0,3.0,2.0,4.0,0.0,3.0,0.0,10.0,2.0,0.0,0.0,2.0,1.0,671.0
234,26,treino,0 9 17 21 26 27 28 29 30,1 2 4 8 11 16,0,V,8.0,1.0,12.0,3.0,2.0,3.0,4.0,1.0,6.0,0.0,9.0,0.0,2.0,2.0,2.0,1.0,515.0
234,50,treino,4 6 14 18 24 28 30,22,4 6,V,5.0,2.0,8.0,2.0,2.0,2.0,4.0,0.0,1.0,0.0,5.0,1.0,0.0,0.0,0.0,0.0,1600.0
234,16,treino,16 17 18 21 26 28 29 30 31,1 2 3 4 5 6 8 12 13,,V,9.0,0.0,12.0,3.0,1.0,4.0,6.0,2.0,9.0,0.0,11.0,1.0,3.0,3.0,8.0,1.0,225.0
234,6,treino,17 20 21 23 25 26 27 28 29 30 31,0 1 2 3 4 5 6 7 9 10 12 22,,V,11.0,0.0,12.0,2.0,3.0,4.0,9.0,0.0,12.0,0.0,16.0,3.0,3.0,4.0,10.0,1.0,-6.0
234,20,treino,5 17 18 21 26 28 29 30 31,1 2 3 4 8 12 14,5,V,8.0,1.0,9.0,3.0,1.0,4.0,5.0,1.0,7.0,0.0,9.0,1.0,3.0,3.0,3.0,1.0,393.0
234,22,treino,5 9 17 21 26 28 29 30 31,1 2 4 7 8 12,5,V,8.0,1.0,11.0,3.0,1.0,4.0,7.0,0.0,6.0,0.0,7.0,0.0,2.0,2.0,5.0,0.0,405.0
234,49,treino,4 6 14 18 24 28 30,17,4 6,P,1.0,0.0,4.0,1.0,0.0,0.0,0.0,0.0,5.0,2.0,8.0,2.0,2.0,2.0,4.0,0.0,-808.0
234,37,treino,1 4 24 26 27 28 30,10 11 13,1 4,P,3.0,0.0,7.0,2.0,1.0,0.0,0.0,0.0,5.0,2.0,3.0,0.0,3.0,2.0,4.0,0.0,-567.0
234,32,treino,0 1 17 26 27 28 29 30,4 8 10 11,0 1,V,6.0,2.0,5.0,1.0,2.0,3.0,2.0,0.0,4.0,0.0,7.0,1.0,2.0,0.0,2.0,0.0,559.0
234,48,treino,4 10 14 18 24 28 30,17,4 10,V,5.0,2.0,8.0,3.0,2.0,2.0,5.0,0.0,1.0,0.0,4.0,1.0,0.0,0.0,0.0,0.0,1600.0
234,35,treino,0 1 8 24 26 27 28 30,4 10 11,0 1,P,3.0,0.0,5.0,1.0,2.0,0.0,0.0,0.0,6.0,2.0,8.0,0.0,2.0,2.0,4.0,1.0,-574.0
234,40,treino,4 6 24 26 27 28 30,11 13 18,4 6,V,5.0,2.0,3.0,0.0,3.0,2.0,4.0,0.0,3.0,0.0,9.0,2.0,1.0,0.0,0.0,0.0,574.0
234,36,treino,0 1 24 26 27 28 30,10 11 13,0 1,V,5.0,2.0,3.0,0.0,2.0,2.0,4.0,0.0,3.0,0.0,7.0,2.0,1.0,0.0,0.0,0.0,557.0
234,30,treino,0 5 17 26 27 28 29 30,4 7 8 11,0,V,7.0,1.0,11.0,1.0,2.0,3.0,4.0,0.0,4.0,0.0,6.0,0.0,2.0,0.0,4.0,0.0,556.0
234,25,treino,0 9 17 21 26 27 28 29 30,1 2 4 8 11 12,0,P,6.0,0.0,8.0,0.0,3.0,2.0,3.0,0.0,8.0,1.0,12.0,3.0,2.0,3.0,4.0,0.0,-399.0
234,12,treino,16 17 18 19 21 26 27 28 29 30 31,1 2 3 4 5 6 7 8 9 12 15,,V,11.0,0.0,16.0,3.0,3.0,4.0,7.0,1.0,11.0,0.0,14.0,1.0,3.0,3.0,10.0,1.0,-6.0
234,18,treino,0 17 18 21 26 28 29 30 31,1 2 3 4 8 10 12,0,V,8.0,1.0,9.0,3.0,1.0,4.0,5.0,0.0,7.0,0.0,8.0,1.0,3.0,3.0,3.0,0.0,293.0
234,51,treino,4 9 14 18 24 28 30,22,4 9,P,1.0,0.0,5.0,1.0,0.0,0.0,0.0,0.0,5.0,2.0,8.0,3.0,2.0,2.0,5.0,0.0,-1600.0
234,46,treino,4 10 14 24 27 28 30,13 23,4 10,V,5.0,2.0,6.0,2.0,3.0,2.0,4.0,0.0,2.0,0.0,8.0,1.0,0.0,0.0,0.0,1.0,811.0
235,17,validacao,21 22 23 26 27 28 29 30 31,0 2 3 9 11 12 19 20,,P,8.0,0.0,16.0,1.0,5.0,3.0,0.0,0.0,9.0,0.0,8.0,2.0,2.0,4.0,6.0,0.0,-99.0
235,19,validacao,17 21 23 26 27 28 29 30 31,0 2 3 11 12 14 19 20,,P,8.0,0.0,17.0,1.0,5.0,3.0,0.0,1.0,9.0,0.0,9.0,2.0,2.0,4.0,7.0,0.0,-84.0
235,18,validacao,21 22 23 26 27 28 29 30 31,0 2 3 11 12 14 19 20,,V,9.0,0.0,8.0,2.0,2.0,4.0,6.0,0.0,8.0,0.0,17.0,1.0,5.0,3.0,0.0,0.0,208.0
235,31,validacao,12 20 22 26 27 28 30,2 3 15 19 21,,P,5.0,0.0,12.0,1.0,2.0,2.0,2.0,0.0,7.0,0.0,10.0,1.0,4.0,2.0,3.0,0.0,-212.0
235,13,validacao,1 16 21 23 25 26 27 28 29 30 31,0 2 3 4 5 8 9 11 19,1,P,9.0,0.0,12.0,1.0,4.0,3.0,5.0,0.0,10.0,1.0,10.0,1.0,2.0,4.0,9.0,0.0,-95.0
235,10,validacao,16 17 21 23 25 26 27 28 29 30 31,0 1 2 3 4 5 8 9 11 14 19,,V,11.0,0.0,13.0,2.0,2.0,4.0,10.0,0.0,11.0,0.0,15.0,2.0,4.0,4.0,7.0,1.0,95.0
235,27,validacao,12 14 17 20 22 27 28 30 31,0 2 3 15 19,,P,5.0,0.0,7.0,0.0,2.0,3.0,2.0,0.0,9.0,0.0,16.0,3.0,4.0,3.0,5.0,0.0,-464.0
235,43,validacao,3 8 13 16 27 28 30,21,3,P,1.0,0.0,5.0,1.0,0.0,0.0,0.0,0.0,6.0,1.0,13.0,1.0,3.0,2.0,3.0,0.0,-1600.0
235,39,validacao,8 10 16 22 27 28 30,3 14 21,,P,3.0,0.0,8.0,2.0,1.0,1.0,0.0,0.0,7.0,0.0,16.0,2.0,2.0,2.0,0.0,0.0,-551.0
235,15,validacao,8 16 21 23 25 26 27 28 29 30 31,0 2 3 4 9 11 12 19,8,P,8.0,0.0,12.0,1.0,5.0,3.0,2.0,0.0,10.0,1.0,10.0,1.0,2.0,4.0,9.0,1.0,-111.0
235,21,validacao,17 20 21 23 26 27 28 30 31,0 2 3 11 12 14 19,,P,7.0,0.0,12.0,1.0,4.0,3.0,0.0,1.0,9.0,0.0,11.0,2.0,3.0,3.0,7.0,0.0,-205.0
235,23,validacao,14 17 20 21 26 27 28 30 31,0 2 3 11 12 19,,P,6.0,0.0,9.0,0.0,4.0,3.0,0.0,0.0,9.0,0.0,13.0,3.0,3.0,3.0,7.0,0.0,-351.0
235,41,validacao,8 10 13 16 27 28 30,3 21,,P,2.0,0.0,5.0,1.0,1.0,1.0,0.0,0.0,7.0,0.0,18.0,2.0,2.0,2.0,3.0,0.0,-690.0
235,42,validacao,8 10 13 16 27 28 30,7 21,,V,7.0,0.0,18.0,2.0,2.0,2.0,3.0,1.0,2.0,0.0,6.0,1.0,0.0,0.0,0.0,1.0,1600.0
235,33,validacao,8 20 22 26 27 28 30,3 6 15 19 21,,P,5.0,0.0,13.0,1.0,2.0,1.0,2.0,0.0,7.0,0.0,11.0,1.0,3.0,2.0,3.0,0.0,-204.0
235,28,validacao,12 14 17 20 22 27 28 30 31,2 3 5 15 19,,V,9.0,0.0,16.0,3.0,4.0,3.0,5.0,0.0,5.0,0.0,8.0,0.0,2.0,2.0,2.0,0.0,470.0
235,40,validacao,8 10 16 22 27 28 30,3 17 21,,V,7.0,0.0,16.0,2.0,2.0,2.0,0.0,1.0,3.0,0.0,9.0,2.0,1.0,1.0,2.0,1.0,690.0
235,32,validacao,12 20 22 26 27 28 30,3 6 15 19 21,,V,7.0,0.0,10.0,1.0,4.0,2.0,3.0,0.0,5.0,0.0,13.0,1.0,2.0,1.0,2.0,0.0,218.0
235,20,validacao,17 21 23 26 27 28 29 30 31,0 2 3 11 12 14 19 24,,V,9.0,0.0,9.0,2.0,2.0,4.0,7.0,0.0,8.0,0.0,18.0,1.0,4.0,3.0,0.0,2.0,205.0
235,29,validacao,9 12 17 20 22 27 28 30 31,2 3 5 15 19,,P,5.0,0.0,8.0,0.0,2.0,2.0,2.0,1.0,9.0,0.0,17.0,3.0,4.0,3.0,4.0,1.0,-210.0
235,30,validacao,12 20 22 27 28 30 31,2 3 15 19 21,,V,7.0,0.0,9.0,1.0,4.0,3.0,2.0,0.0,5.0,0.0,12.0,1.0,2.0,2.0,2.0,0.0,210.0
235,8,validacao,17 20 21 23 25 26 27 28 29 30 31,0 1 2 3 4 5 8 9 10 11 19,,V,11.0,0.0,12.0,2.0,3.0,4.0,9.0,0.0,11.0,0.0,14.0,2.0,4.0,4.0,6.0,0.0,17.0
235,35,validacao,8 16 22 26 27 28 30,3 10 15 19 21,,P,5.0,0.0,14.0,2.0,2.0,1.0,3.0,0.0,7.0,0.0,12.0,1.0,2.0,2.0,3.0,0.0,-207.0
235,9,validacao,16 17 21 23 25 26 27 28 29 30 31,0 1 2 3 4 5 8 9 10 11 19,,P,11.0,0.0,14.0,2.0,4.0,4.0,6.0,0.0,11.0,0.0,13.0,2.0,2.0,4.0,10.0,0.0,125.0
235,26,validacao,12 14 17 20 26 27 28 30 31,0 2 3 15 19,,V,9.0,0.0,15.0,2.0,4.0,3.0,6.0,0.0,5.0,0.0,7.0,0.0,2.0,3.0,2.0,0.0,468.0
235,38,validacao,8 16 19 22 27 28 30,3 14 15 21,,V,7.0,0.0,14.0,1.0,3.0,2.0,0.0,0.0,4.0,0.0,11.0,2.0,1.0,1.0,0.0,1.0,551.0
235,22,validacao,17 20 21 23 26 27 28 30 31,0 2 3 11 12 18 19,,V,9.0,0.0,11.0,2.0,3.0,3.0,7.0,0.0,7.0,0.0,13.0,1.0,4.0,3.0,0.0,1.0,341.0
235,36,validacao,8 16 22 26 27 28 30,3 10 15 21 23,,V,7.0,0.0,12.0,1.0,2.0,2.0,3.0,0.0,5.0,0.0,15.0,2.0,1.0,1.0,2.0,1.0,433.0
235,14,validacao,1 16 21 23 25 26 27 28 29 30 31,0 2 3 4 5 9 11 12 19,1,V,10.0,1.0,10.0,1.0,2.0,4.0,9.0,0.0,9.0,0.0,13.0,1.0,5.0,3.0,4.0,1.0,95.0
235,16,validacao,21 23 25 26 27 28 29 30 31,0 2 3 9 11 12 19 20,,V,9.0,0.0,7.0,1.0,2.0,4.0,8.0,0.0,8.0,0.0,16.0,1.0,5.0,3.0,0.0,0.0,111.0
235,34,validacao,8 20 22 26 27 28 30,3 10 15 19 21,,V,7.0,0.0,11.0,1.0,3.0,2.0,3.0,0.0,5.0,0.0,14.0,2.0,2.0,1.0,3.0,0.0,204.0
235,12,validacao,10 16 21 23 25 26 27 28 29 30 31,0 2 3 4 5 6 8 9 11 19,,V,11.0,0.0,15.0,2.0,2.0,4.0,9.0,1.0,10.0,0.0,13.0,1.0,4.0,3.0,7.0,1.0,95.0
236,38,teste,17 18 24,3 5 7 10 19 22 31,31,V,3.0,0.0,7.0,2.0,0.0,0.0,0.0,0.0,6.0,1.0,13.0,2.0,2.0,1.0,3.0,0.0,-509.0
236,58,teste,7 10,3 21 26 27 30,7 26 27 30,V,1.0,1.0,5.0,1.0,0.0,0.0,2.0,0.0,2.0,3.0,5.0,1.0,2.0,1.0,2.0,0.0,-473.0
236,10,teste,20 21 22 24 26 27 28 29 30 31,1 2 3 4 7 8 9 10 11 15,,V,10.0,0.0,9.0,2.0,3.0,4.0,10.0,0.0,10.0,0.0,13.0,2.0,3.0,3.0,8.0,0.0,4.0
236,29,teste,20 23 24 28,1 2 3 10 11 12 22 31,31,P,7.0,1.0,12.0,2.0,3.0,3.0,0.0,0.0,4.0,0.0,5.0,0.0,2.0,1.0,3.0,0.0,516.0
236,11,teste,20 21 22 24 25 26 27 28 30 31,1 2 3 4 7 8 9 10 11 15,,P,10.0,0.0,13.0,2.0,3.0,3.0,8.0,0.0,10.0,0.0,10.0,2.0,3.0,3.0,10.0,0.0,5.0
236,76,teste,6 11,23 24 26 31,6 11 23 24 26 31,V,0.0,2.0,0.0,0.0,1.0,0.0,0.0,0.0,0.0,4.0,0.0,0.0,0.0,0.0,3.0,0.0,-367.0
236,36,teste,17 18 28,1 3 7 10 19 22 31,31,V,3.0,0.0,6.0,2.0,1.0,1.0,0.0,0.0,6.0,1.0,12.0,2.0,2.0,2.0,3.0,0.0,-516.0
236,37,teste,17 18 24,1 3 7 10 19 22 31,31,P,6.0,1.0,12.0,2.0,2.0,2.0,3.0,0.0,3.0,0.0,7.0,2.0,0.0,0.0,0.0,0.0,507.0
236,80,teste,6,14 20 26 31,6 14 20 26 31,V,0.0,1.0,0.0,0.0,0.0,0.0,0.0,0.0,0.0,4.0,0.0,1.0,1.0,0.0,2.0,0.0,-554.0
236,67,teste,2 10,3 22 29 30 31,2 22 29 30 31,P,1.0,4.0,0.0,1.0,1.0,1.0,0.0,0.0,1.0,1.0,5.0,1.0,0.0,0.0,0.0,0.0,534.0
236,20,teste,20 23 24 27 28 30 31,1 2 3 7 10 12 13 15 29,29,V,7.0,0.0,6.0,0.0,3.0,3.0,6.0,0.0,8.0,1.0,12.0,2.0,2.0,3.0,5.0,0.0,-310.0
236,27,teste,17 20 24 27 28,1 2 3 10 11 12 13 31,31,P,7.0,1.0,10.0,2.0,3.0,3.0,0.0,1.0,5.0,0.0,7.0,1.0,3.0,1.0,3.0,1.0,509.0
236,43,teste,16 18,3 5 7 17 22 23 31,31,P,6.0,1.0,16.0,2.0,1.0,1.0,4.0,0.0,2.0,0.0,6.0,1.0,0.0,0.0,0.0,0.0,638.0
236,62,teste,7 10,3 26 27 29 30,7 26 27 29 30,V,1.0,1.0,5.0,1.0,0.0,0.0,2.0,0.0,1.0,4.0,0.0,0.0,2.0,1.0,2.0,0.0,-534.0
236,17,teste,17 20 23 24 27 28 30 31,1 2 3 4 7 9 10 12 15 29,29,P,9.0,1.0,12.0,2.0,3.0,3.0,5.0,0.0,8.0,0.0,9.0,1.0,3.0,3.0,6.0,0.0,305.0
236,53,teste,11 15,3 17 26 27 30,11 27 30,P,3.0,2.0,10.0,1.0,2.0,1.0,2.0,0.0,1.0,1.0,4.0,0.0,1.0,0.0,2.0,0.0,469.0
236,69,teste,2 6,3 26 29 30 31,2 26 29 30 31,P,1.0,4.0,0.0,0.0,1.0,1.0,3.0,0.0,1.0,1.0,6.0,0.0,0.0,0.0,2.0,0.0,478.0
236,65,teste,7 10,3 26 29 30 31,7 26 29 30 31,P,1.0,4.0,0.0,0.0,1.0,1.0,3.0,0.0,1.0,1.0,5.0,1.0,0.0,0.0,2.0,0.0,535.0
236,30,teste,20 23 24 28,1 2 3 10 12 15 22 31,31,V,4.0,0.0,5.0,0.0,2.0,1.0,3.0,0.0,7.0,1.0,13.0,2.0,2.0,3.0,2.0,0.0,-511.0
236,74,teste,2 6,7 23 24 30 31,2 6 23 24 30 31,V,0.0,2.0,0.0,0.0,0.0,0.0,2.0,0.0,1.0,4.0,1.0,0.0,0.0,0.0,0.0,1.0,-367.0
236,46,teste,15 16,3 5 7 17 22 30 31,30 31,V,2.0,0.0,7.0,0.0,0.0,0.0,0.0,0.0,5.0,2.0,11.0,2.0,1.0,1.0,4.0,0.0,-700.0
236,18,teste,17 20 23 24 27 28 30 31,1 2 3 4 7 10 12 13 15 29,29,V,8.0,0.0,9.0,1.0,3.0,3.0,6.0,1.0,9.0,1.0,13.0,2.0,3.0,3.0,5.0,1.0,-305.0
236,51,teste,2 15,3 7 17 22 27 30,2 27 30,P,4.0,2.0,10.0,2.0,2.0,1.0,4.0,1.0,1.0,1.0,4.0,0.0,0.0,0.0,0.0,0.0,520.0
236,75,teste,6 11,23 24 30 31,6 11 23 24 30 31,P,0.0,4.0,0.0,0.0,0.0,0.0,0.0,0.0,0.0,2.0,0.0,0.0,1.0,0.0,0.0,0.0,361.0
236,15,teste,17 20 24 26 27 28 30 31,1 2 3 4 7 9 10 11 12 29,29,P,9.0,1.0,11.0,2.0,4.0,3.0,5.0,0.0,8.0,0.0,8.0,1.0,3.0,3.0,7.0,0.0,304.0
236,8,teste,20 22 24 25 26 27 28 29 30 31,1 2 3 4 6 7 8 9 11 15,,V,10.0,0.0,8.0,1.0,3.0,4.0,10.0,0.0,10.0,0.0,12.0,1.0,3.0,3.0,10.0,0.0,-2.0
236,26,teste,20 21 24 27 28,1 2 3 10 11 12 13 31,31,V,5.0,0.0,6.0,1.0,3.0,1.0,4.0,0.0,7.0,1.0,10.0,2.0,3.0,3.0,0.0,0.0,-280.0
236,25,teste,18 20 21 24 26 27 28,1 2 3 10 11 12 13 15,,P,8.0,0.0,13.0,2.0,3.0,3.0,3.0,0.0,7.0,0.0,10.0,2.0,3.0,1.0,4.0,1.0,280.0
236,52,teste,2 15,3 7 17 26 27 30,2 27 30,V,1.0,1.0,4.0,0.0,0.0,0.0,0.0,0.0,4.0,2.0,11.0,1.0,2.0,1.0,4.0,1.0,-472.0
236,49,teste,6 15,3 7 17 22 30 31,30 31,P,4.0,2.0,10.0,2.0,1.0,1.0,4.0,0.0,2.0,0.0,10.0,0.0,0.0,0.0,0.0,0.0,588.0
236,54,teste,11 15,3 17 27 30 31,11 27 30 31,V,1.0,1.0,4.0,0.0,1.0,0.0,2.0,0.0,2.0,3.0,4.0,1.0,2.0,1.0,2.0,0.0,-472.0
236,77,teste,6 15,23 24 26 31,6 15 23 24 26 31,P,0.0,4.0,0.0,0.0,0.0,0.0,3.0,0.0,0.0,2.0,0.0,0.0,0.0,0.0,0.0,0.0,366.0
237,27,treino,5 10 12 25 26 27 28 30 31,2 3 4 9 14 15,,P,6.0,0.0,9.0,2.0,2.0,2.0,2.0,0.0,9.0,0.0,18.0,1.0,3.0,3.0,5.0,0.0,-386.0
237,45,treino,5 9 10 12 24 26 27 31,3 13 16,10,P,3.0,0.0,7.0,1.0,1.0,1.0,2.0,0.0,7.0,1.0,18.0,2.0,2.0,1.0,5.0,0.0,-640.0
237,17,treino,12 16 17 19 24 25 26 27 28 30 31,2 3 4 5 7 8 10 11 14 15,,P,10.0,0.0,15.0,2.0,3.0,2.0,10.0,0.0,11.0,0.0,17.0,1.0,4.0,3.0,9.0,1.0,-112.0
237,48,treino,5 8 9 10 12 26 27 31,7,10,V,7.0,1.0,22.0,2.0,2.0,1.0,7.0,1.0,1.0,0.0,1.0,0.0,0.0,0.0,0.0,1.0,1600.0
237,29,treino,5 6 12 25 26 27 28 30 31,3 4 7 9 14 15,,P,6.0,0.0,10.0,2.0,2.0,1.0,4.0,0.0,9.0,0.0,19.0,0.0,3.0,3.0,5.0,0.0,-387.0
237,12,treino,19 20 21 22 24 25 26 27 28 30 31,2 3 4 5 6 7 8 9 11 15 16,,V,11.0,0.0,13.0,2.0,4.0,3.0,10.0,0.0,11.0,0.0,17.0,1.0,3.0,2.0,10.0,2.0,309.0
237,16,treino,12 17 19 20 24 25 26 27 28 30 31,2 3 4 5 7 8 10 11 14 15,,V,11.0,0.0,16.0,1.0,5.0,3.0,8.0,1.0,10.0,0.0,15.0,2.0,3.0,2.0,10.0,0.0,117.0
237,8,treino,20 21 22 23 25 26 27 28 29 30 31,0 2 3 4 6 7 8 9 11 13 15,,V,11.0,0.0,11.0,2.0,3.0,4.0,9.0,0.0,11.0,0.0,15.0,2.0,3.0,3.0,11.0,0.0,1.0
237,46,treino,5 9 10 12 24 26 27 31,3 13 21,10,V,7.0,1.0,18.0,2.0,2.0,1.0,5.0,1.0,3.0,0.0,8.0,2.0,1.0,1.0,0.0,1.0,1600.0
237,28,treino,5 10 12 25 26 27 28 30 31,3 4 7 9 14 15,,V,9.0,0.0,18.0,1.0,3.0,3.0,5.0,0.0,6.0,0.0,10.0,2.0,2.0,1.0,4.0,0.0,374.0
237,42,treino,5 6 12 24 25 26 27 31,3 8 14 16 22,6,V,7.0,1.0,14.0,0.0,2.0,1.0,3.0,1.0,5.0,0.0,14.0,2.0,1.0,1.0,0.0,1.0,621.0
237,34,treino,5 6 12 22 25 26 27 28 31,3 8 11 13 14 15,,V,9.0,0.0,21.0,1.0,3.0,2.0,5.0,0.0,6.0,0.0,13.0,2.0,2.0,1.0,4.0,0.0,505.0
237,13,treino,12 19 20 22 24 25 26 27 28 30 31,2 3 4 5 6 7 8 9 11 15,,P,10.0,0.0,13.0,1.0,3.0,2.0,10.0,1.0,11.0,0.0,15.0,1.0,5.0,3.0,9.0,0.0,-101.0
237,44,treino,5 6 9 12 24 26 27 31,3 13 16,6,V,7.0,1.0,18.0,1.0,2.0,1.0,6.0,0.0,3.0,0.0,7.0,1.0,1.0,1.0,2.0,0.0,674.0
237,6,treino,21 22 23 24 25 26 27 28 29 30 31,0 2 3 4 6 7 8 9 10 11 13,,V,11.0,0.0,10.0,2.0,2.0,4.0,11.0,0.0,11.0,0.0,14.0,3.0,3.0,3.0,11.0,0.0,-1.0
237,4,treino,12 21 22 23 24 25 26 27 28 29 30 31,0 1 2 3 4 6 7 8 9 10 11 13,,V,12.0,0.0,14.0,2.0,3.0,4.0,11.0,0.0,12.0,0.0,14.0,3.0,3.0,4.0,12.0,1.0,-16.0
237,7,treino,20 21 22 23 25 26 27 28 29 30 31,0 2 3 4 6 7 8 9 10 11 13,,P,11.0,0.0,14.0,3.0,3.0,3.0,11.0,0.0,11.0,0.0,11.0,2.0,3.0,4.0,9.0,0.0,1.0
237,18,treino,12 16 19 24 25 26 27 28 30 31,2 3 4 5 7 8 10 11 15 21,,V,10.0,0.0,14.0,0.0,4.0,3.0,9.0,0.0,10.0,0.0,17.0,2.0,3.0,2.0,9.0,1.0,106.0
237,32,treino,5 6 12 22 25 27 28 30 31,3 4 11 13 14 15,,V,9.0,0.0,20.0,1.0,3.0,3.0,5.0,0.0,6.0,0.0,12.0,2.0,3.0,1.0,2.0,0.0,378.0
237,36,treino,5 6 12 22 24 25 26 27 31,3 8 11 13 14 18,,V,9.0,0.0,22.0,1.0,2.0,1.0,5.0,0.0,6.0,0.0,14.0,3.0,2.0,1.0,4.0,1.0,305.0
237,41,treino,5 6 12 24 25 26 27 31,3 8 14 16 18,6,P,5.0,0.0,13.0,2.0,1.0,1.0,2.0,0.0,7.0,1.0,14.0,0.0,2.0,1.0,3.0,0.0,-429.0
237,40,treino,1 5 12 24 25 26 27 31,3 8 14 16 18,1,V,7.0,1.0,14.0,0.0,2.0,1.0,5.0,0.0,5.0,0.0,13.0,2.0,1.0,1.0,2.0,0.0,382.0
237,31,treino,5 6 12 22 25 27 28 30 31,3 4 7 13 14 15,,P,6.0,0.0,11.0,2.0,2.0,1.0,2.0,0.0,9.0,0.0,20.0,1.0,3.0,3.0,5.0,0.0,-396.0
237,35,treino,5 6 12 22 24 25 26 27 31,3 8 11 13 14 15,,P,6.0,0.0,13.0,2.0,2.0,1.0,4.0,0.0,9.0,0.0,22.0,1.0,2.0,1.0,5.0,0.0,-305.0
237,15,treino,12 17 19 20 24 25 26 27 28 30 31,2 3 4 5 7 8 9 10 11 15,,P,10.0,0.0,14.0,2.0,3.0,2.0,10.0,0.0,11.0,0.0,16.0,1.0,5.0,3.0,8.0,0.0,-115.0
237,11,treino,19 20 21 22 24 25 26 27 28 30 31,2 3 4 5 6 7 8 9 11 13 15,,P,11.0,0.0,16.0,2.0,3.0,2.0,11.0,1.0,11.0,0.0,13.0,2.0,4.0,3.0,10.0,0.0,16.0
237,23,treino,5 10 16 19 25 26 27 28 30 31,2 3 4 7 9 11 15,,P,7.0,0.0,9.0,1.0,3.0,2.0,5.0,0.0,10.0,0.0,20.0,1.0,3.0,3.0,5.0,1.0,-332.0
237,24,treino,5 16 19 25 26 27 28 30 31,2 3 4 9 11 14 15,,V,9.0,0.0,15.0,0.0,3.0,3.0,5.0,0.0,7.0,0.0,11.0,2.0,3.0,2.0,4.0,1.0,324.0
237,22,treino,5 16 17 19 25 26 27 28 30 31,2 3 4 7 9 11 14 15,,V,10.0,0.0,18.0,1.0,3.0,3.0,5.0,1.0,8.0,0.0,12.0,2.0,3.0,2.0,7.0,2.0,332.0
237,25,treino,5 10 16 25 26 27 28 30 31,2 3 4 9 11 14,,P,6.0,0.0,8.0,2.0,3.0,2.0,2.0,0.0,9.0,0.0,17.0,1.0,2.0,3.0,5.0,0.0,-386.0
237,19,treino,12 16 17 19 25 26 27 28 30 31,2 3 4 5 7 8 10 11 15,,P,9.0,0.0,12.0,1.0,3.0,2.0,9.0,0.0,10.0,0.0,16.0,1.0,4.0,3.0,7.0,0.0,-134.0
237,38,treino,5 6 12 24 25 26 27 31,3 8 13 14 18,,V,8.0,0.0,20.0,0.0,2.0,1.0,3.0,0.0,5.0,0.0,12.0,3.0,1.0,1.0,4.0,0.0,486.0
238,14,treino,21 22 23 24 25 26 27 28 31,1 2 3 4 5 6 8 11 12 15 17,,V,9.0,0.0,10.0,2.0,2.0,2.0,9.0,0.0,11.0,0.0,17.0,1.0,4.0,3.0,9.0,1.0,-105.0
238,5,treino,16 17 21 22 23 24 26 27 28 29 30 31,0 1 2 3 4 5 6 7 9 10 12 15,,P,12.0,0.0,14.0,2.0,3.0,4.0,11.0,0.0,12.0,0.0,15.0,3.0,2.0,4.0,12.0,0.0,6.0
238,7,treino,13 17 21 22 23 24 26 27 28 29 30 31,0 1 2 3 4 6 7 8 9 10 12 15,,P,12.0,0.0,15.0,2.0,3.0,4.0,12.0,0.0,12.0,0.0,16.0,4.0,2.0,4.0,12.0,1.0,100.0
238,9,treino,17 21 22 23 24 26 27 28 29 31,0 1 2 3 4 6 7 8 10 12 15,,P,11.0,0.0,13.0,1.0,3.0,4.0,11.0,0.0,10.0,0.0,12.0,3.0,2.0,3.0,10.0,0.0,110.0
238,34,treino,1 4 18 25 26 28 31,2 9 11,1,V,6.0,1.0,11.0,1.0,2.0,2.0,2.0,0.0,3.0,0.0,4.0,1.0,1.0,1.0,0.0,0.0,568.0
238,27,treino,10 13 25 26 27 28 31,1 2 4 5 11 18,,P,6.0,0.0,8.0,1.0,2.0,2.0,2.0,0.0,7.0,0.0,12.0,2.0,2.0,2.0,3.0,0.0,-104.0
238,37,treino,0 1 9 25 26 28 31,2 11,0 1,P,2.0,0.0,2.0,0.0,1.0,1.0,0.0,0.0,5.0,2.0,7.0,1.0,1.0,2.0,2.0,0.0,-698.0
238,19,treino,14 19 24 25 26 27 28 31,1 2 3 4 5 6 11 15 16,,P,9.0,0.0,12.0,0.0,3.0,3.0,6.0,1.0,8.0,0.0,11.0,1.0,3.0,2.0,5.0,0.0,182.0
238,21,treino,7 19 24 25 26 27 28 31,1 2 3 4 5 11 15 16,,P,8.0,0.0,11.0,0.0,3.0,3.0,4.0,1.0,8.0,0.0,13.0,0.0,3.0,2.0,5.0,1.0,97.0
238,16,treino,21 23 24 25 26 27 28 31,1 2 3 4 5 6 11 12 15 17,,V,8.0,0.0,8.0,1.0,2.0,2.0,8.0,0.0,10.0,0.0,15.0,1.0,4.0,3.0,6.0,1.0,-127.0
238,23,treino,19 20 25 26 27 28 31,1 2 4 5 10 11 15 16,,P,8.0,0.0,13.0,1.0,2.0,2.0,5.0,1.0,7.0,0.0,8.0,0.0,4.0,2.0,3.0,0.0,128.0
238,44,treino,0 1 7 25 28 31,27,0 1 7,V,3.0,3.0,1.0,0.0,1.0,2.0,0.0,0.0,1.0,0.0,6.0,0.0,1.0,0.0,0.0,0.0,1600.0
238,15,treino,13 21 23 24 25 26 27 28 31,1 2 3 4 5 6 8 11 12 15,,P,10.0,0.0,13.0,0.0,4.0,3.0,9.0,0.0,9.0,0.0,12.0,2.0,2.0,2.0,8.0,1.0,105.0
238,32,treino,1 13 18 25 26 28 31,2 5 8 11,1,V,6.0,1.0,9.0,2.0,1.0,2.0,2.0,1.0,4.0,0.0,5.0,0.0,1.0,1.0,2.0,1.0,513.0
238,35,treino,0 1 18 25 26 28 31,2 9 11,0 1,P,3.0,0.0,4.0,1.0,1.0,1.0,0.0,0.0,5.0,2.0,5.0,1.0,1.0,2.0,2.0,0.0,-585.0
238,20,treino,14 19 24 25 26 27 28 31,1 2 3 4 5 10 11 15 16,,V,8.0,0.0,11.0,1.0,3.0,2.0,5.0,1.0,9.0,0.0,13.0,1.0,3.0,3.0,5.0,1.0,-122.0
238,28,treino,10 13 25 26 27 28 31,1 2 4 5 11 23,,V,7.0,0.0,12.0,2.0,2.0,2.0,3.0,1.0,6.0,0.0,9.0,0.0,2.0,2.0,2.0,1.0,227.0
238,11,treino,17 21 22 23 24 25 26 27 28 31,1 2 3 4 5 6 7 8 10 12 15,,P,11.0,0.0,14.0,1.0,3.0,3.0,11.0,0.0,10.0,0.0,13.0,3.0,2.0,2.0,10.0,0.0,113.0
238,40,treino,0 1 2 25 26 28 31,15,0 1 2,V,4.0,3.0,2.0,0.0,1.0,2.0,2.0,0.0,1.0,0.0,3.0,0.0,0.0,0.0,0.0,0.0,860.0
238,8,treino,17 22 23 24 26 27 28 29 30 31,0 1 2 3 4 6 7 8 10 12 15 25,,V,10.0,0.0,10.0,2.0,2.0,4.0,10.0,0.0,12.0,0.0,19.0,1.0,3.0,4.0,11.0,1.0,-110.0
238,6,treino,16 17 21 22 23 24 26 27 28 29 30 31,0 1 2 3 4 6 7 8 9 10 12 15,,V,12.0,0.0,15.0,3.0,2.0,4.0,12.0,0.0,12.0,0.0,15.0,2.0,3.0,4.0,12.0,0.0,7.0
238,33,treino,1 4 18 25 26 28 31,2 5 11,1,P,3.0,0.0,3.0,0.0,1.0,1.0,0.0,1.0,6.0,1.0,11.0,1.0,2.0,2.0,2.0,0.0,-573.0
238,25,treino,13 19 25 26 27 28 31,1 2 4 5 10 11 18,,P,7.0,0.0,10.0,2.0,2.0,2.0,2.0,0.0,7.0,0.0,10.0,1.0,3.0,2.0,3.0,0.0,18.0
238,30,treino,10 13 18 25 26 28 31,2 4 5 6 11,,V,7.0,0.0,14.0,3.0,1.0,2.0,2.0,1.0,5.0,0.0,5.0,0.0,2.0,1.0,2.0,1.0,390.0
238,12,treino,17 21 22 23 24 25 26 27 28 31,1 2 3 4 5 6 8 10 11 12 15,,V,10.0,0.0,13.0,3.0,2.0,2.0,10.0,0.0,11.0,0.0,15.0,1.0,4.0,3.0,10.0,0.0,-102.0
238,4,treino,16 17 22 23 24 25 26 27 28 29 30 31,0 1 2 3 4 5 6 7 9 10 12 15,,V,12.0,0.0,14.0,2.0,2.0,4.0,11.0,1.0,12.0,0.0,14.0,2.0,3.0,4.0,11.0,0.0,28.0
238,17,treino,14 23 24 25 26 27 28 31,1 2 3 4 5 6 11 12 15,,P,9.0,0.0,11.0,0.0,4.0,3.0,6.0,0.0,8.0,0.0,10.0,1.0,2.0,2.0,6.0,0.0,125.0
238,13,treino,14 21 22 23 24 25 26 27 28 31,1 2 3 4 5 6 8 10 11 12 15,,P,11.0,0.0,15.0,1.0,4.0,3.0,10.0,1.0,10.0,0.0,14.0,3.0,2.0,2.0,9.0,1.0,102.0
238,41,treino,0 1 7 25 26 28 31,15,0 1 7,P,1.0,0.0,3.0,0.0,0.0,0.0,0.0,0.0,4.0,3.0,2.0,0.0,1.0,2.0,2.0,0.0,-869.0
238,10,treino,17 21 22 23 24 26 27 28 29 31,1 2 3 4 5 6 7 8 10 12 15,,V,10.0,0.0,12.0,3.0,2.0,3.0,10.0,0.0,11.0,0.0,14.0,1.0,3.0,3.0,11.0,0.0,-92.0
238,29,treino,10 13 18 25 26 28 31,1 2 4 5 11,,P,5.0,0.0,4.0,0.0,2.0,2.0,2.0,0.0,7.0,0.0,14.0,3.0,1.0,2.0,2.0,0.0,-229.0
238,38,treino,0 1 9 25 26 28 31,6 11,0 1,V,5.0,2.0,7.0,1.0,1.0,2.0,2.0,1.0,2.0,0.0,3.0,0.0,1.0,0.0,0.0,1.0,1600.0
239,6,treino,20 21 22 23 24 26 27 28 29 30 31,0 1 2 3 4 6 7 8 11 14 15,,V,11.0,0.0,11.0,2.0,3.0,4.0,11.0,0.0,11.0,0.0,13.0,1.0,3.0,4.0,10.0,0.0,19.0
239,25,treino,5 11 13 20 22 24 28 29 30,0 2 3 4 7,,P,5.0,0.0,2.0,0.0,2.0,3.0,5.0,0.0,9.0,0.0,20.0,2.0,3.0,3.0,4.0,1.0,-346.0
239,36,treino,0 2 22 24 26 28 29,3 18,0 2,V,5.0,2.0,4.0,1.0,1.0,2.0,5.0,1.0,2.0,0.0,4.0,1.0,1.0,1.0,0.0,1.0,1600.0
239,12,treino,20 21 24 26 27 28 29 30 31,0 1 2 3 4 7 8 11 18 22,,V,9.0,0.0,7.0,1.0,3.0,4.0,9.0,0.0,10.0,0.0,15.0,2.0,3.0,4.0,9.0,1.0,-7.0
239,38,treino,0 2 15 24 26 28 29,7,0 2,V,5.0,2.0,6.0,0.0,1.0,2.0,3.0,0.0,1.0,0.0,1.0,0.0,0.0,0.0,0.0,1.0,1600.0
239,18,treino,11 17 20 21 24 26 28 29 30,0 2 3 4 5 7 8,,V,9.0,0.0,14.0,2.0,3.0,3.0,8.0,0.0,7.0,0.0,5.0,0.0,2.0,3.0,7.0,0.0,244.0
239,15,treino,17 20 21 24 26 27 28 29 30,0 1 2 3 4 7 8 15 18,,P,9.0,0.0,11.0,1.0,2.0,4.0,8.0,0.0,9.0,0.0,10.0,2.0,3.0,3.0,8.0,0.0,12.0
239,21,treino,11 13 20 21 22 24 28 29 30,0 2 3 4 5 7 12,,P,7.0,0.0,6.0,0.0,3.0,3.0,6.0,0.0,9.0,0.0,16.0,3.0,3.0,3.0,5.0,0.0,-248.0
239,31,treino,2 4 22 24 28 29 30,3 6,2,P,2.0,0.0,1.0,0.0,1.0,1.0,0.0,1.0,6.0,1.0,9.0,1.0,2.0,3.0,3.0,0.0,-680.0
239,35,treino,0 2 22 24 26 28 29,3 14,0 2,P,2.0,0.0,3.0,1.0,1.0,1.0,0.0,0.0,5.0,2.0,4.0,1.0,1.0,2.0,5.0,0.0,-790.0
239,30,treino,4 11 22 24 28 29 30,3 6 7,,V,7.0,0.0,14.0,1.0,3.0,3.0,3.0,0.0,3.0,0.0,2.0,0.0,1.0,1.0,2.0,1.0,620.0
239,7,treino,17 20 21 23 24 26 27 28 29 30 31,0 1 2 3 4 6 7 8 11 14 15,,P,11.0,0.0,13.0,1.0,3.0,4.0,10.0,1.0,11.0,0.0,12.0,2.0,3.0,4.0,11.0,0.0,12.0
239,26,treino,11 20 22 24 28 29 30,2 3 4 7 16,,V,7.0,0.0,10.0,1.0,3.0,3.0,4.0,0.0,5.0,0.0,6.0,0.0,2.0,2.0,3.0,1.0,346.0
239,10,treino,14 17 20 21 24 26 27 28 29 30 31,0 1 2 3 4 6 7 8 11 18,,V,11.0,0.0,14.0,3.0,3.0,4.0,11.0,0.0,10.0,0.0,11.0,1.0,3.0,4.0,9.0,0.0,144.0
239,34,treino,0 2 22 24 28 29 30,3 14,0 2,V,5.0,2.0,3.0,1.0,1.0,3.0,3.0,0.0,2.0,0.0,3.0,1.0,1.0,1.0,0.0,0.0,790.0
239,8,treino,17 20 21 23 24 26 27 28 29 30 31,0 1 2 3 4 6 7 8 11 15 18,,V,11.0,0.0,12.0,2.0,3.0,4.0,11.0,0.0,11.0,0.0,14.0,1.0,3.0,4.0,11.0,1.0,112.0
239,13,treino,17 20 21 24 27 28 29 30 31,0 1 2 3 4 7 8 11 18,,P,9.0,0.0,10.0,1.0,3.0,4.0,7.0,0.0,9.0,0.0,9.0,2.0,3.0,4.0,8.0,0.0,7.0
239,24,treino,11 12 13 20 22 24 28 29 30,0 2 3 4 7 8,,V,9.0,0.0,18.0,2.0,4.0,3.0,4.0,1.0,6.0,0.0,4.0,0.0,2.0,3.0,6.0,1.0,346.0
239,29,treino,4 11 22 24 28 29 30,2 3 7,,P,3.0,0.0,1.0,0.0,1.0,2.0,3.0,0.0,7.0,0.0,14.0,1.0,3.0,3.0,3.0,0.0,-513.0
239,23,treino,11 12 13 20 22 24 28 29 30,0 2 3 4 5 7,,P,6.0,0.0,3.0,0.0,2.0,3.0,6.0,0.0,9.0,0.0,18.0,2.0,4.0,3.0,4.0,0.0,-346.0
239,27,treino,11 13 22 24 28 29 30,2 3 4 7,,P,4.0,0.0,2.0,0.0,2.0,2.0,3.0,0.0,7.0,0.0,12.0,2.0,2.0,3.0,3.0,0.0,-355.0
239,11,treino,9 17 20 21 24 26 27 28 29 30 31,0 1 2 3 4 6 7 8 11 18,,P,10.0,0.0,11.0,1.0,3.0,4.0,9.0,0.0,11.0,0.0,15.0,3.0,3.0,4.0,10.0,1.0,-6.0
239,17,treino,11 17 20 21 24 26 28 29 30,0 1 2 3 4 7 8,,P,7.0,0.0,4.0,0.0,2.0,4.0,6.0,0.0,9.0,0.0,14.0,2.0,3.0,3.0,8.0,0.0,-233.0
239,28,treino,11 13 22 24 28 29 30,2 3 7 8,,V,7.0,0.0,12.0,2.0,2.0,3.0,3.0,1.0,4.0,0.0,3.0,0.0,1.0,2.0,3.0,1.0,453.0
239,32,treino,2 4 22 24 28 29 30,3 10,2,V,6.0,1.0,9.0,1.0,2.0,3.0,3.0,0.0,2.0,0.0,2.0,1.0,1.0,1.0,0.0,0.0,731.0
239,33,treino,0 2 22 24 28 29 30,3 10,0 2,P,2.0,0.0,2.0,1.0,1.0,1.0,0.0,0.0,5.0,2.0,3.0,1.0,1.0,3.0,3.0,0.0,-683.0
239,22,treino,11 13 20 21 22 24 28 29 30,0 2 3 4 5 7 16,,V,9.0,0.0,16.0,3.0,3.0,3.0,5.0,1.0,7.0,0.0,7.0,0.0,2.0,3.0,6.0,1.0,346.0
239,9,treino,14 17 20 21 24 26 27 28 29 30 31,0 1 2 3 4 6 7 8 11 15,,P,10.0,0.0,10.0,0.0,3.0,4.0,10.0,0.0,11.0,0.0,14.0,3.0,3.0,4.0,11.0,0.0,-112.0
239,16,treino,17 20 21 24 26 27 28 29 30,0 1 2 3 4 7 8 15 23,,V,9.0,0.0,10.0,2.0,3.0,3.0,8.0,0.0,9.0,0.0,12.0,0.0,2.0,4.0,6.0,1.0,240.0
239,37,treino,0 2 15 24 26 28 29,3,0 2,P,1.0,0.0,0.0,0.0,1.0,1.0,0.0,0.0,5.0,2.0,6.0,0.0,1.0,2.0,3.0,0.0,-1600.0
239,19,treino,11 17 20 21 22 24 28 29 30,0 2 3 4 5 7 8,,P,7.0,0.0,5.0,0.0,2.0,3.0,7.0,0.0,9.0,0.0,15.0,3.0,3.0,3.0,7.0,0.0,-246.0
239,14,treino,17 20 21 24 27 28 29 30 31,0 1 2 3 4 7 8 15 18,,V,9.0,0.0,9.0,2.0,3.0,4.0,8.0,0.0,9.0,0.0,11.0,1.0,2.0,4.0,8.0,0.0,0.0
